transcript_file,label,utterance_id,child_id,age_months,tokens,pos,speaker_code,speech_act
11241,0,2856471,5745,64.00131419536335,"[""there's"", 'a', 'little', 'gum', 'machine']","['pro:exist', 'det:art', 'adj', 'n', 'n']",CHI,ST
11241,0,2856485,5745,64.00131419536335,['where'],['pro:rel'],CLI,QN
11241,0,2856500,5745,64.00131419536335,['oh'],['co'],CLI,MK
11241,0,2856509,5745,64.00131419536335,"[""you're"", 'right']","['pro:per', 'co']",CLI,AB
11241,0,2856521,5745,64.00131419536335,"['should', 'we', 'check', 'to', 'see', 'if', ""there's"", 'any', 'bubble', 'gum', 'inside']","['mod', 'pro:sub', 'v', 'inf', 'v', 'conj', 'pro:exist', 'qn', 'n', 'n', 'adv']",CLI,RQ
11241,0,2856532,5745,64.00131419536335,['okay'],['co'],CHI,AD
11241,0,2856539,5745,64.00131419536335,"['why', ""don't"", 'you', 'get', 'it', 'for', 'me']","['pro:int', 'mod', 'pro:per', 'v', 'pro:per', 'prep', 'pro:obj']",CLI,RP
11241,0,2856551,5745,64.00131419536335,"['I', 'not', 'easily', 'can']","['pro:sub', 'neg', 'adv', 'mod']",CHI,RD
11241,0,2856560,5745,64.00131419536335,"['can', 'you', 'open', 'it']","['mod', 'pro:per', 'v', 'pro:per']",CLI,RP
11241,0,2856570,5745,64.00131419536335,['okay'],['co'],CHI,AD
11241,0,2856575,5745,64.00131419536335,"['um', ""I'm"", 'really', 'good', 'at', 'opening', 'things']","['', 'pro:sub', 'adv', 'adj', 'prep', 'part', 'n']",CHI,ST
11241,0,2856586,5745,64.00131419536335,"['are', 'you']","['cop', 'pro:per']",CLI,AP
11241,0,2856597,5745,64.00131419536335,['okay'],['co'],CLI,MK
11241,0,2856617,5745,64.00131419536335,"['lift', 'this', 'up']","['v', 'det:dem', 'adv']",CLI,RP
11241,0,2856626,5745,64.00131419536335,"['there', 'is', 'bubble', 'gum', 'in', 'it']","['pro:exist', 'cop', 'n', 'n', 'prep', 'pro:per']",CHI,ST
11241,0,2856635,5745,64.00131419536335,"['here', 'put', 'it', 'on', 'the', 'table', 'and', 'we', 'twist']","['adv', 'v', 'pro:per', 'prep', 'det:art', 'n', 'coord', 'pro:sub', 'v']",CLI,RP
11241,0,2856645,5745,64.00131419536335,['whoa'],['co'],CHI,PF
11241,0,2856680,5745,64.00131419536335,['whoa'],['co'],CLI,PF
11241,0,2856691,5745,64.00131419536335,"['wanna', 'put', 'it', 'back', 'in', 'and', 'you', 'try']","['v', 'v', 'pro:per', 'adj', 'adv', 'coord', 'pro:per', 'v']",CLI,RP
11241,0,2856711,5745,64.00131419536335,"['that', 'really', 'came', 'out']","['pro:dem', 'adv', 'v', 'adv']",CHI,ST
11241,0,2856720,5745,64.00131419536335,['right'],['co'],CLI,AP
11241,0,2856732,5745,64.00131419536335,"['where', 'did', 'it', 'go']","['pro:int', 'mod', 'pro:per', 'v']",CLI,QN
11241,0,2856748,5745,64.00131419536335,"['oops', 'here', 'we', 'go', 'okay', 'now']","['co', 'adv', 'pro:sub', 'v', 'co', 'adv']",CLI,MK
11241,0,2856758,5745,64.00131419536335,"['maybe', 'the', ""cat's"", 'gonna', 'chew', 'bubble', 'gum']","['adv', 'det:art', 'n', 'part', 'v', 'n', 'n']",CHI,SA
11241,0,2856767,5745,64.00131419536335,"['do', 'you', 'think', 'she', 'could', 'blow', 'bubbles']","['mod', 'pro:per', 'v', 'pro:sub', 'mod', 'n', 'n']",CLI,DW
11241,0,2856776,5745,64.00131419536335,"[""I'm"", 'not', 'sure']","['pro:sub', 'neg', 'adj']",CHI,AD
11241,0,2856787,5745,64.00131419536335,"[""let's"", 'try']","['v', 'v']",CHI,RP
11241,0,2856797,5745,64.00131419536335,"['why', ""don't"", 'we', 'wait', 'awhile', 'because', 'what', 'would', 'happen', 'if', 'it', 'got', 'stuck', 'on', 'her', 'tooth']","['pro:int', 'mod', 'pro:sub', 'v', 'adv', 'conj', 'pro:int', 'mod', 'v', 'comp', 'pro:per', 'aux', 'part', 'prep', 'det:poss', 'n']",CLI,RP
11241,0,2856809,5745,64.00131419536335,['yeah'],['co'],CHI,AD
11241,0,2856817,5745,64.00131419536335,"['what', 'would', 'happen']","['pro:int', 'mod', 'v']",CLI,QN
11241,0,2856827,5745,64.00131419536335,"['I', ""don't know""]","['pro:sub', 'mod v']",CHI,SA
11241,0,2856869,5745,64.00131419536335,"['hold', 'your', 'hand', 'underneath', 'like', 'this', 'whoops', 'up', 'almost']","['v', 'det:poss', 'n', 'adv', 'prep', 'pro:dem', 'v', 'prep', 'adv']",CLI,RP
11241,0,2856877,5745,64.00131419536335,"['now', 'you', 'hold', 'your', 'hand', 'under', 'there', 'you', 'go']","['adv', 'pro:per', 'v', 'det:poss', 'n', 'prep', 'n', 'pro:per', 'v']",CLI,RP
11241,0,2856895,5745,64.00131419536335,"[""wouldn't"", 'you', 'like', 'to', 'eat', 'it']","['mod', 'pro:per', 'v', 'inf', 'v', 'pro:per']",CLI,ST
11241,0,2856906,5745,64.00131419536335,"['oh', 'okay']","['co', 'co']",CHI,MK
11241,0,2856910,5745,64.00131419536335,"['okay', 'here', 'you', 'go']","['co', 'adv', 'pro:per', 'v']",CLI,SS
11241,0,2856927,5745,64.00131419536335,"['how', 'about', 'if', 'we', 'put', 'it', 'back']","['pro:int', 'adv', 'conj', 'pro:sub', 'v', 'pro:per', 'adv']",CLI,RQ
11241,0,2856934,5745,64.00131419536335,['okay'],['co'],CHI,AD
11241,0,2856941,5745,64.00131419536335,"['so', 'now', 'what', 'do', 'we', 'do']","['co', 'adv', 'pro:int', 'mod', 'pro:sub', 'v']",CLI,QN
11241,0,2856949,5745,64.00131419536335,"['would', 'you', 'like', 'one']","['mod', 'pro:per', 'v', 'pro:indef']",CHI,SA
11241,0,2856957,5745,64.00131419536335,"[""they're"", 'delicious']","['pro:sub', 'adj']",CHI,ST
11241,0,2856964,5745,64.00131419536335,"['are', 'they']","['cop', 'pro:sub']",CLI,AP
11241,0,2856970,5745,64.00131419536335,"['no', 'thank_you']","['qn', 'n']",CLI,CT
11241,0,2856979,5745,64.00131419536335,"[""I'm"", 'bubble_gummed', 'out']","['pro:sub', 'neo', 'adv']",CLI,ST
11241,0,2856992,5745,64.00131419536335,"[""I've"", 'had', 'a', 'lot', 'today']","['pro:sub', 'part', 'det:art', 'n', 'adv:tem']",CLI,ST
11241,0,2856998,5745,64.00131419536335,"['now', 'which', 'apron', 'would', 'you', 'like', 'to', 'wear']","['adv', 'pro:rel', 'n', 'mod', 'pro:per', 'v', 'inf', 'v']",CLI,QN
11241,0,2857007,5745,64.00131419536335,"['we', 'have', 'this', 'apron', 'or', 'this', 'apron']","['pro:sub', 'v', 'det:dem', 'n', 'coord', 'det:dem', 'n']",CLI,TQ
11241,0,2857014,5745,64.00131419536335,"['this', 'one']","['pro:dem', 'pro:indef']",CHI,TA
11241,0,2857021,5745,64.00131419536335,"['this', 'one']","['pro:dem', 'pro:indef']",CLI,YQ
11241,0,2857030,5745,64.00131419536335,"['think', 'um', 'little', 'oops', 'little', 'bit', 'long']","['v', '', 'adj', 'co', 'adj', 'n', 'adv']",CHI,AN
11241,0,2857036,5745,64.00131419536335,"['what', 'do', 'you', 'mean', 'you', 'think', ""it's"", 'a', 'little', 'big']","['pro:int', 'mod', 'pro:per', 'v', 'pro:per', 'v', 'pro:per', 'det:art', 'adj', 'adj']",CLI,QN
11241,0,2857045,5745,64.00131419536335,['okay'],['co'],CLI,MK
11241,0,2857057,5745,64.00131419536335,"['turn', 'around']","['n', 'adv']",CLI,RP
11241,0,2857063,5745,64.00131419536335,"['there', 'we', 'go']","['adv', 'pro:sub', 'v']",CLI,MK
11241,0,2857072,5745,64.00131419536335,"['now', ""that's"", 'not', 'too', 'bad']","['adv', 'pro:dem', 'neg', 'adv', 'adj']",CLI,DS
11241,0,2857080,5745,64.00131419536335,['okay'],['co'],CHI,AD
11241,0,2857088,5745,64.00131419536335,"['my', 'little', 'niece', 'made', 'that', 'for', 'me', 'for', 'my', 'birthday']","['det:poss', 'adj', 'n', 'v', 'adv', 'prep', 'pro:obj', 'prep', 'det:poss', '']",CLI,ST
11241,0,2857147,5745,64.00131419536335,['oh'],['co'],CHI,YY
11241,0,2857155,5745,64.00131419536335,"[""she's"", 'cute']","['pro:sub', 'adj']",CHI,YY
11241,0,2857162,5745,64.00131419536335,['may'],['mod'],CHI,YY
11241,0,2857171,5745,64.00131419536335,"['do', 'you', 'like', 'her']","['mod', 'pro:per', 'v', 'pro:obj']",CLI,YQ
11241,0,2857177,5745,64.00131419536335,['yeah'],['co'],CHI,AA
11241,0,2857184,5745,64.00131419536335,"['maybe', 'we', 'could', 'make', 'some', 'cookies', 'for', 'her']","['adv', 'pro:sub', 'mod', 'v', 'qn', 'n', 'prep', 'pro:obj']",CHI,RP
11241,0,2857189,5745,64.00131419536335,"[""don't"", 'you', 'think', ""she's"", 'fat', 'enough']","['mod', 'pro:per', 'v', 'pro:sub', 'n', 'adv']",CLI,ST
11241,0,2857195,5745,64.00131419536335,"['do', 'you', 'think', 'she', 'could', 'use', 'some', 'more']","['mod', 'pro:per', 'v', 'pro:sub', 'mod', 'v', 'qn', 'pro:indef']",CLI,RP
11241,0,2857225,5745,64.00131419536335,['yeah'],['co'],CLI,XA
11241,0,2857248,5745,64.00131419536335,['okay'],['co'],CLI,MK
11241,0,2857268,5745,64.00131419536335,"['we', 'can', 'make', 'some', 'for', 'her']","['pro:sub', 'mod', 'v', 'pro:indef', 'prep', 'pro:obj']",CLI,SI
11241,0,2857276,5745,64.00131419536335,"['now', 'Aimee', 'I', 'I', 'hafta', 'tell', 'you', 'something']","['adv', 'n:prop', '', 'pro:sub', 'mod', 'v', 'pro:per', 'pro:indef']",CLI,ST
11241,0,2857284,5745,64.00131419536335,['what'],['pro:int'],CHI,QN
11241,0,2857293,5745,64.00131419536335,"['I', 'need', 'a_lot_of', 'help', 'in', 'making', 'cookies']","['pro:sub', 'v', 'qn', 'n', 'adv', 'part', 'n']",CLI,SA
11241,0,2857303,5745,64.00131419536335,"['but', 'I', ""can't"", 'use', 'the', 'oven']","['conj', 'pro:sub', 'mod', 'v', 'det:art', 'n']",CHI,SA
11241,0,2857312,5745,64.00131419536335,"['how', 'about', 'if', 'I', 'use', 'the', 'oven', 'you', 'do', 'the', 'mixing']","['pro:int', 'adv', 'conj', 'pro:sub', 'v', 'det:art', 'n', 'pro:per', 'v', 'det:art', 'n:gerund']",CLI,QN
11241,0,2857320,5745,64.00131419536335,"['is', 'that', 'a', 'deal']","['cop', 'comp', 'det:art', 'n']",CLI,YA
11241,0,2857326,5745,64.00131419536335,['yeah'],['co'],CHI,AA
11241,0,2857332,5745,64.00131419536335,['okay'],['co'],CLI,AD
11241,0,2857339,5745,64.00131419536335,"['I', ""can't"", 'use', 'the', 'top']","['pro:sub', 'mod', 'v', 'det:art', 'n']",CHI,SI
11241,0,2857345,5745,64.00131419536335,"['I', ""can't"", 'use', 'the', 'bottom']","['pro:sub', 'mod', 'v', 'det:art', 'n']",CHI,SI
11241,0,2857356,5745,64.00131419536335,"['my', 'sleeves', ""don't"", 'roll']","['det:poss', 'n', 'mod', 'v']",CHI,SI
11241,0,2857361,5745,64.00131419536335,"['oh', 'so', 'you', 'hafta', 'roll', 'your', 'sleeves', 'up', 'when', 'you', 'use', 'the', 'oven']","['co', 'conj', 'pro:per', 'mod', 'v', 'det:poss', 'n', 'adv', 'conj', 'pro:per', 'v', 'det:art', 'n']",CLI,PA
11241,0,2857373,5745,64.00131419536335,"['I', ""can't""]","['pro:sub', 'mod']",CHI,YY
11241,0,2857382,5745,64.00131419536335,"['oh', 'I', 'see']","['co', 'pro:sub', 'v']",CLI,AC
11241,0,2857391,5745,64.00131419536335,['okay'],['co'],CLI,MK
11241,0,2857398,5745,64.00131419536335,"['little', 'bit', 'too', 'hard']","['adj', 'n', 'adv', 'adv']",CHI,ST
11241,0,2857408,5745,64.00131419536335,"['yeah', 'it', 'would', 'be', 'too', 'tight']","['co', 'pro:per', 'mod', 'cop', 'adv', 'adv']",CLI,AP
11241,0,2857417,5745,64.00131419536335,"['you', 'know', 'what', 'I', 'can', 'do', 'for', 'you', 'so', 'they', ""don't"", 'get', 'messy']","['pro:per', 'v', 'pro:int', 'pro:sub', 'mod', 'v', 'prep', 'pro:per', 'conj', 'pro:sub', 'mod', 'v', 'adj']",CLI,ST
11241,0,2857451,5745,64.00131419536335,"['how', 'about', 'if', 'I', 'unbutton', 'them']","['pro:int', 'adv', 'conj', 'pro:sub', 'v', 'pro:obj']",CLI,PR
11241,0,2857461,5745,64.00131419536335,"['wait', 'one', 'sec']","['v', 'det:num', 'n']",CLI,PF
11241,0,2857472,5745,64.00131419536335,"['there', 'we', 'go', 'with', 'that', 'one']","['adv', 'pro:sub', 'v', 'prep', 'det:dem', 'pro:indef']",CLI,MK
11241,0,2857488,5745,64.00131419536335,"['okay', 'now', ""let's"", 'see', 'what', 'we', 'hafta', 'get']","['co', 'adv', 'v', 'v', 'pro:int', 'pro:sub', 'mod', 'v']",CLI,RP
11241,0,2857494,5745,64.00131419536335,['hm'],['co'],CLI,EQ
11241,0,2857500,5745,64.00131419536335,"['one', 'thing', 'we', 'hafta', 'use', 'is', 'butter']","['det:num', 'n', 'pro:sub', 'mod', 'n', 'cop', 'v']",CHI,SA
11241,0,2857513,5745,64.00131419536335,"[""you're"", 'right', 'and', 'what', 'else']","['pro:per', 'adj', 'coord', 'pro:int', 'post']",CLI,AP
11241,0,2857520,5745,64.00131419536335,"['do', 'you', 'know', 'anything', 'else', 'we', 'hafta', 'use']","['mod', 'pro:per', 'v', 'pro:indef', 'post', 'pro:sub', 'mod', 'v']",CLI,QN
11241,0,2857530,5745,64.00131419536335,"['um', 'brown', 'sugar']","['', 'adj', 'n']",CHI,SA
11241,0,2857542,5745,64.00131419536335,"[""you're"", 'right']","['pro:per', 'co']",CLI,AP
11241,0,2857550,5745,64.00131419536335,"['let', 'me', 'see', 'where', 'it', 'is']","['v', 'pro:obj', 'v', 'pro:int', 'pro:per', 'cop']",CLI,RP
11241,0,2857559,5745,64.00131419536335,"['I', 'know', ""I've"", 'got', 'some']","['pro:sub', 'v', 'pro:sub', 'part', 'qn']",CLI,ST
11241,0,2857565,5745,64.00131419536335,['okay'],['co'],CLI,MK
11241,0,2857573,5745,64.00131419536335,"['there', 'we', 'go']","['adv', 'pro:sub', 'v']",CLI,MK
11241,0,2857590,5745,64.00131419536335,['yup'],['co'],CHI,AA
11241,0,2857600,5745,64.00131419536335,['yup'],['co'],CLI,AC
11241,0,2857607,5745,64.00131419536335,"['and', 'we', 'need', 'oatmeal']","['coord', 'pro:sub', 'v', 'n']",CHI,ST
11241,0,2857616,5745,64.00131419536335,['oatmeal'],['n'],CLI,CT
11241,0,2857632,5745,64.00131419536335,['right'],['co'],CLI,AP
11241,0,2857652,5745,64.00131419536335,"['and', ""we'll"", 'use', 'some', 'shortening']","['coord', 'pro:sub', 'v', 'qn', 'n:gerund']",CLI,PR
11241,0,2857657,5745,64.00131419536335,['yup'],['co'],CHI,YY
11241,0,2857662,5745,64.00131419536335,['oatmeal'],['n'],CLI,YY
11241,0,2857670,5745,64.00131419536335,['oatmeal'],['n'],CHI,YY
11241,0,2857677,5745,64.00131419536335,"['she', 'probably', 'wants', 'to', 'make', 'some', 'of', 'the', 'cookies']","['pro:sub', 'adv', 'v', 'inf', 'v', 'pro:indef', 'prep', 'det:art', 'n']",CHI,ST
11241,0,2857685,5745,64.00131419536335,"['you', 'think', 'so']","['pro:per', 'v', 'co']",CLI,YQ
11241,0,2857690,5745,64.00131419536335,['yeah'],['co'],CHI,AA
11241,0,2857698,5745,64.00131419536335,"['do', 'you', 'think', 'she', 'wants', 'to', 'help']","['mod', 'pro:per', 'v', 'pro:sub', 'v', 'inf', 'co']",CLI,YQ
11241,0,2857707,5745,64.00131419536335,['yeah'],['co'],CHI,AA
11241,0,2857713,5745,64.00131419536335,"['but', ""she's"", 'too', 'little']","['conj', 'pro:sub', 'adv', 'adj']",CHI,ST
11241,0,2857716,5745,64.00131419536335,"[""she'll"", 'just', 'stir', 'it']","['pro:sub', 'adv', 'v', 'pro:per']",CHI,ST
11241,0,2857726,5745,64.00131419536335,"[""you're"", 'right']","['pro:per', 'co']",CLI,AP
11241,0,2857733,5745,64.00131419536335,"['do', 'you', 'think', 'maybe', ""she'll"", 'eat', 'it', 'all']","['mod', 'pro:per', 'v', 'adv', 'pro:sub', 'v', 'pro:per', 'adv']",CLI,ST
11241,0,2857741,5745,64.00131419536335,['yeah'],['co'],CHI,AP
11241,0,2857747,5745,64.00131419536335,"['yeah', 'I', 'think', 'so']","['co', 'pro:sub', 'v', 'co']",CLI,AP
11241,0,2857753,5745,64.00131419536335,"['I', 'think', ""you're"", 'right']","['pro:sub', 'v', 'pro:per', 'co']",CLI,AP
11241,0,2857760,5745,64.00131419536335,"['okay', 'Aimee', 'what', 'else', 'do', 'we', 'need']","['co', 'n:prop', 'pro:int', 'post', 'mod', 'pro:sub', 'v']",CLI,QN
11241,0,2857769,5745,64.00131419536335,"[""we've"", 'got', 'butter', 'sugar', 'oops', 'regular', 'sugar', 'right']","['pro:sub', 'part', 'n', 'n', 'co', 'adj', 'n', 'adj']",CLI,SA
11241,0,2857777,5745,64.00131419536335,['yup'],['co'],CHI,AC
11241,0,2857783,5745,64.00131419536335,"['regular', 'sugar', 'and', 'flour']","['adj', 'n', 'coord', 'n']",CLI,ST
11241,0,2857788,5745,64.00131419536335,"['okay', 'now', 'how', 'about', 'do', 'you', 'use', 'a', 'chair', 'to', 'stand', 'on', 'normally']","['co', 'adv', 'pro:rel', 'adv', 'v', 'pro:per', 'v', 'det:art', 'n', 'prep', 'n', 'adv', 'adv']",CLI,RP
11241,0,2857797,5745,64.00131419536335,"['um', 'no', 'I', ""don't""]","['', 'co', 'pro:sub', 'mod']",CHI,PF
11241,0,2857801,5745,64.00131419536335,"['no', 'you', ""don't""]","['co', 'pro:per', 'mod']",CLI,PF
11241,0,2857806,5745,64.00131419536335,['okay'],['co'],CLI,MK
11241,0,2857811,5745,64.00131419536335,"['I', 'can', 'reach', ""don't"", 'you', 'think']","['pro:sub', 'mod', 'v', 'mod', 'pro:per', 'v']",CHI,ST
11241,0,2857814,5745,64.00131419536335,"['oh', ""you're"", 'right']","['co', 'pro:per', 'co']",CLI,AP
11241,0,2857825,5745,64.00131419536335,"['you', 'can']","['pro:per', 'mod']",CLI,AP
11241,0,2857830,5745,64.00131419536335,"['now', 'what', 'we', 'need', 'is']","['adv', 'pro:int', 'pro:sub', 'v', 'cop']",CLI,QN
11241,0,2857837,5745,64.00131419536335,"['is', 'that', 'a', ""chef's"", 'book']","['cop', 'comp', 'det:art', 'adj', 'n']",CHI,SA
11241,0,2857843,5745,64.00131419536335,['mhm'],['co'],CLI,AC
11241,0,2857848,5745,64.00131419536335,"['have', 'you', 'ever', 'used', 'one', 'before']","['aux', 'pro:per', 'adv', 'part', 'det:num', 'adv']",CLI,ST
11241,0,2857856,5745,64.00131419536335,['uhuh'],['co'],CHI,RD
11241,0,2857865,5745,64.00131419536335,['no'],['co'],CLI,RD
11241,0,2857873,5745,64.00131419536335,"['does', 'your', 'mum', 'ever', 'use', 'it']","['mod', 'det:poss', 'n', 'adv', 'v', 'pro:per']",CLI,RP
11241,0,2857880,5745,64.00131419536335,['uhuh'],['co'],CHI,RD
11241,0,2857887,5745,64.00131419536335,"['what', 'does', 'she', 'use']","['pro:int', 'v', 'pro:sub', 'v']",CLI,QN
11241,0,2857901,5745,64.00131419536335,"['oh', 'she', 'just', 'bakes', 'in', 'her', 'head']","['co', 'pro:sub', 'adv', 'v', 'adv', 'det:poss', 'n']",CHI,SA
11241,0,2857910,5745,64.00131419536335,"['does', 'she']","['mod', 'pro:sub']",CLI,AP
11241,0,2857918,5745,64.00131419536335,"['and', 'what', 'does', 'she', 'come', 'up', 'with']","['coord', 'pro:int', 'v', 'pro:sub', 'v', 'adv', 'prep']",CLI,QN
11241,0,2857925,5745,64.00131419536335,"['I', ""don't"", 'know']","['pro:sub', 'mod', 'v']",CHI,SA
11241,0,2857947,5745,64.00131419536335,"['does', 'she', 'come', 'up', 'with', 'candy']","['mod', 'pro:sub', 'v', 'adv', 'prep', 'n']",CLI,AP
11241,0,2857956,5745,64.00131419536335,['usually'],['adv'],CHI,YY
11241,0,2857963,5745,64.00131419536335,['yeah'],['co'],CLI,AC
11241,0,2857968,5745,64.00131419536335,"[""what's"", 'your', 'favorite', 'kind', 'of', 'candy']","['pro:int', 'det:poss', 'n', 'n', 'prep', 'n']",CLI,QN
11241,0,2857977,5745,64.00131419536335,"['um', 'bubble', 'gum']","['', 'n', 'n']",CHI,SA
11241,0,2857982,5745,64.00131419536335,"['bubble', 'gum']","['n', 'n']",CLI,CT
11241,0,2857991,5745,64.00131419536335,"['do', 'you', 'have', 'another', 'favorite', 'kind', 'of', 'candy']","['mod', 'pro:per', 'v', 'qn', 'n', 'n', 'prep', 'n']",CLI,ST
11241,0,2858002,5745,64.00131419536335,"['um', 'cake']","['', 'n']",CHI,ST
11241,0,2858011,5745,64.00131419536335,['cake'],['n'],CLI,CT
11241,0,2858022,5745,64.00131419536335,['oh'],['co'],CLI,MK
11241,0,2858030,5745,64.00131419536335,"['oatmeal', 'cookies']","['n', 'n']",CLI,RP
11241,0,2858037,5745,64.00131419536335,"['now', 'I', 'will', 'use', 'this', 'so_that', 'the', 'cookbook', ""doesn't"", 'get', 'all', 'dirty']","['adv', 'pro:sub', 'mod', 'v', 'pro:dem', 'conj', 'det:art', 'n', 'mod', 'v', 'qn', 'adj']",CLI,GR
11241,0,2858045,5745,64.00131419536335,"['now', 'what', 'are', 'we', 'going', 'to', 'mix', 'it', 'in']","['adv', 'pro:int', 'cop', 'pro:sub', 'part', 'inf', 'v', 'pro:per', 'adv']",CLI,QN
11241,0,2858054,5745,64.00131419536335,"['we', 'need', 'measuring', 'cups', 'I', 'know', 'that']","['pro:sub', 'v', 'part', 'n', 'pro:sub', 'v', 'pro:dem']",CHI,SA
11241,0,2858065,5745,64.00131419536335,"[""you're"", 'right']","['pro:per', 'co']",CLI,AP
11241,0,2858074,5745,64.00131419536335,"['you', 'are', 'right']","['pro:per', 'cop', 'co']",CLI,AP
11241,0,2858086,5745,64.00131419536335,"['for', 'a', 'girl', 'I', 'sure', 'am', 'smart']","['prep', 'det:art', 'n', 'pro:sub', 'v', 'aux', 'adj']",CHI,ST
11241,0,2858095,5745,64.00131419536335,"['oh', 'I', 'would', 'say', 'so']","['co', 'pro:sub', 'mod', 'v', 'adv']",CLI,EI
11241,0,2858107,5745,64.00131419536335,"['but', 'a_lot_of', 'girls', 'are', 'smart', ""don't"", 'you', 'think']","['conj', 'qn', 'n', 'cop', 'adj', 'mod', 'pro:per', 'v']",CLI,ST
11241,0,2858111,5745,64.00131419536335,['yeah'],['co'],CHI,AC
11241,0,2858116,5745,64.00131419536335,"['yeah', 'and', 'you', 'are', 'not', 'only', 'smart', 'do', 'you', 'know', 'what', 'else', 'you', 'are']","['co', 'coord', 'pro:per', 'cop', 'neg', 'adv', 'adj', 'v', 'pro:per', 'v', 'pro:int', 'post', 'pro:per', 'cop']",CLI,ST
11241,0,2858120,5745,64.00131419536335,['what'],['pro:int'],CHI,AC
11241,0,2858126,5745,64.00131419536335,"[""you're"", 'a_lot_of', 'fun', 'to', 'be', 'around']","['pro:per', 'qn', 'n', 'inf', 'cop', 'prep']",CLI,ST
11241,0,2858130,5745,64.00131419536335,['thank_you'],['co'],CHI,MK
11241,0,2858135,5745,64.00131419536335,"[""you're"", 'welcome']","['pro:per', 'adj']",CLI,MK
11241,0,2858141,5745,64.00131419536335,['okay'],['co'],CLI,MK
11241,0,2858149,5745,64.00131419536335,"['I', 'think', 'you', 'should', 'wash', 'your', 'hands', 'before', 'you', 'do', 'it']","['pro:sub', 'v', 'pro:per', 'mod', 'v', 'det:poss', 'n', 'conj', 'pro:per', 'v', 'pro:per']",CHI,ST
11241,0,2858157,5745,64.00131419536335,"['Aimee', 'you', 'are', 'right']","['n:prop', 'pro:per', 'cop', 'co']",CLI,AP
11241,0,2858163,5745,64.00131419536335,['thank_you'],['co'],CLI,MK
11241,0,2858170,5745,64.00131419536335,"['can', 'we', 'use', 'the', 'kitchen', 'sink']","['mod', 'pro:sub', 'v', 'det:art', 'n', 'n']",CLI,RP
11241,0,2858175,5745,64.00131419536335,"['can', 'you', 'reach', 'or', 'would', 'the', 'bath+room']","['mod', 'pro:per', 'v', 'coord', 'mod', 'det:art', '']",CLI,TQ
11241,0,2858182,5745,64.00131419536335,"['that', 'would', 'be', 'okay']","['pro:dem', 'mod', 'cop', 'adj']",CLI,RQ
11241,0,2858189,5745,64.00131419536335,"['okay', 'where', 'is', 'it']","['co', 'pro:int', 'cop', 'pro:per']",CHI,AD
11241,0,2858195,5745,64.00131419536335,"['where', 'is', 'the', 'bath+room']","['pro:int', 'cop', 'det:art', '']",CLI,RT
11241,0,2858201,5745,64.00131419536335,['yeah'],['co'],CHI,AD
11241,0,2858208,5745,64.00131419536335,"[""let's"", 'see']","['v', 'v']",CLI,RP
11241,0,2858220,5745,64.00131419536335,"['first', ""let's"", 'get', 'this']","['adv', 'v', 'v', 'pro:dem']",CLI,RP
11241,0,2858228,5745,64.00131419536335,"['turn', 'left']","['n', 'v']",CLI,RP
11241,0,2858234,5745,64.00131419536335,"['I', ""can't"", 'touch', 'that']","['pro:sub', 'mod', 'v', 'pro:dem']",CHI,ST
11241,0,2858241,5745,64.00131419536335,"['a', 'little', 'hotter']","['det:art', 'adj', 'adj']",CLI,AP
11241,0,2858249,5745,64.00131419536335,"['should', 'we', 'use', 'some', 'soap']","['mod', 'pro:sub', 'v', 'qn', 'n']",CLI,RQ
11241,0,2858259,5745,64.00131419536335,"['um', 'nah']","['', 'co']",CHI,AD
11241,0,2858266,5745,64.00131419536335,['nah'],['co'],CLI,AC
11241,0,2858275,5745,64.00131419536335,"['a', 'little', 'maybe']","['det:art', 'adj', 'adv']",CLI,ST
11241,0,2858285,5745,64.00131419536335,"['want', 'a', 'little', 'of', 'mine']","['v', 'det:art', 'adj', 'prep', 'pro:poss']",CLI,ST
11241,0,2858295,5745,64.00131419536335,"['there', 'we', 'go']","['adv', 'pro:sub', 'v']",CLI,MK
11241,0,2858301,5745,64.00131419536335,"['and', 'now', 'what', 'do', 'we', 'need']","['coord', 'adv', 'pro:int', 'mod', 'pro:sub', 'v']",CLI,QN
11241,0,2858308,5745,64.00131419536335,"['to', 'wash', 'them']","['inf', 'v', 'pro:obj']",CHI,SA
11241,0,2858316,5745,64.00131419536335,"[""She's"", 'a', 'funny', 'face', ""isn't"", 'she']","['adj', 'det:art', 'adj', 'n', 'cop', 'pro:sub']",CLI,ST
11241,0,2858324,5745,64.00131419536335,"['dry', 'then']","['v', 'adv:tem']",CHI,YQ
11241,0,2858338,5745,64.00131419536335,['yeah'],['co'],CHI,AA
11241,0,2858346,5745,64.00131419536335,"['okay', 'now', 'what', 'do', 'we', 'do']","['co', 'adv', 'pro:int', 'mod', 'pro:sub', 'v']",CLI,QN
11241,0,2858356,5745,64.00131419536335,"['I', ""don't know""]","['pro:sub', 'mod v']",CHI,SA
11241,0,2858363,5745,64.00131419536335,"['we', 'should', 'maybe', 'look', 'at', 'the', 'recipe']","['pro:sub', 'mod', 'adv', 'v', 'prep', 'det:art', 'n']",CLI,RP
11241,0,2858375,5745,64.00131419536335,['yeah'],['co'],CHI,AD
11241,0,2858385,5745,64.00131419536335,"['okay', 'we', 'need', 'a', 'cup', 'of', 'oats']","['adj', 'pro:sub', 'v', 'det:art', 'n', 'prep', 'n']",CLI,AD
11241,0,2858394,5745,64.00131419536335,"['I', 'think', 'we', 'should', 'get', 'the', 'cup', 'from', 'there', 'the', 'measuring', 'cup']","['pro:sub', 'v', 'pro:sub', 'mod', 'v', 'det:art', 'n', 'prep', 'n', 'det:art', 'n:gerund', 'n']",CHI,SA
11241,0,2858405,5745,64.00131419536335,"['from', 'where']","['prep', 'pro:rel']",CLI,AP
11241,0,2858420,5745,64.00131419536335,"[""that's"", 'exactly', 'what', 'I', 'need']","['pro:dem', 'adv', 'pro:int', 'pro:sub', 'v']",CLI,ST
11241,0,2858428,5745,64.00131419536335,['okay'],['co'],CLI,MK
11241,0,2858434,5745,64.00131419536335,"['do', 'you', 'know', 'what', 'Aimee']","['mod', 'pro:per', 'v', 'pro:int', 'n:prop']",CLI,MK
11241,0,2858444,5745,64.00131419536335,"[""I'm"", 'not', 'sure', 'if', ""I've"", 'got', 'enough', 'shortening']","['pro:sub', 'neg', 'adj', 'conj', 'pro:sub', 'part', 'adv', 'part']",CLI,ST
11241,0,2858454,5745,64.00131419536335,"['how', 'much', 'shortening', 'do', 'I', 'need']","['pro:int', 'adv', 'part', 'mod', 'pro:sub', 'v']",CLI,QN
11241,0,2858462,5745,64.00131419536335,"['a', 'half', 'a', 'cup']","['det:art', 'n', 'det:art', 'n']",CLI,SA
11241,0,2858468,5745,64.00131419536335,['okay'],['co'],CLI,MK
11241,0,2858477,5745,64.00131419536335,"[""here's"", 'one']","['pro:exist', 'pro:indef']",CHI,TO
11241,0,2858483,5745,64.00131419536335,"['let', 'me', 'measure', 'this']","['v', 'pro:obj', 'v', 'pro:dem']",CLI,SI
11241,0,2858492,5745,64.00131419536335,"['oh', 'thank_you']","['co', 'n']",CLI,MK
11241,0,2858501,5745,64.00131419536335,"['what', 'one', 'is', 'that', 'now']","['pro:int', 'pro:indef', 'cop', 'pro:dem', 'adv']",CLI,QN
11241,0,2858511,5745,64.00131419536335,"['how', 'much', 'is', 'that']","['pro:int', 'adv', 'cop', 'pro:dem']",CLI,QN
11241,0,2858520,5745,64.00131419536335,"['a', 'third', 'of', 'a', 'cup']","['det:art', 'n', 'prep', 'det:art', 'n']",CLI,SA
11241,0,2858527,5745,64.00131419536335,"['okay', 'I', 'need', 'a', 'half', 'a', 'cup']","['adj', 'pro:sub', 'v', 'det:art', 'n', 'det:art', 'n']",CLI,ST
11241,0,2858539,5745,64.00131419536335,"['I', 'need', 'this', 'one']","['pro:sub', 'v', 'det:dem', 'pro:indef']",CLI,ST
11241,0,2858548,5745,64.00131419536335,"[""that's"", 'not', 'enough', 'is', 'it']","['pro:dem', 'neg', 'adv', 'cop', 'pro:per']",CLI,ST
11241,0,2858557,5745,64.00131419536335,"['okay', 'you', 'know', 'what']","['co', 'pro:per', 'v', 'pro:int']",CLI,MK
11241,0,2858564,5745,64.00131419536335,['what'],['pro:int'],CHI,QN
11241,0,2858572,5745,64.00131419536335,"[""we're"", 'going', 'to', 'hafta', 'make', 'half', 'of', 'this', 'recipe', 'because', ""I'm"", 'all', 'out_of', 'shortening']","['pro:sub', 'part', 'inf', 'mod', 'v', 'n', 'prep', 'det:dem', 'n', 'conj', 'pro:sub', 'adv', 'prep', 'part']",CLI,SA
11241,0,2858581,5745,64.00131419536335,"['so', ""we'll"", 'make', 'half', 'of', 'the', 'cookies', 'okay']","['adv', 'pro:sub', 'v', 'n', 'prep', 'det:art', 'n', 'adj']",CLI,RQ
11241,0,2858590,5745,64.00131419536335,['okay'],['co'],CHI,AD
11241,0,2858599,5745,64.00131419536335,"['we', 'need', 'a', 'quarter', 'cup', 'of', 'shortening']","['pro:sub', 'v', 'det:art', 'n', 'n', 'prep', 'part']",CLI,ST
11241,0,2858608,5745,64.00131419536335,"['and', 'now', 'I', 'need']","['coord', 'adv', 'pro:sub', 'v']",CLI,QN
11241,0,2858616,5745,64.00131419536335,"['some', 'butter']","['qn', 'n']",CHI,SA
11241,0,2858622,5745,64.00131419536335,"['some', 'butter']","['qn', 'n']",CLI,AP
11241,0,2858627,5745,64.00131419536335,"['I', ""don't"", 'think', 'so']","['pro:sub', 'mod', 'v', 'co']",CLI,AP
11241,0,2858636,5745,64.00131419536335,"['I', 'think', 'what', 'I', 'need', 'are']","['pro:sub', 'v', 'pro:int', 'pro:sub', 'v', 'cop']",CLI,QN
11241,0,2858642,5745,64.00131419536335,"['I', 'can', 'do', 'this']","['pro:sub', 'mod', 'v', 'pro:dem']",CHI,SA
11241,0,2858654,5745,64.00131419536335,"['okay', 'can', 'you', 'undo', 'that']","['co', 'mod', 'pro:per', 'v', 'pro:dem']",CLI,AP
11241,0,2858662,5745,64.00131419536335,['yup'],['co'],CHI,AP
11241,0,2858668,5745,64.00131419536335,['terrific'],['adj'],CLI,AP
11241,0,2858675,5745,64.00131419536335,"['now', 'we', 'need', 'almost', 'a', 'half', 'a', 'cup', 'of', 'flour']","['adv', 'pro:sub', 'v', 'adv', 'det:art', 'n', 'det:art', 'n', 'prep', 'n']",CLI,ST
11241,0,2858684,5745,64.00131419536335,"['can', 'you', 'hold', 'the', 'bottom']","['mod', 'pro:per', 'v', 'det:art', 'n']",CLI,RP
11241,0,2858691,5745,64.00131419536335,"[""that's"", 'it']","['pro:dem', 'pro:per']",CLI,ST
11241,0,2858697,5745,64.00131419536335,"[""that's"", 'enough', 'flour']","['pro:dem', 'adj', 'n']",CHI,RT
11241,0,2858704,5745,64.00131419536335,['okay'],['co'],CLI,AD
11241,0,2858710,5745,64.00131419536335,"['now', 'what', 'else', 'are', 'we', 'going', 'to', 'use']","['adv', 'pro:int', 'post', 'cop', 'pro:sub', 'part', 'prep', 'n']",CLI,QN
11241,0,2858715,5745,64.00131419536335,['oops'],['co'],CLI,MK
11241,0,2858721,5745,64.00131419536335,"['what', 'should', 'we', 'do', 'before', 'we', 'do', 'anything', 'else']","['pro:int', 'mod', 'pro:sub', 'v', 'conj', 'pro:sub', 'v', 'pro:indef', 'post']",CLI,QN
11241,0,2858728,5745,64.00131419536335,"['stir', 'it']","['v', 'pro:per']",CHI,SA
11241,0,2858733,5745,64.00131419536335,"['stir', 'it']","['v', 'pro:per']",CLI,AP
11241,0,2858740,5745,64.00131419536335,"['before', 'we', 'even', 'stir', 'it']","['conj', 'pro:sub', 'adv', 'v', 'pro:per']",CLI,ST
11241,0,2858747,5745,64.00131419536335,"['put', 'this', 'back', 'in']","['v', 'det:dem', 'adj', 'adv']",CLI,RP
11241,0,2858756,5745,64.00131419536335,['yeah'],['co'],CHI,AD
11241,0,2858762,5745,64.00131419536335,['yeah'],['co'],CLI,AC
11241,0,2858771,5745,64.00131419536335,['okay'],['co'],CLI,MK
11241,0,2858777,5745,64.00131419536335,['okey_dokey'],['co'],CHI,YY
11241,0,2858782,5745,64.00131419536335,"['the', 'dogs', 'are', 'cute']","['det:art', 'n', 'cop', 'adj']",CHI,ST
11241,0,2858789,5745,64.00131419536335,"['so', 'are', 'the', 'cats']","['adv', 'cop', 'det:art', 'n']",CHI,ST
11241,0,2858796,5745,64.00131419536335,"['this', 'one', 'is', 'April', 'and', 'that', 'one', 'is', 'Sneaker']","['pro:dem', 'pro:indef', 'cop', 'n:prop', 'coord', 'det:dem', 'pro:indef', 'cop', 'n:prop']",CLI,ST
11241,0,2858801,5745,64.00131419536335,['Sneaker'],['n:prop'],CHI,YY
11241,0,2858809,5745,64.00131419536335,"['I', 'like', 'that', 'name']","['pro:sub', 'v', 'det:dem', 'n']",CHI,ST
11241,0,2858818,5745,64.00131419536335,"['do', 'you']","['mod', 'pro:per']",CLI,AP
11241,0,2858823,5745,64.00131419536335,"['do', 'you', 'know', 'why', 'she', 'got', 'that', 'name']","['mod', 'pro:per', 'v', 'pro:int', 'pro:sub', 'v', 'det:dem', 'n']",CLI,QN
11241,0,2858830,5745,64.00131419536335,['why'],['pro:rel'],CHI,QN
11241,0,2858841,5745,64.00131419536335,"['because', 'she', 'useta', 'sneak', 'around', 'when', 'she', 'was', 'a', 'puppy', 'and', 'get', 'into', 'all', 'kinds', 'of', 'things']","['conj', 'pro:sub', 'mod', 'v', 'adv', 'conj', 'pro:sub', 'cop', 'det:art', 'n', 'coord', 'v', 'prep', 'qn', 'n', 'prep', 'n']",CLI,SA
11241,0,2858848,5745,64.00131419536335,['okay'],['co'],CLI,MK
11241,0,2858853,5745,64.00131419536335,['oh'],['co'],CLI,MK
11241,0,2858858,5745,64.00131419536335,"['look', 'what', 'we', ""didn't"", 'put', 'in', 'yet']","['v', 'pro:int', 'pro:sub', 'mod', 'v', 'adv', 'adv']",CLI,RP
11241,0,2858866,5745,64.00131419536335,"['can', 'you', 'get', 'this', 'open', 'for', 'me']","['mod', 'pro:per', 'v', 'pro:dem', 'v', 'prep', 'pro:obj']",CLI,RP
11241,0,2858873,5745,64.00131419536335,['thank_you'],['co'],CLI,MK
11241,0,2858876,5745,64.00131419536335,"['and', 'we', 'need', 'half', 'a', 'cup']","['coord', 'pro:sub', 'v', 'n', 'det:art', 'n']",CLI,ST
11241,0,2858887,5745,64.00131419536335,"['half', 'a', 'cup']","['n', 'det:art', 'n']",CHI,DW
11241,0,2858893,5745,64.00131419536335,"['half', 'a', 'cup']","['n', 'det:art', 'n']",CLI,CT
11241,0,2858900,5745,64.00131419536335,"['right', 'in', 'the', 'bowl']","['adv', 'prep', 'det:art', 'n']",CHI,RP
11241,0,2858906,5745,64.00131419536335,"['okay', 'here', 'we', 'go']","['co', 'adv', 'pro:sub', 'v']",CLI,SS
11241,0,2858913,5745,64.00131419536335,"['this', 'one', 'hasta', 'get', 'filled', 'all', 'the', 'way', 'to', 'the', 'top']","['pro:dem', 'pro:indef', 'mod', 'v', 'v', 'qn', 'det:art', 'n', 'prep', 'det:art', 'n']",CLI,RP
11241,0,2858923,5745,64.00131419536335,"['now', 'pour', 'it', 'right', 'into', 'the', 'bowl', 'right']","['adv', 'v', 'pro:per', 'adv', 'prep', 'det:art', 'n', 'adj']",CHI,ST
11241,0,2858928,5745,64.00131419536335,"['you', 'got', 'it']","['pro:per', 'v', 'pro:per']",CLI,AP
11241,0,2858942,5745,64.00131419536335,['super'],['adj'],CLI,AP
11241,0,2858956,5745,64.00131419536335,"['now', 'uh', 'you', 'know', 'what', 'we', ""haven't"", 'put', 'in']","['adv', '', 'pro:per', 'v', 'pro:int', 'pro:sub', 'aux', 'part', 'adv']",CLI,QN
11241,0,2858966,5745,64.00131419536335,['sugar'],['n'],CLI,YA
11241,0,2858974,5745,64.00131419536335,['yup'],['co'],CHI,AA
11241,0,2858987,5745,64.00131419536335,"['you', 'know', 'what', 'sugar', 'does', 'to', 'it']","['pro:per', 'v', 'pro:int', 'n', 'mod', 'prep', 'pro:per']",CLI,ST
11241,0,2858995,5745,64.00131419536335,"['sweetens', 'it', 'up']","['v', 'pro:per', 'adv']",CHI,YQ
11241,0,2859001,5745,64.00131419536335,"['yup', ""that's"", 'exactly', 'it']","['co', 'pro:dem', 'adv', 'pro:per']",CLI,AA
11241,0,2859009,5745,64.00131419536335,['sugar'],['n'],CHI,YY
11241,0,2859017,5745,64.00131419536335,['sugar'],['n'],CLI,RT
11241,0,2859026,5745,64.00131419536335,"['okay', 'how', 'much', 'sugar']","['co', 'pro:int', 'qn', 'n']",CLI,QN
11241,0,2859033,5745,64.00131419536335,"['an', 'eighth', 'of', 'a', 'cup']","['det:art', 'adj', 'prep', 'det:art', 'n']",CLI,SA
11241,0,2859046,5745,64.00131419536335,"['hm', 'I', ""don't"", 'think', ""I've"", 'got', 'eighths']","['co', 'pro:sub', 'mod', 'v', 'pro:sub', 'part', 'n:adj']",CLI,DW
11241,0,2859060,5745,64.00131419536335,"[""it's"", 'very', 'difficult', 'I', 'have', 'found', 'Aimee', 'to', 'divide', 'one', 'of', 'these', 'recipes', 'in', 'half']","['pro:per', 'adv', 'adj', 'pro:sub', 'aux', 'part', 'n:prop', 'inf', 'v', 'det:num', 'prep', 'det:dem', 'n', 'prep', 'n']",CLI,ST
11241,0,2859067,5745,64.00131419536335,"['hm', 'what', 'do', 'we', 'have', 'here']","['co', 'pro:int', 'mod', 'pro:sub', 'v', 'adv']",CLI,QN
11241,0,2859078,5745,64.00131419536335,"['a', 'third']","['det:art', 'n']",CLI,SA
11241,0,2859089,5745,64.00131419536335,"[""I'm"", 'missing', 'a', 'measuring']","['pro:sub', 'part', 'det:art', 'n:gerund']",CLI,DP
11241,0,2859097,5745,64.00131419536335,"[""you're"", 'missing', 'a', 'measuring', 'cup']","['pro:per', 'part', 'det:art', 'n:gerund', 'n']",CHI,YD
11241,0,2859109,5745,64.00131419536335,['hm'],['co'],CLI,RR
11241,0,2859117,5745,64.00131419536335,"['a', 'half']","['det:art', 'n']",CLI,SA
11241,0,2859126,5745,64.00131419536335,"['is', 'this', 'one', 'it']","['cop', 'det:dem', 'pro:indef', 'pro:per']",CHI,SA
11241,0,2859136,5745,64.00131419536335,['oh'],['co'],CLI,DW
11241,0,2859141,5745,64.00131419536335,"['no', 'thank_you', 'but', ""that's"", 'not', 'it']","['qn', 'co', 'conj', 'pro:rel', 'neg', 'pro:per']",CLI,DW
11241,0,2859149,5745,64.00131419536335,['oh'],['co'],CHI,YY
11241,0,2859163,5745,64.00131419536335,"[""I'm"", 'missing', 'a', 'really', 'teeny+weeny', 'one']","['pro:sub', 'part', 'det:art', 'adv', '', 'pro:indef']",CLI,DP
11241,0,2859179,5745,64.00131419536335,"['teeny+weeny', 'one']","['', 'pro:indef']",CHI,YD
11241,0,2859194,5745,64.00131419536335,"['ah', 'is', 'it', 'one', 'of', 'these']","['', 'aux', 'pro:per', 'pro:indef', 'prep', 'pro:dem']",CLI,YQ
11241,0,2859214,5745,64.00131419536335,"['probably', 'your', ""husband's"", 'got', 'them']","['adv', 'det:poss', 'adj', 'v', 'pro:obj']",CHI,ST
11241,0,2859226,5745,64.00131419536335,"['you', 'think', 'he', 'had', 'them']","['pro:per', 'v', 'pro:sub', 'v', 'pro:obj']",CLI,YQ
11241,0,2859236,5745,64.00131419536335,['yeah'],['co'],CHI,AA
11241,0,2859246,5745,64.00131419536335,['okay'],['co'],CLI,AD
11241,0,2859258,5745,64.00131419536335,"['do', 'you', 'know', 'what', 'you', 'might', 'be', 'able', 'to', 'do']","['mod', 'pro:per', 'v', 'pro:int', 'pro:per', 'mod', 'cop', 'adj', 'inf', 'v']",CLI,ST
11241,0,2859268,5745,64.00131419536335,"['no', ""you're"", 'right']","['co', 'pro:per', 'co']",CLI,AP
11241,0,2859277,5745,64.00131419536335,['okay'],['co'],CLI,MK
11241,0,2859286,5745,64.00131419536335,"['you', 'hold', 'it']","['pro:per', 'v', 'pro:per']",CLI,RP
11241,0,2859295,5745,64.00131419536335,"['this', ""isn't"", 'too', 'heavy']","['pro:dem', 'cop', 'adv', 'adj']",CHI,ST
11241,0,2859307,5745,64.00131419536335,['oops'],['co'],CLI,MK
11241,0,2859321,5745,64.00131419536335,['whoa'],['co'],CHI,MK
11241,0,2859337,5745,64.00131419536335,"['you', 'can', 'lick', 'it']","['pro:per', 'mod', 'v', 'pro:per']",CLI,ST
11241,0,2859346,5745,64.00131419536335,"[""it's"", 'tickling', 'my', 'bubble', 'gum']","['pro:per', 'part', 'det:poss', 'n', 'n']",CHI,ST
11241,0,2859361,5745,64.00131419536335,"['is', 'it']","['aux', 'pro:per']",CLI,AP
11241,0,2859373,5745,64.00131419536335,"['does', 'it', 'make', 'you', 'bubble', 'gum', 'sweeter']","['mod', 'pro:per', 'v', 'pro:per', 'n', 'n', 'adj']",CLI,YQ
11241,0,2859387,5745,64.00131419536335,"['sure', 'does']","['co', 'v']",CHI,AA
11241,0,2859396,5745,64.00131419536335,"['and', 'some', 'of', 'it', 'went', 'on', 'the', 'floor']","['coord', 'pro:indef', 'prep', 'pro:per', 'v', 'prep', 'det:art', 'n']",CHI,ST
11241,0,2859409,5745,64.00131419536335,"['oh', ""that's"", 'okay']","['co', 'pro:dem', 'adj']",CLI,AC
11241,0,2859425,5745,64.00131419536335,"['we', 'can', 'mop', 'it', 'up', 'with', 'a', 'little', 'water', 'and', 'paper', 'towel']","['pro:sub', 'mod', 'v', 'pro:per', 'adv', 'prep', 'det:art', 'adj', 'n', 'coord', 'n', 'n']",CLI,ST
11241,0,2859445,5745,64.00131419536335,"['there', 'we', 'go']","['adv', 'pro:sub', 'v']",CLI,MK
11241,0,2859457,5745,64.00131419536335,['okay'],['co'],CLI,MK
11241,0,2859467,5745,64.00131419536335,"['what', 'else', 'do', 'we', 'need']","['pro:int', 'post', 'mod', 'pro:sub', 'v']",CLI,QN
11241,0,2859481,5745,64.00131419536335,"['brown', 'sugar']","['adj', 'n']",CLI,SA
11241,0,2859490,5745,64.00131419536335,"['and', 'we', 'need', 'this', 'much', 'brown', 'sugar']","['coord', 'pro:sub', 'v', 'pro:dem', 'adv', 'adj', 'n']",CLI,ST
11241,0,2859498,5745,64.00131419536335,"['I', 'thought', 'so']","['pro:sub', 'v', 'adv']",CHI,ST
11241,0,2859510,5745,64.00131419536335,"['you', 'did']","['pro:per', 'v']",CLI,ST
11241,0,2859517,5745,64.00131419536335,"['we', 'have', 'lots_of', 'brown', 'sugar', 'at', 'home']","['pro:sub', 'v', 'qn', 'adj', 'n', 'prep', 'n']",CHI,ST
11241,0,2859529,5745,64.00131419536335,"['do', 'you']","['mod', 'pro:per']",CLI,YQ
11241,0,2859550,5745,64.00131419536335,['yup'],['co'],CHI,AA
11241,0,2859565,5745,64.00131419536335,"['what', 'do', 'you', 'use', 'it', 'for']","['pro:int', 'mod', 'pro:per', 'v', 'pro:per', 'prep']",CLI,QN
11241,0,2859576,5745,64.00131419536335,"['for', 'our', 'oatmeal', 'and', 'cream', 'of', 'wheat']","['prep', 'det:poss', 'n', 'coord', 'n', 'prep', 'n']",CHI,SA
11241,0,2859592,5745,64.00131419536335,"['I', 'love', 'cream', 'of', 'wheat']","['pro:sub', 'n', 'n', 'prep', 'n']",CLI,AP
11241,0,2859605,5745,64.00131419536335,"['which', 'do', 'you', 'like', 'better']","['pro:rel', 'v', 'pro:per', 'v', 'adj']",CLI,QN
11241,0,2859618,5745,64.00131419536335,"['I', 'like', 'cream', 'of', 'wheat']","['pro:sub', 'v', 'n', 'prep', 'n']",CHI,SA
11241,0,2859637,5745,64.00131419536335,"['do', 'you']","['mod', 'pro:per']",CLI,AP
11241,0,2859649,5745,64.00131419536335,['yeah'],['co'],CLI,AP
11241,0,2859656,5745,64.00131419536335,"['do', 'you', 'put', 'butter', 'oh', 'thank_you']","['mod', 'pro:per', 'v', 'n', 'co', 'n']",CLI,AP
11241,0,2859672,5745,64.00131419536335,"['butter', 'yeah', 'butter', 'yeah', 'butter']","['n', 'co', 'n', 'co', 'n']",CHI,AP
11241,0,2859683,5745,64.00131419536335,"['butter', 'yeah', 'butter', 'yeah']","['n', 'co', 'n', 'co']",CLI,AP
11241,0,2859695,5745,64.00131419536335,"['okay', 'now', 'you', 'know', 'what', 'you', 'hafta', 'do', 'with', 'this']","['co', 'adv', 'pro:per', 'v', 'pro:int', 'pro:per', 'mod', 'v', 'prep', 'pro:dem']",CLI,MK
11241,0,2859714,5745,64.00131419536335,['what'],['pro:int'],CHI,AC
11241,0,2859724,5745,64.00131419536335,"['you', 'hafta', 'press', 'on', 'it', 'really', 'hard']","['pro:per', 'mod', 'v', 'prep', 'pro:per', 'adv', 'adv']",CLI,ST
11241,0,2859736,5745,64.00131419536335,"[""that's"", 'it']","['pro:dem', 'pro:per']",CLI,ST
11241,0,2859751,5745,64.00131419536335,"['now', 'a', 'little', 'bit', 'to', 'put', 'in', 'okay', 'and', 'a', 'little', 'bit', 'more']","['adv', 'det:art', 'adj', 'n', 'inf', 'part', 'adv', 'adj', 'coord', 'det:art', 'adj', 'n', 'adv']",CLI,SI
11241,0,2859766,5745,64.00131419536335,['whoops'],['co'],CLI,MK
11241,0,2859778,5745,64.00131419536335,"['you', 'know', 'what', 'Aimee', 'that', 'looks', 'really', 'hard', 'like', 'a', 'big', 'lump']","['pro:per', 'v', 'pro:int', 'n:prop', 'pro:rel', 'v', 'adv', 'adv', 'prep', 'det:art', 'adj', 'n']",CLI,ST
11241,0,2859795,5745,64.00131419536335,"[""let's"", 'take', 'that', 'out']","['v', 'v', 'adv', 'adv']",CLI,RP
11241,0,2859807,5745,64.00131419536335,['okay'],['co'],CLI,MK
11241,0,2859817,5745,64.00131419536335,"[""let's"", 'put', 'that', 'in']","['v', 'v', 'adv', 'adv']",CLI,RP
11241,0,2859837,5745,64.00131419536335,"['there', 'you', 'go']","['adv', 'pro:per', 'v']",CLI,MK
11241,0,2859849,5745,64.00131419536335,"[""we're"", 'gonna', 'bake', 'good', 'cookies', ""aren't"", 'we']","['pro:sub', 'part', 'v', 'adj', 'n', 'cop', 'pro:sub']",CHI,ST
11241,0,2859856,5745,64.00131419536335,"['oh', 'I', 'think', ""we're"", 'gonna', 'make', 'the', 'best', 'cookies', ""I've"", 'ever', 'tasted']","['co', 'pro:sub', 'v', 'pro:sub', 'part', 'v', 'det:art', 'adj', 'n', 'pro:sub', 'adv', 'part']",CLI,ST
11241,0,2859911,5745,64.00131419536335,"['so', 'do', 'I']","['adv', 'mod', 'pro:sub']",CHI,RT
11241,0,2859921,5745,64.00131419536335,['perfect'],['adj'],CLI,RP
11241,0,2859929,5745,64.00131419536335,"['but', 'we', ""can't"", 'lick', 'it']","['conj', 'pro:sub', 'mod', 'v', 'pro:per']",CHI,RD
11241,0,2859946,5745,64.00131419536335,"['we', ""can't""]","['pro:sub', 'mod']",CLI,RD
11241,0,2859959,5745,64.00131419536335,"['because', ""we'll"", 'catch', 'the', 'germ', 'onto', 'the', 'other', 'things']","['conj', 'pro:sub', 'v', 'det:art', 'n', 'prep', 'det:art', 'qn', 'n']",CHI,RP
11241,0,2859983,5745,64.00131419536335,['oh'],['co'],CLI,MK
11241,0,2859997,5745,64.00131419536335,"['could', 'we', 'take', 'a', 'special', 'spoon', 'to', 'lick', 'it']","['mod', 'pro:sub', 'v', 'det:art', 'n', 'n', 'inf', 'v', 'pro:per']",CLI,ST
11241,0,2860010,5745,64.00131419536335,"['you', ""can't"", 'use', 'the', 'spoon', 'off', 'it']","['pro:per', 'mod', 'v', 'det:art', 'n', 'prep', 'pro:per']",CHI,RP
11241,0,2860036,5745,64.00131419536335,['no'],['co'],CLI,RD
11241,0,2860064,5745,64.00131419536335,['okay'],['co'],CLI,GI
11241,0,2860091,5745,64.00131419536335,['okay'],['co'],CLI,GI
11241,0,2860105,5745,64.00131419536335,"['if', 'you', ""can't"", 'you', ""can't""]","['conj', 'pro:per', 'mod', 'pro:per', 'mod']",CLI,GI
11241,0,2860118,5745,64.00131419536335,"['what', 'do', 'we', 'do', 'with', 'this', 'now']","['pro:int', 'mod', 'pro:sub', 'v', 'prep', 'pro:dem', 'adv']",CLI,QN
11241,0,2860130,5745,64.00131419536335,"['pour', 'it', 'in', 'the', 'bowl']","['v', 'pro:per', 'prep', 'det:art', 'n']",CHI,SA
11241,0,2860146,5745,64.00131419536335,"['there', 'we', 'go']","['adv', 'pro:sub', 'v']",CLI,MK
11241,0,2860166,5745,64.00131419536335,"['now', 'we', 'have', 'an', 'egg']","['adv', 'pro:sub', 'v', 'det:art', 'n']",CLI,ST
11241,0,2860186,5745,64.00131419536335,"['here', 'we', 'go']","['adv', 'pro:sub', 'v']",CLI,SS
11241,0,2860200,5745,64.00131419536335,"['do', 'you', 'know', 'how', 'to', 'break', 'them']","['mod', 'pro:per', 'v', 'pro:int', 'inf', 'v', 'pro:obj']",CLI,QN
11241,0,2860214,5745,64.00131419536335,"['I', 'think', 'I', 'do']","['pro:sub', 'v', 'pro:sub', 'v']",CHI,SA
11241,0,2860225,5745,64.00131419536335,['perfect'],['adj'],CLI,AP
11241,0,2860236,5745,64.00131419536335,"['we', 'can', 'throw', 'that', 'in', 'the', 'garbage']","['pro:sub', 'mod', 'v', 'pro:dem', 'prep', 'det:art', 'n']",CLI,RP
11241,0,2860248,5745,64.00131419536335,['okay'],['co'],CHI,AD
11241,0,2860261,5745,64.00131419536335,"['and', 'the', 'garbage', 'is', 'right', 'over', 'here']","['coord', 'det:art', 'n', 'cop', 'adv', 'prep', 'n']",CLI,ST
11241,0,2860276,5745,64.00131419536335,['yuck'],['co'],CHI,ED
11241,0,2860291,5745,64.00131419536335,['yuck'],['co'],CLI,ED
11241,0,2860305,5745,64.00131419536335,"['do', 'you', 'want', 'a', 'paper', 'towel', 'to', 'wipe', 'your', 'hands']","['mod', 'pro:per', 'v', 'det:art', 'n', 'n', 'inf', 'v', 'det:poss', 'n']",CLI,RQ
11241,0,2860335,5745,64.00131419536335,['okay'],['co'],CHI,AD
11241,0,2860349,5745,64.00131419536335,['thanks'],['co'],CHI,MK
11241,0,2860360,5745,64.00131419536335,"[""you're"", 'welcome']","['pro:per', 'adj']",CLI,MK
11241,0,2860384,5745,64.00131419536335,"['um', 'I', 'hope', 'we', 'have', 'baking', 'soda', 'Aimee']","['', 'pro:sub', 'v', 'pro:sub', 'aux', 'part', 'n', 'n:prop']",CLI,ST
11241,0,2860401,5745,64.00131419536335,"['yup', ""we've"", 'got', 'baking', 'soda', 'and', 'salt']","['co', 'pro:sub', 'part', 'part', 'n', 'coord', 'n']",CLI,ST
11241,0,2860415,5745,64.00131419536335,"['we', 'do', 'at', 'home', 'too']","['pro:sub', 'v', 'prep', 'n', 'adv']",CHI,ST
11241,0,2860427,5745,64.00131419536335,"['do', 'you']","['mod', 'pro:per']",CLI,YQ
11241,0,2860440,5745,64.00131419536335,['mhm'],['co'],CHI,AA
11241,0,2860452,5745,64.00131419536335,"['do', 'you', 'use', 'it', 'for', 'baking', 'too']","['mod', 'pro:per', 'v', 'pro:per', 'prep', 'n:gerund', 'post']",CLI,YQ
11241,0,2860471,5745,64.00131419536335,['yup'],['co'],CHI,AA
11241,0,2860490,5745,64.00131419536335,"[""it's"", 'always', 'handy', 'to', 'keep', 'around']","['pro:per', 'adv', 'adj', 'inf', 'v', 'adv']",CHI,ST
11241,0,2860503,5745,64.00131419536335,"['I', 'think', ""you're"", 'right']","['pro:sub', 'v', 'pro:per', 'co']",CLI,AP
11241,0,2860516,5745,64.00131419536335,"['why', 'do', 'you', 'think', ""it's"", 'handy']","['pro:int', 'mod', 'pro:per', 'v', 'pro:per', 'adj']",CLI,QN
11241,0,2860533,5745,64.00131419536335,"['to', 'make', 'stuff']","['inf', 'v', 'n']",CHI,SA
11241,0,2860557,5745,64.00131419536335,"['like', 'cherry', 'cakes', 'and', 'yum']","['co', 'n', 'n', 'coord', 'n']",CHI,PR
11241,0,2860571,5745,64.00131419536335,"['and', 'yum']","['coord', 'n']",CLI,PR
11241,0,2860587,5745,64.00131419536335,"['oh', 'Aimee', ""I'm"", 'having', 'a', 'problem', 'here']","['co', 'n:prop', 'pro:sub', 'part', 'det:art', 'n', 'adv']",CLI,ST
11241,0,2860610,5745,64.00131419536335,"['could', 'I', 'try', 'to', 'help', 'you']","['mod', 'pro:sub', 'v', 'inf', 'v', 'pro:per']",CHI,RP
11241,0,2860624,5745,64.00131419536335,"['you', 'certainly', 'could']","['pro:per', 'adv', 'mod']",CLI,MK
11241,0,2860633,5745,64.00131419536335,"['I', 'think', 'we', 'need', 'a', 'little', 'more']","['pro:sub', 'v', 'pro:sub', 'v', 'det:art', 'adj', 'pro:indef']",CLI,ST
11241,0,2860650,5745,64.00131419536335,"['what', 'do', 'you', 'think']","['pro:int', 'mod', 'pro:per', 'v']",CLI,QN
11241,0,2860680,5745,64.00131419536335,['yeah'],['co'],CHI,SA
11241,0,2860690,5745,64.00131419536335,"['maybe', 'if', 'you', 'tilt', 'it']","['adv', 'conj', 'pro:per', 'v', 'pro:per']",CLI,AP
11241,0,2860709,5745,64.00131419536335,['oh'],['co'],CLI,MK
11241,0,2860725,5745,64.00131419536335,"['way', 'to', 'go']","['adv', 'inf', 'v']",CLI,SS
11241,0,2860752,5745,64.00131419536335,"['you', 'got', 'it']","['pro:per', 'v', 'pro:per']",CLI,ST
11241,0,2860765,5745,64.00131419536335,['alright'],['co'],CLI,MK
11241,0,2860776,5745,64.00131419536335,"['now', 'pour', 'it', 'in', 'the', 'bowl']","['adv', 'v', 'pro:per', 'prep', 'det:art', 'n']",CHI,RP
11241,0,2860791,5745,64.00131419536335,['super'],['adj'],CLI,YY
11241,0,2860804,5745,64.00131419536335,"['it', 'looks', 'delicious']","['pro:per', 'v', 'adj']",CHI,ST
11241,0,2860816,5745,64.00131419536335,"['do', 'you', 'really', 'think', 'so']","['mod', 'pro:per', 'adv', 'v', 'co']",CLI,YQ
11241,0,2860843,5745,64.00131419536335,['yeah'],['co'],CHI,AA
11241,0,2860857,5745,64.00131419536335,"['even', 'with', 'that', 'sitting', 'in', 'it']","['adv', 'prep', 'det:dem', 'part', 'prep', 'pro:per']",CLI,YQ
11241,0,2860871,5745,64.00131419536335,['yeah'],['co'],CHI,AA
11241,0,2860884,5745,64.00131419536335,['yeah'],['co'],CLI,AC
11241,0,2860898,5745,64.00131419536335,"['okay', 'oops', 'do', 'you', 'know', 'what', 'Aimee']","['co', 'co', 'v', 'pro:per', 'v', 'pro:int', 'n:prop']",CLI,MK
11241,0,2860910,5745,64.00131419536335,['what'],['pro:int'],CHI,AC
11241,0,2860923,5745,64.00131419536335,"['we', 'put', 'the', 'full', 'amount', 'in', 'and', 'I', 'halved', 'the', 'recipe', 'Aimee']","['pro:sub', 'v', 'det:art', 'adj', 'v', 'adv', 'coord', 'pro:sub', 'v', 'det:art', 'n', 'n:prop']",CLI,TX
11241,0,2860943,5745,64.00131419536335,"['I', 'think', 'these', 'are', 'going', 'to', 'be', 'very', 'strange', 'tasting', 'cookies']","['pro:sub', 'v', 'det:dem', 'aux', 'part', 'inf', 'cop', 'adv', 'adj', 'n:gerund', 'n']",CLI,TX
11241,0,2860961,5745,64.00131419536335,"['put', 'the', 'lid', 'back', 'on', 'the', 'top']","['v', 'det:art', 'n', 'adv', 'prep', 'det:art', 'n']",CHI,SI
11241,0,2860977,5745,64.00131419536335,['yup'],['co'],CLI,AC
11241,0,2860989,5745,64.00131419536335,"['now', 'we', 'need', 'vanilla']","['adv', 'pro:sub', 'v', 'n']",CLI,ST
11241,0,2861005,5745,64.00131419536335,['vanilla'],['n'],CHI,YY
11241,0,2861017,5745,64.00131419536335,"['is', 'this', 'it']","['cop', 'pro:dem', 'pro:per']",CHI,YY
11241,0,2861035,5745,64.00131419536335,['nope'],['co'],CLI,PF
11241,0,2861056,5745,64.00131419536335,"[""what's"", 'that']","['pro:int', 'pro:dem']",CLI,QN
11241,0,2861078,5745,64.00131419536335,['butter'],['n'],CHI,SA
11241,0,2861091,5745,64.00131419536335,['right'],['co'],CLI,AP
11241,0,2861102,5745,64.00131419536335,['thank_you'],['co'],CLI,MK
11241,0,2861112,5745,64.00131419536335,"['okay', 'and', 'now', 'what', 'do', 'we', 'do']","['co', 'coord', 'adv', 'pro:int', 'mod', 'pro:sub', 'v']",CLI,QN
11241,0,2861126,5745,64.00131419536335,"['hm', 'use', 'the', 'butter']","['co', 'n', 'det:art', 'n']",CHI,SA
11241,0,2861138,5745,64.00131419536335,"['no', 'not', 'yet']","['co', 'neg', 'adv']",CLI,DW
11241,0,2861154,5745,64.00131419536335,"['I', 'think', ""she's"", 'getting', 'bored']","['pro:sub', 'v', 'pro:sub', 'part', 'part']",CHI,ST
11241,0,2861167,5745,64.00131419536335,"['you', 'think', 'so']","['pro:per', 'v', 'co']",CLI,AP
11241,0,2861173,5745,64.00131419536335,"['is', 'that', 'a', 'little', 'dish']","['cop', 'comp', 'det:art', 'adj', 'n']",CHI,AP
11241,0,2861194,5745,64.00131419536335,['yeah'],['co'],CLI,AP
11241,0,2861212,5745,64.00131419536335,"['do', 'you', 'know', ""who's"", 'dish', 'that', 'is']","['mod', 'pro:per', 'v', 'pro:int', 'n', 'pro:rel', 'cop']",CLI,QN
11241,0,2861231,5745,64.00131419536335,"['um', 'the', ""cat's"", 'dish']","['', 'det:art', 'adj', 'n']",CHI,SA
11241,0,2861247,5745,64.00131419536335,"['do', 'you', 'know', 'what', 'she', 'eats', 'in', 'that', 'dish']","['mod', 'pro:per', 'v', 'pro:int', 'pro:sub', 'v', 'adv', 'det:dem', 'n']",CLI,QN
11241,0,2861263,5745,64.00131419536335,"['cat', 'food']","['n', 'n']",CHI,SA
11241,0,2861274,5745,64.00131419536335,['right'],['co'],CLI,AP
11241,0,2861285,5745,64.00131419536335,"['can', 'I', 'fix', 'your', 'apron', 'for', 'you']","['mod', 'pro:sub', 'v', 'det:poss', 'n', 'prep', 'pro:per']",CLI,ST
11241,0,2861302,5745,64.00131419536335,['okay'],['co'],CHI,AD
11241,0,2861318,5745,64.00131419536335,['okay'],['co'],CLI,AD
11241,0,2861331,5745,64.00131419536335,"[""let's"", 'move', 'it', 'down', 'a', 'little', 'bit']","['v', 'v', 'pro:per', 'adv', 'det:art', 'adj', 'n']",CLI,SI
11241,0,2861344,5745,64.00131419536335,"['do', 'you', 'have', 'an', 'apron', 'at', 'home', 'that', 'you', 'use']","['mod', 'pro:per', 'v', 'det:art', 'n', 'prep', 'n', 'pro:rel', 'pro:per', 'v']",CLI,GR
11241,0,2861363,5745,64.00131419536335,['uhuh'],['co'],CHI,RD
11241,0,2861377,5745,64.00131419536335,['no'],['co'],CLI,RD
11241,0,2861386,5745,64.00131419536335,"['but', 'I', 'think', 'we', 'should', 'leave', 'this', 'one', 'here', 'in_case', 'I', 'come', 'back']","['conj', 'pro:sub', 'v', 'pro:sub', 'mod', 'v', 'det:dem', 'pro:indef', 'adv', 'conj', 'pro:sub', 'v', 'adv']",CHI,ST
11241,0,2861404,5745,64.00131419536335,"['oh', ""I'd"", 'love', 'it', 'if', 'you', 'came', 'and', 'helped', 'me', 'bake', 'again']","['co', 'pro:sub', 'v', 'pro:per', 'conj', 'pro:per', 'v', 'coord', 'v', 'pro:obj', 'v', 'adv']",CLI,ST
11241,0,2861420,5745,64.00131419536335,"['what', 'would', 'we', 'make', 'if', 'you', 'came', 'back', 'again']","['pro:int', 'mod', 'pro:sub', 'v', 'comp', 'pro:per', 'v', 'adv', 'adv']",CLI,QN
11241,0,2861437,5745,64.00131419536335,"['um', 'maybe', 'a', 'flavor', 'with', 'cake']","['', 'adv', 'det:art', 'n', 'prep', 'n']",CHI,SA
11241,0,2861450,5745,64.00131419536335,"['a', 'what', 'cake']","['det:art', 'pro:int', 'n']",CLI,QN
11241,0,2861472,5745,64.00131419536335,"['a', 'cake']","['det:art', 'n']",CHI,SA
11241,0,2861494,5745,64.00131419536335,"['a', 'cake']","['det:art', 'n']",CLI,CT
11241,0,2861510,5745,64.00131419536335,"['how', 'big', 'a', 'cake']","['pro:int', 'adj', 'det:art', 'n']",CLI,QN
11241,0,2861538,5745,64.00131419536335,"['maybe', 'full', 'size']","['adv', 'adj', 'n']",CHI,SA
11241,0,2861558,5745,64.00131419536335,"['full', 'size']","['adj', 'n']",CLI,CT
11241,0,2861576,5745,64.00131419536335,"['okay', 'and', 'what', 'flavor', 'should', 'this', 'full', 'size', 'cake', 'be']","['co', 'coord', 'pro:int', 'n', 'mod', 'det:dem', 'adj', 'n', 'n', 'cop']",CLI,DP
11241,0,2861598,5745,64.00131419536335,['strawberry'],['n'],CHI,YY
11241,0,2861609,5745,64.00131419536335,['strawberry'],['n'],CLI,RT
11241,0,2861619,5745,64.00131419536335,"['do', 'they', 'make', 'strawberry', 'cakes']","['mod', 'pro:sub', 'v', 'n', 'n']",CLI,ST
11241,0,2861634,5745,64.00131419536335,['yup'],['co'],CHI,AA
11241,0,2861646,5745,64.00131419536335,['oh'],['co'],CLI,MK
11241,0,2861657,5745,64.00131419536335,"['and', 'what', 'kind', 'of', 'icing', 'should', 'we', 'have']","['coord', 'pro:int', 'n', 'prep', 'n', 'mod', 'pro:sub', 'v']",CLI,QN
11241,0,2861668,5745,64.00131419536335,['um'],[''],CHI,YY
11241,0,2861679,5745,64.00131419536335,['sugar'],['n'],CHI,YY
11241,0,2861697,5745,64.00131419536335,['sugar'],['n'],CLI,RT
11241,0,2861718,5745,64.00131419536335,"['just', 'sugar']","['adv', 'n']",CLI,YA
11241,0,2861735,5745,64.00131419536335,['yeah'],['co'],CHI,AA
11241,0,2861753,5745,64.00131419536335,"['should', 'we', 'mix', 'anything', 'with', 'the', 'sugar']","['mod', 'pro:sub', 'v', 'pro:indef', 'prep', 'det:art', 'n']",CLI,RQ
11241,0,2861768,5745,64.00131419536335,"['um', 'I', ""don't"", 'know']","['', 'pro:sub', 'mod', 'v']",CHI,AD
11241,0,2861782,5745,64.00131419536335,"['should', 'we', 'mix', 'in', 'a', 'color']","['mod', 'pro:sub', 'v', 'prep', 'det:art', 'n']",CLI,RQ
11241,0,2861794,5745,64.00131419536335,"['um', 'how', 'about', 'flavor']","['', 'pro:int', 'adv', 'n']",CHI,CS
11241,0,2861807,5745,64.00131419536335,['flavor'],['n'],CLI,CT
11241,0,2861818,5745,64.00131419536335,['what'],['pro:int'],CLI,QN
11241,0,2861829,5745,64.00131419536335,['cherry'],['n'],CHI,SA
11241,0,2861839,5745,64.00131419536335,['cherry'],['n'],CLI,DW
11241,0,2861855,5745,64.00131419536335,"['okay', 'so', ""we're"", 'having', 'a', 'strawberry', 'cake']","['co', 'adv', 'pro:sub', 'part', 'det:art', 'n', 'n']",CLI,SA
11241,0,2861868,5745,64.00131419536335,"['flavor', 'cherry']","['n', 'n']",CHI,SA
11241,0,2861886,5745,64.00131419536335,"['okay', 'anything', 'else']","['co', 'pro:indef', 'post']",CLI,AD
11241,0,2861902,5745,64.00131419536335,['no'],['co'],CLI,PF
11241,0,2861913,5745,64.00131419536335,"['can', 'you', 'mix', 'this', 'up', 'with', 'your', 'hands']","['mod', 'pro:per', 'v', 'det:dem', 'adv', 'prep', 'det:poss', 'n']",CLI,RP
11241,0,2861930,5745,64.00131419536335,"['can', 'you', 'go', 'mushamusha']","['mod', 'pro:per', 'v', 'on']",CLI,RP
11241,0,2861944,5745,64.00131419536335,['mush'],['n'],CLI,PR
11241,0,2861960,5745,64.00131419536335,"['mushamusha', 'mush']","['on', 'n']",CHI,PR
11241,0,2861973,5745,64.00131419536335,"['how', 'does', 'it', 'feel']","['pro:int', 'mod', 'pro:per', 'v']",CLI,QN
11241,0,2861990,5745,64.00131419536335,['funny'],['adj'],CHI,SA
11241,0,2862004,5745,64.00131419536335,"['does', 'it', 'feel', 'kind', 'of', 'what']","['mod', 'pro:per', 'v', 'n', 'prep', 'pro:int']",CLI,AP
11241,0,2862020,5745,64.00131419536335,"[""how's"", 'it', 'feel']","['pro:int', 'pro:per', 'v']",CLI,QN
11241,0,2862034,5745,64.00131419536335,"['it', 'feels', 'a', 'little', 'ushyyucky']","['pro:per', 'v', 'det:art', 'adj', 'on']",CHI,SA
11241,0,2862060,5745,64.00131419536335,['mushyushy'],['on'],CLI,CT
11241,0,2862073,5745,64.00131419536335,['yeah'],['co'],CHI,AC
11241,0,2862098,5745,64.00131419536335,"['and', 'good', 'onto', 'my', 'hands', 'right', 'on', 'the', 'bowl']","['coord', 'adj', 'prep', 'det:poss', 'n', 'adv', 'prep', 'det:art', 'n']",CHI,ST
11241,0,2862115,5745,64.00131419536335,"['do', 'you', 'know', 'what', 'sometimes', 'helps']","['mod', 'pro:per', 'v', 'pro:int', 'adv', 'n']",CLI,ST
11241,0,2862135,5745,64.00131419536335,"['you', 'know', 'how', 'I', 'do', 'it']","['pro:per', 'v', 'pro:int', 'pro:sub', 'v', 'pro:per']",CLI,ST
11241,0,2862154,5745,64.00131419536335,['how'],['pro:rel'],CHI,QN
11241,0,2862167,5745,64.00131419536335,"['I', 'really', 'mush', 'it', 'up', 'there']","['pro:sub', 'adv', 'v', 'pro:per', 'prep', 'n']",CLI,SA
11241,0,2862189,5745,64.00131419536335,"['I', 'really', 'scrunch', 'it', 'up', 'there']","['pro:sub', 'adv', 'v', 'pro:per', 'prep', 'n']",CHI,YQ
11241,0,2862212,5745,64.00131419536335,"['you', 'got', 'it']","['pro:per', 'v', 'pro:per']",CLI,YQ
11241,0,2862229,5745,64.00131419536335,"['is', 'it', 'all', 'over', 'your', 'hands']","['aux', 'pro:per', 'adv', 'prep', 'det:poss', 'n']",CLI,YQ
11241,0,2862244,5745,64.00131419536335,['yeah'],['co'],CHI,AA
11241,0,2862260,5745,64.00131419536335,"['what', 'does', 'it', 'feel', 'like']","['pro:int', 'mod', 'pro:per', 'v', 'prep']",CLI,QN
11241,0,2862273,5745,64.00131419536335,"['ooshyooshy', 'yucky']","['on', 'adj']",CHI,ED
11241,0,2862287,5745,64.00131419536335,"['mushy', 'yucky']","['adj', 'adj']",CLI,ED
11241,0,2862303,5745,64.00131419536335,['yeah'],['co'],CHI,AD
11241,0,2862314,5745,64.00131419536335,"['have', 'you', 'ever', 'done', 'this', 'before']","['v', 'pro:per', 'adv', 'part', 'pro:dem', 'adv']",CLI,RP
11241,0,2862329,5745,64.00131419536335,['uhuh'],['co'],CHI,RD
11241,0,2862346,5745,64.00131419536335,['hm'],['co'],CLI,AC
11241,0,2862371,5745,64.00131419536335,"['do', 'you', 'ever', 'wanna', 'do', 'it', 'again']","['mod', 'pro:per', 'adv', 'v', 'v', 'pro:per', 'adv']",CLI,RQ
11241,0,2862386,5745,64.00131419536335,['sure'],['adj'],CHI,AD
11241,0,2862402,5745,64.00131419536335,['sure'],['adj'],CLI,AD
11241,0,2862414,5745,64.00131419536335,"['you', 'like', 'this', 'huh']","['pro:per', 'v', 'pro:dem', 'co']",CLI,ST
11241,0,2862428,5745,64.00131419536335,"['sure', 'yes']","['co', 'co']",CHI,AD
11241,0,2862442,5745,64.00131419536335,"['oh', 'Aimee']","['co', 'n:prop']",CLI,MK
11241,0,2862464,5745,64.00131419536335,"['look', 'at', 'our', 'hands']","['v', 'prep', 'det:poss', 'n']",CLI,RP
11241,0,2862484,5745,64.00131419536335,"['do', 'you', 'know', 'what', 'I', 'think', 'too']","['mod', 'pro:per', 'v', 'pro:int', 'pro:sub', 'v', 'adv']",CLI,MK
11241,0,2862500,5745,64.00131419536335,['what'],['pro:int'],CHI,AC
11241,0,2862514,5745,64.00131419536335,"['it', 'feels', 'awfully', 'soft', 'here', ""I'll"", 'show', 'you', 'a', 'good', 'way', 'to', 'get', 'it', 'off', 'your', 'hands']","['pro:per', 'v', 'adv', 'adj', 'adv', 'pro:sub', 'v', 'pro:per', 'det:art', 'adj', 'n', 'inf', 'v', 'pro:per', 'prep', 'det:poss', 'n']",CLI,SI
11241,0,2862533,5745,64.00131419536335,"['here', 'take', 'one', 'finger', 'and', 'you', 'go', 'like', 'this', 'and', 'then', 'you', 'put', 'it', 'in']","['adv', 'v', 'det:num', 'n', 'coord', 'pro:per', 'v', 'prep', 'pro:dem', 'coord', 'adv:tem', 'pro:per', 'v', 'pro:per', 'adv']",CLI,RP
11241,0,2862551,5745,64.00131419536335,"['oh', 'I', 'think', 'we', 'should', 'use', 'the', 'paper', 'towels']","['co', 'pro:sub', 'v', 'pro:sub', 'mod', 'v', 'det:art', 'n', 'n']",CHI,RP
11241,0,2862564,5745,64.00131419536335,"['you', 'think', 'so']","['pro:per', 'v', 'co']",CLI,YQ
11241,0,2862585,5745,64.00131419536335,['yeah'],['co'],CHI,AA
11241,0,2862611,5745,64.00131419536335,['okay'],['co'],CLI,AD
11241,0,2862627,5745,64.00131419536335,"['should', 'I', 'reach', 'one', 'for', 'you']","['mod', 'pro:sub', 'v', 'pro:indef', 'prep', 'pro:per']",CLI,ST
11241,0,2862642,5745,64.00131419536335,"['can', 'you', 'reach']","['mod', 'pro:per', 'v']",CLI,RP
11241,0,2862654,5745,64.00131419536335,"['okay', 'wrap', 'it', 'up']","['co', 'v', 'pro:per', 'adv']",CLI,RP
11241,0,2862667,5745,64.00131419536335,"[""I'm"", 'better', 'with', 'paper', 'towels']","['pro:sub', 'adv', 'prep', 'n', 'n']",CHI,ST
11241,0,2862677,5745,64.00131419536335,"['there', 'you', 'go']","['adv', 'pro:per', 'v']",CLI,MK
11241,0,2862690,5745,64.00131419536335,['hm'],['co'],CLI,MK
11241,0,2862703,5745,64.00131419536335,"[""I'm"", 'better', 'with', 'paper', 'towels']","['pro:sub', 'adv', 'prep', 'n', 'n']",CHI,ST
11241,0,2862718,5745,64.00131419536335,"['are', 'you', 'then', 'with', 'what']","['cop', 'pro:per', 'adv:tem', 'prep', 'pro:int']",CLI,QN
11241,0,2862730,5745,64.00131419536335,"['then', 'with', 'um', 'fingers']","['adv:tem', 'prep', '', 'n']",CHI,SA
11241,0,2862742,5745,64.00131419536335,"['oh', 'now', 'what', 'do', 'we', 'hafta', 'do']","['co', 'adv', 'pro:int', 'mod', 'pro:sub', 'mod', 'v']",CLI,QN
11241,0,2862757,5745,64.00131419536335,"['I', ""don't"", 'know']","['pro:sub', 'mod', 'v']",CHI,SA
11241,0,2862767,5745,64.00131419536335,"['I', 'thought', 'you', 'knew', 'how', 'to', 'make', 'the', 'cookies']","['pro:sub', 'v', 'pro:per', 'v', 'pro:int', 'inf', 'v', 'det:art', 'n']",CLI,QN
11241,0,2862782,5745,64.00131419536335,"['the', 'butter']","['det:art', 'n']",CHI,SA
11241,0,2862806,5745,64.00131419536335,"['yeah', 'we', 'did', 'that']","['co', 'pro:sub', 'v', 'comp']",CLI,AP
11241,0,2862821,5745,64.00131419536335,"['now', 'what', 'do', 'we', 'do']","['adv', 'pro:int', 'mod', 'pro:sub', 'v']",CLI,QN
11241,0,2862836,5745,64.00131419536335,"['I', ""don't"", 'know', 'and', 'you', ""don't"", 'know']","['pro:sub', 'mod', 'v', 'coord', 'pro:per', 'mod', 'v']",CLI,SA
11241,0,2862852,5745,64.00131419536335,"['now', 'what', 'are', 'we', 'going', 'to', 'do']","['adv', 'pro:int', 'cop', 'pro:sub', 'part', 'inf', 'v']",CLI,QN
11241,0,2862863,5745,64.00131419536335,"['I', ""don't"", 'know']","['pro:sub', 'mod', 'v']",CHI,SA
11241,0,2862878,5745,64.00131419536335,"['use', 'the', 'cookbook']","['v', 'det:art', 'n']",CHI,RP
11241,0,2862893,5745,64.00131419536335,"['ah', 'you', 'know', 'what', 'it', 'says', 'we', 'should', 'do']","['', 'pro:per', 'v', 'pro:int', 'pro:per', 'v', 'pro:sub', 'mod', 'v']",CLI,ST
11241,0,2862906,5745,64.00131419536335,['what'],['pro:int'],CHI,AC
11241,0,2862919,5745,64.00131419536335,"['it', 'says', 'we', 'should', 'use', 'a', 'cookie', 'sheet', 'and', 'put', 'the', 'cookies', 'on', 'the', 'cookie', 'sheet', 'to', 'bake']","['pro:per', 'v', 'pro:sub', 'mod', 'v', 'det:art', 'n', 'n', 'coord', 'v', 'det:art', 'n', 'prep', 'det:art', 'n', 'n', 'inf', 'v']",CLI,TX
11241,0,2862933,5745,64.00131419536335,"['is', 'that', 'good']","['cop', 'det:dem', 'adj']",CLI,YQ
11241,0,2862986,5745,64.00131419536335,['yeah'],['co'],CHI,AA
11241,0,2862998,5745,64.00131419536335,"['okay', 'but', 'first', 'maybe', 'do', 'you', 'know', 'what', 'I', 'would', 'like', 'to', 'do']","['co', 'conj', 'adv', 'adv', 'v', 'pro:per', 'v', 'pro:int', 'pro:sub', 'mod', 'v', 'inf', 'v']",CLI,AD
11241,0,2863013,5745,64.00131419536335,['what'],['pro:int'],CHI,AC
11241,0,2863026,5745,64.00131419536335,"['I', 'would', 'like', 'to', 'wash', 'my', 'hands']","['pro:sub', 'mod', 'v', 'inf', 'v', 'det:poss', 'n']",CLI,ST
11241,0,2863042,5745,64.00131419536335,"['so', 'would', 'I']","['adv', 'mod', 'pro:sub']",CHI,RT
11241,0,2863058,5745,64.00131419536335,"['so', 'would', 'you']","['adv', 'mod', 'pro:per']",CLI,AP
11241,0,2863075,5745,64.00131419536335,"[""it's"", 'all', 'gucky', 'making']","['pro:per', 'adv', 'co', 'part']",CHI,AP
11241,0,2863088,5745,64.00131419536335,"['it', 'does']","['pro:per', 'mod']",CLI,AP
11241,0,2863112,5745,64.00131419536335,"['do', 'you', 'ever', 'make', 'mud', 'pies']","['mod', 'pro:per', 'adv', 'v', 'n', 'n']",CLI,RP
11241,0,2863125,5745,64.00131419536335,['uhuh'],['co'],CHI,RD
11241,0,2863138,5745,64.00131419536335,"[""they're"", 'yucky']","['pro:sub', 'adj']",CHI,ST
11241,0,2863152,5745,64.00131419536335,"['they', 'are']","['pro:sub', 'cop']",CLI,AP
11241,0,2863170,5745,64.00131419536335,"['did', 'you', 'ever', 'make', 'sand', 'pies']","['v', 'pro:per', 'adv', 'v', 'n', 'n']",CLI,RP
11241,0,2863184,5745,64.00131419536335,['uhuh'],['co'],CHI,RD
11241,0,2863201,5745,64.00131419536335,"['what', 'do', 'you', 'like', 'making']","['pro:int', 'mod', 'pro:per', 'v', 'part']",CLI,QN
11241,0,2863214,5745,64.00131419536335,"['cookies', 'I', 'rather', 'like']","['n', 'pro:sub', 'adv', 'co']",CHI,SA
11241,0,2863230,5745,64.00131419536335,"[""I'm"", 'sorry']","['pro:sub', 'adj']",CLI,AP
11241,0,2863248,5745,64.00131419536335,['cookies'],['n'],CHI,YY
11241,0,2863262,5745,64.00131419536335,"['oh', 'cookies', 'you', 'rather', 'like']","['co', 'n', 'pro:per', 'adv', 'co']",CLI,YQ
11241,0,2863278,5745,64.00131419536335,['yeah'],['co'],CHI,AA
11241,0,2863294,5745,64.00131419536335,"['there', 'you', 'go', 'and', 'now', ""I'll"", 'get', 'the', 'cookie', 'sheet']","['adv', 'pro:per', 'v', 'coord', 'adv', 'pro:sub', 'v', 'det:art', 'n', 'n']",CLI,RP
11241,0,2863353,5745,64.00131419536335,"['oh', 'can', 'you', 'tie', 'this', 'back', 'up', 'for', 'me']","['co', 'n', 'pro:per', 'v', 'det:dem', 'adj', 'adv', 'prep', 'pro:obj']",CLI,RP
11241,0,2863369,5745,64.00131419536335,"['tie', 'this']","['v', 'pro:dem']",CHI,CS
11241,0,2863379,5745,64.00131419536335,['yeah'],['co'],CLI,AC
11241,0,2863397,5745,64.00131419536335,"[""where's"", 'the', 'string']","['pro:int', 'det:art', 'n']",CHI,QN
11241,0,2863412,5745,64.00131419536335,"['here', 'we', 'go']","['adv', 'pro:sub', 'v']",CLI,SS
11241,0,2863426,5745,64.00131419536335,['thanks'],['co'],CHI,MK
11241,0,2863450,5745,64.00131419536335,"['I', 'could', 'try', 'to']","['pro:sub', 'mod', 'v', 'prep']",CHI,RP
11241,0,2863475,5745,64.00131419536335,"['well', 'you', 'try', 'and', ""we'll"", 'see', 'if', 'you', 'can', 'do', 'it', 'and', 'if', 'not', 'I', 'can', 'give', 'you', 'a', 'little', 'hand']","['co', 'pro:per', 'v', 'coord', 'pro:sub', 'v', 'conj', 'pro:per', 'mod', 'v', 'pro:per', 'coord', 'conj', 'neg', 'pro:sub', 'mod', 'v', 'pro:per', 'det:art', 'adj', 'n']",CLI,RP
11241,0,2863496,5745,64.00131419536335,"['hm', ""you're"", 'doing', 'a', 'good', 'job', 'there']","['co', 'pro:per', 'part', 'det:art', 'adj', 'n', 'adv']",CLI,AB
11241,0,2863510,5745,64.00131419536335,['there'],['adv'],CHI,RD
11241,0,2863522,5745,64.00131419536335,"['I', 'have', 'one', 'more']","['pro:sub', 'v', 'det:num', 'pro:indef']",CLI,GR
11241,0,2863538,5745,64.00131419536335,"['would', 'you', 'do', 'it', 'for', 'me']","['mod', 'pro:per', 'v', 'pro:per', 'prep', 'pro:obj']",CLI,RP
11241,0,2863552,5745,64.00131419536335,['okay'],['co'],CHI,AD
11241,0,2863564,5745,64.00131419536335,['thanks'],['co'],CLI,MK
11241,0,2863578,5745,64.00131419536335,"[""you're"", 'welcome']","['pro:per', 'adj']",CHI,YY
11241,0,2863597,5745,64.00131419536335,"['where', 'do', 'you', 'go', 'to', 'school', 'Aimee']","['pro:int', 'mod', 'pro:per', 'v', 'prep', 'n', 'n:prop']",CLI,QN
11241,0,2863609,5745,64.00131419536335,['Bellewood'],['n:prop'],CHI,SA
11241,0,2863619,5745,64.00131419536335,['Bellewood'],['n:prop'],CLI,AQ
11241,0,2863640,5745,64.00131419536335,"['yeah', 'Bellewood', 'Montessori']","['co', 'n:prop', 'n:prop']",CHI,AA
11241,0,2863662,5745,64.00131419536335,"[""what's"", 'it', 'like']","['pro:int', 'pro:per', 'v']",CLI,QN
11241,0,2863687,5745,64.00131419536335,"['good', 'and', 'sometimes', 'you', 'can', 'play']","['adj', 'coord', 'adv', 'pro:per', 'mod', 'v']",CHI,SA
11241,0,2863705,5745,64.00131419536335,"['what', 'kind', 'of', 'play']","['pro:int', 'n', 'prep', 'n']",CLI,QN
11241,0,2863719,5745,64.00131419536335,"['oh', 'you', 'know', 'like', 'children', 'play']","['co', 'pro:per', 'v', 'prep', 'n', 'v']",CHI,ST
11241,0,2863735,5745,64.00131419536335,"['how', 'do', 'children', 'play']","['pro:int', 'mod', 'n', 'v']",CLI,RT
11241,0,2863749,5745,64.00131419536335,"['can', 'you', 'explain', 'it']","['mod', 'pro:per', 'v', 'pro:per']",CLI,RP
11241,0,2863759,5745,64.00131419536335,"['well', 'like', 'just', 'run', 'around', 'and']","['co', 'v', 'adv', 'v', 'adv', 'coord']",CHI,RP
11241,0,2863773,5745,64.00131419536335,['oh'],['co'],CLI,MK
11241,0,2863785,5745,64.00131419536335,"['do', 'you', 'have', 'a', 'favorite', 'kind', 'of', 'play']","['mod', 'pro:per', 'v', 'det:art', 'n', 'n', 'prep', 'n']",CLI,ST
11241,0,2863808,5745,64.00131419536335,"['nobody', 'does', 'I', 'guess']","['pro:indef', 'v', 'pro:sub', 'v']",CHI,ST
11241,0,2863824,5745,64.00131419536335,['no'],['co'],CLI,DW
11241,0,2863836,5745,64.00131419536335,"['do', 'you', 'have', 'a', 'favorite', 'kind', 'of', 'game']","['mod', 'pro:per', 'v', 'det:art', 'n', 'n', 'prep', 'n']",CLI,ST
11241,0,2863850,5745,64.00131419536335,"['um', 'um']","['', '']",CHI,YY
11241,0,2863864,5745,64.00131419536335,"['can', 'I', 'try', 'that']","['mod', 'pro:sub', 'v', 'pro:dem']",CHI,RP
11241,0,2863882,5745,64.00131419536335,"['sure', 'can']","['adj', 'mod']",CLI,AD
11241,0,2863900,5745,64.00131419536335,"['you', 'like', 'getting', 'it', 'on', 'your', 'hands']","['pro:per', 'v', 'part', 'pro:per', 'prep', 'det:poss', 'n']",CLI,ST
11241,0,2863918,5745,64.00131419536335,"['I', 'think', 'so']","['pro:sub', 'v', 'co']",CLI,MK
11241,0,2863931,5745,64.00131419536335,"['you', 'know', 'what', 'we', 'can', 'do']","['pro:per', 'v', 'pro:int', 'pro:sub', 'mod', 'v']",CLI,MK
11241,0,2863947,5745,64.00131419536335,['what'],['pro:int'],CHI,AC
11241,0,2863966,5745,64.00131419536335,"['how', 'about', 'if', 'we', 'move', 'over', 'to', 'the', 'table', 'here', 'and', 'you', 'can', 'sit', 'on', 'the', 'chair', 'you', 'can', 'even', 'kneel', 'on', 'the', 'chair']","['pro:int', 'adv', 'conj', 'pro:sub', 'v', 'adv', 'prep', 'det:art', 'n', 'adv', 'coord', 'pro:per', 'mod', 'v', 'prep', 'det:art', 'n', 'pro:per', 'mod', 'adv', 'v', 'prep', 'det:art', 'n']",CLI,RP
11241,0,2863989,5745,64.00131419536335,['okay'],['co'],CHI,AD
11241,0,2863999,5745,64.00131419536335,"['there', 'you', 'go']","['adv', 'pro:per', 'v']",CLI,MK
11241,0,2864014,5745,64.00131419536335,"['I', 'can', 'get', 'more', 'than', 'that']","['pro:sub', 'mod', 'v', 'qn', 'prep', 'pro:dem']",CHI,RP
11241,0,2864031,5745,64.00131419536335,['great'],['adj'],CLI,RP
11241,0,2864047,5745,64.00131419536335,"['put', 'it', 'in', 'and', 'then', 'you', 'kind', 'of', 'smoosh', 'it', 'around']","['v', 'pro:per', 'prep', 'coord', 'adv:tem', 'pro:per', 'n', 'prep', 'v', 'pro:per', 'adv']",CLI,RP
11241,0,2864072,5745,64.00131419536335,"['can', 'you', 'reach', 'this']","['mod', 'pro:per', 'v', 'pro:dem']",CLI,RP
11241,0,2864081,5745,64.00131419536335,"['should', 'I', 'push', 'you', 'a', 'little', 'closer']","['mod', 'pro:sub', 'v', 'pro:per', 'det:art', 'adj', 'adj']",CLI,ST
11241,0,2864107,5745,64.00131419536335,"['a', 'little', 'bit']","['det:art', 'adj', 'n']",CHI,RT
11241,0,2864114,5745,64.00131419536335,['wow'],['co'],CLI,ET
11241,0,2864139,5745,64.00131419536335,"['you', 'make', 'really', 'nice', 'shaped', 'cookies', 'Aimee']","['pro:per', 'v', 'adv', 'adj', 'part', 'n', 'n:prop']",CLI,ST
11241,0,2864156,5745,64.00131419536335,['thanks'],['co'],CHI,MK
11241,0,2864172,5745,64.00131419536335,"['okay', 'so', 'we', 'were', 'talking', 'about', 'school', 'and', 'you', 'like', 'to', 'run', 'around']","['co', 'conj', 'pro:sub', 'aux', 'part', 'prep', 'n', 'coord', 'pro:per', 'v', 'inf', 'v', 'adv']",CLI,RQ
11241,0,2864190,5745,64.00131419536335,['yeah'],['co'],CHI,AD
11241,0,2864211,5745,64.00131419536335,"['anything', 'else', 'you', 'like', 'to', 'do']","['pro:indef', 'post', 'pro:per', 'v', 'inf', 'v']",CLI,ST
11241,0,2864225,5745,64.00131419536335,"['play', 'games']","['n', 'v']",CHI,RP
11241,0,2864240,5745,64.00131419536335,"['any', 'special', 'kind', 'of', 'games']","['qn', 'n', 'n', 'prep', 'n']",CLI,ST
11241,0,2864254,5745,64.00131419536335,['bingo'],['n'],CHI,YY
11242,0,2857065,5747,54.00110885233783,"['wanna', 'take', 'it', 'apart', 'first']","['v', 'v', 'pro:per', 'adv', 'adv']",MOT,CS
11242,0,2857073,5747,54.00110885233783,"['right', 'here']","['adv', 'adv']",CHI,RP
11242,0,2857076,5747,54.00110885233783,"['how', 'do', 'you', 'get', 'it', 'out']","['pro:int', 'mod', 'pro:per', 'v', 'pro:per', 'adv']",MOT,RP
11242,0,2857084,5747,54.00110885233783,"['how', 'do', 'you', 'get', 'the', 'pieces', 'out']","['pro:int', 'mod', 'pro:per', 'v', 'det:art', 'n', 'adv']",MOT,QN
11242,0,2857090,5747,54.00110885233783,"['like', 'this']","['prep', 'pro:dem']",MOT,YA
11242,0,2857096,5747,54.00110885233783,['yeah'],['co'],CHI,AA
11242,0,2857101,5747,54.00110885233783,['okay'],['co'],MOT,AD
11242,0,2857106,5747,54.00110885233783,"['are', 'ya', 'gonna', 'talk', 'to', 'it', 'without', 'the', 'puzzles', 'out_of', 'it']","['cop', 'pro:per', 'part', 'v', 'prep', 'pro:per', 'prep', 'det:art', 'n', 'prep', 'pro:per']",CHI,ST
11242,0,2857117,5747,54.00110885233783,['yeah'],['co'],MOT,AC
11242,0,2857122,5747,54.00110885233783,"['you', 'can', 'just', 'put', 'why', ""don't"", 'you', 'put', 'a', 'piece', 'and', 'then', ""I'll"", 'put', 'a', 'piece']","['', '', '', '', 'pro:int', 'mod', 'pro:per', 'v', 'det:art', 'n', 'coord', 'adv:tem', 'pro:sub', 'v', 'det:art', 'n']",MOT,RP
11242,0,2857133,5747,54.00110885233783,['okay'],['co'],CHI,AD
11242,0,2857141,5747,54.00110885233783,"['this', 'looks', 'like', ""Mickey's"", 'head']","['pro:dem', 'v', 'prep', 'adj', 'n']",MOT,ST
11242,0,2857151,5747,54.00110885233783,"['is', 'that', 'his', 'head']","['cop', 'comp', 'det:poss', 'n']",MOT,YQ
11242,0,2857163,5747,54.00110885233783,['yep'],['co'],CHI,AA
11242,0,2857170,5747,54.00110885233783,['okay'],['co'],MOT,AD
11242,0,2857176,5747,54.00110885233783,['there'],['adv'],CHI,MK
11242,0,2857185,5747,54.00110885233783,"['now', ""it's"", 'your', 'turn']","['adv', 'pro:per', 'det:poss', 'n']",MOT,RP
11242,0,2857192,5747,54.00110885233783,['um'],[''],CHI,YY
11242,0,2857200,5747,54.00110885233783,['okay'],['co'],MOT,AC
11242,0,2857205,5747,54.00110885233783,['there'],['adv'],CHI,YY
11242,0,2857213,5747,54.00110885233783,"[""it's"", 'your', 'turn']","['pro:per', 'det:poss', 'n']",CHI,YY
11242,0,2857219,5747,54.00110885233783,"[""it's"", 'my', 'turn']","['pro:per', 'det:poss', 'n']",MOT,RT
11242,0,2857227,5747,54.00110885233783,"[""I'm"", 'gonna', 'put', 'two', 'in']","['pro:sub', 'part', 'part', 'det:num', 'adv']",MOT,SI
11242,0,2857235,5747,54.00110885233783,"['can', 'I', 'do', 'that']","['mod', 'pro:sub', 'v', 'pro:dem']",MOT,ST
11242,0,2857243,5747,54.00110885233783,"['no', ""that's""]","['co', 'pro:dem']",CHI,DW
11242,0,2857251,5747,54.00110885233783,"[""that's"", 'not', 'fair']","['pro:dem', 'neg', 'adv']",MOT,DW
11242,0,2857259,5747,54.00110885233783,"['xxx', 'turn', 'this', 'wrong']","['', 'v', 'det:dem', 'n']",CHI,SI
11242,0,2857270,5747,54.00110885233783,['xxx'],[''],CHI,YY
11242,0,2857291,5747,54.00110885233783,"['now', 'what']","['adv', 'pro:int']",MOT,QN
11242,0,2857299,5747,54.00110885233783,"[""it's"", 'my', 'turn']","['pro:per', 'det:poss', 'n']",CHI,SA
11242,0,2857307,5747,54.00110885233783,"['can', 'you', 'get', 'it']","['mod', 'pro:per', 'v', 'pro:per']",MOT,RP
11242,0,2857314,5747,54.00110885233783,['there'],['adv'],MOT,MK
11242,0,2857324,5747,54.00110885233783,"[""there's"", 'not', 'much', 'talking', 'to', 'this', 'puzzle', 'is', 'there']","['pro:exist', 'neg', 'adv', 'part', 'prep', 'det:dem', 'n', 'cop', 'adv']",MOT,ST
11242,0,2857340,5747,54.00110885233783,['uhuh'],['co'],CHI,RD
11242,0,2857355,5747,54.00110885233783,"['do', 'you', 'wanna', 'read', 'this', 'book']","['mod', 'pro:per', 'v', 'v', 'det:dem', 'n']",MOT,RQ
11242,0,2857359,5747,54.00110885233783,['no'],['co'],CHI,RD
11242,0,2857377,5747,54.00110885233783,['okay'],['co'],MOT,GI
11242,0,2857386,5747,54.00110885233783,"['putting', 'that', 'puzzle', 'together', 'see', 'if', 'I', 'can', 'trick', 'it']","['part', 'adv', 'n', 'adv', 'v', 'conj', 'pro:sub', 'mod', 'v', 'pro:per']",CHI,SI
11242,0,2857404,5747,54.00110885233783,"[""let's"", 'see', 'if', 'I', 'can', 'trick', 'it']","['v', 'v', 'conj', 'pro:sub', 'mod', 'v', 'pro:per']",CHI,SI
11242,0,2857414,5747,54.00110885233783,['there'],['adv'],MOT,MK
11242,0,2857424,5747,54.00110885233783,"[""that's"", 'part', 'of', 'the', 'dog']","['pro:dem', 'n', 'prep', 'det:art', 'n']",MOT,ST
11242,0,2857433,5747,54.00110885233783,"['well', 'why', 'does', 'it', 'go', 'there']","['co', 'pro:int', 'mod', 'pro:per', 'v', 'adv']",CHI,QN
11242,0,2857447,5747,54.00110885233783,"['think', 'it', 'does']","['v', 'pro:per', 'mod']",CHI,SA
11242,0,2857460,5747,54.00110885233783,"['no', 'I', 'think', 'this', 'goes', 'over', 'here']","['co', 'pro:sub', 'v', 'det:dem', 'v', 'prep', 'n']",MOT,DW
11242,0,2857467,5747,54.00110885233783,"['it', 'does']","['pro:per', 'mod']",CHI,SA
11242,0,2857476,5747,54.00110885233783,"['well', 'you', 'were', 'right']","['co', 'pro:per', 'cop', 'co']",MOT,AP
11242,0,2857486,5747,54.00110885233783,"[""let's"", 'see']","['v', 'v']",MOT,RP
11242,0,2857495,5747,54.00110885233783,"['no', 'it', 'hasta', 'go', 'like', 'this']","['co', 'pro:per', 'mod', 'v', 'prep', 'pro:dem']",CHI,RD
11242,0,2857499,5747,54.00110885233783,['okay'],['co'],CHI,GI
11242,0,2857511,5747,54.00110885233783,"['hm', 'oh', 'that', 'goes', 'right', 'there']","['co', 'co', 'pro:dem', 'v', 'adv', 'adv']",CHI,GI
11242,0,2857521,5747,54.00110885233783,['okay'],['co'],MOT,GI
11242,0,2857533,5747,54.00110885233783,['okay'],['co'],CHI,GI
11242,0,2857539,5747,54.00110885233783,"[""let's"", 'see']","['v', 'v']",MOT,RP
11242,0,2857548,5747,54.00110885233783,"['I', 'looked', 'at', 'this', 'and', 'it', 'goes', 'just', 'like', 'that']","['pro:sub', 'v', 'prep', 'pro:dem', 'coord', 'pro:per', 'v', 'adv', 'prep', 'pro:dem']",CHI,ST
11242,0,2857557,5747,54.00110885233783,"['xxx', 'that']","['', 'comp']",MOT,RT
11242,0,2857574,5747,54.00110885233783,['okay'],['co'],MOT,RQ
11242,0,2857579,5747,54.00110885233783,['okay'],['co'],CHI,AD
11242,0,2857587,5747,54.00110885233783,"[""let's"", 'see']","['v', 'v']",MOT,RP
11242,0,2857597,5747,54.00110885233783,"['this', 'looks', 'like', 'part', 'of', 'his', 'tail']","['pro:dem', 'v', 'prep', 'n', 'prep', 'det:poss', 'n']",MOT,ST
11242,0,2857605,5747,54.00110885233783,"[""here's"", 'part', 'of', 'his', 'tail', 'too']","['pro:exist', 'n', 'prep', 'det:poss', 'n', 'adv']",CHI,ST
11242,0,2857624,5747,54.00110885233783,"['and', ""here's"", 'part', 'of', 'his', 'paws']","['coord', 'pro:exist', 'n', 'prep', 'det:poss', 'n']",CHI,ST
11242,0,2857633,5747,54.00110885233783,"[""here's"", 'part', 'of', 'his', 'paws']","['pro:exist', 'n', 'prep', 'det:poss', 'n']",CHI,ST
11242,0,2857642,5747,54.00110885233783,['okay'],['co'],MOT,MK
11242,0,2857648,5747,54.00110885233783,"['would', 'you', 'like', 'to', 'put', 'that', 'one', 'in']","['mod', 'pro:per', 'v', 'inf', 'part', 'adv', 'det:num', 'adv']",MOT,RQ
11242,0,2857659,5747,54.00110885233783,['no'],['co'],CHI,RD
11242,0,2857668,5747,54.00110885233783,"['okay', 'you', 'wanna', 'look', 'at', 'this', 'book']","['adj', 'pro:per', 'v', 'co', 'prep', 'det:dem', 'n']",MOT,RQ
11242,0,2857676,5747,54.00110885233783,"['yeah', 'no']","['co', 'co']",CHI,RD
11242,0,2857684,5747,54.00110885233783,['huh'],['co'],MOT,RD
11242,0,2857692,5747,54.00110885233783,['no'],['co'],CHI,RD
11242,0,2857702,5747,54.00110885233783,['no'],['co'],MOT,RD
11242,0,2857708,5747,54.00110885233783,"['you', 'just', 'want', 'to', 'see', 'what', 'that', 'microphone', 'is', 'doing', 'hm']","['pro:per', 'adv', 'v', 'inf', 'v', 'pro:int', 'det:dem', 'n', 'aux', 'part', 'co']",MOT,ST
11242,0,2857721,5747,54.00110885233783,"['what', 'does', 'it', 'look', 'like']","['pro:int', 'mod', 'pro:per', 'v', 'conj']",MOT,QN
11242,0,2857728,5747,54.00110885233783,"['looks', 'like']","['v', 'conj']",CHI,SA
11242,0,2857737,5747,54.00110885233783,"['looks', 'like', 'a', 'pac_man']","['v', 'conj', 'det:art', 'n']",MOT,YQ
11242,0,2857744,5747,54.00110885233783,['yeah'],['co'],CHI,AA
11242,0,2857764,5747,54.00110885233783,['okay'],['co'],MOT,AD
11242,0,2857771,5747,54.00110885233783,"['come', 'over', 'here', 'and', 'tell', 'me', 'how', 'many', 'balls', 'on', 'that', 'page']","['v', 'prep', 'n', 'coord', 'v', 'pro:obj', 'pro:int', 'qn', 'n', 'prep', 'det:dem', 'n']",MOT,RP
11242,0,2857778,5747,54.00110885233783,['one'],['det:num'],CHI,YY
11242,0,2857785,5747,54.00110885233783,['okay'],['co'],MOT,MK
11242,0,2857793,5747,54.00110885233783,"['two', 'frogs']","['det:num', 'n']",CHI,SA
11242,0,2857800,5747,54.00110885233783,"['two', 'frogs']","['det:num', 'n']",MOT,CT
11242,0,2857819,5747,54.00110885233783,"['three', 'xxx', 'and', 'three', 'cars']","['det:num', '', 'coord', 'det:num', 'n']",CHI,ST
11242,0,2857828,5747,54.00110885233783,"['what', 'else', 'is', 'three', 'on', 'that', 'page']","['pro:int', 'post', 'aux', 'det:num', 'prep', 'det:dem', 'n']",MOT,QN
11242,0,2857839,5747,54.00110885233783,"['three', 'trees']","['det:num', 'n']",CHI,SA
11242,0,2857853,5747,54.00110885233783,['uhhuh'],['co'],MOT,AP
11242,0,2857862,5747,54.00110885233783,"['four', 'tug', 'boats']","['det:num', 'n', 'n']",CHI,SI
11242,0,2857872,5747,54.00110885233783,"['four', 'mice']","['det:num', 'n']",CHI,SI
11242,0,2857878,5747,54.00110885233783,['uhhuh'],['co'],MOT,AC
11242,0,2857888,5747,54.00110885233783,"['five', 'gloves']","['det:num', 'n']",CHI,ST
11242,0,2857894,5747,54.00110885233783,"['I', ""don't"", 'see', 'five', 'gloves']","['pro:sub', 'mod', 'v', 'det:num', 'n']",MOT,CT
11242,0,2857904,5747,54.00110885233783,"['five', 'fingers']","['det:num', 'n']",CHI,RT
11242,0,2857911,5747,54.00110885233783,['okay'],['co'],MOT,AD
11242,0,2857919,5747,54.00110885233783,"['what', 'else']","['pro:int', 'post']",MOT,QN
11242,0,2857929,5747,54.00110885233783,"[""what's"", 'she', 'doing']","['pro:int', 'pro:sub', 'part']",MOT,QN
11242,0,2857937,5747,54.00110885233783,"['cleaning', 'up']","['part', 'adv']",CHI,SA
11242,0,2857945,5747,54.00110885233783,['mhm'],['co'],MOT,AC
11242,0,2857953,5747,54.00110885233783,['whoops'],['co'],MOT,MK
11242,0,2857958,5747,54.00110885233783,"['we', 'missed', 'a', 'page']","['pro:sub', 'v', 'det:art', 'n']",MOT,ST
11242,0,2857969,5747,54.00110885233783,"['six', 'airplanes']","['det:num', 'n']",CHI,ST
11242,0,2857978,5747,54.00110885233783,['mhm'],['co'],MOT,AC
11242,0,2857985,5747,54.00110885233783,"[""let's"", 'count', 'em']","['v', 'v', 'pro:obj']",MOT,RP
11242,0,2857990,5747,54.00110885233783,"['one', 'two', 'three']","['det:num', 'det:num', 'det:num']",CHI,CN
11242,0,2857998,5747,54.00110885233783,"['just', 'talk', 'like', 'you', 'normally', 'talk']","['adj', 'n', 'prep', 'pro:per', 'adv', 'v']",MOT,ST
11242,0,2858008,5747,54.00110885233783,"['you', ""don't"", 'hafta', 'be', 'silly']","['pro:per', 'mod', 'mod', 'cop', 'adj']",MOT,CR
11242,0,2858020,5747,54.00110885233783,"['four', 'five']","['det:num', 'det:num']",CHI,SS
11242,0,2858033,5747,54.00110885233783,['no'],['co'],CHI,RD
11242,0,2858044,5747,54.00110885233783,"['we', ""didn't"", 'count', 'it', 'all', 'yet']","['pro:sub', 'mod', 'v', 'pro:per', 'adv', 'adv']",CHI,ST
11242,0,2858051,5747,54.00110885233783,"['five', 'six', 'no', 'no', 'no', 'one', 'two', 'three', 'four', 'five', 'six']","['det:num', 'det:num', 'co', 'co', 'co', 'det:num', 'det:num', 'det:num', 'det:num', 'det:num', 'det:num']",CHI,CN
11242,0,2858060,5747,54.00110885233783,['mhm'],['co'],MOT,AC
11242,0,2858066,5747,54.00110885233783,"['seven', 'grand', 'pianos']","['det:num', 'adj', 'n']",CHI,ST
11242,0,2858076,5747,54.00110885233783,"['how', 'many']","['pro:int', 'qn']",MOT,QN
11242,0,2858083,5747,54.00110885233783,"['can', 'you', 'count', 'em']","['mod', 'pro:per', 'v', 'pro:obj']",MOT,RP
11242,0,2858089,5747,54.00110885233783,"['seven', 'pitchers']","['det:num', 'n']",CHI,CN
11242,0,2858102,5747,54.00110885233783,"['one', 'two', 'three', 'four', 'five', 'six', 'seven']","['det:num', 'det:num', 'det:num', 'det:num', 'det:num', 'det:num', 'det:num']",CHI,CN
11242,0,2858112,5747,54.00110885233783,"['Five', 'six', 'seven', 'okay']","['n:prop', 'det:num', 'det:num', 'adj']",MOT,CN
11242,0,2858138,5747,54.00110885233783,"['eight', 'hands', 'look']","['det:num', 'n', 'co']",CHI,CN
11242,0,2858144,5747,54.00110885233783,"['one', 'two', 'three', 'four', 'five', 'six', 'seven', 'eight']","['det:num', 'det:num', 'det:num', 'det:num', 'det:num', 'det:num', 'det:num', 'det:num']",CHI,CN
11242,0,2858150,5747,54.00110885233783,"['one', 'two', 'three', 'four', 'eight']","['det:num', 'det:num', 'det:num', 'det:num', 'det:num']",MOT,CN
11242,0,2858159,5747,54.00110885233783,"['and', 'eight']","['coord', 'det:num']",MOT,CN
11242,0,2858165,5747,54.00110885233783,['fish'],['n'],CHI,FP
11242,0,2858172,5747,54.00110885233783,['fish'],['n'],MOT,PA
11242,0,2858178,5747,54.00110885233783,"['and', 'one', 'mice']","['coord', 'det:num', 'n']",CHI,CN
11242,0,2858183,5747,54.00110885233783,"['and', 'one', 'mice']","['coord', 'det:num', 'n']",MOT,CN
11242,0,2858188,5747,54.00110885233783,"['what', 'are', 'those']","['pro:int', 'cop', 'pro:dem']",MOT,CN
11242,0,2858193,5747,54.00110885233783,"['one', 'two', 'three', 'four', 'five', 'six', 'seven', 'eight', 'nine']","['det:num', 'det:num', 'det:num', 'det:num', 'det:num', 'det:num', 'det:num', 'det:num', 'det:num']",CHI,CN
11242,0,2858200,5747,54.00110885233783,"['nine', ""that's"", 'the', 'biggest']","['det:num', 'pro:dem', 'det:art', 'adj']",MOT,YQ
11242,0,2858207,5747,54.00110885233783,['yep'],['co'],CHI,AA
11242,0,2858212,5747,54.00110885233783,"[""where's"", 'the', 'littlest', 'one']","['pro:int', 'det:art', 'adj', 'pro:indef']",MOT,QN
11242,0,2858219,5747,54.00110885233783,"['right', 'there']","['adv', 'adv']",MOT,SA
11242,0,2858227,5747,54.00110885233783,"[""that's"", 'the', ""here's"", 'the', 'bigger', 'one', 'and', ""here's"", 'the', 'biggest', 'bigger', 'one', 'and', ""here's"", 'the', 'biggest', 'one']","['pro:dem', 'det:art', 'pro:exist', 'det:art', 'adj', 'det:num', 'coord', 'pro:exist', 'det:art', '', 'adj', 'det:num', 'coord', 'pro:exist', 'det:art', 'adj', 'pro:indef']",CHI,TO
11242,0,2858237,5747,54.00110885233783,['yeah'],['co'],MOT,AC
11242,0,2858243,5747,54.00110885233783,"['what', 'are', 'they']","['pro:int', 'cop', 'pro:sub']",MOT,QN
11242,0,2858251,5747,54.00110885233783,['eggs'],['n'],MOT,YA
11242,0,2858260,5747,54.00110885233783,['eggs'],['n'],CHI,AA
11242,0,2858267,5747,54.00110885233783,"['one', 'two', 'three', 'four', 'five', 'six', 'seven', 'eight', 'nine', 'ten']","['det:num', 'det:num', 'det:num', 'det:num', 'det:num', 'det:num', 'det:num', 'det:num', 'det:num', 'det:num']",CHI,CN
11242,0,2858274,5747,54.00110885233783,['Justin'],['n:prop'],MOT,CN
11242,0,2858279,5747,54.00110885233783,"['one', 'two', 'three', 'four', 'five']","['det:num', 'det:num', 'det:num', 'det:num', 'det:num']",CHI,CN
11242,0,2858286,5747,54.00110885233783,"['are', 'you', 'being', 'silly']","['cop', 'pro:per', 'part', 'adj']",MOT,DS
11242,0,2858302,5747,54.00110885233783,['no'],['co'],CHI,RD
11242,0,2858312,5747,54.00110885233783,['huh'],['co'],MOT,ST
11242,0,2858320,5747,54.00110885233783,"['yes', 'you', 'are']","['co', 'pro:per', 'cop']",MOT,DW
11242,0,2858327,5747,54.00110885233783,"['one', 'two', 'three', 'four', 'five', 'six', 'seven', 'eight', 'nine', 'ten']","['det:num', 'det:num', 'det:num', 'det:num', 'det:num', 'det:num', 'det:num', 'det:num', 'det:num', 'det:num']",CHI,CN
11242,0,2858335,5747,54.00110885233783,"['okay', ""let's"", 'see']","['co', 'v', 'v']",MOT,RP
11242,0,2858343,5747,54.00110885233783,"['this', 'is', 'the', 'hard', 'part']","['pro:dem', 'cop', 'det:art', 'adj', 'n']",MOT,ST
11242,0,2858350,5747,54.00110885233783,"['I', ""don't"", 'think', 'we', 'can', 'do', 'that']","['pro:sub', 'mod', 'v', 'pro:sub', 'mod', 'v', 'pro:dem']",MOT,FP
11242,0,2858359,5747,54.00110885233783,"['oh', 'yes', 'xxx']","['co', 'co', '']",CHI,PA
11242,0,2858368,5747,54.00110885233783,"['I', 'guess', 'I', 'can']","['pro:sub', 'v', 'pro:sub', 'mod']",CHI,SI
11242,0,2858376,5747,54.00110885233783,"['one', 'two', 'three', 'four', 'five', 'three']","['det:num', 'det:num', 'det:num', 'det:num', 'det:num', 'det:num']",CHI,CN
11242,0,2858383,5747,54.00110885233783,['whoops'],['co'],MOT,MK
11242,0,2858391,5747,54.00110885233783,"['start', 'over']","['v', 'adv']",MOT,RP
11242,0,2858408,5747,54.00110885233783,"['one', 'two', 'three', 'four', 'five', 'six', 'seven', 'eight', 'nine', 'nine', 'ten']","['det:num', 'det:num', 'det:num', 'det:num', 'det:num', 'det:num', 'det:num', 'det:num', 'det:num', 'det:num', 'det:num']",CHI,CN
11242,0,2858418,5747,54.00110885233783,"['six', 'seven', 'ten']","['det:num', 'det:num', 'det:num']",MOT,CN
11242,0,2858426,5747,54.00110885233783,"['and', 'if', 'you', 'get', 'down', 'here', ""it's"", ""there's"", 'twenty']","['coord', 'conj', 'pro:per', 'v', 'prep', 'n', '', 'pro:exist', 'det:num']",MOT,ST
11242,0,2858437,5747,54.00110885233783,['mhm'],['co'],CHI,YY
11242,0,2858445,5747,54.00110885233783,"['twenty', 'what']","['det:num', 'pro:int']",MOT,RR
11242,0,2858453,5747,54.00110885233783,['moons'],['n'],CHI,YY
11242,0,2858463,5747,54.00110885233783,"['if', 'you', 'get', 'down', 'to', 'there', ""there's"", 'twenty', 'three']","['conj', 'pro:per', 'v', 'adv', 'prep', 'adv', 'pro:exist', 'det:num', 'det:num']",CHI,ST
11242,0,2858474,5747,54.00110885233783,"['okay', ""let's"", 'see', 'twenty', 'three']","['co', 'v', 'v', 'det:num', 'det:num']",MOT,AP
11242,0,2858481,5747,54.00110885233783,"[""where's"", 'twenty', 'three']","['pro:int', 'det:num', 'det:num']",MOT,QN
11242,0,2858493,5747,54.00110885233783,['okay'],['co'],MOT,MK
11242,0,2858502,5747,54.00110885233783,"['xxx', 'twenty', 'one']","['', 'det:num', 'det:num']",CHI,SA
11242,0,2858510,5747,54.00110885233783,"['is', 'it', 'the', 'kitty']","['aux', 'pro:per', 'det:art', 'n']",MOT,AP
11242,0,2858518,5747,54.00110885233783,"['kitty', 'kitty', 'kitty', 'giddy', 'giddy', 'giddy']","['n', 'n', 'n', 'adj', 'adj', 'adj']",CHI,ST
11242,0,2858525,5747,54.00110885233783,"['you', 'wanna', 'go', 'all', 'the', 'way', 'to', 'a', 'hundred']","['pro:per', 'v', 'v', 'qn', 'det:art', 'n', 'prep', 'det:art', 'det:num']",MOT,RQ
11242,0,2858534,5747,54.00110885233783,['yeah'],['co'],CHI,AD
11242,0,2858542,5747,54.00110885233783,['okay'],['co'],MOT,AD
11242,0,2858551,5747,54.00110885233783,"['one', 'two', 'three', 'four', 'five', 'six', 'seven', 'eight', 'nine', 'ten', 'eleven', 'twelve']","['det:num', 'det:num', 'det:num', 'det:num', 'det:num', 'det:num', 'det:num', 'det:num', 'det:num', 'det:num', 'det:num', 'det:num']",CHI,CN
11242,0,2858559,5747,54.00110885233783,['Justin'],['n:prop'],MOT,CN
11242,0,2858566,5747,54.00110885233783,"['twelve', 'thirteen', 'fourteen', 'fifteen', 'sixteen', 'seventeen', 'eighteen', 'nineteen', 'twenty', 'twenty', 'one', 'twenty', 'two', 'twenty', 'three', 'twenty', 'four', 'twenty', 'five', 'twenty', 'six', 'twenty', 'seven', 'twenty', 'eight', 'twenty', 'nine', 'thirty']","['det:num', 'det:num', 'det:num', 'det:num', 'det:num', 'det:num', 'det:num', 'det:num', 'det:num', 'det:num', 'det:num', 'det:num', 'det:num', 'det:num', 'det:num', 'det:num', 'det:num', 'det:num', 'det:num', 'det:num', 'det:num', 'det:num', 'det:num', 'det:num', 'det:num', 'det:num', 'det:num', 'det:num']",CHI,CN
11242,0,2858580,5747,54.00110885233783,"['thirty', 'one', 'thirty', 'two', 'thirty', 'three', 'thirty', 'four', 'thirty', 'five', 'thirty', 'six', 'thirty', 'seven', 'thirty', 'eight', 'thirty', 'nine', 'fifty']","['det:num', 'det:num', 'det:num', 'det:num', 'det:num', 'det:num', 'det:num', 'det:num', 'det:num', 'det:num', 'det:num', 'det:num', 'det:num', 'det:num', 'det:num', 'det:num', 'det:num', 'det:num', 'det:num']",CHI,CN
11242,0,2858592,5747,54.00110885233783,['no'],['co'],MOT,DW
11242,0,2858601,5747,54.00110885233783,"['what', 'was', 'that', 'you', 'got', 'mixed', 'up', 'right', 'there']","['', '', '', 'pro:per', 'aux', 'part', 'adv', 'adv', 'adv']",MOT,ST
11242,0,2858609,5747,54.00110885233783,"['you', 'said', 'forty', 'nine']","['pro:per', 'v', 'det:num', 'det:num']",MOT,CN
11242,0,2858617,5747,54.00110885233783,['forty'],['det:num'],CHI,CN
11242,0,2858623,5747,54.00110885233783,"[""that's"", 'thirty', 'nine']","['pro:dem', 'det:num', 'det:num']",MOT,CN
11242,0,2858628,5747,54.00110885233783,['forty'],['det:num'],CHI,YY
11242,0,2858634,5747,54.00110885233783,['yeah'],['co'],MOT,AC
11242,0,2858640,5747,54.00110885233783,['right'],['co'],MOT,ET
11242,0,2858647,5747,54.00110885233783,['okay'],['co'],MOT,ET
11242,0,2858652,5747,54.00110885233783,"['forty', 'one', 'forty', 'two', 'forty', 'three', 'forty', 'four', 'forty', 'five', 'forty', 'six', 'forty', 'seven', 'forty', 'eight', 'forty', 'nine', 'fifty']","['det:num', 'det:num', 'det:num', 'det:num', 'det:num', 'det:num', 'det:num', 'det:num', 'det:num', 'det:num', 'det:num', 'det:num', 'det:num', 'det:num', 'det:num', 'det:num', 'det:num', 'det:num', 'det:num']",CHI,CN
11242,0,2858660,5747,54.00110885233783,"['forty', 'three', 'forty', 'four', 'fifty']","['det:num', 'det:num', 'det:num', 'det:num', 'det:num']",MOT,CN
11242,0,2858669,5747,54.00110885233783,"['fifty', 'one', 'fifty', 'two', 'fifty', 'three', 'fifty', 'four', 'fifty', 'five', 'fifty', 'six', 'fifty', 'seven', 'fifty', 'eight', 'fifty', 'nine', 'sixty', 'hundred', 'sixty', 'sixty', 'one', 'sixty', 'two', 'sixty', 'three', 'sixty', 'five', 'sixty', 'six', 'sixty', 'sixty']","['det:num', 'det:num', 'det:num', 'det:num', 'det:num', 'det:num', 'det:num', 'det:num', 'det:num', 'det:num', 'det:num', 'det:num', 'det:num', 'det:num', 'det:num', 'det:num', 'det:num', 'det:num', 'det:num', 'det:num', 'det:num', 'det:num', 'det:num', 'det:num', 'det:num', 'det:num', 'det:num', 'det:num', 'det:num', 'det:num', 'det:num', 'det:num', 'det:num']",CHI,CN
11242,0,2858678,5747,54.00110885233783,"['hm', 'sixty', 'six']","['co', 'det:num', 'det:num']",MOT,CN
11242,0,2858685,5747,54.00110885233783,"['sixty', 'six', 'six', 'seven']","['det:num', 'det:num', '', 'det:num']",CHI,CN
11242,0,2858694,5747,54.00110885233783,"['fifty', 'seven']","['det:num', 'det:num']",MOT,CN
11242,0,2858700,5747,54.00110885233783,"['sixty', 'eight', 'sixty', 'nine', 'seventy', 'seventy', 'one', 'seventy', 'two', 'seventy', 'three', 'seventy', 'four', 'seventy', 'five', 'seventy', 'six', 'seventy', 'eight']","['det:num', 'det:num', 'det:num', 'det:num', 'det:num', 'det:num', 'det:num', 'det:num', 'det:num', 'det:num', 'det:num', 'det:num', 'det:num', 'det:num', 'det:num', 'det:num', 'det:num', 'det:num', 'det:num']",CHI,CN
11242,0,2858709,5747,54.00110885233783,['mhm'],['co'],MOT,CN
11242,0,2858716,5747,54.00110885233783,"['seventy', 'nine', 'seventy', 'seven', 'seventy', 'eight', 'seventy', 'nine', 'eighty', 'eighty', 'one', 'eighty', 'two', 'eighty', 'three', 'eighty', 'four', 'eighty', 'five', 'eighty', 'six', 'eighty', 'seven', 'eighty', 'eight', 'eighty', 'nine', 'ninety', 'ninety', 'one', 'ninety', 'two', 'ninety', 'three', 'ninety', 'four', 'ninety', 'five', 'ninety', 'six', 'ninety', 'seven', 'ninety', 'eight', 'ninety', 'nine', 'one', 'hundred']","['det:num', 'det:num', 'det:num', 'det:num', 'det:num', 'det:num', 'det:num', 'det:num', 'det:num', 'det:num', 'det:num', 'det:num', 'det:num', 'det:num', 'det:num', 'det:num', 'det:num', 'det:num', 'det:num', 'det:num', 'det:num', 'det:num', 'det:num', 'det:num', 'det:num', 'det:num', 'det:num', 'det:num', 'det:num', 'det:num', 'det:num', 'det:num', 'det:num', 'det:num', 'det:num', 'det:num', 'det:num', 'det:num', 'det:num', 'det:num', 'det:num', 'det:num', 'det:num', 'det:num', 'det:num', 'det:num', 'det:num', 'det:num']",CHI,CN
11242,0,2858726,5747,54.00110885233783,"['one', 'hundred']","['det:num', 'det:num']",MOT,CN
11242,0,2858735,5747,54.00110885233783,"['can', 'you', 'pretend', 'like', 'your', 'finger', 'is', 'the', 'magic', 'marker']","['mod', 'pro:per', 'v', 'prep', 'det:poss', 'n', 'cop', 'det:art', 'n', 'n']",MOT,RP
11242,0,2858744,5747,54.00110885233783,"['and', 'cross', 'off', 'all', 'the', 'ones', 'that', 'begin', 'with', 'two']","['coord', 'n', 'prep', 'qn', 'det:art', 'n', 'pro:rel', 'v', 'prep', 'det:num']",MOT,ST
11242,0,2858755,5747,54.00110885233783,['two'],['det:num'],CHI,CN
11242,0,2858764,5747,54.00110885233783,['two'],['det:num'],MOT,CN
11242,0,2858766,5747,54.00110885233783,"['two', 'two', 'two', 'two', 'two', 'two']","['det:num', 'det:num', 'det:num', 'det:num', 'det:num', 'det:num']",CHI,CN
11242,0,2858780,5747,54.00110885233783,"['twenty', 'six', 'twenty', 'seven']","['det:num', 'det:num', 'det:num', 'det:num']",MOT,CN
11242,0,2858785,5747,54.00110885233783,"['two', 'two', 'two']","['det:num', 'det:num', 'det:num']",CHI,CN
11242,0,2858793,5747,54.00110885233783,"['and', 'twenty']","['coord', 'det:num']",MOT,CN
11242,0,2858808,5747,54.00110885233783,['two'],['det:num'],CHI,CN
11242,0,2858817,5747,54.00110885233783,['okay'],['co'],MOT,CN
11242,0,2858822,5747,54.00110885233783,"['two', 'two', 'two', 'two', 'two', 'two', 'two']","['det:num', 'det:num', 'det:num', 'det:num', 'det:num', 'det:num', 'det:num']",CHI,CN
11242,0,2858829,5747,54.00110885233783,"['now', 'try', 'counting', 'to', 'a', 'hundred', 'by', 'yourself']","['adv', 'v', 'part', 'prep', 'det:art', 'det:num', 'prep', 'pro:refl']",MOT,CN
11242,0,2858837,5747,54.00110885233783,"['one', 'two', 'three', 'four', 'five', 'six', 'seven', 'eight', 'nine', 'ten', 'eleven', 'twelve', 'thirteen', 'fourteen', 'fifteen', 'sixteen', 'seventeen', 'eighteen', 'nineteen', 'twenty', 'twenty', 'one', 'twenty', 'two', 'twenty', 'three', 'twenty', 'four', 'twenty', 'five', 'twenty', 'six']","['det:num', 'det:num', 'det:num', 'det:num', 'det:num', 'det:num', 'det:num', 'det:num', 'det:num', 'det:num', 'det:num', 'det:num', 'det:num', 'det:num', 'det:num', 'det:num', 'det:num', 'det:num', 'det:num', 'det:num', 'det:num', 'det:num', 'det:num', 'det:num', 'det:num', 'det:num', 'det:num', 'det:num', 'det:num', 'det:num', 'det:num', 'det:num']",CHI,CN
11242,0,2858856,5747,54.00110885233783,"['twenty', 'six', 'letters']","['det:num', 'det:num', 'n']",MOT,CN
11242,0,2858865,5747,54.00110885233783,['yeah'],['co'],CHI,AA
11242,0,2858871,5747,54.00110885233783,"['I', ""doesn't"", 'hafta', 'count', 'to', 'a', 'hundred', 'letters']","['pro:sub', 'mod', 'mod', 'v', 'prep', 'det:art', 'det:num', 'n']",CHI,ST
11242,0,2858880,5747,54.00110885233783,"[""there's"", 'a', 'bunch', 'of', 'letters', 'on', 'that', 'page']","['pro:exist', 'det:art', 'n', 'prep', 'n', 'prep', 'det:dem', 'n']",MOT,ST
11242,0,2858897,5747,54.00110885233783,['yeah'],['co'],CHI,AC
11242,0,2858902,5747,54.00110885233783,"[""they're"", 'all', 'kinda', 'thrown', 'together']","['pro:sub', 'post', 'adv', 'part', 'adv']",MOT,ST
11242,0,2858909,5747,54.00110885233783,['why'],['pro:rel'],CHI,QN
11242,0,2858917,5747,54.00110885233783,"['I', ""don't"", 'know']","['pro:sub', 'mod', 'v']",MOT,SA
11242,0,2858926,5747,54.00110885233783,"['it', 'looks', 'like', ""she's"", 'eating', 'that', 'one']","['pro:per', 'v', 'conj', 'pro:sub', 'part', 'comp', 'pro:indef']",MOT,ST
11242,0,2858932,5747,54.00110885233783,['mhm'],['co'],CHI,AC
11242,0,2858938,5747,54.00110885233783,"['number', 'three']","['v', 'det:num']",MOT,YQ
11242,0,2858947,5747,54.00110885233783,['yeah'],['co'],CHI,AA
11242,0,2858952,5747,54.00110885233783,"['how', 'many', 'stars', 'on', 'that', 'ball']","['pro:int', 'qn', 'n', 'prep', 'det:dem', 'n']",MOT,QN
11242,0,2858962,5747,54.00110885233783,"['one', 'two', 'three', 'four', 'five', 'six', 'seven', 'eight', 'nine', 'ten', 'eleven', 'twelve', 'thirteen', 'fourteen', 'fifteen', 'sixteen']","['det:num', 'det:num', 'det:num', 'det:num', 'det:num', 'det:num', 'det:num', 'det:num', 'det:num', 'det:num', 'det:num', 'det:num', 'det:num', 'det:num', 'det:num', 'det:num']",CHI,CN
11242,0,2858971,5747,54.00110885233783,"['sixteen', 'stars']","['det:num', 'n']",MOT,YQ
11242,0,2858980,5747,54.00110885233783,['yep'],['co'],CHI,AA
11242,0,2858989,5747,54.00110885233783,['and'],['coord'],MOT,EC
11242,0,2858998,5747,54.00110885233783,"['one', 'worm']","['det:num', 'n']",CHI,SC
11242,0,2859004,5747,54.00110885233783,"['one', 'worm']","['det:num', 'n']",MOT,AP
11242,0,2859013,5747,54.00110885233783,"['and', ""where's"", 'the', 'turtle', 'with', 'the', 'sweater', 'on']","['coord', 'pro:int', 'det:art', 'n', 'prep', 'det:art', 'n', 'adv']",MOT,QN
11242,0,2859023,5747,54.00110885233783,"['one', 'turtle', 'with', 'the', 'sweater', 'on']","['det:num', 'n', 'prep', 'det:art', 'n', 'adv']",MOT,SA
11242,0,2859035,5747,54.00110885233783,"[""where's"", 'he']","['pro:int', 'pro:sub']",MOT,QN
11242,0,2859043,5747,54.00110885233783,['mhm'],['co'],CHI,SA
11242,0,2859054,5747,54.00110885233783,"['is', 'he', 'hiding']","['cop', 'pro:sub', 'part']",MOT,AP
11242,0,2859066,5747,54.00110885233783,"['l', 'okay']","['', 'co']",MOT,MK
11242,0,2859077,5747,54.00110885233783,"['right', 'there']","['adv', 'adv']",CHI,SA
11242,0,2859087,5747,54.00110885233783,['no'],['co'],MOT,DW
11242,0,2859094,5747,54.00110885233783,"['he', 'almost', 'bit', 'you']","['pro:sub', 'adv', 'v', 'pro:per']",MOT,ST
11242,0,2859100,5747,54.00110885233783,"['he', 'almost', 'bit', 'me', 'oh']","['pro:sub', 'adv', 'v', 'pro:obj', 'co']",CHI,ST
11242,0,2859119,5747,54.00110885233783,"[""what's"", 'that']","['pro:int', 'pro:dem']",CHI,QN
11242,0,2859127,5747,54.00110885233783,"[""it's"", 'a', 'flower']","['pro:per', 'det:art', 'n']",MOT,SA
11242,0,2859134,5747,54.00110885233783,"['a', 'flower', 'that', 'has', 'a', 'eye']","['det:art', 'n', 'pro:rel', 'v', 'det:art', 'n']",CHI,ST
11242,0,2859142,5747,54.00110885233783,"['it', 'looks', 'like', 'it', ""doesn't"", 'it']","['pro:per', 'v', 'prep', 'pro:per', 'mod', 'pro:per']",MOT,ST
11242,0,2859157,5747,54.00110885233783,['yeah'],['co'],CHI,AC
11242,0,2859169,5747,54.00110885233783,"['it', 'has', 'an', 'eye']","['pro:per', 'aux', 'det:art', 'n']",CHI,ST
11242,0,2859175,5747,54.00110885233783,"['two', 'frogs']","['det:num', 'n']",CHI,ST
11242,0,2859186,5747,54.00110885233783,"[""what's"", 'that']","['pro:int', 'pro:dem']",MOT,QN
11242,0,2859198,5747,54.00110885233783,['boat'],['n'],CHI,SA
11242,0,2859205,5747,54.00110885233783,"['here', 'I', 'am']","['adv', 'pro:sub', 'cop']",MOT,AP
11242,0,2859220,5747,54.00110885233783,"['you', 'want', 'me', 'to', 'read', 'you', 'the', 'letters']","['pro:per', 'v', 'pro:obj', 'inf', 'v', 'pro:per', 'det:art', 'n']",MOT,RQ
11242,0,2859233,5747,54.00110885233783,"['here', 'I', 'am', 'in', 'my', 'sailboat']","['adv', 'pro:sub', 'cop', 'prep', 'det:poss', '']",MOT,SI
11242,0,2859244,5747,54.00110885233783,"['I', 'can', 'count', 'two', 'frogs']","['pro:sub', 'mod', 'v', 'det:num', 'n']",MOT,ST
11242,0,2859253,5747,54.00110885233783,"['I', 'can', 'count', 'two', ""what's"", 'that']","['pro:sub', 'mod', 'v', '', 'pro:int', 'pro:dem']",MOT,QN
11242,0,2859274,5747,54.00110885233783,['logs'],['n'],CHI,SA
11242,0,2859290,5747,54.00110885233783,['logs'],['n'],MOT,DW
11242,0,2859299,5747,54.00110885233783,"['I', 'can', 'count']","['pro:sub', 'mod', 'v']",MOT,SI
11242,0,2859306,5747,54.00110885233783,"['I', 'can', 'count', 'to', 'a', 'hundred']","['pro:sub', 'mod', 'v', 'prep', 'det:art', 'det:num']",CHI,DP
11242,0,2859318,5747,54.00110885233783,['frogs'],['n'],MOT,YD
11242,0,2859328,5747,54.00110885233783,"['I', 'can', 'count', 'to', 'a', 'hundred']","['pro:sub', 'mod', 'v', 'prep', 'det:art', 'det:num']",CHI,SI
11242,0,2859340,5747,54.00110885233783,['uhhuh'],['co'],MOT,AC
11242,0,2859353,5747,54.00110885233783,"['close', 'it']","['v', 'pro:per']",CHI,RP
11242,0,2859367,5747,54.00110885233783,"['you', 'tired', 'of', 'that', 'book']","['pro:per', 'v', 'prep', 'det:dem', 'n']",MOT,YQ
11242,0,2859379,5747,54.00110885233783,['yeah'],['co'],CHI,AA
11242,0,2859410,5747,54.00110885233783,['okay'],['co'],MOT,AD
11242,0,2859422,5747,54.00110885233783,"['what', 'do', 'you', 'wanna', 'do', 'now']","['pro:int', 'mod', 'pro:per', 'v', 'v', 'adv']",MOT,QN
11242,0,2859433,5747,54.00110885233783,"['wanna', 'do', 'the', 'puzzle', 'again']","['v', 'v', 'det:art', 'n', 'adv']",MOT,RQ
11242,0,2859451,5747,54.00110885233783,"['I', 'wanna', 'look', 'at', 'this']","['pro:sub', 'v', 'v', 'prep', 'pro:dem']",CHI,SI
11242,0,2859463,5747,54.00110885233783,"['I', 'think', 'it', 'looks', 'like', 'a', 'lemon']","['pro:sub', 'v', 'pro:per', 'v', 'conj', 'det:art', 'n']",MOT,ST
11242,0,2859480,5747,54.00110885233783,"[""don't"", 'you', 'think', 'so']","['mod', 'pro:per', 'v', 'co']",MOT,PF
11242,0,2859491,5747,54.00110885233783,"[""don't"", 'touch', 'it', 'though']","['mod', 'v', 'pro:per', 'adv']",MOT,PF
11242,0,2859503,5747,54.00110885233783,['why'],['pro:rel'],CHI,QN
11242,0,2859513,5747,54.00110885233783,"['cause', 'it', 'might', 'hurt', 'it']","['', 'pro:per', 'mod', 'v', 'pro:per']",MOT,SA
11242,0,2859523,5747,54.00110885233783,"['does', 'it', 'hurt']","['mod', 'pro:per', 'v']",CHI,AP
11242,0,2859533,5747,54.00110885233783,"['think', 'so']","['v', 'co']",MOT,AP
11242,0,2859539,5747,54.00110885233783,"[""I'll"", 'find', 'this', 'one', 'okay']","['pro:sub', 'v', 'det:dem', 'pro:indef', 'adj']",FAT,ST
11242,0,2859551,5747,54.00110885233783,"['I', 'found', 'pairs']","['pro:sub', 'v', 'n']",CHI,ST
11242,0,2859563,5747,54.00110885233783,['okay'],['co'],FAT,AC
11242,0,2859575,5747,54.00110885233783,"[""we'll"", 'just', 'stack', 'them', 'aside', 'so', 'we', 'can']","['pro:sub', 'adv', 'n', 'pro:obj', 'adv', 'conj', 'pro:sub', 'mod']",FAT,GR
11242,0,2859591,5747,54.00110885233783,"['you', 'know']","['pro:per', 'v']",FAT,CL
11242,0,2859603,5747,54.00110885233783,"['for', 'these']","['prep', 'pro:dem']",CHI,YY
11242,0,2859614,5747,54.00110885233783,['okay'],['co'],FAT,MK
11242,0,2859625,5747,54.00110885233783,"['and', 'when', 'we', 'get', 'the', 'pairs', ""we'll"", 'play']","['coord', 'conj', 'pro:sub', 'v', 'det:art', 'n', 'pro:sub', 'v']",FAT,SI
11242,0,2859640,5747,54.00110885233783,"['mix', 'it', 'up']","['v', 'pro:per', 'adv']",CHI,ST
11242,0,2859653,5747,54.00110885233783,['yeah'],['co'],FAT,AP
11242,0,2859665,5747,54.00110885233783,"[""that's"", 'right']","['pro:dem', 'co']",FAT,AP
11242,0,2859676,5747,54.00110885233783,"['we', 'hafta', 'do', 'that', 'first', ""don't"", 'we']","['pro:sub', 'mod', 'v', 'pro:dem', 'adv', 'mod', 'pro:sub']",FAT,ST
11242,0,2859689,5747,54.00110885233783,['xxx'],[''],CHI,YY
11242,0,2859697,5747,54.00110885233783,['um'],[''],FAT,YY
11242,0,2859708,5747,54.00110885233783,"['are', 'you', 'keeping', 'an', 'eye', 'out', 'for', 'your', 'favorite']","['aux', 'pro:per', 'part', 'det:art', 'n', 'adv', 'prep', 'det:poss', 'n']",FAT,YQ
11242,0,2859721,5747,54.00110885233783,['nope'],['co'],CHI,AN
11242,0,2859730,5747,54.00110885233783,"['which', 'one', 'is', 'it']","['pro:rel', 'pro:indef', 'cop', 'pro:per']",FAT,QN
11242,0,2859741,5747,54.00110885233783,"['I', 'bet', 'you', 'got', 'my', 'favorite']","['pro:sub', 'v', 'pro:per', 'v', 'det:poss', 'n']",CHI,ST
11242,0,2859753,5747,54.00110885233783,"['which', 'one', 'is', 'that']","['pro:rel', 'pro:indef', 'cop', 'pro:dem']",FAT,QN
11242,0,2859764,5747,54.00110885233783,"['um', 'oh']","['', 'co']",CHI,MK
11242,0,2859780,5747,54.00110885233783,"['which', 'one', 'was', 'it']","['pro:rel', 'pro:indef', 'cop', 'pro:per']",FAT,QN
11242,0,2859796,5747,54.00110885233783,['look'],['co'],CHI,RP
11242,0,2859809,5747,54.00110885233783,"['what', 'are', 'they']","['pro:int', 'cop', 'pro:sub']",FAT,QN
11242,0,2859820,5747,54.00110885233783,['squares'],['n'],FAT,YA
11242,0,2859833,5747,54.00110885233783,['yep'],['co'],CHI,AA
11242,0,2859845,5747,54.00110885233783,"['how', 'many', 'should', 'we', 'use', 'this', 'time']","['pro:int', 'qn', 'mod', 'pro:sub', 'v', 'det:dem', 'n']",FAT,QN
11242,0,2859860,5747,54.00110885233783,['what'],['pro:int'],CHI,QN
11242,0,2859871,5747,54.00110885233783,"['how', 'many', 'do', 'you', 'wanna', 'get', 'this', 'time']","['pro:int', 'qn', 'mod', 'pro:per', 'v', 'v', 'det:dem', 'n']",FAT,QN
11242,0,2859880,5747,54.00110885233783,"['just', 'a', 'few']","['adv', 'det:art', 'n']",FAT,SA
11242,0,2859891,5747,54.00110885233783,['what'],['pro:int'],CHI,QN
11242,0,2859902,5747,54.00110885233783,"['just', 'a', 'few']","['adv', 'det:art', 'n']",CHI,SA
11242,0,2859918,5747,54.00110885233783,"['I', ""haven't"", 'found', 'any', 'matches', 'to', 'this']","['pro:sub', 'aux', 'v', 'qn', 'n', 'prep', 'pro:dem']",CHI,ST
11242,0,2859935,5747,54.00110885233783,"['there', 'it', 'is', 'over', 'there']","['adv', 'pro:per', 'cop', 'prep', 'n']",FAT,ST
11242,0,2859948,5747,54.00110885233783,['oh'],['co'],CHI,YY
11242,0,2859969,5747,54.00110885233783,"['it', ""won't"", 'take', 'us', 'long', 'at', 'this', 'rate']","['pro:per', 'mod', 'v', 'pro:obj', 'adv', 'prep', 'det:dem', 'n']",FAT,YQ
11242,0,2859992,5747,54.00110885233783,['nope'],['co'],CHI,AN
11242,0,2860007,5747,54.00110885233783,['hm'],['co'],FAT,AC
11242,0,2860020,5747,54.00110885233783,"['where', 'does', 'that', 'one', 'go']","['pro:int', 'mod', 'adv', 'det:num', 'v']",CHI,QN
11242,0,2860034,5747,54.00110885233783,"['seen', 'the', 'grasshopper', 'yet']","['part', 'det:art', '', 'adv']",FAT,SA
11242,0,2860050,5747,54.00110885233783,['no'],['co'],CHI,DW
11242,0,2860071,5747,54.00110885233783,"['I', ""didn't"", 'find', 'the', 'match', 'to', 'this']","['pro:sub', 'mod', 'v', 'det:art', 'n', 'prep', 'pro:dem']",CHI,ST
11242,0,2860089,5747,54.00110885233783,"['oh', 'oh', 'oh']","['co', 'co', 'co']",CHI,MK
11242,0,2860102,5747,54.00110885233783,['look'],['co'],CHI,RP
11242,0,2860115,5747,54.00110885233783,"['oh', 'you', 'saw', 'that', 'I', ""didn't""]","['co', 'pro:per', 'v', 'comp', 'pro:sub', 'mod']",FAT,ST
11242,0,2860133,5747,54.00110885233783,"['okay', 'that', 'should', 'be', 'enough', ""shouldn't"", 'it']","['adj', 'adv', 'mod', 'cop', 'adj', 'mod', 'pro:per']",FAT,RQ
11242,0,2860147,5747,54.00110885233783,['yeah'],['co'],CHI,AD
11242,0,2860158,5747,54.00110885233783,"[""there's"", 'a', 'couple', 'more']","['pro:exist', 'det:art', 'n', 'pro:indef']",FAT,ST
11242,0,2860176,5747,54.00110885233783,"['wait', 'wait', 'wait', 'wait']","['co', 'co', 'co', 'co']",FAT,PF
11242,0,2860193,5747,54.00110885233783,"['we', ""don't"", 'need', 'any', 'more']","['pro:sub', 'mod', 'v', 'qn', 'pro:indef']",CHI,RP
11242,0,2860203,5747,54.00110885233783,['okay'],['co'],FAT,AD
11242,0,2860229,5747,54.00110885233783,['okay'],['co'],CHI,AD
11242,0,2860241,5747,54.00110885233783,"['there', 'you', 'go']","['adv', 'pro:per', 'v']",FAT,MK
11242,0,2860254,5747,54.00110885233783,"['you', 'mix', 'them', 'up']","['pro:per', 'v', 'pro:obj', 'adv']",FAT,RP
11242,0,2860269,5747,54.00110885233783,['here'],['adv'],FAT,MK
11242,0,2860277,5747,54.00110885233783,"['you', 'do', 'it']","['pro:per', 'v', 'pro:per']",FAT,RP
11242,0,2860293,5747,54.00110885233783,['okay'],['co'],FAT,MK
11242,0,2860312,5747,54.00110885233783,"[""that's"", 'good', 'enough']","['pro:dem', 'adj', 'adv']",FAT,AB
11242,0,2860332,5747,54.00110885233783,['okay'],['co'],CHI,AD
11242,0,2860346,5747,54.00110885233783,"['help', 'me', 'stack', 'them']","['v', 'pro:obj', 'v', 'pro:obj']",FAT,RP
11242,0,2860363,5747,54.00110885233783,"['oh', 'wait', 'a', 'minute']","['co', 'v', 'det:art', 'n']",FAT,PF
11242,0,2860374,5747,54.00110885233783,"['xxx', 'to', 'match']","['', 'inf', 'v']",CHI,YY
11242,0,2860399,5747,54.00110885233783,"['eager', 'to', 'start', ""aren't"", 'you']","['adj', 'inf', 'v', 'aux', 'pro:per']",FAT,ST
11242,0,2860423,5747,54.00110885233783,"[""what'd"", 'you', 'do', 'a', 'minute', 'ago', 'your', 'puzzle']","['pro:int', 'pro:per', 'v', 'det:art', 'n', 'post', 'det:poss', 'n']",FAT,RP
11242,0,2860443,5747,54.00110885233783,['yeah'],['co'],CHI,AD
11242,0,2860456,5747,54.00110885233783,"[""you're"", 'doing', 'it', 'crooked']","['pro:per', 'part', 'pro:per', 'adj']",CHI,ST
11242,0,2860470,5747,54.00110885233783,"['well', 'you', 'wanna', 'do', 'it', 'better', 'do', 'it']","['co', 'pro:per', 'v', 'v', 'pro:per', 'adj', 'v', 'pro:per']",FAT,ST
11242,0,2860484,5747,54.00110885233783,"['those', 'are', 'crooked']","['pro:dem', 'cop', 'adj']",CHI,ST
11242,0,2860498,5747,54.00110885233783,"['well', 'go', 'ahead']","['co', 'v', 'adv']",FAT,SS
11242,0,2860507,5747,54.00110885233783,"['you', 'do', 'it']","['pro:per', 'v', 'pro:per']",FAT,RP
11242,0,2860525,5747,54.00110885233783,"[""I'm"", 'getting', 'them', 'crooked']","['pro:sub', 'part', 'pro:obj', 'adj']",CHI,ST
11242,0,2860537,5747,54.00110885233783,['okay'],['co'],FAT,MK
11242,0,2860550,5747,54.00110885233783,"['you', 'go', 'first']","['pro:per', 'v', 'adv']",FAT,RP
11242,0,2860559,5747,54.00110885233783,['okay'],['co'],CHI,AD
11242,0,2860573,5747,54.00110885233783,"['what', 'was', 'that']","['pro:int', 'cop', 'pro:dem']",FAT,QN
11242,0,2860590,5747,54.00110885233783,"['oh', 'that']","['co', 'pro:dem']",FAT,MK
11242,0,2860604,5747,54.00110885233783,['okay'],['co'],FAT,MK
11242,0,2860621,5747,54.00110885233783,"['you', 'know', 'what', 'color', 'that', 'is']","['pro:per', 'v', 'pro:int', 'n', 'pro:rel', 'cop']",FAT,QN
11242,0,2860638,5747,54.00110885233783,['purple'],['adj'],CHI,SA
11242,0,2860671,5747,54.00110885233783,['yeah'],['co'],FAT,AP
11242,0,2860688,5747,54.00110885233783,"[""what's"", 'that']","['pro:int', 'pro:dem']",FAT,QN
11242,0,2860701,5747,54.00110885233783,['peacock'],['n'],CHI,SA
11242,0,2860718,5747,54.00110885233783,"['very', 'imaginative']","['adv', 'adj']",FAT,AP
11242,0,2860792,5747,54.00110885233783,['okay'],['co'],FAT,MK
11242,0,2860828,5747,54.00110885233783,"['oh', ""let's"", 'see']","['co', 'v', 'v']",FAT,MK
11242,0,2860841,5747,54.00110885233783,"['I', 'saw', 'one', 'of', 'those', 'someplace']","['pro:sub', 'v', 'pro:indef', 'prep', 'pro:dem', 'adv']",FAT,ST
11242,0,2860855,5747,54.00110885233783,['ahhah'],['co'],FAT,MK
11242,0,2860888,5747,54.00110885233783,"['where', 'is', 'that']","['pro:int', 'cop', 'pro:dem']",CHI,QN
11242,0,2860903,5747,54.00110885233783,"['not', 'a', 'match']","['neg', 'det:art', 'n']",FAT,SA
11242,0,2860916,5747,54.00110885233783,"['oh', 'you', 'xxx', 'you', 'saw', 'one', 'of', 'those', ""didn't"", 'you']","['co', '', '', 'pro:per', 'v', 'pro:indef', 'prep', 'det:dem', 'mod', 'pro:per']",FAT,ST
11242,0,2860951,5747,54.00110885233783,"['ah', 'oh', 'I', 'missed', 'it']","['', 'co', 'pro:sub', 'v', 'pro:per']",FAT,ST
11242,0,2860963,5747,54.00110885233783,"['pick', 'that', 'one', 'first', 'so', ""you'll"", 'oh']","['v', 'det:dem', 'pro:indef', 'adj', 'adv', '', 'co']",FAT,RP
11242,0,2860974,5747,54.00110885233783,['see'],['v'],FAT,RP
11242,0,2860988,5747,54.00110885233783,"['now', 'wait', 'a', 'minute']","['adv', 'v', 'det:art', 'n']",FAT,RP
11242,0,2860998,5747,54.00110885233783,"[""that's"", 'your', 'turn']","['pro:dem', 'det:poss', 'n']",FAT,RP
11242,0,2861022,5747,54.00110885233783,['hm'],['co'],CHI,YY
11242,0,2861032,5747,54.00110885233783,['ahhah'],['co'],CHI,YY
11242,0,2861045,5747,54.00110885233783,"['your', 'turn']","['det:poss', 'n']",FAT,RP
11242,0,2861065,5747,54.00110885233783,['hm'],['co'],CHI,YY
11242,0,2861083,5747,54.00110885233783,"['where', 'was', 'that', 'one']","['pro:int', 'cop', 'adv', 'pro:indef']",FAT,QN
11242,0,2861094,5747,54.00110885233783,['hm'],['co'],FAT,EQ
11242,0,2861121,5747,54.00110885233783,"['I', ""don't"", 'think']","['pro:sub', 'mod', 'v']",CHI,SA
11242,0,2861137,5747,54.00110885233783,"['you', ""don't"", 'remember']","['pro:per', 'mod', 'v']",FAT,YQ
11242,0,2861149,5747,54.00110885233783,['hm'],['co'],FAT,EQ
11242,0,2861161,5747,54.00110885233783,"['oh', 'well']","['co', 'co']",FAT,MK
11242,0,2861175,5747,54.00110885233783,"['go', 'ahead']","['v', 'adv']",FAT,SS
11242,0,2861203,5747,54.00110885233783,"['your', 'turn']","['det:poss', 'n']",FAT,RP
11242,0,2861214,5747,54.00110885233783,"['I', ""didn't"", 'remember']","['pro:sub', 'mod', 'v']",CHI,ST
11242,0,2861228,5747,54.00110885233783,"['I', 'think', 'you', 'like', 'that', 'banana', ""don't"", 'you']","['pro:sub', 'v', 'pro:per', 'prep', 'det:dem', 'n', 'mod', 'pro:per']",FAT,ST
11242,0,2861244,5747,54.00110885233783,"[""it's"", 'right', 'here']","['pro:per', 'adv', 'adv']",CHI,ST
11242,0,2861262,5747,54.00110885233783,"['this', 'one']","['pro:dem', 'pro:indef']",FAT,YQ
11242,0,2861275,5747,54.00110885233783,['yeah'],['co'],CHI,AA
11242,0,2861287,5747,54.00110885233783,"[""you're"", 'right']","['pro:per', 'co']",FAT,AP
11242,0,2861301,5747,54.00110885233783,['thank_you'],['co'],FAT,MK
11242,0,2861317,5747,54.00110885233783,['xxx'],[''],CHI,YY
11242,0,2861329,5747,54.00110885233783,['what'],['pro:int'],FAT,RR
11242,0,2861345,5747,54.00110885233783,['nothing'],['pro:indef'],CHI,YY
11242,0,2861361,5747,54.00110885233783,"['oh', 'look', 'at', 'that']","['co', 'v', 'prep', 'pro:dem']",FAT,RP
11242,0,2861370,5747,54.00110885233783,['what'],['pro:int'],CHI,QN
11242,0,2861379,5747,54.00110885233783,"[""that's"", 'the', 'first', 'time', 'that', ""one's"", 'come', 'up']","['pro:dem', 'det:art', 'adj', 'n', 'pro:rel', 'adj', 'v', 'adv']",FAT,RP
11242,0,2861394,5747,54.00110885233783,['yeah'],['co'],CHI,AD
11242,0,2861407,5747,54.00110885233783,['nope'],['co'],FAT,PF
11242,0,2861417,5747,54.00110885233783,"['not', 'a', 'match']","['neg', 'det:art', 'n']",FAT,PF
11242,0,2861431,5747,54.00110885233783,"['the', 'beetle']","['det:art', 'n']",CHI,YY
11242,0,2861443,5747,54.00110885233783,['huh'],['co'],FAT,RR
11242,0,2861456,5747,54.00110885233783,"['the', 'beetle']","['det:art', 'n']",CHI,YY
11242,0,2861466,5747,54.00110885233783,"['oh', 'okay']","['co', 'co']",FAT,MK
11242,0,2861481,5747,54.00110885233783,"['oh', 'I', 'remember', 'where', 'that', 'one', 'was']","['co', 'pro:sub', 'co', 'pro:rel', 'adv', 'pro:indef', 'cop']",FAT,ST
11242,0,2861496,5747,54.00110885233783,['xxx'],[''],FAT,YY
11242,0,2861508,5747,54.00110885233783,['hm'],['co'],CHI,YY
11242,0,2861522,5747,54.00110885233783,['xxx'],[''],CHI,YY
11242,0,2861530,5747,54.00110885233783,"['hey', 'hey', 'go']","['co', 'co', 'v']",FAT,CL
11242,0,2861546,5747,54.00110885233783,"['got', 'a', 'match']","['v', 'det:art', 'n']",FAT,YQ
11242,0,2861555,5747,54.00110885233783,['yeah'],['co'],CHI,AA
11242,0,2861574,5747,54.00110885233783,"['still', 'your', 'turn']","['adv', 'det:poss', 'n']",FAT,RP
11242,0,2861591,5747,54.00110885233783,"['oh', 'I', 'thought', 'you', 'had', 'it']","['co', 'pro:sub', 'v', 'pro:per', 'v', 'pro:per']",FAT,ST
11242,0,2861613,5747,54.00110885233783,['oh'],['co'],CHI,YY
11242,0,2861625,5747,54.00110885233783,"['I', 'thought', 'that', 'was', 'it']","['pro:sub', 'n', 'adv', 'cop', 'pro:per']",FAT,ST
11242,0,2861640,5747,54.00110885233783,"['did', 'you', 'get', 'it']","['mod', 'pro:per', 'v', 'pro:per']",CHI,YQ
11242,0,2861653,5747,54.00110885233783,['no'],['co'],FAT,AN
11242,0,2861672,5747,54.00110885233783,"['I', ""don't"", 'know', 'why', ""we're"", 'doing', 'so', 'badly']","['pro:sub', 'mod', 'v', 'pro:rel', 'pro:sub', 'part', 'adv', 'adv']",FAT,SA
11242,0,2861689,5747,54.00110885233783,"['ah', 'there', 'we', 'go']","['', 'adv', 'pro:sub', 'v']",FAT,MK
11242,0,2861703,5747,54.00110885233783,"['those', 'are', 'those', 'two', 'down', 'there']","['', '', 'det:dem', 'det:num', 'prep', 'n']",CHI,SA
11242,0,2861716,5747,54.00110885233783,"['xxx', 'yeah']","['', 'co']",FAT,AP
11242,0,2861728,5747,54.00110885233783,"['you', 'oughta', 'be', 'able', 'to', 'find', 'that', 'tulip']","['pro:per', 'mod', 'cop', 'adj', 'inf', 'v', 'comp', 'n']",FAT,ST
11242,0,2861754,5747,54.00110885233783,"['there', 'you', 'go']","['adv', 'pro:per', 'v']",FAT,MK
11242,0,2861770,5747,54.00110885233783,"['hey', 'there', 'you', 'go']","['co', 'adv', 'pro:per', 'v']",FAT,MK
11242,0,2861791,5747,54.00110885233783,"['get', 'another']","['v', 'qn']",CHI,RP
11242,0,2861809,5747,54.00110885233783,['yeah'],['co'],FAT,AD
11242,0,2861823,5747,54.00110885233783,"['sooner', 'or', 'later', ""we're"", 'gonna', 'get', 'that', 'banana']","['adj', 'coord', 'adv', 'pro:sub', 'part', 'v', 'det:dem', 'n']",FAT,PD
11242,0,2861843,5747,54.00110885233783,"['there', 'you', 'go']","['adv', 'pro:per', 'v']",FAT,MK
11242,0,2861861,5747,54.00110885233783,"['oh', ""you're"", 'really', 'skunking', 'me', 'now']","['co', 'pro:per', 'adv', 'part', 'pro:obj', 'adv']",FAT,MK
11242,0,2861880,5747,54.00110885233783,['oh'],['co'],CHI,YY
11242,0,2861897,5747,54.00110885233783,"['wait', 'a', 'minute']","['v', 'det:art', 'n']",FAT,RP
11242,0,2861925,5747,54.00110885233783,"['how', 'many', 'turns', 'do', 'you', 'want']","['pro:int', 'qn', 'n', 'v', 'pro:per', 'v']",FAT,QN
11242,0,2861956,5747,54.00110885233783,['hm'],['co'],FAT,EQ
11242,0,2861972,5747,54.00110885233783,['nope'],['co'],FAT,PF
11242,0,2861986,5747,54.00110885233783,"['your', 'turn']","['det:poss', 'n']",FAT,RP
11242,0,2861998,5747,54.00110885233783,"['I', 'know', 'I', 'know', 'where', 'that', 'tulip', 'is']","['pro:sub', 'v', 'pro:sub', 'v', 'pro:int', 'pro:dem', 'n', 'cop']",CHI,ST
11242,0,2862008,5747,54.00110885233783,['hey'],['co'],FAT,XA
11242,0,2862025,5747,54.00110885233783,['hm'],['co'],FAT,XA
11242,0,2862039,5747,54.00110885233783,"['that', 'one']","['det:dem', 'pro:indef']",FAT,ST
11242,0,2862057,5747,54.00110885233783,"['I', 'missed', 'it']","['pro:sub', 'v', 'pro:per']",FAT,ST
11242,0,2862070,5747,54.00110885233783,['hm'],['co'],FAT,XA
11242,0,2862083,5747,54.00110885233783,"['okay', 'you', 'got', 'most', 'of', 'the', 'last', 'ones']","['co', 'pro:per', 'part', 'qn', 'prep', 'det:art', 'n', 'n']",FAT,ST
11242,0,2862104,5747,54.00110885233783,"['you', 'ready', 'to', 'count', 'them']","['pro:per', 'v', 'inf', 'v', 'pro:obj']",FAT,SS
11242,0,2862119,5747,54.00110885233783,"['would', 'you', 'stack', 'mine', 'up']","['mod', 'pro:per', 'v', 'v', 'adv']",CHI,RP
11242,0,2862136,5747,54.00110885233783,['yeah'],['co'],FAT,AD
11242,0,2862156,5747,54.00110885233783,['okay'],['co'],FAT,MK
11242,0,2862172,5747,54.00110885233783,"[""I'll"", 'count', 'them']","['pro:sub', 'v', 'pro:obj']",CHI,SI
11242,0,2862186,5747,54.00110885233783,"[""I'll"", 'count', 'them', 'and', 'you', 'hold', 'them']","['pro:sub', 'v', 'pro:obj', 'coord', 'pro:per', 'v', 'pro:obj']",CHI,SI
11242,0,2862202,5747,54.00110885233783,['okay'],['co'],CHI,AD
11242,0,2862217,5747,54.00110885233783,['okay'],['co'],FAT,AD
11242,0,2862237,5747,54.00110885233783,"['why', 'are', 'we', 'gonna', 'count', 'them']","['pro:int', 'cop', 'pro:sub', 'part', 'v', 'pro:obj']",CHI,QN
11242,0,2862259,5747,54.00110885233783,"['see', 'who', 'wins']","['v', 'pro:rel', 'n']",FAT,RP
11242,0,2862282,5747,54.00110885233783,['oh'],['co'],CHI,YY
11242,0,2862298,5747,54.00110885233783,"['we', 'could', 'just', 'stack', 'them', 'up', 'and', 'see']","['pro:sub', 'mod', 'adv', 'n', 'pro:obj', 'adv', 'coord', 'v']",FAT,RP
11242,0,2862313,5747,54.00110885233783,"['these', 'are', 'yours', 'right']","['pro:dem', 'cop', 'pro:poss', 'co']",FAT,YQ
11242,0,2862325,5747,54.00110885233783,['yeah'],['co'],CHI,AA
11242,0,2862340,5747,54.00110885233783,['okay'],['co'],FAT,AD
11242,0,2862351,5747,54.00110885233783,['ready'],['adj'],FAT,SS
11242,0,2862362,5747,54.00110885233783,"['one', 'two', 'three', 'four', 'five', 'six', 'seven', 'eight', 'nine', 'ten', 'eleven', 'twelve', 'thirteen', 'fourteen', 'fifteen', 'sixteen']","['det:num', 'det:num', 'det:num', 'det:num', 'det:num', 'det:num', 'det:num', 'det:num', 'det:num', 'det:num', 'det:num', 'det:num', 'det:num', 'det:num', 'det:num', 'det:num']",CHI,CN
11242,0,2862375,5747,54.00110885233783,"[""that's"", 'pretty', 'good']","['pro:dem', 'adv', 'adj']",FAT,PM
11242,0,2862388,5747,54.00110885233783,"['remember', 'that', 'number']","['v', 'adv', 'v']",FAT,YQ
11242,0,2862403,5747,54.00110885233783,['mhm'],['co'],CHI,AA
11242,0,2862413,5747,54.00110885233783,"['you', 'ready']","['pro:per', 'v']",FAT,YQ
11242,0,2862426,5747,54.00110885233783,['yes'],['co'],CHI,AA
11242,0,2862439,5747,54.00110885233783,['okay'],['co'],FAT,AD
11242,0,2862458,5747,54.00110885233783,"['one', 'two', 'three', 'forty', 'five', 'five', 'six', 'seven', 'eight', 'nine']","['det:num', 'det:num', 'det:num', 'det:num', 'det:num', 'det:num', 'det:num', 'det:num', 'det:num', 'det:num']",CHI,CN
11242,0,2862478,5747,54.00110885233783,['ten'],['det:num'],FAT,CN
11242,0,2862491,5747,54.00110885233783,"['you', 'beat', 'me']","['pro:per', 'v', 'pro:obj']",FAT,YQ
11242,0,2862505,5747,54.00110885233783,['yep'],['co'],CHI,AA
11242,0,2862519,5747,54.00110885233783,"['you', 'came', 'on', 'strong', 'at', 'the', 'end', 'to', 'beat', 'me']","['pro:per', 'v', 'adv', 'adj', 'prep', 'det:art', 'n', 'inf', 'v', 'pro:obj']",FAT,YQ
11242,0,2862534,5747,54.00110885233783,['yep'],['co'],CHI,AA
11242,0,2862549,5747,54.00110885233783,"['okay', ""let's""]","['co', 'v']",FAT,AD
11243,0,2857026,5750,27.000554426168915,"['I', 'want', 'a', 'pen', 'an', 'a', 'book']","['pro:sub', 'v', 'det:art', 'n', 'det:art', 'det:art', 'n']",CHI,ST
11243,0,2857035,5750,27.000554426168915,"['the', 'baby', 'sad', 'and', 'the', 'baby', 'crying']","['det:art', 'n', 'adj', 'coord', 'det:art', 'n', 'part']",CHI,ST
11243,0,2857044,5750,27.000554426168915,"['Tisha', 'look', 'my', 'coloring']","['n:prop', 'v', 'det:poss', 'part']",CHI,RP
11243,0,2857054,5750,27.000554426168915,"['its', 'a', 'picture']","['det:poss', 'det:art', 'n']",CHI,ST
11243,0,2857061,5750,27.000554426168915,"[""where's"", 'Marjorie', 'go']","['pro:int', 'n:prop', 'v']",CHI,QN
11243,0,2857067,5750,27.000554426168915,"['here', 'in', 'bed']","['adv', 'prep', 'n']",CHI,SA
11243,0,2857081,5750,27.000554426168915,"['Tisha', 'watch', 'me', 'do', 'coloring']","['n:prop', 'v', 'pro:obj', 'v', 'part']",CHI,RP
11243,0,2857091,5750,27.000554426168915,"['what', 'do', 'you', 'want', 'for', 'breakfast']","['pro:int', 'mod', 'pro:per', 'v', 'prep', 'n']",MOT,QN
11243,0,2857097,5750,27.000554426168915,"['I', 'want']","['pro:sub', 'v']",CHI,SA
11243,0,2857104,5750,27.000554426168915,"['is', 'it', 'dark', 'outside']","['aux', 'pro:per', 'n', 'adv']",MOT,ST
11243,0,2857112,5750,27.000554426168915,"['its', 'dark', 'outside']","['det:poss', 'n', 'adv']",CHI,RT
11243,0,2857120,5750,27.000554426168915,"['its', 'raining']","['det:poss', 'n:gerund']",CHI,YY
11243,0,2857126,5750,27.000554426168915,"['do', 'we', 'wanna', 'go', 'outside']","['mod', 'pro:sub', 'v', 'v', 'adv']",MOT,RQ
11243,0,2857136,5750,27.000554426168915,"['no', 'its', 'raining']","['qn', 'det:poss', 'part']",CHI,RD
11243,0,2857146,5750,27.000554426168915,"['I', 'want', 'my', 'watch']","['pro:sub', 'v', 'det:poss', 'n']",CHI,RP
11243,0,2857154,5750,27.000554426168915,"['where', 'is', 'it']","['pro:int', 'cop', 'pro:per']",MOT,QN
11243,0,2857165,5750,27.000554426168915,['downstairs'],['adv'],CHI,SA
11243,0,2857173,5750,27.000554426168915,['where'],['pro:rel'],MOT,QN
11243,0,2857181,5750,27.000554426168915,"['in', 'purse']","['prep', 'n']",CHI,SA
11243,0,2857188,5750,27.000554426168915,"['are', 'you', 'going', 'to', 'change', 'your', 'diaper']","['cop', 'pro:per', 'part', 'inf', 'v', 'det:poss', 'n']",MOT,SA
11243,0,2857198,5750,27.000554426168915,"['no', 'Mummy', 'change', 'my', 'diaper']","['co', 'n:prop', 'n', 'det:poss', 'n']",CHI,DW
11243,0,2857204,5750,27.000554426168915,"['go', 'to', 'xxx']","['v', 'prep', '']",CHI,SI
11243,0,2857212,5750,27.000554426168915,"['close', 'eyes']","['adj', 'n']",CHI,SI
11243,0,2857221,5750,27.000554426168915,"[""what's"", 'on', 'the', 'pictures']","['pro:int', 'prep', 'det:art', 'n']",MOT,QN
11243,0,2857230,5750,27.000554426168915,"['its', 'a', 'picture']","['det:poss', 'det:art', 'n']",CHI,SA
11243,0,2857238,5750,27.000554426168915,"['do', 'you', 'want', 'your', 'coat', 'on']","['mod', 'pro:per', 'v', 'det:poss', 'n', 'adv']",MOT,RQ
11243,0,2857245,5750,27.000554426168915,"['yeah', 'I', 'want', 'uh', 'go', 'outside']","['co', 'pro:sub', 'v', '', 'v', 'adv']",CHI,AD
11243,0,2857255,5750,27.000554426168915,"[""Tisha's"", 'watching', 'you']","['n:prop', 'part', 'pro:per']",MOT,CL
11243,0,2857262,5750,27.000554426168915,"['baby', 'want', 'a', 'pen']","['n', 'v', 'det:art', 'n']",CHI,FP
11243,0,2857271,5750,27.000554426168915,"[""don't"", 'Tisha']","['mod', 'n:prop']",CHI,PF
11243,0,2857278,5750,27.000554426168915,"['no', 'top', 'in', 'mouth', 'Tisha', 'no']","['qn', 'n', 'prep', 'n', 'n:prop', 'co']",CHI,PF
11243,0,2857286,5750,27.000554426168915,"['she', ""can't"", 'have', 'the', 'book']","['pro:sub', 'mod', 'v', 'det:art', 'n']",MOT,GR
11243,0,2857295,5750,27.000554426168915,['okay'],['co'],CHI,AD
11243,0,2857310,5750,27.000554426168915,"[""what's"", 'your', 'name']","['pro:int', 'det:poss', 'n']",MOT,QN
11243,0,2857323,5750,27.000554426168915,"['Tisha', 'fell', 'down']","['n:prop', 'v', 'adv']",CHI,SA
11243,0,2857335,5750,27.000554426168915,"[""don't"", 'let', 'her', 'pull', 'your', 'hair']","['mod', 'v', 'pro:obj', 'v', 'det:poss', 'n']",MOT,RP
11243,0,2857347,5750,27.000554426168915,['alright'],['co'],CHI,AD
11243,0,2857351,5750,27.000554426168915,"[""what's"", 'Tisha', 'doing']","['pro:int', 'n:prop', 'part']",MOT,QN
11243,0,2857362,5750,27.000554426168915,"['she', 'pulling', 'my', 'hair']","['pro:sub', 'part', 'det:poss', 'n']",CHI,SA
11243,0,2857369,5750,27.000554426168915,"['what', 'was', 'Tisha', 'doing']","['pro:int', 'aux', 'n:prop', 'part']",MOT,QN
11243,0,2857379,5750,27.000554426168915,['that'],['comp'],CHI,SA
11243,0,2857388,5750,27.000554426168915,"['the', 'dog', 'was', 'in', 'the', 'back', 'yard']","['det:art', 'n', 'cop', 'prep', 'det:art', 'adj', 'n']",MOT,CT
11243,0,2857397,5750,27.000554426168915,"['was', 'Mummy', 'mad']","['cop', 'n:prop', 'adj']",MOT,DS
11243,0,2857405,5750,27.000554426168915,"['Mummy', 'mad', 'Daddy', 'mad', 'Tisha', 'mad']","['n:prop', 'adj', 'n:prop', 'adj', 'n:prop', 'adj']",CHI,DS
11243,0,2857413,5750,27.000554426168915,"['where', 'did', 'the', 'dog', 'go', 'Marjorie']","['pro:rel', 'mod', 'det:art', 'n', 'v', 'n:prop']",MOT,QN
11243,0,2857422,5750,27.000554426168915,"['where', 'are', 'the', 'dog']","['pro:int', 'cop', 'det:art', 'n']",CHI,QN
11243,0,2857431,5750,27.000554426168915,['all_gone'],['co'],CHI,DC
11243,0,2857439,5750,27.000554426168915,"['put', 'it', 'down']","['v', 'pro:per', 'adv']",MOT,RP
11243,0,2857445,5750,27.000554426168915,"['on', 'radio']","['prep', 'n']",CHI,ST
11243,0,2857453,5750,27.000554426168915,['yes'],['co'],MOT,AP
11243,0,2857465,5750,27.000554426168915,"['what', 'do', 'you', 'like', 'to', 'watch', 'on', 'tv']","['pro:int', 'mod', 'pro:per', 'v', 'inf', 'v', 'prep', 'n']",MOT,QN
11243,0,2857469,5750,27.000554426168915,['Casey'],['n:prop'],CHI,YY
11243,0,2857480,5750,27.000554426168915,"['dress', 'up']","['v', 'adv']",CHI,YY
11243,0,2857487,5750,27.000554426168915,"['then', 'what']","['adv:tem', 'pro:int']",MOT,AC
11243,0,2857502,5750,27.000554426168915,['Sesame Street'],['n:prop n:prop'],CHI,YY
11243,0,2857508,5750,27.000554426168915,"[""who's"", 'on', 'Sesame', 'Street']","['pro:int', 'prep', 'n:prop', 'n:prop']",MOT,QN
11243,0,2857517,5750,27.000554426168915,['Oster'],['n:prop'],CHI,SA
11243,0,2857525,5750,27.000554426168915,"['what', 'is', 'it']","['pro:int', 'cop', 'pro:per']",MOT,QN
11243,0,2857536,5750,27.000554426168915,"['seat', 'belt']","['n', 'n']",CHI,SA
11243,0,2857546,5750,27.000554426168915,"['my', 'friend', 'Tommy', 'here']","['det:poss', 'n', 'n:prop', 'adv']",CHI,SA
11243,0,2857558,5750,27.000554426168915,"['no', ""he's"", 'not', 'here']","['co', 'pro:sub', 'neg', 'adv']",MOT,DW
11243,0,2857568,5750,27.000554426168915,"['Daddy', ""I'm"", 'wet']","['n:prop', 'pro:sub', 'adj']",CHI,ST
11243,0,2857577,5750,27.000554426168915,"['you', 'change', 'mine', 'okay']","['pro:per', 'v', 'n', 'adj']",CHI,ST
11243,0,2857585,5750,27.000554426168915,"['dark', 'Daddy', 'dark']","['adj', 'n:prop', 'n']",CHI,ST
11243,0,2857593,5750,27.000554426168915,"['dark', 'outside']","['adj', 'adv']",CHI,ST
11243,0,2857601,5750,27.000554426168915,"['where', 'is', 'it', 'dark']","['pro:int', 'cop', 'pro:per', 'n']",MOT,QN
11243,0,2857610,5750,27.000554426168915,"['its', 'dark', 'out', 'there']","['det:poss', 'adj', 'prep', 'n']",CHI,SA
11243,0,2857618,5750,27.000554426168915,"[""where's"", 'the', 'baby', 'doing']","['pro:int', 'det:art', 'n', 'part']",CHI,QN
11243,0,2857631,5750,27.000554426168915,"['its', 'heavy', 'Daddy']","['det:poss', 'adj', 'n:prop']",CHI,SA
11243,0,2857638,5750,27.000554426168915,"['whats', 'heavy']","['n:pt', 'adj']",MOT,CT
11243,0,2857643,5750,27.000554426168915,"['the', ""bread's"", 'heavy']","['det:art', 'adj', 'adj']",CHI,RT
11243,0,2857649,5750,27.000554426168915,"[""I'm"", 'hungry']","['pro:sub', 'adj']",CHI,ST
11243,0,2857661,5750,27.000554426168915,"['I', 'want', 'toast']","['pro:sub', 'v', 'n']",CHI,ST
11243,0,2857669,5750,27.000554426168915,"['Mummy', 'hands', 'dirty']","['n:prop', 'v', 'adj']",CHI,ST
11243,0,2857675,5750,27.000554426168915,"['Daddy', 'hands', 'busy']","['n:prop', 'v', 'adj']",CHI,ST
11243,0,2857686,5750,27.000554426168915,"['my', 'friend', 'a', 'boy', 'okay']","['det:poss', 'n', 'det:art', 'n', 'adj']",CHI,ST
11243,0,2857694,5750,27.000554426168915,"[""he's"", 'hungry']","['pro:sub', 'adj']",CHI,ST
11243,0,2857699,5750,27.000554426168915,"[""he's"", 'eating', 'toast']","['pro:sub', 'part', 'n']",CHI,ST
11243,0,2857706,5750,27.000554426168915,"[""he's"", 'gone', 'in', 'the', 'house']","['pro:sub', 'part', 'prep', 'det:art', 'n']",CHI,ST
11243,0,2857714,5750,27.000554426168915,"['where', 'you']","['pro:int', 'pro:per']",CHI,QN
11243,0,2857722,5750,27.000554426168915,"['where', 'you']","['pro:int', 'pro:per']",CHI,QN
11243,0,2857724,5750,27.000554426168915,"[""he's"", 'gone']","['pro:sub', 'part']",CHI,SA
11243,0,2857731,5750,27.000554426168915,"['I', 'find', 'it', 'boy']","['pro:sub', 'v', 'pro:per', 'n']",CHI,ST
11243,0,2857738,5750,27.000554426168915,"['where', 'you', 'boy']","['pro:int', 'pro:per', 'n']",CHI,QN
11243,0,2857748,5750,27.000554426168915,"['oh', 'oh']","['co', 'co']",CHI,MK
11243,0,2857755,5750,27.000554426168915,"['I', 'get', 'it']","['pro:sub', 'v', 'pro:per']",CHI,SI
11243,0,2857758,5750,27.000554426168915,"[""where's"", 'a', 'boy']","['pro:int', 'det:art', 'n']",CHI,QN
11243,0,2857762,5750,27.000554426168915,"['I', 'close', 'door', 'with', 'the', 'boy']","['pro:sub', 'v', 'n', 'prep', 'det:art', 'n']",CHI,SI
11243,0,2857772,5750,27.000554426168915,"['the', ""boy's"", 'in', 'the', 'floor']","['det:art', 'n', 'prep', 'det:art', 'n']",CHI,SI
11243,0,2857781,5750,27.000554426168915,"['I', 'catch', 'a', 'boy']","['pro:sub', 'v', 'det:art', 'n']",CHI,SI
11243,0,2857787,5750,27.000554426168915,"['oh', 'dear', 'oh', 'dear', 'oh', 'dear']","['co', 'co', 'co', 'co', 'co', 'co']",CHI,MK
11243,0,2857795,5750,27.000554426168915,"['tell', 'me', 'where', 'the', 'boy', 'is']","['v', 'pro:obj', 'pro:int', 'det:art', 'n', 'cop']",MOT,QN
11243,0,2857803,5750,27.000554426168915,"[""he's"", 'outside']","['pro:sub', 'adv']",CHI,SA
11243,0,2857810,5750,27.000554426168915,"['its', 'cold']","['det:poss', 'adj']",CHI,YY
11243,0,2857816,5750,27.000554426168915,"[""he's"", 'tired']","['pro:sub', 'part']",CHI,ST
11243,0,2857823,5750,27.000554426168915,"['the', 'boy', 'crying']","['det:art', 'n', 'part']",CHI,ST
11243,0,2857831,5750,27.000554426168915,"['oh', 'oh']","['co', 'co']",CHI,MK
11243,0,2857842,5750,27.000554426168915,"['I', 'want', 'bring', 'paper', 'card', 'here']","['pro:sub', 'v', 'v', 'n', 'n', 'adv']",CHI,SI
11243,0,2857850,5750,27.000554426168915,"['what', 'are', 'you', 'going', 'to', 'draw']","['pro:int', 'aux', 'pro:per', 'part', 'inf', 'v']",MOT,QN
11243,0,2857859,5750,27.000554426168915,"['a', 'circle', 'a', 'Oma', 'and', 'Opa']","['det:art', 'n', 'det:art', 'n:prop', 'coord', 'n:prop']",CHI,SA
11243,0,2857867,5750,27.000554426168915,"['a', 'boy', 'sleeping']","['det:art', 'n', 'part']",CHI,ST
11243,0,2857875,5750,27.000554426168915,"[""he's"", 'a', 'boy']","['pro:sub', 'det:art', 'n']",CHI,ST
11243,0,2857889,5750,27.000554426168915,"[""he's"", 'hungry']","['pro:sub', 'adj']",CHI,ST
11243,0,2857897,5750,27.000554426168915,['hard'],['adv'],CHI,YY
11243,0,2857902,5750,27.000554426168915,"['my', 'boy', 'fell', 'down']","['det:poss', 'n', 'v', 'adv']",CHI,ST
11243,0,2857912,5750,27.000554426168915,"['my', 'boy', 'crying']","['det:poss', 'n', 'part']",CHI,ST
11243,0,2857920,5750,27.000554426168915,"['do', 'you', 'want', 'the', 'soother']","['mod', 'pro:per', 'v', 'det:art', 'n']",CHI,RQ
11243,0,2857931,5750,27.000554426168915,"['do', 'you', 'want', 'the', 'bottle']","['mod', 'pro:per', 'v', 'det:art', 'n']",CHI,RQ
11243,0,2857941,5750,27.000554426168915,"[""where's"", 'that']","['pro:int', 'pro:dem']",CHI,QN
11243,0,2857949,5750,27.000554426168915,['matches'],['n'],MOT,SA
11243,0,2857957,5750,27.000554426168915,"['oh', 'oh']","['co', 'co']",CHI,MK
11243,0,2857966,5750,27.000554426168915,"['what', 'did', 'Daddy', 'do']","['pro:int', 'mod', 'n:prop', 'v']",MOT,QN
11243,0,2857974,5750,27.000554426168915,['snack'],['n'],CHI,SA
11243,0,2857980,5750,27.000554426168915,"['I', 'want', 'a', 'balloon']","['pro:sub', 'v', 'det:art', 'n']",CHI,ST
11243,0,2857988,5750,27.000554426168915,"['I', 'want', 'a', 'balloon']","['pro:sub', 'v', 'det:art', 'n']",CHI,ST
11243,0,2857994,5750,27.000554426168915,"['come', 'Daddy', 'come']","['v', 'n:prop', 'v']",CHI,RP
11243,0,2858001,5750,27.000554426168915,"[""I'm"", 'dry']","['pro:sub', 'adj']",CHI,YY
11243,0,2858010,5750,27.000554426168915,"[""I'm"", 'dry']","['pro:sub', 'adj']",CHI,YY
11243,0,2858018,5750,27.000554426168915,"['Daddy', 'change', 'my', 'my', 'blanket']","['n:prop', 'n', '', 'det:poss', 'n']",CHI,ST
11243,0,2858023,5750,27.000554426168915,"['fold', 'it']","['v', 'pro:per']",CHI,SI
11243,0,2858029,5750,27.000554426168915,"['I', 'want', 'a', 'sit', 'in', 'the', 'bed']","['pro:sub', 'v', 'det:art', 'v', 'prep', 'det:art', 'n']",CHI,SI
11243,0,2858035,5750,27.000554426168915,"['the', 'kids', 'are', 'fine', 'its', 'you', ""I'm"", 'worried', 'about']","['det:art', 'n', 'cop', 'v', 'det:poss', 'pro:per', 'pro:sub', 'part', 'adv']",MOT,ST
11243,0,2858038,5750,27.000554426168915,"['no', ""I'm"", 'not', 'fine', ""I'm"", 'good']","['co', 'pro:sub', 'neg', 'v', 'pro:sub', 'adj']",CHI,DW
11243,0,2858047,5750,27.000554426168915,"['its', 'unch', 'time']","['det:poss', '', 'n']",CHI,YY
11243,0,2858052,5750,27.000554426168915,"['lunch', 'come']","['n', 'v']",CHI,RP
11243,0,2858061,5750,27.000554426168915,"['I', 'opened', 'the', 'door', 'at', 'lunch']","['pro:sub', 'v', 'det:art', 'n', 'prep', 'n']",CHI,ST
11243,0,2858068,5750,27.000554426168915,"['what', 'you', 'been', 'doing']","['pro:int', 'pro:per', 'aux', 'part']",MOT,QN
11243,0,2858075,5750,27.000554426168915,"['backing', 'downstairs']","['part', 'adv']",CHI,SA
11243,0,2858081,5750,27.000554426168915,"['a', 'fork']","['det:art', 'n']",CHI,YY
11243,0,2858090,5750,27.000554426168915,"['Daddy', ""where's"", 'this', 'fork', 'go']","['n:prop', 'pro:rel', 'det:dem', 'n', 'v']",CHI,QN
11243,0,2858099,5750,27.000554426168915,"['where', 'does', 'the', 'fork', 'go']","['pro:int', 'v', 'det:art', 'n', 'v']",MOT,QN
11243,0,2858104,5750,27.000554426168915,['yes'],['co'],CHI,YY
11243,0,2858113,5750,27.000554426168915,"['it', 'goes', 'in', 'the', 'tray']","['pro:per', 'v', 'adv', 'det:art', 'n']",MOT,ST
11243,0,2858122,5750,27.000554426168915,['oh'],['co'],CHI,YY
11243,0,2858131,5750,27.000554426168915,"['its', 'mines']","['det:poss', 'n']",CHI,YY
11243,0,2858139,5750,27.000554426168915,['yes'],['co'],MOT,AC
11243,0,2858145,5750,27.000554426168915,"['its', 'Daddys']","['det:poss', 'n:prop']",CHI,YY
11243,0,2858151,5750,27.000554426168915,"['no', 'its', ""Marjorie's""]","['qn', 'det:poss', 'adj']",MOT,YQ
11243,0,2858158,5750,27.000554426168915,"['its', 'Daddys']","['det:poss', 'n:prop']",CHI,AA
11243,0,2858164,5750,27.000554426168915,"['one', 'two', 'fork']","['det:num', 'det:num', 'n']",CHI,CN
11243,0,2858171,5750,27.000554426168915,"['what', 'else', 'have', 'you', 'done']","['pro:int', 'post', 'v', 'pro:per', 'part']",MOT,QN
11243,0,2858179,5750,27.000554426168915,"['put', 'my', 'shoe', 'away']","['v', 'det:poss', 'n', 'adv']",CHI,RP
11243,0,2858186,5750,27.000554426168915,"['nice', 'picture', 'of', 'Mummy']","['adj', 'n', 'prep', 'n:prop']",CHI,ST
11243,0,2858192,5750,27.000554426168915,"['shall', 'we', 'go', 'downstairs']","['mod', 'pro:sub', 'v', 'adv']",MOT,RQ
11243,0,2858199,5750,27.000554426168915,['yes'],['co'],CHI,AD
11243,0,2858205,5750,27.000554426168915,"['what', 'shall', 'we', 'do']","['pro:int', 'mod', 'pro:sub', 'v']",MOT,QN
11243,0,2858213,5750,27.000554426168915,"['eat', 'our', 'lunch']","['v', 'det:poss', 'n']",CHI,SA
11243,0,2858217,5750,27.000554426168915,['hi'],['co'],CHI,MK
11243,0,2858225,5750,27.000554426168915,"[""I'm"", 'back', 'again']","['pro:sub', 'adv', 'adv']",CHI,YY
11243,0,2858231,5750,27.000554426168915,"[""what's"", 'the', 'boy', 'doing']","['pro:int', 'det:art', 'n', 'part']",MOT,QN
11243,0,2858239,5750,27.000554426168915,"[""he's"", 'walking']","['pro:sub', 'part']",CHI,SA
11243,0,2858247,5750,27.000554426168915,"['do', 'you', 'like', 'Sesame', 'Street']","['mod', 'pro:per', 'v', 'n:prop', 'n:prop']",MOT,TQ
11243,0,2858255,5750,27.000554426168915,"['I', 'like', 'it']","['pro:sub', 'v', 'pro:per']",CHI,TA
11243,0,2858264,5750,27.000554426168915,"['what', 'did', 'the', 'man', 'do']","['pro:int', 'mod', 'det:art', 'n', 'v']",MOT,QN
11243,0,2858270,5750,27.000554426168915,"['he', 'open', 'the', 'door']","['pro:sub', 'v', 'det:art', 'n']",CHI,SA
11243,0,2858280,5750,27.000554426168915,"[""what's"", 'he', 'doing']","['pro:int', 'pro:sub', 'part']",MOT,AP
11243,0,2858287,5750,27.000554426168915,"['putting', 'coat', 'on']","['part', 'n', 'adv']",CHI,ST
11243,0,2858294,5750,27.000554426168915,"['up', 'and', 'down']","['adv', 'coord', 'adv']",CHI,ST
11243,0,2858300,5750,27.000554426168915,"['who', 'is', 'that']","['pro:int', 'cop', 'pro:dem']",MOT,QN
11243,0,2858309,5750,27.000554426168915,['Grover'],['n:prop'],CHI,SA
11243,0,2858315,5750,27.000554426168915,"['is', 'he', 'a', 'monster']","['cop', 'pro:sub', 'det:art', 'n']",MOT,SA
11243,0,2858325,5750,27.000554426168915,"['no', 'Grover']","['co', 'n:prop']",CHI,DW
11243,0,2858336,5750,27.000554426168915,"['why', 'is', 'Ernie', 'crying']","['pro:int', 'aux', 'n:prop', 'part']",MOT,QN
11243,0,2858349,5750,27.000554426168915,"['he', 'wanna', 'go', 'outside', 'and', 'play', 'with', 'ball']","['pro:sub', 'v', 'v', 'adv', 'coord', 'n', 'prep', 'n']",CHI,ST
11243,0,2858364,5750,27.000554426168915,"['I', 'have', 'dirty', 'nose']","['pro:sub', 'v', 'adj', 'n']",CHI,ST
11243,0,2858371,5750,27.000554426168915,"['what', 'do', 'you', 'want', 'Daddy', 'to', 'do']","['pro:int', 'mod', 'pro:per', 'v', 'n:prop', 'inf', 'v']",MOT,QN
11243,0,2858380,5750,27.000554426168915,"['wash', 'it']","['v', 'pro:per']",CHI,SA
11243,0,2858388,5750,27.000554426168915,"['its', 'Mummy', 'rocking', 'chair']","['det:poss', 'n:prop', 'part', 'n']",CHI,ST
11243,0,2858397,5750,27.000554426168915,"['my', 'rocking', 'chair', 'upstairs']","['det:poss', 'part', 'n', 'adv']",CHI,ST
11243,0,2858404,5750,27.000554426168915,"[""where's"", 'the', 'sun']","['pro:int', 'det:art', 'n']",MOT,QN
11243,0,2858411,5750,27.000554426168915,"[""he's"", 'gone']","['pro:sub', 'part']",CHI,SA
11243,0,2858419,5750,27.000554426168915,"['where', 'has', 'he', 'gone']","['pro:rel', 'aux', 'pro:sub', 'part']",MOT,QN
11243,0,2858427,5750,27.000554426168915,"['outside', 'up', 'there']","['adj', 'adv', 'adv']",CHI,SA
11243,0,2858436,5750,27.000554426168915,"['what', 'toy', 'do', 'you', 'like', 'to', 'play', 'with']","['pro:int', 'n', 'v', 'pro:per', 'v', 'inf', 'v', 'prep']",MOT,QN
11243,0,2858446,5750,27.000554426168915,"['my', 'Humpty']","['det:poss', 'n:prop']",CHI,SA
11243,0,2858455,5750,27.000554426168915,"[""I'm"", 'having', 'trouble']","['pro:sub', 'part', 'n']",CHI,SA
11243,0,2858464,5750,27.000554426168915,"[""what's"", 'that']","['pro:int', 'pro:dem']",MOT,QN
11243,0,2858469,5750,27.000554426168915,"['my', 'clown']","['det:poss', 'n']",CHI,SA
11243,0,2858478,5750,27.000554426168915,"['where', 'did', 'you', 'wear', 'it']","['pro:int', 'mod', 'pro:per', 'v', 'pro:per']",MOT,QN
11243,0,2858499,5750,27.000554426168915,"['at', 'church']","['prep', 'n']",CHI,SA
11243,0,2858509,5750,27.000554426168915,"['and', 'face', 'and', 'nose', 'and', 'eyes']","['coord', 'n', 'coord', 'n', 'coord', 'n']",CHI,ST
11243,0,2858521,5750,27.000554426168915,"['what', 'else', 'did', 'you', 'wear', 'on', 'your', 'head']","['pro:int', 'post', 'mod', 'pro:per', 'v', 'prep', 'det:poss', 'n']",MOT,QN
11243,0,2858533,5750,27.000554426168915,"['a', 'hat']","['det:art', 'n']",CHI,SA
11243,0,2858543,5750,27.000554426168915,"['and', 'my', 'hat', 'fall', 'down', 'and', 'then', 'and', ""I'm"", 'funny']","['coord', 'det:poss', 'n', 'v', 'adv', '', '', 'coord', 'pro:sub', 'adj']",CHI,ST
11243,0,2858567,5750,27.000554426168915,"['I', 'want', 'my', 'hat', 'on']","['pro:sub', 'v', 'det:poss', 'n', 'adv']",CHI,ST
11244,0,2857290,5752,40.000821372102095,"['is', 'that', 'a', 'radio']","['cop', 'comp', 'det:art', 'n']",CHI,YY
11244,0,2857318,5752,40.000821372102095,"[""I'm"", 'gonna', 'take', 'it', 'home', 'and', ""I'm"", 'gonna', 'show', 'my', 'mom']","['pro:sub', 'part', 'v', 'pro:per', 'adv', 'coord', 'pro:sub', 'part', 'v', 'det:poss', 'n']",CHI,SI
11244,0,2857328,5752,40.000821372102095,"[""her's"", 'gonna', 'make']","['pro:obj', 'part', 'v']",CHI,SI
11244,0,2857334,5752,40.000821372102095,"['are', 'you', 'gonna', 'make', 'this']","['cop', 'pro:per', 'part', 'v', 'det:dem']",CHI,RP
11244,0,2857341,5752,40.000821372102095,"['who', 'do', 'you', 'think', 'this', 'man', 'is']","['pro:int', 'mod', 'pro:per', 'v', 'det:dem', 'n', 'cop']",KAR,QN
11244,0,2857354,5752,40.000821372102095,['crazy'],['adj'],CHI,SA
11244,0,2857366,5752,40.000821372102095,"['what', 'time', 'do', 'you', 'eat', 'supper', 'at']","['pro:int', 'n', 'v', 'pro:per', 'v', 'n', 'prep']",KAR,QN
11244,0,2857378,5752,40.000821372102095,"['at', 'my', 'house']","['prep', 'det:poss', 'n']",CHI,SA
11244,0,2857387,5752,40.000821372102095,"['a', 'sticker', 'ah', 'there', 'right']","['det:art', 'v', '', 'adv', 'adj']",CHI,SA
11244,0,2857393,5752,40.000821372102095,"[""what's"", 'that', 'on', 'on', 'the', 'tabe', 'by', 'the', 'tabe', 'by', 'the', 'window']","['', '', '', '', '', '', '', '', '', 'prep', 'det:art', 'n']",CHI,QN
11244,0,2857403,5752,40.000821372102095,"['can', 'you', 'describe', 'the', 'snowman', 'to', 'me']","['mod', 'pro:per', 'v', 'det:art', '', 'prep', 'pro:obj']",KAR,SA
11244,0,2857412,5752,40.000821372102095,"['I', ""don't"", 'know', 'I', 'can']","['pro:sub', 'mod', 'v', 'pro:sub', 'mod']",CHI,SA
11244,0,2857421,5752,40.000821372102095,"[""what's"", 'this', 'a', 'picture', 'of']","['pro:int', 'pro:dem', 'det:art', 'n', 'prep']",KAR,QN
11244,0,2857432,5752,40.000821372102095,"['a', 'lady']","['det:art', 'n']",CHI,SA
11244,0,2857438,5752,40.000821372102095,"['can', 'you', 'tell', 'me', 'about', 'the', 'lady']","['mod', 'pro:per', 'v', 'pro:obj', 'prep', 'det:art', 'n']",KAR,RP
11244,0,2857444,5752,40.000821372102095,"['got', 'lipstick', 'on']","['v', 'n', 'adv']",CHI,RP
11244,0,2857454,5752,40.000821372102095,"['what', 'else', 'can', 'you', 'tell', 'me', 'about', 'her']","['pro:int', 'post', 'mod', 'pro:per', 'v', 'pro:obj', 'prep', 'pro:obj']",KAR,RP
11244,0,2857462,5752,40.000821372102095,"[""she's"", 'got', 'curly', 'hair']","['pro:sub', 'part', 'adj', 'n']",CHI,ST
11244,0,2857470,5752,40.000821372102095,"['do', 'you', 'think', ""she's"", 'a', 'nice', 'lady']","['mod', 'pro:per', 'v', 'pro:sub', 'det:art', 'adj', 'n']",KAR,ST
11244,0,2857479,5752,40.000821372102095,"['my', 'stomach', 'hurts']","['det:poss', 'n', 'v']",CHI,ST
11244,0,2857482,5752,40.000821372102095,"['oh', 'dear']","['co', 'co']",KAR,MK
11244,0,2857493,5752,40.000821372102095,['why'],['pro:rel'],KAR,QN
11244,0,2857501,5752,40.000821372102095,"['cause', 'it', 'does']","['v', 'pro:per', 'mod']",CHI,SA
11244,0,2857510,5752,40.000821372102095,"['do', 'you', 'need', 'something', 'for', 'it']","['mod', 'pro:per', 'v', 'pro:indef', 'prep', 'pro:per']",KAR,AQ
11244,0,2857518,5752,40.000821372102095,"['I', 'just', 'had', 'a', 'thing', 'I', 'just', 'had', 'a', 'cough', 'drop']","['', '', '', '', '', 'pro:sub', 'adv', 'v', 'det:art', 'n', 'n']",CHI,SA
11244,0,2857527,5752,40.000821372102095,"['okay', ""let's"", 'have', 'another', 'picture', 'on', 'here']","['co', 'v', 'v', 'qn', 'n', 'prep', 'n']",CHI,RP
11244,0,2857541,5752,40.000821372102095,"[""I'll"", 'put', 'it', 'on', 'okay']","['pro:sub', 'v', 'pro:per', 'adv', 'adj']",CHI,SI
11244,0,2857553,5752,40.000821372102095,"['how', 'do', 'you', 'think', 'this', 'woman', 'feels']","['pro:int', 'mod', 'pro:per', 'v', 'det:dem', 'n', 'v']",KAR,QN
11244,0,2857564,5752,40.000821372102095,"['that', 'woman']","['det:dem', 'n']",CHI,SA
11244,0,2857569,5752,40.000821372102095,"['try', 'to', 'imagine', 'how', 'she', 'feels', 'and', 'tell', 'me']","['v', 'inf', 'v', 'pro:int', 'pro:sub', 'v', 'coord', 'v', 'pro:obj']",KAR,TQ
11244,0,2857578,5752,40.000821372102095,"['she', 'feels', 'a', 'lot']","['pro:sub', 'v', 'det:art', 'n']",CHI,TA
11244,0,2857586,5752,40.000821372102095,"['what', 'do', 'you', 'call', 'that']","['pro:int', 'mod', 'pro:per', 'v', 'pro:dem']",KAR,QN
11244,0,2857594,5752,40.000821372102095,"['a', 'big', 'thing']","['det:art', 'adj', 'n']",CHI,SA
11244,0,2857602,5752,40.000821372102095,"[""what's"", 'the', 'baby', 'doing', 'Melissa']","['pro:int', 'det:art', 'n', 'part', 'n:prop']",KAR,QN
11244,0,2857611,5752,40.000821372102095,"['put', 'the', 'the', ""baby's"", 'diaper', 'that', 'thing', 'on', 'on', 'the', 'bum']","['', '', 'det:art', 'adj', 'n', 'det:dem', 'n', 'adv', 'prep', 'det:art', 'n']",CHI,SA
11244,0,2857622,5752,40.000821372102095,"['how', 'does', 'it', 'make', 'the', 'baby', 'feel', 'to', 'get', 'his', 'diaper', 'changed']","['pro:int', 'mod', 'pro:per', 'v', 'det:art', 'n', 'v', 'inf', 'v', 'det:poss', 'n', 'v']",KAR,QN
11244,0,2857628,5752,40.000821372102095,"['cause', 'he', 'do', 'something']","['n', 'pro:sub', 'v', 'pro:indef']",CHI,SA
11244,0,2857636,5752,40.000821372102095,"['okay', ""let's"", 'play', 'the', 'game', 'now']","['co', 'v', 'v', 'det:art', 'n', 'adv']",CHI,RP
11244,0,2857646,5752,40.000821372102095,"[""what's"", 'this', 'a', 'picture', 'of']","['pro:int', 'pro:dem', 'det:art', 'n', 'prep']",KAR,QN
11244,0,2857653,5752,40.000821372102095,"['the', 'baby', 'the', 'mother', 'kissing', 'the', 'baby']","['', '', 'det:art', 'n', 'part', 'det:art', 'n']",CHI,SA
11244,0,2857665,5752,40.000821372102095,"[""where's"", 'Randy']","['pro:int', 'n:prop']",CHI,QN
11244,0,2857673,5752,40.000821372102095,"['why', 'do', 'you', 'think', 'the', 'mother', 'is', 'kissing', 'the', 'baby']","['pro:int', 'mod', 'pro:per', 'v', 'det:art', 'n', 'aux', 'part', 'det:art', 'n']",KAR,QN
11244,0,2857680,5752,40.000821372102095,"['cause', 'it', 'she', 'wants', 'to']","['', '', 'pro:sub', 'v', 'inf']",CHI,SA
11244,0,2857688,5752,40.000821372102095,"['you', 'gotta', 'lick', 'it', 'right']","['pro:per', 'mod', 'v', 'pro:per', 'co']",CHI,RP
11244,0,2857705,5752,40.000821372102095,"[""I'll"", 'lick', 'him', 'okay']","['pro:sub', 'v', 'pro:obj', 'adj']",CHI,ST
11244,0,2857710,5752,40.000821372102095,['right'],['co'],KAR,AP
11244,0,2857715,5752,40.000821372102095,"['and', ""we've"", 'got', 'some', 'more', 'pictures', 'of', 'him']","['coord', 'pro:sub', 'part', 'qn', 'qn', 'n', 'prep', 'pro:obj']",KAR,ST
11244,0,2857725,5752,40.000821372102095,['what'],['pro:int'],CHI,QN
11244,0,2857734,5752,40.000821372102095,"['who', 'barked']","['pro:int', 'v']",CHI,QN
11244,0,2857745,5752,40.000821372102095,['dog'],['v'],CHI,SA
11244,0,2857752,5752,40.000821372102095,"['tell', 'me', 'what', 'the', 'bear', 'is', 'doing', 'here']","['v', 'pro:obj', 'pro:int', 'det:art', 'n', 'aux', 'part', 'adv']",KAR,QN
11244,0,2857761,5752,40.000821372102095,"[""he's"", 'putting', 'um', 'grass', 'and', ""he's"", 'eating', 'it']","['pro:sub', 'part', '', 'n', 'coord', 'pro:sub', 'part', 'pro:per']",CHI,SA
11244,0,2857767,5752,40.000821372102095,"['put', 'it', 'right', 'here', 'right']","['v', 'pro:per', 'adv', 'adv', 'co']",CHI,RP
11244,0,2857775,5752,40.000821372102095,"['what', 'did', 'he', 'do', 'before', 'he', 'took', 'a', 'bath']","['pro:int', 'mod', 'pro:sub', 'v', 'conj', 'pro:sub', 'v', 'det:art', 'n']",KAR,ST
11244,0,2857784,5752,40.000821372102095,['what'],['pro:int'],CHI,AC
11244,0,2857789,5752,40.000821372102095,"['before', 'he', 'took', 'a', 'bath', 'what', 'did', 'he', 'do']","['conj', 'pro:sub', 'v', 'det:art', 'n', 'pro:int', 'mod', 'pro:sub', 'v']",CHI,QN
11244,0,2857796,5752,40.000821372102095,"['ate', 'the', 'grass', 'and', 'he', 'spit', 'it', 'out']","['v', 'det:art', 'n', 'coord', 'pro:sub', 'v', 'pro:per', 'adv']",CHI,SA
11244,0,2857805,5752,40.000821372102095,"['what', 'was', 'he', 'doing', 'in', 'this', 'picture']","['pro:int', 'cop', 'pro:sub', 'part', 'prep', 'det:dem', 'n']",KAR,QN
11244,0,2857813,5752,40.000821372102095,"['he', 'was', 'laying', 'down']","['pro:sub', 'aux', 'part', 'adv']",CHI,SA
11244,0,2857827,5752,40.000821372102095,"['we', 'got', 'gotta', 'we', 'gotta', 'stick', 'this', 'on', 'the', 'the', 'page']","['', '', '', '', '', '', '', '', '', 'det:art', 'n']",CHI,RP
11244,0,2857836,5752,40.000821372102095,"['I', 'have', 'a', 'picture', 'of', 'two', 'friends', 'and', 'I', 'want', 'you', 'to', 'tell', 'me', 'what', 'they', 'are', 'doing']","['pro:sub', 'v', 'det:art', 'n', 'prep', 'det:num', 'n', 'coord', 'pro:sub', 'v', 'pro:per', 'inf', 'v', 'pro:obj', 'pro:int', 'pro:sub', 'aux', 'part']",KAR,ST
11244,0,2857845,5752,40.000821372102095,"['what', 'are', 'they', 'doing']","['pro:int', 'cop', 'pro:sub', 'part']",KAR,QN
11244,0,2857852,5752,40.000821372102095,"['roller+skating', 'and', ""they're"", 'sticking', 'mouth', 'out', 'your', 'friends']","['', 'coord', 'pro:sub', 'n:gerund', 'n', 'adv', 'det:poss', 'n']",CHI,SA
11244,0,2857860,5752,40.000821372102095,"[""they're"", 'what']","['pro:sub', 'pro:int']",KAR,QN
11244,0,2857868,5752,40.000821372102095,"['they', 'do', 'this']","['pro:sub', 'v', 'pro:dem']",CHI,SA
11244,0,2857876,5752,40.000821372102095,"['that', 'you']","['comp', 'pro:per']",CHI,YQ
11244,0,2857890,5752,40.000821372102095,"['no', ""it's"", 'someone', 'else']","['co', 'pro:per', 'pro:indef', 'post']",KAR,AN
11244,0,2857899,5752,40.000821372102095,"[""it's"", 'a', 'lady']","['pro:per', 'det:art', 'n']",CHI,ST
11244,0,2857909,5752,40.000821372102095,"[""let's"", 'play', 'the', 'game']","['v', 'v', 'det:art', 'n']",CHI,RP
11244,0,2857917,5752,40.000821372102095,"['girl', 'monkeys']","['n', 'n']",CHI,RP
11244,0,2857924,5752,40.000821372102095,"['look', 'at', 'his', 'hands']","['v', 'prep', 'det:poss', 'n']",CHI,RP
11244,0,2857936,5752,40.000821372102095,"['which', 'one', 'do', 'you', 'wanna', 'tell', 'me', 'a', 'story', 'about']","['pro:rel', 'det:num', 'v', 'pro:per', 'v', 'v', 'pro:obj', 'det:art', 'n', 'adv']",KAR,RQ
11244,0,2857944,5752,40.000821372102095,"['pick', 'one']","['v', 'det:num']",KAR,RP
11244,0,2857952,5752,40.000821372102095,"['I', 'want', 'that', 'one', 'I', 'want', 'the', 'other', 'one']","['pro:sub', 'v', 'comp', '', 'pro:sub', 'v', 'det:art', 'qn', 'pro:indef']",CHI,ST
11244,0,2857959,5752,40.000821372102095,"['can', 'I', 'take', 'it', 'home']","['mod', 'pro:sub', 'v', 'pro:per', 'adv']",CHI,ST
11244,0,2857973,5752,40.000821372102095,"['I', 'wanna']","['pro:sub', 'v']",CHI,ST
11244,0,2857979,5752,40.000821372102095,"['make', 'up', 'a', 'story', 'about', 'it']","['v', 'adv', 'det:art', 'n', 'prep', 'pro:per']",KAR,RP
11244,0,2857987,5752,40.000821372102095,"['got', 'a', 'necklace', 'on', 'and', 'dress', 'on', 'and', ""he's"", 'a', 'girl']","['v', 'det:art', 'n', 'adv', 'coord', 'n', 'adv', 'coord', 'pro:sub', 'det:art', 'n']",CHI,ST
11244,0,2857995,5752,40.000821372102095,"['him', 'supposed', 'to', 'be', 'a', 'a', 'girl']","['pro:obj', 'v', 'inf', 'cop', 'det:art', 'det:art', 'n']",CHI,ST
11244,0,2858005,5752,40.000821372102095,"['lemme', 'see', 'that', 'w', 'other', 'one']","['v', 'v', '', '', 'qn', 'pro:indef']",CHI,RP
11244,0,2858013,5752,40.000821372102095,"['look', 'at', 'his', 'hands']","['v', 'prep', 'det:poss', 'n']",CHI,RP
11244,0,2858021,5752,40.000821372102095,"['do', 'you', 'wanna', 'tell', 'me', 'a', 'bigger', 'story', 'about', 'this', 'one', 'or', 'that', 'one']","['mod', 'pro:per', 'v', 'v', 'pro:obj', 'det:art', 'adj', 'n', 'prep', 'det:dem', 'pro:indef', 'coord', 'det:dem', 'pro:indef']",KAR,TQ
11244,0,2858034,5752,40.000821372102095,"['this', 'one']","['pro:dem', 'pro:indef']",CHI,TA
11244,0,2858039,5752,40.000821372102095,"[""he's"", 'bigger']","['pro:sub', 'adj']",CHI,SI
11244,0,2858059,5752,40.000821372102095,"[""I'm"", 'gonna', 'take', 'all', 'those', 'things', 'home']","['pro:sub', 'part', 'v', 'qn', 'det:dem', 'n', 'adv']",CHI,SI
11244,0,2858077,5752,40.000821372102095,"['gonna', 'ask', 'my', 'mom', 'I', 'can']","['part', 'v', 'det:poss', 'n', 'pro:sub', 'mod']",CHI,SI
11244,0,2858085,5752,40.000821372102095,"[""there's"", 'two', 'of', 'em']","['pro:exist', 'det:num', 'prep', 'pro:obj']",CHI,SI
11244,0,2858093,5752,40.000821372102095,"['look', 'his', 'teeth']","['v', 'det:poss', 'n']",CHI,RP
11244,0,2858098,5752,40.000821372102095,"['look', 'at', 'his', 'long', 'hands']","['v', 'prep', 'det:poss', 'adj', 'n']",CHI,RP
11244,0,2858108,5752,40.000821372102095,"['guess', 'what', 'I', 'have', 'for', 'lunch']","['v', 'pro:int', 'pro:sub', 'v', 'prep', 'n']",CHI,RP
11244,0,2858118,5752,40.000821372102095,['what'],['pro:int'],KAR,AC
11244,0,2858124,5752,40.000821372102095,"['grill', 'cheese', 'sandwich']","['n', 'n', 'n']",CHI,ST
11244,0,2858129,5752,40.000821372102095,"['take', 'a', 'look', 'at', 'this', 'picture', 'Melissa']","['v', 'det:art', 'v', 'prep', 'det:dem', 'n', 'n:prop']",KAR,RP
11244,0,2858136,5752,40.000821372102095,"['drinking', 'juice', 'and', ""he's"", 'eating', 'chips']","['part', 'n', 'coord', 'pro:sub', 'part', 'n']",CHI,ST
11244,0,2858146,5752,40.000821372102095,"[""I'm"", 'not', 'keep', 'this', 'one', 'keeping', 'this', 'one', 'okay']","['pro:sub', 'neg', 'v', 'det:dem', 'pro:indef', 'part', 'det:dem', 'pro:indef', 'adj']",CHI,ST
11244,0,2858154,5752,40.000821372102095,"[""I'll"", 'put', 'this', 'on', 'here', 'okay']","['pro:sub', 'v', 'pro:dem', 'prep', 'n', 'adj']",CHI,SI
11244,0,2858162,5752,40.000821372102095,"['what', 'does', 'this', 'monkey', 'like', 'to', 'drink']","['pro:int', 'mod', 'det:dem', 'n', 'co', 'inf', 'v']",KAR,QN
11244,0,2858168,5752,40.000821372102095,"['he', 'likes', 'milk', 'pop', 'pop']","['pro:sub', 'v', 'n', 'n', 'n']",CHI,SA
11244,0,2858176,5752,40.000821372102095,"['do', 'you', 'like', 'to', 'drink', 'pop']","['mod', 'pro:per', 'v', 'inf', 'v', 'n']",KAR,TQ
11244,0,2858184,5752,40.000821372102095,"['I', 'like', 'drinking', 'pop']","['pro:sub', 'v', 'part', 'n']",CHI,TA
11244,0,2858222,5752,40.000821372102095,"[""let's"", 'do', 'uh', 'game', 'now']","['v', 'mod', '', 'v', 'adv']",CHI,RP
11244,0,2858235,5752,40.000821372102095,"['tell', 'me', 'about', 'the', 'monkey']","['v', 'pro:obj', 'prep', 'det:art', 'n']",KAR,RP
11244,0,2858244,5752,40.000821372102095,"['he', 'was', 'eat', 'she', 'was', 'eat', 'breakfast', 'with', 'that', 'banana']","['', '', '', 'pro:sub', 'cop', 'v', 'n', 'prep', 'det:dem', 'n']",CHI,ST
11244,0,2858256,5752,40.000821372102095,"['she', 'was', 'eat', 'breakfast', 'and', ""she's"", 'got', 'whiskers', 'on']","['pro:sub', 'cop', 'v', 'n', 'coord', 'pro:sub', 'part', 'n', 'adv']",CHI,ST
11244,0,2858263,5752,40.000821372102095,"[""what's"", 'in', 'front', 'of', 'her']","['pro:int', 'prep', 'n', 'prep', 'pro:obj']",KAR,QN
11244,0,2858273,5752,40.000821372102095,['this'],['pro:dem'],CHI,YY
11244,0,2858283,5752,40.000821372102095,['banana'],['n'],CHI,YY
11244,0,2858292,5752,40.000821372102095,"['I', ""don't"", 'wanna', 'look', 'all', 'these', 'pictures', 'anymore', 'okay']","['pro:sub', 'mod', 'v', 'cop', 'qn', 'det:dem', 'n', 'adv', 'adj']",CHI,ST
11244,0,2858310,5752,40.000821372102095,"[""I'm"", 'keeping', 'this', 'one']","['pro:sub', 'part', 'det:dem', 'pro:indef']",CHI,ST
11244,0,2858317,5752,40.000821372102095,"['what', 'did', 'you', 'do', 'when', 'your', 'mother', 'woke', 'you', 'up', 'this', 'morning']","['pro:int', 'mod', 'pro:per', 'v', 'conj', 'det:poss', 'n', 'v', 'pro:per', 'adv', 'det:dem', 'n']",KAR,QN
11244,0,2858330,5752,40.000821372102095,"['I', 'wake', 'up']","['pro:sub', 'v', 'adv']",CHI,SA
11244,0,2858339,5752,40.000821372102095,"['after', 'she', 'woke', 'you', 'up']","['conj', 'pro:sub', 'v', 'pro:per', 'adv']",KAR,AP
11244,0,2858347,5752,40.000821372102095,"['no', 'she', ""didn't""]","['co', 'pro:sub', 'mod']",CHI,AP
11244,0,2858354,5752,40.000821372102095,"['oh', 'she', ""didn't""]","['co', 'pro:sub', 'mod']",KAR,AP
11244,0,2858361,5752,40.000821372102095,"['what', 'happened']","['pro:int', 'v']",KAR,QN
11244,0,2858369,5752,40.000821372102095,"['I', 'waked', 'her', 'up', 'and', 'she', 'got', 'mad', 'at', 'me']","['pro:sub', 'v', 'det:poss', 'adv', 'coord', 'pro:sub', 'v', 'adj', 'prep', 'pro:obj']",CHI,ST
11244,0,2858377,5752,40.000821372102095,"['why', 'did', 'she', 'get', 'mad']","['pro:int', 'mod', 'pro:sub', 'v', 'adj']",KAR,QN
11244,0,2858386,5752,40.000821372102095,"['because', 'she', 'did']","['conj', 'pro:sub', 'v']",CHI,SA
11244,0,2858395,5752,40.000821372102095,"['Barbie', 'dolls', 'ay']","['n:prop', 'n', 'co']",KAR,AP
11244,0,2858402,5752,40.000821372102095,"['who', 'do', 'you', 'think', 'that', 'is']","['pro:int', 'mod', 'pro:per', 'v', 'pro:dem', 'cop']",KAR,QN
11244,0,2858415,5752,40.000821372102095,"['Barbie', 'doll']","['n:prop', 'n']",CHI,SA
11244,0,2858429,5752,40.000821372102095,"['and', ""who's"", 'this']","['coord', 'pro:int', 'pro:dem']",KAR,QN
11244,0,2858438,5752,40.000821372102095,"[""he's"", 'a', 'boy']","['pro:sub', 'det:art', 'n']",CHI,SA
11244,0,2858447,5752,40.000821372102095,"['look', 'it', 'his', 'buttons']","['v', 'pro:per', 'det:poss', 'n']",CHI,RP
11244,0,2858456,5752,40.000821372102095,"['put', 'em', 'up']","['v', 'pro:obj', 'adv']",CHI,RP
11244,0,2858465,5752,40.000821372102095,"['who', 'do', 'you', 'think', 'this', 'is']","['pro:int', 'mod', 'pro:per', 'v', 'det:dem', 'cop']",KAR,QN
11244,0,2858473,5752,40.000821372102095,"['a', 'little', 'girl']","['det:art', 'adj', 'n']",CHI,SA
11244,0,2858482,5752,40.000821372102095,"[""where's"", 'the', 'shoes', 'on', 'the', 'this', 'baby', 'doll', 'ay']","['pro:int', 'det:art', 'n', 'prep', '', 'det:dem', 'n', 'n', 'co']",CHI,QN
11244,0,2858486,5752,40.000821372102095,"['there', ""aren't"", 'any', 'shoes', 'for', 'that', 'one']","['pro:exist', 'cop', 'qn', 'n', 'prep', 'det:dem', 'pro:indef']",KAR,SA
11244,0,2858496,5752,40.000821372102095,"['only', 'this', 'one']","['adv', 'pro:dem', 'pro:indef']",CHI,RT
11244,0,2858504,5752,40.000821372102095,"[""who's"", 'this']","['pro:int', 'pro:dem']",KAR,QN
11244,0,2858513,5752,40.000821372102095,"['Brooke', 'Shields']","['n:prop', 'n:prop']",CHI,SA
11244,0,2858522,5752,40.000821372102095,"[""that's"", 'not', 'Brooke', 'Shields', ""ain't"", 'it']","['pro:dem', 'neg', 'n:prop', 'n:prop', 'v', 'pro:per']",CHI,DS
11244,0,2858531,5752,40.000821372102095,"[""that's"", 'the', 'daddy', 'right']","['pro:dem', 'det:art', 'n', 'adj']",CHI,DC
11244,0,2858537,5752,40.000821372102095,['right'],['co'],KAR,AP
11244,0,2858546,5752,40.000821372102095,"[""that's"", 'the', 'mother']","['pro:dem', 'det:art', 'n']",CHI,YY
11244,0,2858554,5752,40.000821372102095,"['they', 'gotta', 'go', 'home', 'now']","['pro:sub', 'mod', 'v', 'adv', 'adv']",CHI,SI
11244,0,2858562,5752,40.000821372102095,"['I', ""can't"", 'get', 'this']","['pro:sub', 'mod', 'v', 'pro:dem']",CHI,SI
11244,0,2858571,5752,40.000821372102095,"['who', 'are', 'you', 'going', 'to', 'be']","['pro:int', 'aux', 'pro:per', 'part', 'inf', 'cop']",KAR,QN
11244,0,2858583,5752,40.000821372102095,"['an', 'angel']","['det:art', 'n']",CHI,SA
11244,0,2858591,5752,40.000821372102095,"['want', 'this', 'one']","['v', 'det:dem', 'pro:indef']",CHI,RQ
11244,0,2858600,5752,40.000821372102095,"[""that's"", 'his', 'mother']","['pro:dem', 'det:poss', 'n']",CHI,YY
11244,0,2858607,5752,40.000821372102095,"[""that's"", 'her', 'mother']","['pro:dem', 'det:poss', 'n']",CHI,YY
11244,0,2858615,5752,40.000821372102095,"['this', 'is', 'the', 'this', 'is', 'this', 'is', 'gonna', 'be', 'the', 'house', 'right']","['', '', '', '', '', 'pro:dem', 'aux', 'part', 'cop', 'det:art', 'n', 'adj']",CHI,YY
11244,0,2858624,5752,40.000821372102095,"[""that's"", 'the', 'Mimi']","['pro:dem', 'det:art', 'n:prop']",CHI,YY
11244,0,2858629,5752,40.000821372102095,"['Susie', 'where', 'are', 'you', 'going', 'to', 'play']","['n:prop', 'pro:rel', 'aux', 'pro:per', 'part', 'inf', 'v']",KAR,QN
11244,0,2858637,5752,40.000821372102095,"[""she's"", 'going', 'outside', 'uh', 'play']","['pro:sub', 'part', 'adv', '', 'n']",CHI,SA
11244,0,2858645,5752,40.000821372102095,"['where', 'are', 'you', 'going', 'to', 'make', 'the', 'hamburger', 'dear']","['pro:int', 'aux', 'pro:per', 'part', 'inf', 'v', 'det:art', 'n', 'co']",KAR,QN
11244,0,2858651,5752,40.000821372102095,"[""we're"", 'gonna', 'make', 'the', 'hamburger']","['pro:sub', 'part', 'v', 'det:art', 'n']",CHI,SA
11244,0,2858658,5752,40.000821372102095,"['ker', 'ker', 'ker', 'ker']","['chi', 'chi', 'chi', 'chi']",CHI,PR
11244,0,2858666,5752,40.000821372102095,"['there', 'is', 'some', 'hamburger']","['pro:exist', 'cop', 'qn', 'n']",CHI,ST
11244,0,2858674,5752,40.000821372102095,"['going', 'to', 'work', ""she's"", 'going', 'to', 'work']","['part', 'prep', 'n', 'pro:sub', 'part', 'prep', 'n']",CHI,ST
11244,0,2858690,5752,40.000821372102095,"[""she's"", 'mad', 'at', 'her']","['pro:sub', 'adj', 'prep', 'pro:obj']",CHI,ST
11244,0,2858698,5752,40.000821372102095,"['is', 'she']","['cop', 'pro:sub']",KAR,AP
11244,0,2858705,5752,40.000821372102095,"[""what's"", 'she', 'going', 'to', 'do']","['pro:int', 'pro:sub', 'part', 'inf', 'v']",KAR,QN
11244,0,2858712,5752,40.000821372102095,"['I', 'make', 'some', 'lunch', 'for', 'her', 'okay']","['pro:sub', 'v', 'qn', 'n', 'prep', 'pro:obj', 'adj']",CHI,RP
11244,0,2858719,5752,40.000821372102095,"['you', 'hold', 'that', 'doll', 'and', 'you', 'hold', 'that', 'doll']","['pro:per', 'v', 'det:dem', 'n', 'coord', 'pro:per', 'v', 'det:dem', 'n']",CHI,RP
11244,0,2858727,5752,40.000821372102095,"['she', 'live', 'here', 'right']","['pro:sub', 'v', 'adv', 'adj']",CHI,SI
11244,0,2858734,5752,40.000821372102095,"['she', 'going', 'to', 'work', 'now']","['pro:sub', 'part', 'prep', 'n', 'adv']",CHI,SI
11244,0,2858743,5752,40.000821372102095,"['how', 'about', 'this', 'be', 'the', 'um', 'the', ""that's"", 'not', 'the', ""dolly's"", 'house']","['pro:int', 'prep', 'det:dem', 'cop', 'det:art', '', '', 'pro:dem', 'neg', 'det:art', 'adj', 'n']",CHI,DP
11244,0,2858751,5752,40.000821372102095,"['hello', 'there']","['co', 'adv']",CHI,MK
11244,0,2858759,5752,40.000821372102095,"['get', 'me', 'some', 'lunch', 'please']","['v', 'pro:obj', 'qn', 'n', 'co']",KAR,RP
11244,0,2858769,5752,40.000821372102095,"[""I'll"", 'get', 'her', 'some']","['pro:sub', 'v', 'pro:obj', 'qn']",CHI,SI
11244,0,2858776,5752,40.000821372102095,"['what', 'does', 'she', 'want']","['pro:int', 'v', 'pro:sub', 'v']",KAR,QN
11244,0,2858783,5752,40.000821372102095,"['she', 'hafta', 'eat', 'lunch', 'too']","['pro:sub', 'mod', 'v', 'n', 'adv']",CHI,SA
11244,0,2858794,5752,40.000821372102095,"['mother', 'is', 'gonna', 'cook']","['n', 'aux', 'part', 'v']",CHI,ST
11244,0,2858803,5752,40.000821372102095,"['you', 'wait', 'in', 'kitchen']","['pro:per', 'v', 'prep', 'n']",CHI,RP
11244,0,2858810,5752,40.000821372102095,"['how', 'come', ""he's"", 'got', 'the', 'hat', 'on']","['pro:int', 'v', 'pro:sub', 'part', 'det:art', 'n', 'adv']",CHI,QN
11244,0,2858821,5752,40.000821372102095,"['you', 'do', 'that', 'up', 'his', 'pants']","['pro:per', 'v', 'det:dem', 'adv', 'det:poss', 'v']",CHI,RP
11244,0,2858828,5752,40.000821372102095,"['I', ""can't"", 'do', 'it']","['pro:sub', 'mod', 'v', 'pro:per']",CHI,ST
11244,0,2858840,5752,40.000821372102095,"['can', 'you', 'take', 'his', 'hat', 'off']","['mod', 'pro:per', 'v', 'det:poss', 'n', 'adv']",CHI,RP
11244,0,2858844,5752,40.000821372102095,"['why', 'do', 'you', 'think', 'he', 'had', 'the', 'hat', 'on']","['pro:int', 'mod', 'pro:per', 'v', 'pro:sub', 'v', 'det:art', 'n', 'adv']",KAR,QN
11244,0,2858851,5752,40.000821372102095,"['cause', 'he', 'was', 'cooking', 'something']","['n', 'pro:sub', 'aux', 'part', 'pro:indef']",CHI,SA
11244,0,2858860,5752,40.000821372102095,"['do', 'his', 'buttons', 'up']","['mod', 'det:poss', 'n', 'adv']",CHI,SA
11244,0,2858869,5752,40.000821372102095,"['does', 'the', 'grandmother', 'work']","['mod', 'det:art', 'n', 'n']",KAR,CT
11244,0,2858879,5752,40.000821372102095,"['no', 'not', 'no', 'more']","['co', 'neg', 'qn', 'pro:indef']",CHI,RD
11244,0,2858889,5752,40.000821372102095,"['you', 'gotta', 'go', 'to', 'sleep', 'now']","['pro:per', 'mod', 'v', 'inf', 'v', 'adv']",CHI,RP
11244,0,2858898,5752,40.000821372102095,['goodbye'],['co'],CHI,MK
11244,0,2858901,5752,40.000821372102095,"['oh', 'look', 'it', 'look', 'at', 'her', 'cheek']","['co', '', '', 'v', 'prep', 'det:poss', 'n']",CHI,RP
11244,0,2858910,5752,40.000821372102095,"[""what's"", 'wrong', 'with', 'it']","['pro:int', 'n', 'prep', 'pro:per']",KAR,QN
11244,0,2858922,5752,40.000821372102095,"[""it's"", 'got', 'make+up', 'on', 'it']","['pro:per', 'part', '', 'prep', 'pro:per']",CHI,SA
11244,0,2858934,5752,40.000821372102095,"[""she's"", 'gotta', 'go', 'to', 'sleep', 'in', 'own', 'bed', 'right']","['pro:sub', 'mod', 'v', 'inf', 'v', 'prep', 'adj', 'n', 'adj']",CHI,ST
11244,0,2858943,5752,40.000821372102095,"['look', 'at', 'him', 'his', 'on', 'face']","['v', 'prep', '', '', 'adv', 'n']",CHI,RP
11244,0,2858954,5752,40.000821372102095,"['what', 'about', 'the', 'face']","['pro:int', 'adv', 'det:art', 'n']",KAR,RP
11244,0,2858967,5752,40.000821372102095,['make+up'],[''],CHI,YY
11244,0,2858978,5752,40.000821372102095,"['how', 'did', 'that', 'get', 'there']","['pro:int', 'mod', 'pro:rel', 'v', 'adv']",KAR,QN
11244,0,2858983,5752,40.000821372102095,"['cause', 'she', ""can't"", 'sleep']","['n', 'pro:sub', 'mod', 'v']",CHI,ST
11244,0,2858991,5752,40.000821372102095,"['okay', ""daddy's"", 'gotta', 'go', 'to', 'work']","['co', 'n', 'mod', 'v', 'prep', 'n']",CHI,RP
11244,0,2859005,5752,40.000821372102095,"[""that's"", 'not', 'her', 'honey', 'right']","['pro:dem', 'neg', 'det:poss', 'n', 'co']",CHI,RD
11244,0,2859022,5752,40.000821372102095,"['I', ""don't"", 'know']","['pro:sub', 'mod', 'v']",KAR,ST
11244,0,2859028,5752,40.000821372102095,"['who', 'is', 'it']","['pro:int', 'cop', 'pro:per']",KAR,QN
11244,0,2859039,5752,40.000821372102095,"[""that's"", 'his', 'brother']","['pro:dem', 'det:poss', 'n']",CHI,SA
11244,0,2859049,5752,40.000821372102095,"['I', 'like', 'to', 'come', 'over']","['pro:sub', 'v', 'inf', 'v', 'adv']",CHI,ST
11244,0,2859058,5752,40.000821372102095,"['is', 'everyone', 'still', 'sleeping', 'Melissa']","['aux', 'pro:indef', 'adv', 'part', 'n:prop']",KAR,ST
11244,0,2859072,5752,40.000821372102095,"['yes', 'because', ""they're"", 'supposed', 'to', 'be']","['co', 'conj', 'pro:sub', 'part', 'inf', 'cop']",CHI,ST
11244,0,2859082,5752,40.000821372102095,"['where', 'does', 'she', 'live']","['pro:int', 'v', 'pro:sub', 'v']",KAR,QN
11244,0,2859096,5752,40.000821372102095,"['over', 'there']","['prep', 'n']",CHI,SA
11244,0,2859101,5752,40.000821372102095,"['come', 'in']","['v', 'adv']",CHI,RP
11244,0,2859106,5752,40.000821372102095,"['is', 'anybody', 'home']","['aux', 'pro:indef', 'n']",KAR,YQ
11244,0,2859114,5752,40.000821372102095,"['nope', 'gone', 'shopping']","['co', 'part', 'part']",CHI,AN
11244,0,2859122,5752,40.000821372102095,"['could', 'I', 'see', 'the', 'Christmas', 'trees']","['mod', 'pro:sub', 'v', 'det:art', 'n:prop', 'n']",CHI,RP
11244,0,2859153,5752,40.000821372102095,"[""who's"", 'in', 'the', 'house', 'Melissa']","['pro:int', 'prep', 'det:art', 'n', 'n:prop']",KAR,QN
11244,0,2859165,5752,40.000821372102095,"['all', 'those', 'kids']","['qn', 'det:dem', 'n']",CHI,SA
11244,0,2859181,5752,40.000821372102095,"[""who's"", 'outside', 'the', 'house']","['pro:int', 'prep', 'det:art', 'n']",KAR,QN
11244,0,2859190,5752,40.000821372102095,"['the', 'door', 'hafta', 'be', 'locked', 'cause', 'they', 'gotta', 'go', 'to', 'sleep']","['det:art', 'n', 'mod', 'aux', 'part', 'n', 'pro:sub', 'mod', 'v', 'inf', 'v']",CHI,SA
11244,0,2859202,5752,40.000821372102095,"['pretend', ""that's"", 'Mrs']","['adj', 'pro:rel', 'n:prop']",CHI,ED
11244,0,2859211,5752,40.000821372102095,"['Oce', 'okay']","['n:prop', 'adj']",CHI,ED
11244,0,2859229,5752,40.000821372102095,"['okay', 'Mrs']","['co', 'n:prop']",CHI,ED
11244,0,2859241,5752,40.000821372102095,"[""Oce's"", 'gone', 'baby+sitting']","['n:prop', 'part', '']",CHI,ED
11244,0,2859252,5752,40.000821372102095,"['what', 'are', 'those', 'people', 'going', 'to', 'do']","['pro:int', 'cop', 'det:dem', 'n', 'part', 'inf', 'v']",KAR,QN
11244,0,2859264,5752,40.000821372102095,"[""she's"", 'done', 'school']","['pro:sub', 'part', 'n']",CHI,SA
11244,0,2859270,5752,40.000821372102095,"[""she's"", 'done', 'school']","['pro:sub', 'part', 'n']",CHI,ST
11244,0,2859282,5752,40.000821372102095,"['go', 'get', 'the', 'baby']","['v', 'v', 'det:art', 'n']",CHI,RP
11244,0,2859297,5752,40.000821372102095,"['I', 'gotta', 'go', 'the', 'bath+room', 'okay']","['pro:sub', 'mod', 'v', 'det:art', '', 'adj']",CHI,AD
11244,0,2859308,5752,40.000821372102095,"['nah', 'not', 'gonna', 'be', 'the', 'this', 'is', 'not', 'gonna', 'be', 'your', 'husband', 'okay']","['co', 'neg', 'part', 'cop', '', 'pro:dem', 'cop', 'neg', 'part', 'cop', 'det:poss', 'n', 'adj']",CHI,AN
11244,0,2859327,5752,40.000821372102095,"['water', 'in', 'his', 'mouth']","['n', 'prep', 'det:poss', 'n']",CHI,ST
11244,0,2859338,5752,40.000821372102095,"['what', 'are', 'these', 'people', 'doing']","['pro:int', 'cop', 'det:dem', 'n', 'part']",KAR,QN
11244,0,2859349,5752,40.000821372102095,['going'],['part'],CHI,SA
11244,0,2859359,5752,40.000821372102095,"[""what's"", 'on', 'the', ""woman's"", 'shoulder']","['pro:int', 'prep', 'det:art', 'adj', 'n']",KAR,QN
11244,0,2859372,5752,40.000821372102095,"['a', 'purse']","['det:art', 'n']",CHI,SA
11244,0,2859386,5752,40.000821372102095,"[""that's"", 'the', 'other', ""doll's"", 'house']","['pro:dem', 'det:art', 'qn', 'adj', 'n']",CHI,ST
11244,0,2859399,5752,40.000821372102095,"['hello', 'baby']","['co', 'n']",CHI,MK
11244,0,2859412,5752,40.000821372102095,"['daddy', 'coming', 'to', 'pick', 'you', 'up']","['n', 'part', 'inf', 'v', 'pro:per', 'adv']",CHI,ST
11244,0,2859426,5752,40.000821372102095,"['hold', ""daddy's"", 'hand']","['n', 'adj', 'n']",CHI,ST
11244,0,2859440,5752,40.000821372102095,"['going', 'to', ""daddy's""]","['part', 'prep', 'adj']",CHI,ST
11244,0,2859459,5752,40.000821372102095,"['she', 'wants', 'to', 'bring', 'her', 'doll']","['pro:sub', 'v', 'inf', 'v', 'det:poss', 'n']",CHI,ST
11244,0,2859477,5752,40.000821372102095,"[""she's"", 'got', 'a', 'doll']","['pro:sub', 'part', 'det:art', 'n']",CHI,ST
11244,0,2859489,5752,40.000821372102095,"['she', 'got', 'doll', 'at', 'her', ""grandma's""]","['pro:sub', 'v', 'n', 'prep', 'det:poss', 'adj']",CHI,ST
11244,0,2859501,5752,40.000821372102095,"['what', 'are', 'we', 'going', 'to', 'do', 'now']","['pro:int', 'cop', 'pro:sub', 'part', 'inf', 'v', 'adv']",KAR,QN
11244,0,2859518,5752,40.000821372102095,"['her', 'daddy', 'hafta', 'bring', 'it', 'tomorrow']","['det:poss', 'n', 'mod', 'v', 'pro:per', 'adv:tem']",CHI,SA
11244,0,2859528,5752,40.000821372102095,"[""what's"", 'she', 'gonna', 'do']","['pro:int', 'pro:sub', 'part', 'v']",CHI,QN
11244,0,2859546,5752,40.000821372102095,"['you', 'know', 'what']","['pro:per', 'v', 'pro:int']",CHI,QN
11244,0,2859560,5752,40.000821372102095,"[""Randy's"", 'home']","['adj', 'n']",CHI,SA
11244,0,2859571,5752,40.000821372102095,"['wanna', 'play', 'the', 'game']","['v', 'v', 'det:art', 'n']",RAN,RQ
11244,0,2859584,5752,40.000821372102095,"['you', 'gotta', 'play', 'with', 'this', 'one', 'okay']","['pro:per', 'mod', 'v', 'prep', 'det:dem', 'pro:indef', 'adj']",CHI,AD
11244,0,2859609,5752,40.000821372102095,"['you', 'win', 'you', 'win']","['pro:per', 'v', 'pro:per', 'v']",CHI,ST
11244,0,2859631,5752,40.000821372102095,"['wanna', 'put', 'these', 'dolls', 'away']","['v', 'part', 'det:dem', 'n', 'adv']",CHI,SI
11244,0,2859651,5752,40.000821372102095,"['you', 'gotta', 'play', 'with', 'me']","['pro:per', 'mod', 'v', 'prep', 'pro:obj']",CHI,RP
11244,0,2859664,5752,40.000821372102095,"['why', ""don't"", 'we', 'all', 'play']","['pro:int', 'mod', 'pro:sub', 'post', 'n']",KAR,RP
11244,0,2859679,5752,40.000821372102095,"['me', 'too']","['pro:obj', 'adv']",CHI,RP
11244,0,2859690,5752,40.000821372102095,"['look', 'five', 'fifty', 'dollars']","['v', 'det:num', 'det:num', 'n']",CHI,RP
11244,0,2859700,5752,40.000821372102095,"['put', 'it', 'beside', 'the', 'tv', 'okay']","['v', 'pro:per', 'prep', 'det:art', 'n', 'adj']",KAR,RP
11244,0,2859712,5752,40.000821372102095,"['right', 'here']","['adv', 'adv']",CHI,RP
11244,0,2859725,5752,40.000821372102095,"['beside', 'the', 'tv']","['prep', 'det:art', 'n']",KAR,ST
11244,0,2859742,5752,40.000821372102095,['where'],['pro:rel'],CHI,QN
11244,0,2859754,5752,40.000821372102095,"['beside', 'the', 'tv']","['prep', 'det:art', 'n']",KAR,SA
11244,0,2859765,5752,40.000821372102095,"['like', 'that']","['prep', 'pro:dem']",CHI,YY
11244,0,2859777,5752,40.000821372102095,"['you', 'can', 'have', 'these']","['pro:per', 'mod', 'v', 'pro:dem']",CHI,YY
11244,0,2859790,5752,40.000821372102095,"['are', 'we', 'gonna', 'have', 'soup', 'for', 'supper']","['cop', 'pro:sub', 'part', 'v', 'n', 'prep', 'n']",CHI,SI
11244,0,2859805,5752,40.000821372102095,"['are', 'we', 'gonna', 'eat', 'soup', 'for', 'supper']","['cop', 'pro:sub', 'part', 'v', 'n', 'prep', 'n']",CHI,SI
11244,0,2859831,5752,40.000821372102095,"['does', 'she', 'live', 'here']","['mod', 'pro:sub', 'v', 'adv']",CHI,SI
11244,0,2859841,5752,40.000821372102095,"['where', 'does', 'she', 'sleep']","['pro:int', 'v', 'pro:sub', 'v']",CHI,QN
11244,0,2859859,5752,40.000821372102095,['upstairs'],['adv'],RAN,SA
11244,0,2859870,5752,40.000821372102095,"['could', 'I', 'see']","['mod', 'pro:sub', 'v']",CHI,RP
11244,0,2859889,5752,40.000821372102095,"['push', 'it', 'in', 'there']","['v', 'pro:per', 'prep', 'n']",KAR,RP
11244,0,2859901,5752,40.000821372102095,"['push', 'it', 'here', 'right']","['v', 'pro:per', 'adv', 'adj']",CHI,SI
11244,0,2859913,5752,40.000821372102095,"['that', 'goes', 'inside', 'here']","['pro:rel', 'v', 'prep', 'n']",CHI,SI
11244,0,2859924,5752,40.000821372102095,"['want', 'me', 'push', 'this', 'hard']","['v', 'pro:obj', 'v', 'det:dem', 'adj']",CHI,RP
11244,0,2859940,5752,40.000821372102095,"['push', 'this', 'in', 'here']","['v', 'pro:dem', 'prep', 'n']",CHI,RP
11244,0,2859952,5752,40.000821372102095,"[""what's"", 'this']","['pro:int', 'pro:dem']",CHI,QN
11244,0,2859966,5752,40.000821372102095,"[""it's"", 'to', 'keep', 'score']","['pro:per', 'inf', 'v', 'n']",KAR,SA
11244,0,2859981,5752,40.000821372102095,"['you', 'gotta', 'keep', 'this', 'in', 'here']","['pro:per', 'mod', 'v', 'det:dem', 'prep', 'n']",CHI,RP
11244,0,2859994,5752,40.000821372102095,"[""where's"", 'the', 'box', 'for', 'the', 'game', 'Melissa']","['pro:int', 'det:art', 'n', 'prep', 'det:art', 'n', 'n:prop']",KAR,QN
11244,0,2860014,5752,40.000821372102095,['where'],['pro:rel'],CHI,QN
11244,0,2860028,5752,40.000821372102095,['here'],['adv'],CHI,SA
11244,0,2860039,5752,40.000821372102095,"['what', 'color', 'is', 'this']","['pro:int', 'n', 'cop', 'pro:dem']",KAR,QN
11244,0,2860053,5752,40.000821372102095,"['I', ""don't"", 'know', 'red']","['pro:sub', 'mod', 'v', 'n']",CHI,SA
11244,0,2860070,5752,40.000821372102095,"['where', 'do', 'you', 'live', 'Melissa']","['pro:int', 'mod', 'pro:per', 'v', 'n:prop']",KAR,QN
11244,0,2860084,5752,40.000821372102095,"['I', 'live', 'at', 'my', 'house']","['pro:sub', 'v', 'prep', 'det:poss', 'n']",CHI,SA
11244,0,2860097,5752,40.000821372102095,"['where', 'is', 'your', 'house']","['pro:int', 'cop', 'det:poss', 'n']",KAR,QN
11244,0,2860124,5752,40.000821372102095,"[""where's"", 'my', 'house']","['pro:int', 'det:poss', 'n']",CHI,QN
11244,0,2860139,5752,40.000821372102095,"['right', 'down', 'Tecumseh']","['adv', 'prep', 'n:prop']",CHI,SA
11244,0,2860151,5752,40.000821372102095,"[""where's"", 'your', 'house']","['pro:int', 'det:poss', 'n']",CHI,QN
11244,0,2860162,5752,40.000821372102095,"[""where's"", 'your', 'mother']","['pro:int', 'det:poss', 'n']",KAR,QN
11244,0,2860175,5752,40.000821372102095,"['at', 'work']","['prep', 'n']",CHI,SA
11244,0,2860191,5752,40.000821372102095,"[""what's"", 'she', 'doing', 'there']","['pro:int', 'pro:sub', 'part', 'adv']",KAR,AP
11244,0,2860204,5752,40.000821372102095,"['cause', 'she', 'wants', 'to']","['n', 'pro:sub', 'v', 'inf']",CHI,ST
11244,0,2860218,5752,40.000821372102095,"['one', 'for', 'you']","['pro:indef', 'prep', 'pro:per']",CHI,ST
11244,0,2860230,5752,40.000821372102095,"[""what's"", 'on', 'the', 'bottom', 'of', 'your', 'shoes']","['pro:int', 'prep', 'det:art', 'n', 'prep', 'det:poss', 'n']",KAR,QN
11244,0,2860245,5752,40.000821372102095,['these'],['pro:dem'],CHI,SA
11244,0,2860257,5752,40.000821372102095,['yes'],['co'],KAR,AP
11244,0,2860270,5752,40.000821372102095,['ties'],['n'],CHI,YY
11244,0,2860279,5752,40.000821372102095,"['what', 'game']","['pro:int', 'n']",KAR,QN
11244,0,2860294,5752,40.000821372102095,"['this', 'one']","['pro:dem', 'pro:indef']",CHI,SA
11244,0,2860310,5752,40.000821372102095,"[""what's"", 'it', 'called']","['pro:int', 'pro:per', 'v']",KAR,QN
11244,0,2860323,5752,40.000821372102095,"['your', 'game']","['det:poss', 'n']",CHI,SA
11244,0,2860334,5752,40.000821372102095,"['where', 'did', 'you', 'get', 'the', 'game']","['pro:int', 'mod', 'pro:per', 'v', 'det:art', 'n']",KAR,QN
11244,0,2860356,5752,40.000821372102095,"['from', 'his', 'bed+room']","['prep', 'det:poss', '']",CHI,SA
11244,0,2860369,5752,40.000821372102095,"['are', 'you', 'gonna', 'do', 'you', 'have', 'Christmas', 'trees', 'here']","['', '', '', 'mod', 'pro:per', 'v', 'n:prop', 'n', 'adv']",CHI,TO
11244,0,2860378,5752,40.000821372102095,"['not', 'yet']","['neg', 'adv']",KAR,PF
11244,0,2860394,5752,40.000821372102095,"['not', 'in', 'the', 'house']","['neg', 'prep', 'det:art', 'n']",KAR,PF
11244,0,2860403,5752,40.000821372102095,"[""there's"", 'no', 'one', 'in', 'the', 'house']","['pro:exist', 'qn', 'pro:indef', 'prep', 'det:art', 'n']",CHI,ST
11244,0,2860422,5752,40.000821372102095,"[""there's"", 'what']","['pro:exist', 'pro:int']",KAR,AC
11244,0,2860434,5752,40.000821372102095,"[""there's"", 'no', 'not', 'one', 'in', 'the', 'house']","['', '', 'neg', 'pro:indef', 'prep', 'det:art', 'n']",CHI,RD
11244,0,2860450,5752,40.000821372102095,"['what', 'is', 'Santa', 'Claus', 'going', 'to', 'bring', 'you']","['pro:int', 'cop', 'n:prop', 'n:prop', 'part', 'inf', 'v', 'pro:per']",KAR,QN
11244,0,2860467,5752,40.000821372102095,['toys'],['n'],CHI,SA
11244,0,2860480,5752,40.000821372102095,"['what', 'kind']","['pro:int', 'n']",KAR,QN
11244,0,2860497,5752,40.000821372102095,"['dolls', 'telephones']","['n', 'v']",CHI,SA
11244,0,2860519,5752,40.000821372102095,"['think', ""that's"", 'funny']","['v', 'pro:dem', 'adj']",CHI,DW
11244,0,2860532,5752,40.000821372102095,"[""you're"", 'not', 'gonna', 'tell', 'me', 'my', 'mother', 'okay']","['pro:per', 'neg', 'part', 'v', 'pro:obj', 'det:poss', 'n', 'adj']",CHI,ST
11244,0,2860547,5752,40.000821372102095,"['Randy', 'works', 'where', 'your', 'mother', 'works']","['n:prop', 'v', 'pro:rel', 'det:poss', 'n', 'n']",KAR,QN
11244,0,2860564,5752,40.000821372102095,"['do', 'you', 'work', 'at', 'the', 'the', 'star']","['mod', 'pro:per', 'v', 'prep', '', 'det:art', 'n']",CHI,SA
11244,0,2860579,5752,40.000821372102095,"['yes', 'he', 'does']","['co', 'pro:sub', 'v']",KAR,AP
11244,0,2860593,5752,40.000821372102095,"['I', 'saw', 'you', 'there']","['pro:sub', 'v', 'pro:per', 'adv']",CHI,ST
11244,0,2860607,5752,40.000821372102095,['when'],['pro:rel'],KAR,QN
11244,0,2860623,5752,40.000821372102095,"['when', 'I', 'picked', 'my', 'mom', 'up']","['conj', 'pro:sub', 'v', 'det:poss', 'n', 'adv']",CHI,SI
11244,0,2860641,5752,40.000821372102095,"[""I'm"", 'gonna', 'get', 'a', 'lots_of', 'toys']","['pro:sub', 'part', 'v', 'det:art', 'qn', 'n']",CHI,SI
11245,0,2857886,5755,29.00059549477401,"['when', 'we', 'push', 'the', 'buttons']","['conj', 'pro:sub', 'v', 'det:art', 'n']",CLI,QN
11245,0,2857896,5755,29.00059549477401,"['those', 'ones']","['pro:dem', 'n']",CHI,SA
11245,0,2857906,5755,29.00059549477401,['pardon'],['n'],CLI,DW
11245,0,2857926,5755,29.00059549477401,"['those', 'ones', 'that', 'one']","['', '', 'det:dem', 'pro:indef']",CHI,SA
11245,0,2857939,5755,29.00059549477401,"['no', ""don't"", 'push', 'that', 'one']","['co', 'mod', 'v', 'det:dem', 'pro:indef']",CLI,YQ
11245,0,2857964,5755,29.00059549477401,"['have', 'a', 'xxx']","['v', 'det:art', '']",CHI,YY
11245,0,2857972,5755,29.00059549477401,['pardon'],['n'],CLI,YY
11245,0,2857996,5755,29.00059549477401,['xxx'],[''],CHI,YY
11245,0,2858004,5755,29.00059549477401,"['I', 'do', 'one']","['pro:sub', 'v', 'pro:indef']",CHI,YY
11245,0,2858009,5755,29.00059549477401,"['that', 'one']","['det:dem', 'pro:indef']",CHI,YY
11245,0,2858015,5755,29.00059549477401,"[""where's"", 'your', 'tape', 'recorder']","['pro:int', 'det:poss', 'n', 'n']",CLI,QN
11245,0,2858025,5755,29.00059549477401,"['oh', 'I', 'lost', 'my', 'tape']","['co', 'pro:sub', 'v', 'det:poss', 'n']",CHI,ST
11245,0,2858056,5755,29.00059549477401,"['I', 'gotta', 'get', 'one']","['pro:sub', 'mod', 'v', 'pro:indef']",CHI,RP
11245,0,2858064,5755,29.00059549477401,"['okay', 'well', 'bring', 'your', 'tape', 'up', 'here']","['co', 'n', 'v', 'det:poss', 'n', 'prep', 'n']",CLI,RP
11245,0,2858072,5755,29.00059549477401,"['okay', 'okay', 'okay', 'up', 'here']","['co', 'co', 'co', 'prep', 'n']",CHI,AD
11245,0,2858084,5755,29.00059549477401,"['hafta', 'sit', 'down', 'see']","['mod', 'v', 'adv', 'v']",CHI,RP
11245,0,2858092,5755,29.00059549477401,"[""let's"", 'sit', 'down']","['v', 'v', 'adv']",CHI,RP
11245,0,2858101,5755,29.00059549477401,"['I', 'sit', 'here']","['pro:sub', 'v', 'adv']",CHI,SI
11245,0,2858109,5755,29.00059549477401,"[""that's"", 'my', 'house', 'up', 'there']","['pro:dem', 'det:poss', 'n', 'prep', 'n']",CHI,ST
11245,0,2858115,5755,29.00059549477401,"['you', 'crazy']","['pro:per', 'adj']",CHI,ST
11245,0,2858121,5755,29.00059549477401,"[""don't"", 'push', 'that']","['mod', 'v', 'pro:dem']",CHI,RP
11245,0,2858127,5755,29.00059549477401,"['well', ""I've"", 'got', 'to', 'push', 'this', 'one', 'too']","['n', 'pro:sub', 'part', 'inf', 'v', 'det:dem', 'pro:indef', 'post']",CLI,ST
11245,0,2858132,5755,29.00059549477401,"['oops', 'wrong', 'one']","['co', 'v', 'pro:indef']",CLI,MK
11245,0,2858140,5755,29.00059549477401,"['just', 'a', 'minute']","['adv', 'det:art', 'n']",CLI,RP
11245,0,2858147,5755,29.00059549477401,"[""I've"", 'got', 'two', 'of', 'them']","['pro:sub', 'part', 'det:num', 'prep', 'pro:obj']",CHI,ST
11245,0,2858153,5755,29.00059549477401,"['one', 'xxx']","['det:num', '']",CHI,YY
11245,0,2858160,5755,29.00059549477401,"['uh', 'hey', ""don't"", 'push', 'that', 'one']","['', 'co', 'mod', 'v', 'det:dem', 'pro:indef']",CHI,RP
11245,0,2858166,5755,29.00059549477401,"['you', 'hafta', 'rewind', 'it', 'first']","['pro:per', 'mod', 'v', 'pro:per', 'adv']",CLI,ST
11245,0,2858173,5755,29.00059549477401,"['my', 'ladder']","['det:poss', 'n']",CHI,ST
11245,0,2858180,5755,29.00059549477401,"[""that's"", 'your', 'ladder', 'yes']","['pro:dem', 'det:poss', 'n', 'co']",CLI,AP
11245,0,2858197,5755,29.00059549477401,"['who', 'take', 'my', 'tape', 'recorder']","['pro:rel', 'v', 'det:poss', 'n', 'n']",CHI,QN
11245,0,2858206,5755,29.00059549477401,"['what', 'else', 'do', 'you', 'have', 'in', 'there']","['pro:int', 'post', 'v', 'pro:per', 'v', 'prep', 'n']",CLI,QN
11245,0,2858214,5755,29.00059549477401,"['a', 'big', 'door']","['det:art', 'adj', 'n']",CHI,SA
11245,0,2858218,5755,29.00059549477401,"['right', 'there']","['adv', 'adv']",CHI,SA
11245,0,2858226,5755,29.00059549477401,"[""that's"", 'a', 'door']","['pro:dem', 'det:art', 'n']",CHI,ST
11245,0,2858232,5755,29.00059549477401,"[""here's"", 'the', 'ladder']","['pro:exist', 'det:art', 'n']",CHI,ST
11245,0,2858240,5755,29.00059549477401,['uhhuh'],['co'],CLI,AC
11245,0,2858248,5755,29.00059549477401,"['this', 'goes', 'in']","['pro:dem', 'v', 'adv']",CHI,SI
11245,0,2858257,5755,29.00059549477401,"['that', 'goes', 'in']","['pro:rel', 'v', 'adv']",CHI,SI
11245,0,2858268,5755,29.00059549477401,"['goes', 'in', 'like', 'that', 'does', 'it']","['v', 'adv', 'prep', 'pro:dem', 'mod', 'pro:per']",CLI,SI
11245,0,2858277,5755,29.00059549477401,['right'],['co'],CLI,QN
11245,0,2858284,5755,29.00059549477401,"[""here's"", 'a', 'girl']","['pro:exist', 'det:art', 'n']",CHI,SA
11245,0,2858289,5755,29.00059549477401,"[""that's"", 'a', 'girl']","['pro:dem', 'det:art', 'n']",CHI,SA
11245,0,2858296,5755,29.00059549477401,"[""that's"", 'a', 'girl']","['pro:dem', 'det:art', 'n']",CLI,CT
11245,0,2858305,5755,29.00059549477401,"['yes', 'yes', 'it', 'is']","['co', 'co', 'pro:per', 'cop']",CHI,AP
11245,0,2858314,5755,29.00059549477401,['uhhuh'],['co'],CLI,AP
11245,0,2858322,5755,29.00059549477401,['yeah'],['co'],CHI,AC
11245,0,2858326,5755,29.00059549477401,"['that', 'a', 'dog', 'there']","['comp', 'det:art', 'n', 'adv']",CHI,ST
11245,0,2858333,5755,29.00059549477401,['where'],['pro:rel'],CLI,QN
11245,0,2858341,5755,29.00059549477401,"['oh', ""you're"", 'right']","['co', 'pro:per', 'co']",CLI,MK
11245,0,2858348,5755,29.00059549477401,"['it', 'is', ""isn't"", 'it']","['pro:per', 'cop', 'cop', 'pro:per']",CLI,ST
11245,0,2858357,5755,29.00059549477401,"['I', ""hadn't"", 'seen', 'that', 'before']","['pro:sub', 'aux', 'part', 'pro:dem', 'adv']",CLI,ST
11245,0,2858367,5755,29.00059549477401,['yeah'],['co'],CHI,AC
11245,0,2858374,5755,29.00059549477401,"[""that's"", 'a', 'dog']","['pro:dem', 'det:art', 'n']",CHI,ST
11245,0,2858381,5755,29.00059549477401,"['this', 'goes', 'on', 'there']","['pro:dem', 'v', 'prep', 'n']",CHI,ST
11245,0,2858392,5755,29.00059549477401,"['yeah', 'yeah']","['co', 'co']",CHI,XA
11245,0,2858401,5755,29.00059549477401,"[""that's"", 'a', 'seat']","['pro:dem', 'det:art', 'n']",CHI,ST
11245,0,2858410,5755,29.00059549477401,"[""what's"", 'over', 'there']","['pro:int', 'prep', 'n']",CHI,QN
11245,0,2858421,5755,29.00059549477401,"['I', ""don't"", 'know']","['pro:sub', 'mod', 'v']",CLI,SA
11245,0,2858432,5755,29.00059549477401,"['no', 'girls']","['qn', 'n']",CHI,DW
11245,0,2858440,5755,29.00059549477401,"['no', 'more', 'girls']","['qn', 'qn', 'n']",CHI,YY
11245,0,2858450,5755,29.00059549477401,['girls'],['n'],CHI,YY
11245,0,2858459,5755,29.00059549477401,"[""that's"", 'a', 'chair']","['pro:dem', 'det:art', 'n']",CHI,ST
11245,0,2858472,5755,29.00059549477401,"[""where's"", 'a', 'chair']","['pro:int', 'det:art', 'n']",CHI,QN
11245,0,2858479,5755,29.00059549477401,"[""here's"", 'one']","['pro:exist', 'pro:indef']",CHI,TO
11245,0,2858487,5755,29.00059549477401,"[""here's"", 'another', 'one']","['pro:exist', 'qn', 'pro:indef']",CLI,TO
11245,0,2858495,5755,29.00059549477401,"['what', 'happened', 'to', 'all', 'the', 'rest', 'of', 'them']","['pro:int', 'v', 'prep', 'qn', 'det:art', 'n', 'prep', 'pro:obj']",CLI,QN
11245,0,2858505,5755,29.00059549477401,"['I', ""don't"", 'know']","['pro:sub', 'mod', 'v']",CHI,SA
11245,0,2858516,5755,29.00059549477401,"['I', ""don't"", 'know']","['pro:sub', 'mod', 'v']",CHI,SA
11245,0,2858541,5755,29.00059549477401,"['this', 'the', 'slide']","['pro:dem', 'det:art', 'n']",CHI,SA
11245,0,2858558,5755,29.00059549477401,['yeah'],['co'],CLI,AP
11245,0,2858565,5755,29.00059549477401,"['let', 'me', 'see', 'them', 'on', 'the', 'slide', 'then']","['v', 'pro:obj', 'v', 'pro:obj', 'prep', 'det:art', 'n', 'adv:tem']",CLI,RP
11245,0,2858575,5755,29.00059549477401,"['okay', ""that's"", 'the', 'slide']","['co', 'pro:dem', 'det:art', 'n']",CHI,AD
11245,0,2858584,5755,29.00059549477401,['uhhuh'],['co'],CLI,AC
11245,0,2858593,5755,29.00059549477401,"['this', 'wants', 'to', 'go', 'down']","['pro:dem', 'v', 'inf', 'v', 'adv']",CHI,ST
11245,0,2858602,5755,29.00059549477401,"['this', 'one']","['pro:dem', 'pro:indef']",CHI,ST
11245,0,2858610,5755,29.00059549477401,"['yep', ""let's"", 'go', 'down', 'the', 'slide']","['co', 'v', 'v', 'adv', 'det:art', 'n']",CHI,RP
11245,0,2858619,5755,29.00059549477401,"[""let's"", 'go', 'up', 'the', 'steps']","['v', 'v', 'adv', 'det:art', 'n']",CHI,RP
11245,0,2858626,5755,29.00059549477401,"['go', 'up']","['v', 'adv']",CHI,RP
11245,0,2858632,5755,29.00059549477401,"['whee', 'sliding', 'down']","['co', 'part', 'adv']",CHI,ET
11245,0,2858639,5755,29.00059549477401,"['he', 'wants', 'a', 'ride']","['pro:sub', 'v', 'det:art', 'n']",CHI,ST
11245,0,2858655,5755,29.00059549477401,"['push', 'him']","['v', 'pro:obj']",CHI,RP
11245,0,2858663,5755,29.00059549477401,"['you', 'go', 'up', 'here', 'here']","['pro:per', 'v', 'prep', 'n', 'adv']",CHI,TO
11245,0,2858670,5755,29.00059549477401,"['you', 'and', 'me']","['pro:per', 'coord', 'pro:obj']",CHI,YY
11245,0,2858679,5755,29.00059549477401,"['got', 'a', 'plate', 'in', 'there']","['v', 'det:art', 'n', 'prep', 'n']",CHI,ST
11245,0,2858687,5755,29.00059549477401,"[""there's"", 'a', 'plate']","['pro:exist', 'det:art', 'n']",CHI,ST
11245,0,2858701,5755,29.00059549477401,"['come', 'on']","['v', 'adv']",CHI,RP
11245,0,2858713,5755,29.00059549477401,"['puppy', 'wants', 'a', 'cracker']","['n', 'v', 'det:art', 'n']",CHI,ST
11245,0,2858722,5755,29.00059549477401,"['he', 'wants', 'this', 'off']","['pro:sub', 'v', 'pro:dem', 'prep']",CHI,ST
11245,0,2858729,5755,29.00059549477401,"['he', 'wants', 'it', 'off']","['pro:sub', 'v', 'pro:per', 'adv']",CLI,AP
11245,0,2858736,5755,29.00059549477401,"['does', 'it', 'come', 'off']","['mod', 'pro:per', 'v', 'adv']",CLI,RP
11245,0,2858749,5755,29.00059549477401,"['I', ""don't"", 'think', 'it', 'does']","['pro:sub', 'mod', 'v', 'pro:per', 'mod']",CLI,PF
11245,0,2858757,5755,29.00059549477401,"[""you'll"", 'break', 'it', 'if', 'you', 'take', 'it', 'off']","['pro:per', 'v', 'pro:per', 'conj', 'pro:per', 'v', 'pro:per', 'adv']",CLI,GR
11245,0,2858767,5755,29.00059549477401,"['is', 'that', ""Trevor's""]","['cop', 'comp', 'adj']",CLI,EC
11245,0,2858775,5755,29.00059549477401,['mine'],['pro:poss'],CHI,EC
11245,0,2858788,5755,29.00059549477401,"[""what's"", 'the', 'dog', 'doing']","['pro:int', 'det:art', 'n', 'part']",CLI,QN
11245,0,2858792,5755,29.00059549477401,"[""that's"", 'a', 'dog']","['pro:dem', 'det:art', 'n']",CHI,SA
11245,0,2858804,5755,29.00059549477401,['yes'],['co'],CLI,AP
11245,0,2858811,5755,29.00059549477401,"[""where's"", 'the', 'dog', 'sitting']","['pro:int', 'det:art', 'n', 'part']",CLI,QN
11245,0,2858820,5755,29.00059549477401,['here'],['adv'],CHI,SA
11245,0,2858825,5755,29.00059549477401,"['right', 'there', 'and', ""what's"", 'this']","['adv', 'adv', 'coord', 'pro:int', 'pro:dem']",CLI,AP
11245,0,2858836,5755,29.00059549477401,"['do', 'you', 'know', 'what', 'this', 'is']","['mod', 'pro:per', 'v', 'pro:int', 'det:dem', 'cop']",CLI,QN
11245,0,2858845,5755,29.00059549477401,"[""that's"", 'a', 'door']","['pro:dem', 'det:art', 'n']",CHI,SA
11245,0,2858854,5755,29.00059549477401,"['kind', 'of', 'like', 'a', 'door']","['adj', 'prep', 'co', 'det:art', 'n']",CLI,AP
11245,0,2858861,5755,29.00059549477401,"[""it's"", 'called', 'a', 'gate', 'though']","['pro:per', 'part', 'det:art', 'n', 'adv']",CLI,SA
11245,0,2858874,5755,29.00059549477401,"[""it's"", 'called', 'a', 'gate', 'not', 'a', 'door']","['pro:per', 'part', 'det:art', 'n', 'neg', 'det:art', 'n']",CHI,DW
11245,0,2858883,5755,29.00059549477401,"['a', 'gate']","['det:art', 'n']",CHI,SA
11245,0,2858896,5755,29.00059549477401,"['hey', ""what's"", 'this']","['co', 'pro:int', 'pro:dem']",CLI,QN
11245,0,2858911,5755,29.00059549477401,"['a', 'mouse']","['det:art', 'n']",CHI,SA
11245,0,2858946,5755,29.00059549477401,"[""that's"", 'a', 'mouse']","['pro:dem', 'det:art', 'n']",CLI,AP
11245,0,2858961,5755,29.00059549477401,"[""what's"", 'that', 'one']","['pro:int', 'det:dem', 'pro:indef']",CLI,QN
11245,0,2858975,5755,29.00059549477401,"[""I'm"", 'going', 'to', 'take', 'it', 'off']","['pro:sub', 'part', 'inf', 'v', 'pro:per', 'adv']",CHI,SA
11245,0,2858985,5755,29.00059549477401,"[""you'll"", 'get', 'cold', 'then']","['pro:per', 'v', 'adv', 'adv:tem']",CLI,RP
11245,0,2858992,5755,29.00059549477401,"['I', 'want', 'that', 'one', 'on']","['pro:sub', 'v', 'comp', 'det:num', 'adv']",CHI,ST
11245,0,2859003,5755,29.00059549477401,"['that', ""one's"", 'too', 'big', 'for', 'you']","['comp', 'pro:indef', 'adv', 'adj', 'prep', 'pro:per']",CLI,ST
11245,0,2859016,5755,29.00059549477401,"[""that's"", 'mine']","['pro:dem', 'pro:poss']",CHI,ST
11245,0,2859025,5755,29.00059549477401,"[""that's"", ""Mommy's""]","['pro:dem', 'adj']",CLI,AP
11245,0,2859031,5755,29.00059549477401,"[""that's"", ""that's"", 'yours']","['', 'pro:dem', 'pro:poss']",CHI,RT
11245,0,2859040,5755,29.00059549477401,"[""there's"", 'the', 'baby']","['pro:exist', 'det:art', 'n']",CHI,YY
11245,0,2859051,5755,29.00059549477401,['baby'],['n'],CHI,YY
11245,0,2859064,5755,29.00059549477401,"['hi', 'baby']","['co', 'n']",CHI,YY
11245,0,2859076,5755,29.00059549477401,"['that', 'goes', 'to', 'sleep']","['pro:rel', 'v', 'inf', 'v']",CHI,SI
11245,0,2859091,5755,29.00059549477401,"['I', 'put', 'this', 'down']","['pro:sub', 'v', 'pro:dem', 'adv']",CHI,SI
11245,0,2859104,5755,29.00059549477401,"['I', 'want', 'that', 'one']","['pro:sub', 'v', 'det:dem', 'pro:indef']",CHI,ST
11245,0,2859112,5755,29.00059549477401,['yes'],['co'],CLI,AP
11245,0,2859118,5755,29.00059549477401,"['hello', 'what', 'is', 'this']","['co', 'pro:int', 'cop', 'pro:dem']",CHI,QN
11245,0,2859129,5755,29.00059549477401,"['this', ""don't"", 'go', 'there']","['pro:dem', 'mod', 'v', 'adv']",CHI,SA
11245,0,2859137,5755,29.00059549477401,"[""where's"", 'my', 'babies']","['pro:int', 'det:poss', 'n']",CHI,QN
11245,0,2859145,5755,29.00059549477401,"[""where's"", 'what']","['pro:int', 'pro:int']",CLI,QN
11245,0,2859151,5755,29.00059549477401,"['my', 'babies']","['det:poss', 'n']",CHI,SA
11245,0,2859160,5755,29.00059549477401,"['I', ""don't"", 'know']","['pro:sub', 'mod', 'v']",CLI,SA
11245,0,2859171,5755,29.00059549477401,"['where', 'are', 'your', 'babies']","['pro:int', 'cop', 'det:poss', 'n']",CLI,QN
11245,0,2859178,5755,29.00059549477401,"['in', 'my', 'room']","['prep', 'det:poss', 'n']",CHI,SA
11245,0,2859187,5755,29.00059549477401,"['what', 'are', 'they', 'doing', 'there']","['pro:int', 'cop', 'pro:sub', 'part', 'adv']",CLI,AP
11245,0,2859200,5755,29.00059549477401,"['in', 'my', 'room']","['prep', 'det:poss', 'n']",CHI,YY
11245,0,2859207,5755,29.00059549477401,"['in', 'my', 'house']","['prep', 'det:poss', 'n']",CHI,YY
11245,0,2859217,5755,29.00059549477401,"['my', 'house']","['det:poss', 'n']",CHI,YY
11245,0,2859227,5755,29.00059549477401,"['in', 'your', 'house']","['prep', 'det:poss', 'n']",CLI,AC
11245,0,2859238,5755,29.00059549477401,"[""there's"", 'a', 'house']","['pro:exist', 'det:art', 'n']",CHI,ST
11245,0,2859249,5755,29.00059549477401,"[""that's"", 'just', 'a', 'bucket', 'to', 'hold', 'the', 'stuff', 'in']","['pro:dem', 'adv', 'det:art', 'n', 'inf', 'v', 'det:art', 'n', 'adv']",CLI,CT
11245,0,2859260,5755,29.00059549477401,"[""that's"", 'a', 'house']","['pro:dem', 'det:art', 'n']",CHI,RT
11245,0,2859267,5755,29.00059549477401,"[""that's"", 'a', 'xxx', 'look', 'it']","['pro:dem', 'det:art', '', 'co', 'pro:per']",CHI,RP
11245,0,2859276,5755,29.00059549477401,"['we', 'go', 'out', 'shopping']","['pro:sub', 'v', 'adv', 'part']",CHI,SI
11245,0,2859296,5755,29.00059549477401,"['go', 'out', 'shopping']","['v', 'adv', 'part']",CLI,SS
11245,0,2859309,5755,29.00059549477401,"['not', 'right', 'now', ""it's"", 'snowing', 'out']","['neg', 'adv', 'adv', 'pro:per', 'part', 'adv']",CLI,ST
11245,0,2859331,5755,29.00059549477401,"['see', 'the', 'snow']","['v', 'det:art', 'n']",CLI,RP
11245,0,2859343,5755,29.00059549477401,"['we', 'go', 'outside']","['pro:sub', 'v', 'adv']",CHI,CS
11245,0,2859354,5755,29.00059549477401,"['in', 'a', 'little', 'while']","['prep', 'det:art', 'adj', 'n']",CLI,CS
11245,0,2859365,5755,29.00059549477401,"['making', 'supper']","['part', 'n']",CHI,CS
11245,0,2859380,5755,29.00059549477401,"['are', 'you', 'going', 'to', 'make', 'supper', 'now']","['cop', 'pro:per', 'part', 'inf', 'v', 'n', 'adv']",CLI,RP
11245,0,2859394,5755,29.00059549477401,['no'],['co'],CHI,RD
11245,0,2859405,5755,29.00059549477401,['no'],['co'],CLI,RD
11245,0,2859418,5755,29.00059549477401,"['no', 'not', 'really']","['co', 'neg', 'adv']",CHI,RD
11245,0,2859432,5755,29.00059549477401,"['plate', 'for', 'you']","['n', 'prep', 'pro:per']",CHI,ST
11245,0,2859444,5755,29.00059549477401,"['hamburger', 'for', 'you']","['n', 'prep', 'pro:per']",CHI,ST
11245,0,2859460,5755,29.00059549477401,"['hamburger', 'for', 'you']","['n', 'prep', 'pro:per']",CHI,ST
11245,0,2859472,5755,29.00059549477401,"['oh', 'thank_you']","['co', 'n']",CLI,MK
11245,0,2859482,5755,29.00059549477401,"['did', 'you', 'make', 'that', 'all', 'by', 'yourself']","['mod', 'pro:per', 'v', 'adv', 'adv', 'prep', 'pro:refl']",CLI,YQ
11245,0,2859495,5755,29.00059549477401,['yep'],['co'],CHI,AA
11245,0,2859504,5755,29.00059549477401,"['your', 'tape', 'recorder', 'buttons']","['det:poss', 'n', 'n', 'n']",CHI,ST
11245,0,2859515,5755,29.00059549477401,"['push', 'this', 'one', 'in']","['v', 'det:dem', 'pro:indef', 'adv']",CLI,RP
11245,0,2859522,5755,29.00059549477401,['why'],['pro:rel'],CHI,QN
11245,0,2859532,5755,29.00059549477401,"['and', 'then', ""it's"", 'recording', 'what', 'you', 'say']","['coord', 'adv:tem', 'pro:per', 'part', 'pro:int', 'pro:per', 'v']",CLI,EI
11245,0,2859543,5755,29.00059549477401,"[""what's"", 'it', 'say', 'my', 'tape']","['pro:int', 'pro:per', 'v', 'det:poss', 'n']",CHI,EI
11245,0,2859557,5755,29.00059549477401,"['well', ""it's"", 'going', 'to', 'take', 'and', 'tape', 'what', 'you', 'say']","['co', 'pro:per', 'part', 'inf', 'v', 'coord', 'v', 'pro:int', 'pro:per', 'v']",CLI,EI
11245,0,2859570,5755,29.00059549477401,"[""you've"", 'got', 'to', 'push', 'this', 'down']","['pro:per', 'part', 'inf', 'v', 'det:dem', 'adv']",CLI,RP
11245,0,2859583,5755,29.00059549477401,"['there', 'okay']","['adv', 'adj']",CLI,MK
11245,0,2859593,5755,29.00059549477401,"['I', 'wanna', 'play', 'this', 'one']","['pro:sub', 'v', 'v', 'det:dem', 'pro:indef']",CHI,SI
11245,0,2859613,5755,29.00059549477401,"['wanna', 'take', 'it', 'off']","['v', 'v', 'pro:per', 'adv']",CHI,SI
11245,0,2859626,5755,29.00059549477401,"['this', 'is', 'a', 'good', 'hamburger']","['pro:dem', 'cop', 'det:art', 'adj', 'n']",CLI,ST
11245,0,2859638,5755,29.00059549477401,"['got', 'any', 'french', 'fries', 'to', 'go', 'with', 'it']","['v', 'qn', 'adj', 'n', 'inf', 'v', 'prep', 'pro:per']",CLI,YQ
11245,0,2859654,5755,29.00059549477401,['yes'],['co'],CHI,AA
11245,0,2859675,5755,29.00059549477401,"['I', 'got', 'some', 'french', 'fries']","['pro:sub', 'v', 'qn', 'adj', 'n']",CHI,ST
11245,0,2859687,5755,29.00059549477401,"['I', 'got', 'some', 'french', 'fries']","['pro:sub', 'v', 'qn', 'adj', 'n']",CHI,ST
11245,0,2859699,5755,29.00059549477401,"['yes', 'I', 'do']","['co', 'pro:sub', 'v']",CHI,ST
11245,0,2859717,5755,29.00059549477401,"[""that's"", 'not', 'a', 'french', 'fry']","['pro:dem', 'neg', 'det:art', 'adj', 'n']",CLI,DW
11245,0,2859732,5755,29.00059549477401,"[""what's"", 'that']","['pro:int', 'pro:dem']",CLI,QN
11245,0,2859745,5755,29.00059549477401,['pie'],['n'],CHI,SA
11245,0,2859756,5755,29.00059549477401,"['do', 'you', 'eat', 'pie', 'with', 'hamburgers']","['mod', 'pro:per', 'v', 'n', 'prep', 'n']",CLI,DW
11245,0,2859774,5755,29.00059549477401,"['hamburger', 'hamburger']","['n', 'n']",CHI,ST
11245,0,2859788,5755,29.00059549477401,"['I', 'got', 'french', 'fries']","['pro:sub', 'v', 'adj', 'n']",CHI,ST
11245,0,2859806,5755,29.00059549477401,"['hm', 'good']","['co', 'adj']",CLI,AP
11245,0,2859815,5755,29.00059549477401,"['got', 'hamburger']","['v', 'n']",CHI,ST
11245,0,2859828,5755,29.00059549477401,"['you', 'got', 'my', 'hamburger']","['pro:per', 'v', 'det:poss', 'n']",CHI,ST
11245,0,2859839,5755,29.00059549477401,"['what', 'do', 'you', 'hafta', 'drink']","['pro:int', 'mod', 'pro:per', 'mod', 'v']",CLI,QN
11245,0,2859862,5755,29.00059549477401,"['a', 'juice']","['det:art', 'n']",CHI,SA
11245,0,2859873,5755,29.00059549477401,['juice'],['n'],CLI,CT
11245,0,2859885,5755,29.00059549477401,"['I', 'think', 'milk']","['pro:sub', 'v', 'n']",CHI,ST
11245,0,2859920,5755,29.00059549477401,"['oh', 'you', 'think', 'milk']","['co', 'pro:per', 'v', 'n']",CLI,YQ
11245,0,2859932,5755,29.00059549477401,"['wants', 'some', 'milk']","['v', 'qn', 'n']",CHI,AA
11245,0,2859944,5755,29.00059549477401,"['there', 'you', 'go']","['adv', 'pro:per', 'v']",CLI,MK
11245,0,2859958,5755,29.00059549477401,"[""there's"", 'milk']","['pro:exist', 'n']",CLI,ST
11245,0,2859972,5755,29.00059549477401,"['me', 'watching']","['pro:obj', 'part']",CHI,FP
11245,0,2859982,5755,29.00059549477401,"['put', 'it', 'over', 'there', 'when', 'you', 'finish', 'it', 'okay']","['v', 'pro:per', 'prep', 'n', 'conj', 'pro:per', 'v', 'pro:per', 'co']",CLI,PA
11245,0,2859998,5755,29.00059549477401,"['I', ""won't"", 'spill', 'it']","['pro:sub', 'mod', 'v', 'pro:per']",CHI,SA
11245,0,2860016,5755,29.00059549477401,"['you', ""won't""]","['pro:per', 'mod']",CLI,AP
11245,0,2860035,5755,29.00059549477401,"[""that's"", 'a', 'good', 'girl']","['pro:dem', 'det:art', 'adj', 'n']",CLI,AB
11245,0,2860062,5755,29.00059549477401,"['push', 'that', 'one']","['v', 'det:dem', 'pro:indef']",CHI,RP
11245,0,2860085,5755,29.00059549477401,"['no', ""we'll"", 'leave', 'the', 'ones', 'that', 'are', 'on', 'okay']","['co', 'pro:sub', 'v', 'det:art', 'n', 'pro:rel', 'cop', 'prep', 'adj']",CLI,PF
11245,0,2860101,5755,29.00059549477401,"['then', 'after', 'you', 'can', 'listen', 'to', 'your', 'voice']","['adv:tem', 'conj', 'pro:per', 'mod', 'v', 'prep', 'det:poss', 'n']",CLI,RP
11245,0,2860116,5755,29.00059549477401,['where'],['pro:rel'],CHI,QN
11245,0,2860135,5755,29.00059549477401,"['on', 'the', 'tape', 'recorder']","['prep', 'det:art', 'n', 'n']",CLI,SA
11245,0,2860154,5755,29.00059549477401,"['what', 'tape', 'recorder']","['pro:int', 'n', 'n']",CHI,RT
11245,0,2860168,5755,29.00059549477401,"['what', 'tape', 'recorder', 'are', 'we', 'talking', 'about']","['pro:int', 'n', 'n', 'cop', 'pro:sub', 'part', 'adv']",CLI,AP
11245,0,2860184,5755,29.00059549477401,"[""where's"", 'my', 'tape', 'recorder']","['pro:int', 'det:poss', 'n', 'n']",CHI,QN
11245,0,2860199,5755,29.00059549477401,"['where', 'did', 'you', 'put', 'it']","['pro:int', 'mod', 'pro:per', 'v', 'pro:per']",CLI,QN
11245,0,2860215,5755,29.00059549477401,"['there', 'it', 'is', 'on', 'the', 'floor']","['adv', 'pro:per', 'cop', 'prep', 'det:art', 'n']",CLI,SA
11245,0,2860227,5755,29.00059549477401,"['I', 'wanna', 'hear', 'the', 'tape']","['pro:sub', 'v', 'v', 'det:art', 'n']",CHI,ST
11245,0,2860240,5755,29.00059549477401,"[""don't"", 'take', 'the', 'button', 'and', 'push', 'the', 'button']","['mod', 'v', 'det:art', 'n', 'coord', 'v', 'det:art', 'n']",CHI,RP
11245,0,2860253,5755,29.00059549477401,"['push', 'this', 'button', 'and', 'this', 'button']","['v', 'det:dem', 'n', 'coord', 'det:dem', 'n']",CLI,RP
11245,0,2860271,5755,29.00059549477401,"['now', ""we'll"", 'tape', 'it', 'on', 'both', 'tape', 'recorders']","['adv', 'pro:sub', 'v', 'pro:per', 'prep', 'qn', 'n', 'n']",CLI,ST
11245,0,2860287,5755,29.00059549477401,"[""what's"", 'on']","['pro:int', 'adv']",CHI,QN
11245,0,2860307,5755,29.00059549477401,"['talk', 'into', 'that', 'mike', 'on', 'yours']","['n', 'prep', 'det:dem', 'n', 'prep', 'pro:poss']",CLI,SA
11245,0,2860321,5755,29.00059549477401,"[""who's"", 'this']","['pro:int', 'pro:dem']",CLI,QN
11245,0,2860337,5755,29.00059549477401,"[""that's"", 'my', 'kid']","['pro:dem', 'det:poss', 'n']",CHI,SA
11245,0,2860358,5755,29.00059549477401,"['your', 'kid']","['det:poss', 'n']",CLI,AP
11245,0,2860377,5755,29.00059549477401,"['do', 'you', 'have', 'a', 'kid']","['mod', 'pro:per', 'v', 'det:art', 'n']",CLI,ST
11245,0,2860392,5755,29.00059549477401,"[""there's"", 'my', 'kid']","['pro:exist', 'det:poss', 'n']",CHI,ST
11245,0,2860404,5755,29.00059549477401,"['no', ""that's"", 'my', 'kid']","['co', 'pro:dem', 'det:poss', 'n']",CLI,DW
11245,0,2860418,5755,29.00059549477401,"[""where's"", 'your', 'kid']","['pro:int', 'det:poss', 'n']",CLI,QN
11245,0,2860433,5755,29.00059549477401,"['right', 'there']","['adv', 'adv']",CHI,SA
11245,0,2860447,5755,29.00059549477401,"['right', 'there']","['adv', 'adv']",CLI,AP
11245,0,2860464,5755,29.00059549477401,"['are', 'you', 'my', 'kid']","['cop', 'pro:per', 'det:poss', 'n']",CLI,YQ
11245,0,2860478,5755,29.00059549477401,['yeah'],['co'],CHI,AA
11245,0,2860495,5755,29.00059549477401,"['I', 'was', 'at', ""Janet's""]","['pro:sub', 'cop', 'prep', 'adj']",CHI,ST
11245,0,2860506,5755,29.00059549477401,"['what', 'did', 'you', 'do', 'at', ""Janet's""]","['pro:int', 'mod', 'pro:per', 'v', 'prep', 'adj']",CLI,QN
11245,0,2860520,5755,29.00059549477401,"['I', 'was', 'at', 'school']","['pro:sub', 'cop', 'prep', 'n']",CHI,SA
11245,0,2860534,5755,29.00059549477401,"['who', 'was', 'at', 'school']","['pro:int', 'cop', 'prep', 'n']",CLI,AP
11245,0,2860546,5755,29.00059549477401,['me'],['pro:obj'],CHI,YY
11245,0,2860558,5755,29.00059549477401,"['oh', 'do', 'you', 'go', 'to', 'school']","['co', 'v', 'pro:per', 'v', 'prep', 'n']",CLI,YQ
11245,0,2860577,5755,29.00059549477401,['yeah'],['co'],CHI,AA
11245,0,2860594,5755,29.00059549477401,"['what', 'school']","['pro:int', 'n']",CLI,QN
11245,0,2860618,5755,29.00059549477401,"['at', ""Janet's""]","['prep', 'adj']",CHI,SA
11246,0,2858031,5757,73.00149900408633,['hi'],['co'],JOA,MK
11246,0,2858042,5757,73.00149900408633,['hi'],['co'],CHI,MK
11246,0,2858049,5757,73.00149900408633,"['how', 'are', 'you']","['pro:int', 'cop', 'pro:per']",JOA,MK
11246,0,2858057,5757,73.00149900408633,"[""I'm"", 'fine']","['pro:sub', 'adj']",CHI,YY
11246,0,2858069,5757,73.00149900408633,"['and', 'who', 'are', 'you']","['coord', 'pro:int', 'cop', 'pro:per']",JOA,QN
11246,0,2858080,5757,73.00149900408633,"[""I'm"", 'Willie']","['pro:sub', 'n:prop']",CHI,SA
11246,0,2858094,5757,73.00149900408633,"['hi', 'Willie']","['co', 'n:prop']",JOA,AP
11246,0,2858100,5757,73.00149900408633,['hi'],['co'],CHI,MK
11246,0,2858106,5757,73.00149900408633,"['are', 'you', ""Robbie's"", 'friend']","['cop', 'pro:per', 'adj', 'n']",JOA,YQ
11246,0,2858117,5757,73.00149900408633,['yes'],['co'],CHI,AA
11246,0,2858125,5757,73.00149900408633,"['did', 'you', 'stay', 'overnight', 'with', 'Robbie']","['mod', 'pro:per', 'v', 'adj', 'prep', 'n:prop']",JOA,YQ
11246,0,2858134,5757,73.00149900408633,['yes'],['co'],CHI,AA
11246,0,2858143,5757,73.00149900408633,"['did', 'you', 'have', 'a', 'good', 'time']","['mod', 'pro:per', 'v', 'det:art', 'adj', 'n']",JOA,AP
11246,0,2858156,5757,73.00149900408633,"['we', 'had', 'a', 'good', 'time']","['pro:sub', 'v', 'det:art', 'adj', 'n']",CHI,AP
11246,0,2858169,5757,73.00149900408633,"['we', 'stayed', 'up', 'all', 'night']","['pro:sub', 'v', 'adv', 'qn', 'n']",CHI,ST
11246,0,2858191,5757,73.00149900408633,"['we', ""couldn't"", 'sleep']","['pro:sub', 'mod', 'v']",CHI,ST
11246,0,2858198,5757,73.00149900408633,"['were', 'you', 'talking']","['cop', 'pro:per', 'part']",JOA,YQ
11246,0,2858204,5757,73.00149900408633,['uhhuh'],['co'],CHI,AA
11246,0,2858211,5757,73.00149900408633,"['where', 'did', 'you', 'sleep']","['pro:int', 'mod', 'pro:per', 'v']",JOA,QN
11246,0,2858216,5757,73.00149900408633,"[""Robbie's"", 'bed']","['adj', 'n']",CHI,SA
11246,0,2858224,5757,73.00149900408633,"['did', 'you', 'and', 'Robbie', 'sleep', 'together']","['mod', 'pro:per', 'coord', 'n:prop', 'n', 'adv']",JOA,ST
11246,0,2858230,5757,73.00149900408633,['yes'],['co'],CHI,AA
11246,0,2858238,5757,73.00149900408633,"['do', 'you', 'know', 'who', 'I', 'am']","['mod', 'pro:per', 'v', 'pro:int', 'pro:sub', 'cop']",JOA,QN
11246,0,2858246,5757,73.00149900408633,['no'],['co'],CHI,RD
11246,0,2858253,5757,73.00149900408633,"[""I'm"", ""Robbie's"", 'aunt']","['pro:sub', 'adj', 'n']",JOA,TX
11246,0,2858261,5757,73.00149900408633,"['Aunt', 'Joan']","['n:prop', 'n:prop']",JOA,TX
11246,0,2858269,5757,73.00149900408633,"['Willie', 'will', 'you', 'show', 'me', 'how', 'to', 'play', 'Candyland']","['n:prop', 'mod', 'pro:per', 'v', 'pro:obj', 'pro:int', 'inf', 'v', 'n:prop']",JOA,TX
11246,0,2858276,5757,73.00149900408633,['yes'],['co'],CHI,YY
11246,0,2858291,5757,73.00149900408633,"['where', 'is', 'the', 'Candyland', 'game']","['pro:int', 'cop', 'det:art', 'n:prop', 'n']",JOA,QN
11246,0,2858299,5757,73.00149900408633,"[""it's"", 'in', 'the', 'other', 'room']","['pro:per', 'prep', 'det:art', 'qn', 'n']",CHI,SA
11246,0,2858303,5757,73.00149900408633,"[""I'll"", 'go', 'get', 'it']","['pro:sub', 'v', 'v', 'pro:per']",CHI,RP
11246,0,2858313,5757,73.00149900408633,"['here', 'it', 'is']","['adv', 'pro:per', 'cop']",CHI,ST
11246,0,2858321,5757,73.00149900408633,"['what', 'do', 'I', 'do', 'Willie']","['pro:int', 'mod', 'pro:sub', 'v', 'n:prop']",JOA,QN
11246,0,2858328,5757,73.00149900408633,"['you', 'move', 'here']","['pro:per', 'v', 'adv']",CHI,SA
11246,0,2858332,5757,73.00149900408633,"['what', 'color', 'should', 'I', 'be', 'Willie']","['pro:int', 'n', 'mod', 'pro:sub', 'cop', 'n:prop']",JOA,QN
11246,0,2858344,5757,73.00149900408633,"['you', 'be', 'blue']","['pro:per', 'cop', 'n']",CHI,SA
11246,0,2858352,5757,73.00149900408633,"['what', 'color', 'are', 'you']","['pro:int', 'n', 'cop', 'pro:per']",JOA,QN
11246,0,2858358,5757,73.00149900408633,"[""I'm"", 'red']","['pro:sub', 'adj']",CHI,SA
11246,0,2858378,5757,73.00149900408633,"['what', 'do', 'we', 'do', 'with', 'the', 'cards']","['pro:int', 'mod', 'pro:sub', 'v', 'prep', 'det:art', 'n']",JOA,QN
11246,0,2858387,5757,73.00149900408633,"['leave', 'them', 'here']","['v', 'pro:obj', 'adv']",CHI,RP
11246,0,2858396,5757,73.00149900408633,"['who', 'picks', 'the', 'first', 'card', 'Willie']","['pro:int', 'v', 'det:art', 'adj', 'n', 'n:prop']",JOA,QN
11246,0,2858406,5757,73.00149900408633,"['I', 'do']","['pro:sub', 'v']",CHI,SA
11246,0,2858414,5757,73.00149900408633,"['what', 'do', 'you', 'have', 'on', 'your', 'card']","['pro:int', 'mod', 'pro:per', 'v', 'prep', 'det:poss', 'n']",JOA,QN
11246,0,2858423,5757,73.00149900408633,['candy'],['n'],CHI,SA
11246,0,2858431,5757,73.00149900408633,"['where', 'do', 'you', 'go']","['pro:int', 'mod', 'pro:per', 'v']",JOA,QN
11246,0,2858441,5757,73.00149900408633,['there'],['adv'],CHI,SA
11246,0,2858448,5757,73.00149900408633,"['what', 'do', 'I', 'do']","['pro:int', 'mod', 'pro:sub', 'v']",JOA,QN
11246,0,2858457,5757,73.00149900408633,"['you', 'pick', 'a', 'card']","['pro:per', 'v', 'det:art', 'n']",CHI,SA
11246,0,2858467,5757,73.00149900408633,"['what', 'kind', 'of', 'candy', 'do', 'I', 'have']","['pro:int', 'n', 'prep', 'n', 'mod', 'pro:sub', 'v']",JOA,QN
11246,0,2858476,5757,73.00149900408633,"['are', 'they', 'gumdrops']","['cop', 'pro:sub', '']",JOA,SA
11246,0,2858484,5757,73.00149900408633,['no'],['co'],CHI,DW
11246,0,2858490,5757,73.00149900408633,"['not', 'gumdrops']","['neg', '']",CHI,DW
11246,0,2858497,5757,73.00149900408633,"[""it's"", 'a', 'sucker']","['pro:per', 'det:art', 'n']",CHI,SA
11246,0,2858506,5757,73.00149900408633,"['where', 'do', 'I', 'go']","['pro:int', 'mod', 'pro:sub', 'v']",JOA,QN
11246,0,2858515,5757,73.00149900408633,"['to', 'the', 'sucker', 'square']","['prep', 'det:art', 'n', 'adv']",CHI,SA
11246,0,2858526,5757,73.00149900408633,"['and', 'what', 'do', 'I', 'do', 'with', 'my', 'card']","['coord', 'pro:int', 'mod', 'pro:sub', 'v', 'prep', 'det:poss', 'n']",JOA,QN
11246,0,2858536,5757,73.00149900408633,"['keep', 'it']","['v', 'pro:per']",CHI,RP
11246,0,2858547,5757,73.00149900408633,['oh'],['co'],CHI,YY
11246,0,2858555,5757,73.00149900408633,"['two', 'gingerbreads']","['det:num', '']",CHI,YY
11246,0,2858577,5757,73.00149900408633,['oh'],['co'],CHI,YY
11246,0,2858585,5757,73.00149900408633,"['I', 'got', 'hearts']","['pro:sub', 'v', 'n']",CHI,ST
11246,0,2858594,5757,73.00149900408633,"['I', 'hate', 'hearts']","['pro:sub', 'v', 'n']",CHI,ST
11246,0,2858603,5757,73.00149900408633,"['why', 'do', 'you', 'hate', 'hearts']","['pro:int', 'mod', 'pro:per', 'v', 'n']",JOA,QN
11246,0,2858611,5757,73.00149900408633,"['because', 'I', 'hafta', 'go', 'backwards']","['conj', 'pro:sub', 'mod', 'v', 'adv']",CHI,SA
11246,0,2858618,5757,73.00149900408633,"['I', 'hate', 'going', 'backwards']","['pro:sub', 'v', 'part', 'adv']",CHI,ST
11246,0,2858625,5757,73.00149900408633,"['my', 'turn']","['det:poss', 'n']",JOA,RP
11246,0,2858633,5757,73.00149900408633,"[""what's"", 'that']","['pro:int', 'pro:dem']",JOA,QN
11246,0,2858641,5757,73.00149900408633,['candy'],['n'],CHI,SA
11246,0,2858648,5757,73.00149900408633,"['I', 'go', 'over', 'there']","['pro:sub', 'v', 'prep', 'n']",JOA,YQ
11246,0,2858656,5757,73.00149900408633,['uhhuh'],['co'],CHI,AA
11246,0,2858664,5757,73.00149900408633,"['what', 'did', 'you', 'get']","['pro:int', 'mod', 'pro:per', 'v']",JOA,QN
11246,0,2858672,5757,73.00149900408633,"['a', 'green', 'one']","['det:art', 'n', 'pro:indef']",CHI,SA
11246,0,2858677,5757,73.00149900408633,"[""what's"", 'that']","['pro:int', 'pro:dem']",JOA,QN
11246,0,2858682,5757,73.00149900408633,"['I', ""don't"", 'know']","['pro:sub', 'mod', 'v']",CHI,SA
11246,0,2858693,5757,73.00149900408633,"['I', ""don't"", 'know', 'either']","['pro:sub', 'mod', 'v', 'adv']",JOA,YQ
11246,0,2858699,5757,73.00149900408633,"['there', 'it', 'is']","['adv', 'pro:per', 'cop']",CHI,AA
11246,0,2858707,5757,73.00149900408633,"['now', 'you', 'go', 'two', 'greens']","['adv', 'pro:per', 'v', 'det:num', 'n']",CHI,ST
11246,0,2858717,5757,73.00149900408633,"[""I'm"", 'gaining', 'on', 'you']","['pro:sub', 'part', 'prep', 'pro:per']",CHI,ST
11246,0,2858724,5757,73.00149900408633,"['I', 'know', 'you', 'are']","['pro:sub', 'v', 'pro:per', 'cop']",JOA,ST
11246,0,2858737,5757,73.00149900408633,"['I', 'think', ""you're"", 'going', 'to', 'win', 'this', 'game']","['pro:sub', 'v', 'pro:per', 'part', 'inf', 'v', 'det:dem', 'n']",JOA,ST
11246,0,2858746,5757,73.00149900408633,"['uh', 'huh']","['', 'co']",CHI,ST
11246,0,2858754,5757,73.00149900408633,"[""I'm"", 'winning']","['pro:sub', 'part']",CHI,ST
11246,0,2858765,5757,73.00149900408633,"['now', 'you', 'hafta', 'go', 'backwards', 'until', 'you', 'get', 'here', 'again']","['adv', 'pro:per', 'mod', 'v', 'adv', 'conj', 'pro:per', 'v', 'adv', 'adv']",CHI,RP
11246,0,2858778,5757,73.00149900408633,"['do', 'I', 'go', 'to', 'the', 'orange']","['mod', 'pro:sub', 'v', 'prep', 'det:art', 'n']",JOA,YQ
11246,0,2858790,5757,73.00149900408633,['uhhuh'],['co'],CHI,AA
11246,0,2858798,5757,73.00149900408633,"['I', 'wish', 'I', 'could', 'pick', 'an', 'orange']","['pro:sub', 'v', 'pro:sub', 'mod', 'v', 'det:art', 'n']",CHI,SI
11246,0,2858807,5757,73.00149900408633,"['green', 'again']","['adj', 'adv']",CHI,SI
11246,0,2858814,5757,73.00149900408633,"['green', 'green', 'green']","['adj', 'adj', 'n']",CHI,SI
11246,0,2858824,5757,73.00149900408633,"['my', 'turn']","['det:poss', 'n']",JOA,RP
11246,0,2858831,5757,73.00149900408633,"['I', 'got', 'the', 'same', 'one', 'Willie']","['pro:sub', 'v', 'det:art', 'adj', 'det:num', 'n:prop']",JOA,ST
11246,0,2858838,5757,73.00149900408633,['oh'],['co'],CHI,YY
11246,0,2858846,5757,73.00149900408633,"['two', 'greens']","['det:num', 'n']",CHI,YY
11246,0,2858859,5757,73.00149900408633,"['two', 'greens', 'too']","['det:num', 'n', 'adv']",CHI,YY
11246,0,2858867,5757,73.00149900408633,"[""I'm"", 'leading']","['pro:sub', 'part']",CHI,YY
11246,0,2858875,5757,73.00149900408633,"['now', 'you', 'hafta', 'go', 'backwards']","['adv', 'pro:per', 'mod', 'v', 'adv']",CHI,RP
11246,0,2858888,5757,73.00149900408633,"['you', 'stay', 'here']","['pro:per', 'v', 'adv']",CHI,RP
11246,0,2858894,5757,73.00149900408633,"['you', 'hafta', 'go', 'all', 'the', 'way', 'back', 'again']","['pro:per', 'mod', 'v', 'qn', 'det:art', 'n', 'adv', 'adv']",CHI,RP
11246,0,2858904,5757,73.00149900408633,"['another', 'blue']","['qn', 'n']",CHI,YY
11246,0,2858914,5757,73.00149900408633,"[""you're"", 'losing']","['pro:per', 'part']",CHI,YY
11246,0,2858924,5757,73.00149900408633,['oh'],['co'],CHI,YY
11246,0,2858933,5757,73.00149900408633,"[""you're"", 'with', 'me']","['pro:per', 'prep', 'pro:obj']",CHI,YY
11246,0,2858944,5757,73.00149900408633,"['you', ""can't"", 'move']","['pro:per', 'mod', 'v']",CHI,YY
11246,0,2858953,5757,73.00149900408633,"['you', 'hafta', 'wait', 'until', 'you', 'get', 'another', 'blue']","['pro:per', 'mod', 'v', 'conj', 'pro:per', 'v', 'qn', 'n']",CHI,ST
11246,0,2858960,5757,73.00149900408633,"[""can't"", 'I', 'do', 'anything', 'until', 'I', 'get', 'another', 'blue']","['mod', 'pro:sub', 'v', 'pro:indef', 'prep', 'pro:sub', 'v', 'qn', 'n']",JOA,YQ
11246,0,2858969,5757,73.00149900408633,['right'],['co'],CHI,AA
11246,0,2858981,5757,73.00149900408633,"['who', 'is', 'going', 'to', 'win', 'this', 'game']","['pro:int', 'aux', 'part', 'inf', 'v', 'det:dem', 'n']",JOA,QN
11246,0,2858990,5757,73.00149900408633,"['I', 'am']","['pro:sub', 'cop']",CHI,SA
11246,0,2859000,5757,73.00149900408633,"['what', 'did', 'you', 'get']","['pro:int', 'mod', 'pro:per', 'v']",JOA,QN
11246,0,2859010,5757,73.00149900408633,"['a', 'blue']","['det:art', 'n']",CHI,SA
11246,0,2859019,5757,73.00149900408633,"['another', 'blue']","['qn', 'n']",CHI,ST
11246,0,2859034,5757,73.00149900408633,"['now', 'I', ""can't"", 'move']","['adv', 'pro:sub', 'mod', 'v']",CHI,SI
11246,0,2859045,5757,73.00149900408633,"['I', 'hafta', 'wait']","['pro:sub', 'mod', 'v']",CHI,SI
11246,0,2859059,5757,73.00149900408633,"['look', 'at', 'my', 'card', 'Willie']","['v', 'prep', 'det:poss', 'n', 'n:prop']",JOA,RP
11246,0,2859069,5757,73.00149900408633,"['what', 'do', 'I', 'do']","['pro:int', 'mod', 'pro:sub', 'v']",JOA,QN
11246,0,2859075,5757,73.00149900408633,"['stay', 'there']","['v', 'adv']",CHI,SA
11246,0,2859085,5757,73.00149900408633,"['did', 'you', 'get', 'my', 'blue']","['mod', 'pro:per', 'v', 'det:poss', 'n']",JOA,YQ
11246,0,2859093,5757,73.00149900408633,['yes'],['co'],CHI,AA
11246,0,2859105,5757,73.00149900408633,"['look', 'out']","['v', 'adv']",CHI,RP
11246,0,2859115,5757,73.00149900408633,"['I', ""don't"", 'wanna', 'hafta', 'go', 'down', 'there']","['pro:sub', 'mod', 'v', 'mod', 'v', 'prep', 'n']",CHI,SI
11246,0,2859125,5757,73.00149900408633,"[""you're"", 'gaining', 'on', 'me']","['pro:per', 'part', 'prep', 'pro:obj']",CHI,SI
11246,0,2859139,5757,73.00149900408633,"['I', 'was', 'going', 'backwards', 'for', 'a', 'while']","['pro:sub', 'aux', 'part', 'adv', 'prep', 'det:art', 'n']",CHI,SI
11246,0,2859147,5757,73.00149900408633,"['I', 'forgot', 'to', 'go', 'that', 'way']","['pro:sub', 'v', 'inf', 'v', 'adv', 'adv']",CHI,SI
11246,0,2859158,5757,73.00149900408633,"['I', 'went', 'that', 'way']","['pro:sub', 'v', 'det:dem', 'n']",CHI,SI
11246,0,2859168,5757,73.00149900408633,"['I', 'was', 'going', 'there']","['pro:sub', 'aux', 'part', 'adv']",CHI,ST
11246,0,2859176,5757,73.00149900408633,"['you', 'were']","['pro:per', 'cop']",JOA,AP
11246,0,2859185,5757,73.00149900408633,['why'],['pro:rel'],JOA,QN
11246,0,2859196,5757,73.00149900408633,"['I', ""don't"", 'know']","['pro:sub', 'mod', 'v']",CHI,SA
11246,0,2859206,5757,73.00149900408633,"['when', 'all', 'the', 'cards', 'are', 'gone', 'you', 'hafta', 'add', 'cards']","['conj', 'adv', 'det:art', 'n', 'aux', 'part', 'pro:per', 'mod', 'v', 'n']",CHI,ST
11246,0,2859219,5757,73.00149900408633,"['change', 'em']","['v', 'pro:obj']",CHI,YY
11246,0,2859231,5757,73.00149900408633,['ten'],['det:num'],CHI,YY
11246,0,2859243,5757,73.00149900408633,"['gotta', 'change', 'em']","['mod', 'v', 'pro:obj']",CHI,RP
11246,0,2859254,5757,73.00149900408633,"['just', 'ten']","['adv', 'det:num']",JOA,YQ
11246,0,2859262,5757,73.00149900408633,['yes'],['co'],CHI,AA
11246,0,2859271,5757,73.00149900408633,"['ten', 'cards']","['det:num', 'n']",CHI,SI
11246,0,2859284,5757,73.00149900408633,"['I', 'think', ""I'm"", 'gonna', 'win']","['pro:sub', 'v', 'pro:sub', 'part', 'v']",CHI,SI
11246,0,2859289,5757,73.00149900408633,"['put', 'some', 'on', 'the', 'pile']","['v', 'qn', 'prep', 'det:art', 'n']",CHI,SI
11246,0,2859311,5757,73.00149900408633,"['I', 'still', 'think', ""I'm"", 'gonna', 'win']","['pro:sub', 'adv', 'v', 'pro:sub', 'part', 'v']",CHI,SI
11246,0,2859323,5757,73.00149900408633,"['all', 'I', 'ever', 'get', 'is', 'green']","['pro:indef', 'pro:sub', 'adv', 'v', 'cop', 'adj']",CHI,ST
11246,0,2859339,5757,73.00149900408633,"[""you're"", 'behind', 'me']","['pro:per', 'prep', 'pro:obj']",CHI,YY
11246,0,2859348,5757,73.00149900408633,"[""you're"", 'ahead', 'of', 'me']","['pro:per', 'adv', 'prep', 'pro:obj']",CHI,YY
11246,0,2859362,5757,73.00149900408633,"['tie', 'score']","['n', 'n']",CHI,YY
11246,0,2859370,5757,73.00149900408633,"['oh', 'oh', ""we're"", 'tied']","['co', 'co', 'pro:sub', 'part']",CHI,YY
11246,0,2859388,5757,73.00149900408633,"['I', 'hafta', 'get', 'a', 'purple']","['pro:sub', 'mod', 'v', 'det:art', 'n']",CHI,SI
11246,0,2859398,5757,73.00149900408633,['oh'],['co'],CHI,YY
11246,0,2859408,5757,73.00149900408633,['purple'],['adj'],CHI,YY
11246,0,2859420,5757,73.00149900408633,"['I', 'win', 'the', 'game']","['pro:sub', 'v', 'det:art', 'n']",CHI,YY
11246,0,2859434,5757,73.00149900408633,"['here', 'it', 'is']","['adv', 'pro:per', 'cop']",CHI,YY
11246,0,2859450,5757,73.00149900408633,"[""I'll"", 'turn', 'it', 'on']","['pro:sub', 'v', 'pro:per', 'adv']",CHI,RP
11246,0,2859468,5757,73.00149900408633,"['oh', 'look', 'at', 'that']","['co', 'v', 'prep', 'pro:dem']",JOA,RP
11246,0,2859479,5757,73.00149900408633,"['what', 'are', 'they', 'Willie']","['pro:int', 'cop', 'pro:sub', 'n:prop']",JOA,QN
11246,0,2859496,5757,73.00149900408633,"[""they're"", 'penguins']","['pro:sub', 'n']",CHI,SA
11246,0,2859508,5757,73.00149900408633,"['what', 'are', 'they', 'doing']","['pro:int', 'cop', 'pro:sub', 'part']",JOA,QN
11246,0,2859516,5757,73.00149900408633,['riding'],['part'],CHI,SA
11246,0,2859520,5757,73.00149900408633,"['how', 'many', 'penguins', 'are', 'there']","['pro:int', 'qn', 'n', 'cop', 'adv']",JOA,QN
11246,0,2859531,5757,73.00149900408633,['three'],['det:num'],CHI,SA
11246,0,2859541,5757,73.00149900408633,"['what', 'colors', 'are', 'they']","['pro:int', 'n', 'cop', 'pro:sub']",JOA,QN
11246,0,2859553,5757,73.00149900408633,"['black', 'red', 'and', 'blue']","['n', 'n', 'coord', 'adj']",CHI,SA
11246,0,2859564,5757,73.00149900408633,"['what', 'are', 'the', 'penguins', 'doing']","['pro:int', 'aux', 'det:art', 'n', 'part']",JOA,QN
11246,0,2859574,5757,73.00149900408633,"['climbing', 'the', 'stairs']","['part', 'det:art', 'n']",CHI,SA
11246,0,2859588,5757,73.00149900408633,"['and', 'then', 'what', 'happens']","['coord', 'adv:tem', 'pro:int', 'v']",JOA,QN
11246,0,2859602,5757,73.00149900408633,"['they', 'slide']","['pro:sub', 'v']",CHI,SA
11246,0,2859615,5757,73.00149900408633,"['what', 'do', 'you', 'do', 'when', 'one', 'of', 'them', 'gets', 'stuck']","['pro:int', 'mod', 'pro:per', 'v', 'conj', 'pro:indef', 'prep', 'pro:obj', 'aux', 'v']",JOA,QN
11246,0,2859630,5757,73.00149900408633,"['push', 'em']","['v', 'pro:obj']",CHI,SA
11246,0,2859642,5757,73.00149900408633,"['which', 'penguin', 'do', 'you', 'like', 'best']","['pro:rel', 'n', 'v', 'pro:per', 'v', 'adj']",JOA,TQ
11246,0,2859655,5757,73.00149900408633,"['I', 'like', 'all', 'of', 'them', 'the', 'same']","['pro:sub', 'v', 'pro:indef', 'prep', 'pro:obj', 'det:art', 'adj']",CHI,ST
11246,0,2859673,5757,73.00149900408633,"['the', 'blue', ""penguin's"", 'in', 'the', 'lead']","['det:art', 'n', 'n', 'prep', 'det:art', 'n']",CHI,ST
11246,0,2859685,5757,73.00149900408633,"['they', 'all', 'hafta', 'stay', 'in', 'order']","['pro:sub', 'post', 'mod', 'v', 'prep', 'n']",CHI,ST
11246,0,2859704,5757,73.00149900408633,"['which', 'one', 'is', 'last']","['pro:rel', 'pro:indef', 'cop', 'adv']",JOA,QN
11246,0,2859710,5757,73.00149900408633,['hm'],['co'],CHI,YY
11246,0,2859723,5757,73.00149900408633,['black'],['n'],CHI,YY
11246,0,2859735,5757,73.00149900408633,"['and', ""here's"", 'the', 'little', 'door', 'they', 'hide', 'in']","['coord', 'pro:exist', 'det:art', 'adj', 'n', 'pro:sub', 'v', 'adv']",CHI,SI
11246,0,2859744,5757,73.00149900408633,"['what', 'else', 'is', 'in', 'there']","['pro:int', 'post', 'aux', 'prep', 'n']",JOA,QN
11246,0,2859762,5757,73.00149900408633,"['the', 'battery']","['det:art', 'n']",CHI,SA
11246,0,2859773,5757,73.00149900408633,"['what', 'are', 'the', 'flags', 'for']","['pro:int', 'cop', 'det:art', 'n', 'prep']",JOA,QN
11246,0,2859786,5757,73.00149900408633,"['I', ""don't"", 'know']","['pro:sub', 'mod', 'v']",CHI,SA
11246,0,2859798,5757,73.00149900408633,"['oh', 'he', 'fell', 'off']","['co', 'pro:sub', 'v', 'adv']",CHI,ST
11246,0,2859811,5757,73.00149900408633,"['where', 'do', 'you', 'want', 'me', 'to', 'put', 'it']","['pro:int', 'mod', 'pro:per', 'v', 'pro:obj', 'inf', 'v', 'pro:per']",JOA,QN
11246,0,2859822,5757,73.00149900408633,"['put', 'it', 'right', 'there']","['v', 'pro:per', 'adv', 'adv']",CHI,SA
11246,0,2859834,5757,73.00149900408633,"['oh', 'oh']","['co', 'co']",JOA,MK
11246,0,2859846,5757,73.00149900408633,"['what', 'happened']","['pro:int', 'v']",JOA,QN
11246,0,2859855,5757,73.00149900408633,"['the', 'track', 'busted']","['det:art', 'n', 'v']",CHI,SA
11246,0,2859868,5757,73.00149900408633,"['do', 'you', 'know', 'how', 'to', 'fix', 'it']","['mod', 'pro:per', 'v', 'pro:int', 'inf', 'v', 'pro:per']",JOA,YQ
11246,0,2859881,5757,73.00149900408633,['yep'],['co'],CHI,AA
11246,0,2859897,5757,73.00149900408633,"['wait', 'a', 'minute']","['v', 'det:art', 'n']",JOA,RP
11246,0,2859916,5757,73.00149900408633,"['I', 'think', 'it', 'goes', 'there']","['pro:sub', 'v', 'pro:per', 'v', 'adv']",JOA,ST
11246,0,2859934,5757,73.00149900408633,"['I', 'need', 'two', 'penguins']","['pro:sub', 'v', 'det:num', 'n']",CHI,ST
11246,0,2859947,5757,73.00149900408633,"['you', 'need', 'two', 'penguins']","['pro:per', 'v', 'det:num', 'n']",JOA,AP
11246,0,2859960,5757,73.00149900408633,['three'],['det:num'],CHI,YY
11246,0,2859973,5757,73.00149900408633,"['this', 'time', ""they're"", 'all', 'going', 'to', 'stay', 'in', 'order']","['det:dem', 'n', 'pro:sub', 'post', 'part', 'inf', 'v', 'prep', 'n']",CHI,ST
11246,0,2859996,5757,73.00149900408633,"['would', 'you', 'like', 'to', 'have', 'more', 'penguins']","['mod', 'pro:per', 'v', 'inf', 'v', 'qn', 'n']",JOA,YQ
11246,0,2860021,5757,73.00149900408633,['uhhuh'],['co'],CHI,AA
11246,0,2860038,5757,73.00149900408633,"['what', 'colors', 'do', 'you', 'like']","['pro:int', 'n', 'v', 'pro:per', 'v']",JOA,QN
11246,0,2860055,5757,73.00149900408633,"['I', 'like', 'purple', 'and', 'green', 'orange', 'and', 'red', 'and', 'yellow']","['pro:sub', 'v', 'n', 'coord', 'n', 'n', 'coord', 'adj', 'coord', 'n']",CHI,SA
11246,0,2860065,5757,73.00149900408633,"['did', 'you', 'fall', 'Willie']","['mod', 'pro:per', 'v', 'n:prop']",JOA,YQ
11246,0,2860077,5757,73.00149900408633,['yes'],['co'],CHI,AA
11246,0,2860087,5757,73.00149900408633,"['at', 'school']","['prep', 'n']",JOA,RP
11246,0,2860113,5757,73.00149900408633,['no'],['co'],CHI,RD
11246,0,2860127,5757,73.00149900408633,['where'],['pro:rel'],JOA,QN
11246,0,2860141,5757,73.00149900408633,['home'],['adv'],CHI,SA
11246,0,2860153,5757,73.00149900408633,['where'],['pro:rel'],JOA,QN
11246,0,2860165,5757,73.00149900408633,"['on', 'the', 'car']","['prep', 'det:art', 'n']",CHI,SA
11246,0,2860187,5757,73.00149900408633,"['thank_you', 'Willie', 'for', 'showing', 'me', 'the', 'games']","['co', 'n:prop', 'prep', 'n:gerund', 'pro:obj', 'det:art', 'n']",JOA,CT
11246,0,2860205,5757,73.00149900408633,"['okay', ""we're"", 'going', 'out', 'now', 'to', 'play', 'on', 'the', 'bikes']","['co', 'pro:sub', 'part', 'adv', 'adv', 'prep', 'n', 'prep', 'det:art', 'n']",CHI,RP
11246,0,2860219,5757,73.00149900408633,"['see', 'the', 'jacket']","['v', 'det:art', 'n']",CHI,RP
11246,0,2860234,5757,73.00149900408633,"[""it's"", ""Robbie's""]","['pro:per', 'adj']",CHI,ST
11246,0,2860251,5757,73.00149900408633,"['Michael', 'Jackson']","['n:prop', 'n:prop']",CHI,CL
11246,0,2860263,5757,73.00149900408633,"['I', ""can't"", 'find', 'my', 'boots']","['pro:sub', 'mod', 'v', 'det:poss', 'n']",CHI,ST
11246,0,2860278,5757,73.00149900408633,"['where', 'are', 'they']","['pro:int', 'cop', 'pro:sub']",CHI,QN
11246,0,2860292,5757,73.00149900408633,"['oh', ""they're"", 'outside']","['co', 'pro:sub', 'adv']",CHI,ST
11246,0,2860303,5757,73.00149900408633,"['here', 'they', 'are']","['adv', 'pro:sub', 'cop']",CHI,ST
11246,0,2860314,5757,73.00149900408633,"['bye', 'Willie']","['co', 'n:prop']",JOA,MK
11246,0,2860325,5757,73.00149900408633,['bye'],['co'],CHI,MK
11247,0,2858252,5759,51.00104724943017,"['I', 'just', 'started', 'school', 'Sunday']","['pro:sub', 'adv', 'part', 'n', 'n:prop']",CHI,ST
11247,0,2858265,5759,51.00104724943017,"['what', 'kind', 'of', 'school', 'did', 'you', 'start']","['pro:int', 'n', 'prep', 'n', 'mod', 'pro:per', 'v']",TRA,QN
11247,0,2858271,5759,51.00104724943017,"['nursery', 'school']","['n', 'n']",CHI,SA
11247,0,2858282,5759,51.00104724943017,"[""Wesley's"", 'school']","['adj', 'n']",TRA,CT
11247,0,2858293,5759,51.00104724943017,"['no', 'my']","['co', 'co']",CHI,DW
11247,0,2858306,5759,51.00104724943017,['what'],['pro:int'],CHI,QN
11247,0,2858318,5759,51.00104724943017,"['how', 'can', 'I', 'be', 'in', 'xxx', 'I', 'only', 'four']","['pro:int', 'mod', 'pro:sub', 'aux', 'adv', '', 'pro:sub', 'adv', 'det:num']",CHI,SA
11247,0,2858331,5759,51.00104724943017,['no'],['co'],TRA,DW
11247,0,2858340,5759,51.00104724943017,"['I', 'said', 'next', 'year', ""you'll"", 'be', 'five', 'then', ""you'll"", 'be', 'in', 'kindergarten']","['pro:sub', 'v', 'adj', 'n', 'pro:per', 'aux', 'det:num', 'adv:tem', 'pro:per', 'cop', 'prep', 'n']",TRA,DP
11247,0,2858353,5759,51.00104724943017,['right'],['co'],TRA,YD
11247,0,2858365,5759,51.00104724943017,['right'],['co'],CHI,AC
11247,0,2858372,5759,51.00104724943017,"['Trevor', 'do', 'you', 'know', 'your', 'telephone', 'number', 'by', 'heart']","['n:prop', 'v', 'pro:per', 'v', 'det:poss', 'n', 'n', 'prep', 'n']",JAC,TX
11247,0,2858384,5759,51.00104724943017,"['your', 'telephone', 'number', 'at', 'home']","['det:poss', 'n', 'n', 'prep', 'n']",JAC,TX
11247,0,2858393,5759,51.00104724943017,"['yeah', 'twenty', 'three', 'twenty', 'three', 'Topaz']","['co', 'det:num', 'det:num', 'det:num', 'det:num', 'n:prop']",CHI,ST
11247,0,2858403,5759,51.00104724943017,['what'],['pro:int'],JAC,QN
11247,0,2858412,5759,51.00104724943017,"[""that's"", 'my', 'street']","['pro:dem', 'det:poss', 'n']",CHI,SA
11247,0,2858422,5759,51.00104724943017,"['do', 'you', 'know', 'your', 'phone', 'number']","['mod', 'pro:per', 'v', 'det:poss', 'n', 'v']",TRA,ST
11247,0,2858430,5759,51.00104724943017,"['Meg', 'wants', 'ta', 'call', 'your', 'mom']","['n:prop', 'v', 'inf', 'v', 'det:poss', 'n']",TRA,ST
11247,0,2858439,5759,51.00104724943017,"['do', 'you', 'know', 'how', 'to', 'call', 'your', 'Momma', 'on', 'the', 'telephone']","['mod', 'pro:per', 'v', 'pro:int', 'inf', 'v', 'det:poss', 'n:prop', 'prep', 'det:art', 'n']",JAC,ST
11247,0,2858458,5759,51.00104724943017,['no'],['co'],JAC,PF
11247,0,2858466,5759,51.00104724943017,"['not', 'yet']","['neg', 'adv']",JAC,PF
11247,0,2858475,5759,51.00104724943017,"['eight', 'seven', 'nine', 'seven', 'six', 'five', 'zero']","['det:num', 'det:num', 'det:num', 'det:num', 'det:num', 'det:num', 'det:num']",CHI,CN
11247,0,2858485,5759,51.00104724943017,"['boy', 'you', 'did', 'a', 'nice', 'job']","['co', 'pro:per', 'v', 'det:art', 'adj', 'n']",HEI,PM
11247,0,2858491,5759,51.00104724943017,['thank_you'],['co'],HEI,MK
11247,0,2858500,5759,51.00104724943017,"['a', 'xxx', 'yyy']","['det:art', '', '']",CHI,YY
11247,0,2858508,5759,51.00104724943017,"['Chuckie', 'Cheese', 'show', 'biz']","['n:prop', 'n:prop', 'n', 'n']",CHI,DP
11247,0,2858517,5759,51.00104724943017,"['whats', 'that', 'again']","['n:pt', 'pro:dem', 'adv']",CHI,YD
11247,0,2858530,5759,51.00104724943017,"['Major', 'Magic']","['n:prop', 'n:prop']",CHI,CL
11247,0,2858538,5759,51.00104724943017,"['which', 'one', 'do', 'you', 'like', 'best']","['pro:rel', 'det:num', 'v', 'pro:per', 'v', 'adj']",HEI,QN
11247,0,2858550,5759,51.00104724943017,"['show', 'biz']","['n', 'n']",CHI,SA
11247,0,2858560,5759,51.00104724943017,"['how', 'come']","['pro:int', 'v']",HEI,QN
11247,0,2858568,5759,51.00104724943017,"['because', 'they', 'got', 'they', 'got', 'they', 'got', 'the', 'the', 'the', 'yyy', 'is', 'better', 'than', 'Chuckie', 'Cheese']","['', '', '', '', '', 'pro:sub', 'v', '', '', 'det:art', '', 'aux', 'adv', 'prep', 'n:prop', 'n:prop']",CHI,SA
11247,0,2858578,5759,51.00104724943017,"['its', 'pizza']","['det:poss', 'n']",CHI,RP
11247,0,2858586,5759,51.00104724943017,"[""it's"", 'a', 'lot', 'better']","['pro:per', 'det:art', 'n', 'adj']",CHI,CS
11247,0,2858595,5759,51.00104724943017,"['way', 'better', 'better']","['adv', '', 'adj']",CHI,CS
11247,0,2858605,5759,51.00104724943017,"['we', 'got', 'chocolate', 'chips']","['pro:sub', 'v', 'n', 'n']",CHI,ST
11247,0,2858612,5759,51.00104724943017,"['chocolate', 'chips', 'butter', 'butter', 'sugar']","['n', 'v', 'n', 'n', 'n']",CHI,ST
11247,0,2858621,5759,51.00104724943017,"[""what's"", 'that']","['pro:int', 'pro:dem']",CHI,QN
11247,0,2858631,5759,51.00104724943017,"['what', 'this', 'is']","['pro:int', 'det:dem', 'cop']",HEI,QN
11247,0,2858643,5759,51.00104724943017,['what'],['pro:int'],CHI,QN
11247,0,2858649,5759,51.00104724943017,"['baking', 'soda']","['part', 'n']",HEI,SA
11247,0,2858657,5759,51.00104724943017,"['baking', 'soda', 'sugar', 'what', 'that']","['part', 'n', 'n', 'pro:int', 'adv']",CHI,QN
11247,0,2858665,5759,51.00104724943017,['Crisco'],['n:prop'],HEI,SA
11247,0,2858673,5759,51.00104724943017,"['but', ""we're"", 'not', 'going', 'to', 'use', 'that']","['conj', 'pro:sub', 'neg', 'part', 'inf', 'v', 'pro:dem']",HEI,DW
11247,0,2858681,5759,51.00104724943017,"[""we're"", 'going', 'to', 'use', 'the', 'butter', 'instead']","['pro:sub', 'part', 'inf', 'v', 'det:art', 'n', 'adv']",HEI,RP
11247,0,2858686,5759,51.00104724943017,"['okay', 'what', 'do', 'you', 'think', 'were', 'missing']","['co', 'pro:int', 'mod', 'pro:per', 'v', 'aux', 'part']",HEI,QN
11247,0,2858706,5759,51.00104724943017,['missing'],['part'],CHI,SA
11247,0,2858731,5759,51.00104724943017,"['the', 'dough']","['det:art', 'n']",CHI,SA
11247,0,2858739,5759,51.00104724943017,"['the', 'dough', 'and', 'what', 'else']","['det:art', 'n', 'coord', 'pro:int', 'post']",HEI,QN
11247,0,2858745,5759,51.00104724943017,"['the', 'spoon']","['det:art', 'n']",CHI,SA
11247,0,2858752,5759,51.00104724943017,"['we', 'hafta', 'make', 'the', 'dough', 'first']","['pro:sub', 'mod', 'v', 'det:art', 'n', 'adv']",HEI,RP
11247,0,2858763,5759,51.00104724943017,"['we', 'hafta', 'get', 'a', 'spoon', 'to', 'make', 'the', 'dough']","['pro:sub', 'mod', 'v', 'det:art', 'n', 'inf', 'v', 'det:art', 'n']",HEI,RP
11247,0,2858772,5759,51.00104724943017,"['do', 'you', 'know', 'what', 'this', 'is']","['mod', 'pro:per', 'v', 'pro:int', 'det:dem', 'cop']",HEI,QN
11247,0,2858787,5759,51.00104724943017,['what'],['pro:int'],CHI,QN
11247,0,2858800,5759,51.00104724943017,['guess'],['n'],HEI,SA
11247,0,2858813,5759,51.00104724943017,['chocolate'],['n'],CHI,YY
11247,0,2858819,5759,51.00104724943017,['no'],['co'],HEI,PF
11247,0,2858826,5759,51.00104724943017,"['not', 'chocolate']","['neg', 'n']",HEI,PF
11247,0,2858833,5759,51.00104724943017,"['try', 'again']","['v', 'adv']",HEI,RP
11247,0,2858839,5759,51.00104724943017,"[""it's"", 'like', 'sugar', 'except', 'its', 'brown']","['pro:per', 'co', 'n', 'prep', 'det:poss', 'adj']",HEI,ST
11247,0,2858847,5759,51.00104724943017,"['I', ""don't"", 'know', 'what', 'it', 'is']","['pro:sub', 'mod', 'v', 'pro:int', 'pro:per', 'cop']",CHI,ST
11247,0,2858852,5759,51.00104724943017,"['its', 'brown', 'sugar']","['det:poss', 'adj', 'n']",HEI,ST
11247,0,2858864,5759,51.00104724943017,"['here', 'take', 'it', 'out', 'and', 'you', 'can', 'feel', 'it']","['adv', 'v', 'pro:per', 'adv', 'coord', 'pro:per', 'mod', 'v', 'pro:per']",HEI,ST
11247,0,2858881,5759,51.00104724943017,"['whats', 'it', 'feel', 'like']","['n:pt', 'pro:per', 'v', 'prep']",HEI,ST
11247,0,2858884,5759,51.00104724943017,['sugar'],['n'],CHI,YY
11247,0,2858891,5759,51.00104724943017,"['feel', 'this']","['v', 'det:dem']",HEI,RP
11247,0,2858905,5759,51.00104724943017,"['feel', 'the', 'white', 'sugar']","['v', 'det:art', 'adj', 'n']",HEI,ST
11247,0,2858915,5759,51.00104724943017,"['whats', 'the', 'difference', 'between', 'the', 'two', 'sugars']","['n:pt', 'det:art', 'n', 'prep', 'det:art', 'det:num', 'n']",HEI,ST
11247,0,2858918,5759,51.00104724943017,"['this', 'one', 'is', 'hard']","['pro:dem', 'pro:indef', 'cop', 'adv']",CHI,ST
11247,0,2858927,5759,51.00104724943017,"['and', 'this', 'one', 'is', 'real', 'soft']","['coord', 'det:dem', 'pro:indef', 'cop', 'adj', 'adj']",CHI,ST
11247,0,2858936,5759,51.00104724943017,['okay'],['co'],HEI,AC
11247,0,2858951,5759,51.00104724943017,"[""one's"", 'hard', 'and', ""one's"", 'soft']","['adj', 'adj', 'coord', 'adj', 'adj']",HEI,ST
11247,0,2858964,5759,51.00104724943017,"['what', 'else']","['pro:int', 'post']",HEI,QN
11247,0,2858973,5759,51.00104724943017,"['is', 'there', 'anything', 'else', 'different', 'about', 'them']","['cop', 'adv', 'pro:indef', 'post', 'adj', 'prep', 'pro:obj']",HEI,SA
11247,0,2859008,5759,51.00104724943017,"[""one's"", 'brown']","['adj', 'adj']",CHI,SA
11247,0,2859015,5759,51.00104724943017,"[""one's"", 'yellow']","['adj', 'n']",CHI,ST
11247,0,2859021,5759,51.00104724943017,"['I', 'mean', 'um', 'um', 'mm', 'white']","['pro:sub', 'v', '', '', 'co', 'n']",CHI,ST
11247,0,2859032,5759,51.00104724943017,"['these', 'are', 'chunks']","['pro:dem', 'cop', 'n']",CHI,ST
11247,0,2859044,5759,51.00104724943017,"[""what's"", 'this']","['pro:int', 'pro:dem']",HEI,QN
11247,0,2859052,5759,51.00104724943017,['mixer'],['n'],CHI,SA
11247,0,2859057,5759,51.00104724943017,"[""what's"", 'a', 'mixer', 'do']","['pro:int', 'det:art', 'n', 'v']",HEI,AP
11247,0,2859063,5759,51.00104724943017,"['mix', 'up', 'mix', 'stuff']","['v', 'adv', 'n', 'n']",CHI,RP
11247,0,2859070,5759,51.00104724943017,"['get', 'all', 'lined', 'up', 'to', 'make', 'um', 'cookies']","['aux', 'adv', 'v', 'adv', 'inf', 'v', '', 'n']",CHI,RP
11247,0,2859079,5759,51.00104724943017,"['what', 'kind', 'of', 'cookies']","['pro:int', 'n', 'prep', 'n']",HEI,QN
11247,0,2859084,5759,51.00104724943017,"['chocolate', 'chip', 'cookies']","['n', 'n', 'n']",CHI,SA
11247,0,2859092,5759,51.00104724943017,"['a', 'lot', 'more']","['det:art', 'n', 'pro:indef']",CHI,RP
11247,0,2859113,5759,51.00104724943017,"['just', 'a', 'little', 'more']","['adv', 'det:art', 'adj', 'pro:indef']",CHI,SI
11247,0,2859123,5759,51.00104724943017,"[""I'm"", 'going', 'to', 'get', 'a', 'big', 'shirt', 'and', 'put', 'it', 'over', 'you', 'while', 'we', 'make', 'cookies', 'so', 'you', ""don't"", 'get', 'messy']","['pro:sub', 'part', 'inf', 'v', 'det:art', 'adj', 'n', 'coord', 'v', 'pro:per', 'adv', 'pro:per', 'conj', 'pro:sub', 'v', 'n', 'conj', 'pro:per', 'mod', 'v', 'adj']",HEI,SI
11247,0,2859154,5759,51.00104724943017,"['get', 'a', 'shirt']","['v', 'det:art', 'n']",HEI,RP
11247,0,2859162,5759,51.00104724943017,"['like', 'a', 'doctor', 'wears']","['prep', 'det:art', 'n', 'v']",CHI,RP
11247,0,2859173,5759,51.00104724943017,"['stand', 'up']","['v', 'adv']",HEI,RP
11247,0,2859184,5759,51.00104724943017,['oh'],['co'],HEI,MK
11247,0,2859191,5759,51.00104724943017,"['how', 'much', 'do', 'you', 'weigh']","['pro:int', 'adv', 'v', 'pro:per', 'v']",HEI,QN
11247,0,2859195,5759,51.00104724943017,"['I', ""don't"", 'know']","['pro:sub', 'mod', 'v']",CHI,SA
11247,0,2859209,5759,51.00104724943017,"['one', 'hundred', 'pounds']","['det:num', 'det:num', 'n']",HEI,CT
11247,0,2859218,5759,51.00104724943017,['no'],['co'],CHI,DW
11247,0,2859223,5759,51.00104724943017,"['fifty', 'pounds']","['det:num', 'n']",HEI,CT
11247,0,2859235,5759,51.00104724943017,['yeah'],['co'],CHI,AC
11247,0,2859247,5759,51.00104724943017,"['I', ""can't"", 'wait', 'till', 'it', 'all', 'grinds', 'up']","['pro:sub', 'mod', 'v', 'v', 'pro:per', 'adv', 'v', 'adv']",CHI,ST
11247,0,2859257,5759,51.00104724943017,['why'],['pro:rel'],HEI,QN
11247,0,2859291,5759,51.00104724943017,"['because', 'I', 'like', 'when', 'it', 'grinds', 'up']","['conj', 'pro:sub', 'v', 'conj', 'pro:per', 'v', 'adv']",CHI,SA
11247,0,2859300,5759,51.00104724943017,"['big', 'chunks', 'in', 'there']","['adj', 'n', 'prep', 'n']",CHI,SA
11247,0,2859314,5759,51.00104724943017,"['how', 'many', 'cups', 'have', 'we', 'put', 'in', 'all', 'together']","['pro:int', 'qn', 'n', 'v', 'pro:sub', 'v', 'adv', 'post', 'adv']",HEI,QN
11247,0,2859326,5759,51.00104724943017,"['we', 'have', 'three']","['pro:sub', 'v', 'det:num']",CHI,SA
11247,0,2859333,5759,51.00104724943017,['okay'],['co'],HEI,AD
11247,0,2859344,5759,51.00104724943017,"['gotta', 'stick', 'stuff', 'in', 'there']","['mod', 'v', 'n', 'prep', 'n']",CHI,RP
11247,0,2859352,5759,51.00104724943017,"['how', 'do', 'you', 'think', 'we', 'should', 'soften', 'the', 'butter']","['pro:int', 'mod', 'pro:per', 'v', 'pro:sub', 'mod', 'v', 'det:art', 'n']",HEI,QN
11247,0,2859364,5759,51.00104724943017,"['I', 'can', 'turn', 'it', 'into', 'a', 'ball']","['pro:sub', 'mod', 'v', 'pro:per', 'prep', 'det:art', 'n']",CHI,SA
11247,0,2859374,5759,51.00104724943017,"['how', 'do', 'your', 'hands', 'feel']","['pro:int', 'mod', 'det:poss', 'n', 'v']",HEI,QN
11247,0,2859384,5759,51.00104724943017,['soft'],['adj'],CHI,YY
11247,0,2859395,5759,51.00104724943017,"['our', 'hands', 'um', 'clean']","['det:poss', 'n', '', 'adj']",CHI,YY
11247,0,2859407,5759,51.00104724943017,"['ready', 'to', 'go']","['adj', 'inf', 'v']",HEI,SS
11247,0,2859417,5759,51.00104724943017,['yeah'],['co'],CHI,AC
11247,0,2859429,5759,51.00104724943017,"['do', 'you', 'wanna', 'pour', 'the', 'vanilla', 'or', 'hold', 'the', 'spoon', 'while', 'I', 'pour']","['mod', 'pro:per', 'v', 'v', 'det:art', 'n', 'coord', 'v', 'det:art', 'n', 'conj', 'pro:sub', 'v']",HEI,TQ
11247,0,2859443,5759,51.00104724943017,"[""I'll"", 'I', 'will', ""I'll"", 'pour']","['', '', '', 'pro:sub', 'v']",CHI,TA
11247,0,2859453,5759,51.00104724943017,"['pour', 'into', 'the', 'bowl']","['v', 'prep', 'det:art', 'n']",CHI,RP
11247,0,2859466,5759,51.00104724943017,['thank_you'],['co'],HEI,MK
11247,0,2859478,5759,51.00104724943017,"['you', 'did', 'a', 'great', 'job']","['pro:per', 'v', 'det:art', 'adj', 'n']",HEI,ST
11247,0,2859486,5759,51.00104724943017,"[""we're"", 'going', 'to', 'turn', 'the', 'beater', 'on']","['pro:sub', 'part', 'inf', 'v', 'det:art', 'n', 'prep']",HEI,RP
11247,0,2859509,5759,51.00104724943017,"['does', 'your', 'Momma', 'let', 'you', 'use', 'the', 'beater', 'at', 'home']","['mod', 'det:poss', 'n:prop', 'v', 'pro:per', 'v', 'det:art', 'n', 'prep', 'n']",HEI,RP
11247,0,2859521,5759,51.00104724943017,"['I', ""I'm"", 'gonna', 'be', 'right', 'here']","['', 'pro:sub', 'part', 'cop', 'adv', 'adv']",CHI,SI
11247,0,2859542,5759,51.00104724943017,"['I', 'did', 'it']","['pro:sub', 'mod', 'pro:per']",CHI,YY
11247,0,2859555,5759,51.00104724943017,['alright'],['co'],HEI,AC
11247,0,2859562,5759,51.00104724943017,"['I', 'I', 'when', 'I', 'was', 'when', 'I', 'was', 'four', 'I', ""couldn't"", 'ever', 'do', 'this']","['', '', '', '', '', 'conj', 'pro:sub', 'cop', 'det:num', 'pro:sub', 'mod', 'adv', 'v', 'pro:dem']",CHI,ST
11247,0,2859582,5759,51.00104724943017,"[""I'm"", 'still', 'four', 'and', 'and']","['pro:sub', 'adv', 'det:num', '', 'coord']",CHI,ST
11247,0,2859594,5759,51.00104724943017,"['one', 'time', 'at', 'my', 'house', 'I', ""couldn't"", 'even', 'do', 'it']","['det:num', 'n', 'prep', 'det:poss', 'n', 'pro:sub', 'mod', 'adv', 'v', 'pro:per']",CHI,ST
11247,0,2859612,5759,51.00104724943017,"['do', 'you', 'know', 'which', 'is', 'the', 'white', 'of', 'the', 'egg']","['mod', 'pro:per', 'v', 'pro:rel', 'cop', 'det:art', 'n', 'prep', 'det:art', 'n']",HEI,QN
11247,0,2859624,5759,51.00104724943017,['shell'],['n'],CHI,SA
11247,0,2859634,5759,51.00104724943017,"[""that's"", 'true']","['pro:dem', 'adj']",HEI,AP
11247,0,2859645,5759,51.00104724943017,"['the', 'shell', 'is', 'white']","['det:art', 'n', 'cop', 'adj']",HEI,ST
11247,0,2859660,5759,51.00104724943017,"['this', 'is', 'called', 'egg', 'white', 'and', 'this', 'is', 'called', 'yolk']","['pro:dem', 'aux', 'part', 'n', 'n', 'coord', 'pro:dem', 'aux', 'part', 'n']",HEI,ST
11247,0,2859674,5759,51.00104724943017,"['your', 'gonna', 'take', 'this', 'and', 'go', 'like', 'this']","['det:poss', 'part', 'v', 'det:dem', 'coord', 'v', 'prep', 'pro:dem']",HEI,RP
11247,0,2859691,5759,51.00104724943017,"[""it's"", 'all', 'yolk', 'now']","['pro:per', 'qn', 'n', 'adv']",CHI,DC
11247,0,2859702,5759,51.00104724943017,"['there', 'its', 'all', 'yolk']","['adv', 'det:poss', 'qn', 'n']",CHI,DC
11247,0,2859713,5759,51.00104724943017,"['can', 'you', 'whip', 'it', 'together', 'a', 'little', 'more']","['mod', 'pro:per', 'v', 'pro:per', 'adv', 'det:art', 'adj', 'pro:indef']",HEI,RP
11247,0,2859726,5759,51.00104724943017,"['I', ""don't"", 'know', 'if', 'I', 'can', 'do', 'it']","['pro:sub', 'mod', 'v', 'comp', 'pro:sub', 'mod', 'v', 'pro:per']",CHI,ST
11247,0,2859739,5759,51.00104724943017,"['that', 'is', 'enough', 'I', 'can', 'do']","['pro:dem', 'cop', 'adv', 'pro:sub', 'mod', 'v']",CHI,ST
11247,0,2859749,5759,51.00104724943017,['okay'],['co'],HEI,MK
11247,0,2859760,5759,51.00104724943017,"[""we'll"", 'take', 'this', 'spatula', 'and', 'use', 'it']","['pro:sub', 'v', 'det:dem', 'n', 'coord', 'v', 'pro:per']",HEI,RP
11247,0,2859772,5759,51.00104724943017,['feel'],['v'],HEI,RP
11247,0,2859783,5759,51.00104724943017,"['how', 'does', 'it', 'feel']","['pro:int', 'mod', 'pro:per', 'v']",HEI,QN
11247,0,2859793,5759,51.00104724943017,['rubber'],['n'],CHI,SA
11247,0,2859803,5759,51.00104724943017,"['what', 'do', 'you', 'call', 'that', 'stuff', 'right', 'there']","['pro:int', 'mod', 'pro:per', 'v', 'det:dem', 'n', 'adv', 'adv']",HEI,QN
11247,0,2859818,5759,51.00104724943017,"['call', 'what']","['v', 'pro:int']",CHI,AC
11247,0,2859829,5759,51.00104724943017,['that'],['comp'],HEI,YY
11247,0,2859840,5759,51.00104724943017,['dough'],['n'],CHI,YY
11247,0,2859853,5759,51.00104724943017,"['what', 'do', 'you', 'do', 'with', 'it']","['pro:int', 'mod', 'pro:per', 'v', 'prep', 'pro:per']",HEI,QN
11247,0,2859867,5759,51.00104724943017,"['you', 'turn', 'it', 'to', 'cookies']","['pro:per', 'v', 'pro:per', 'prep', 'n']",CHI,RP
11247,0,2859879,5759,51.00104724943017,"['next', 'we', 'hafta', 'put', 'the', 'flour', 'in']","['adv', 'pro:sub', 'mod', 'v', 'det:art', 'n', 'adv']",HEI,RP
11247,0,2859894,5759,51.00104724943017,"['how', 'much']","['pro:int', 'adv']",CHI,QN
11247,0,2859905,5759,51.00104724943017,"['two', 'cups']","['det:num', 'n']",HEI,SA
11247,0,2859928,5759,51.00104724943017,"['oh', 'yeah', 'I', 'love', 'wheat', 'flour']","['co', 'co', 'pro:sub', 'n', 'n', 'n']",CHI,ST
11247,0,2859941,5759,51.00104724943017,"['this', 'what', 'cooks', 'wear', 'when', 'they', 'cook']","['pro:dem', 'pro:int', 'n', 'v', 'conj', 'pro:sub', 'v']",CHI,ST
11247,0,2859950,5759,51.00104724943017,"['right', 'right']","['', 'co']",CHI,AP
11247,0,2859962,5759,51.00104724943017,['right'],['co'],HEI,AP
11247,0,2859975,5759,51.00104724943017,"[""what's"", 'it', 'called']","['pro:int', 'pro:per', 'v']",HEI,QN
11247,0,2859988,5759,51.00104724943017,"['xxx', 'now', 'what']","['', 'adv', 'pro:int']",CHI,QN
11247,0,2860004,5759,51.00104724943017,"['do', 'you', 'want', 'nuts', 'in', 'here']","['mod', 'pro:per', 'v', 'n', 'prep', 'n']",HEI,SA
11247,0,2860018,5759,51.00104724943017,"['yes', 'or', 'no']","['co', 'coord', 'co']",HEI,DW
11247,0,2860026,5759,51.00104724943017,['okay'],['co'],CHI,AD
11247,0,2860037,5759,51.00104724943017,['yep'],['co'],CHI,YY
11247,0,2860044,5759,51.00104724943017,"['I', 'want', 'nuts']","['pro:sub', 'v', 'adj']",CHI,YY
11247,0,2860056,5759,51.00104724943017,"['stir', 'till', 'all', 'the', 'sugars', 'gone']","['v', 'n', 'qn', 'det:art', 'n', 'part']",CHI,ST
11247,0,2860067,5759,51.00104724943017,"['can', 'you', 'hold', 'the', 'handle']","['mod', 'pro:per', 'v', 'det:art', 'n']",CHI,RP
11247,0,2860079,5759,51.00104724943017,"[""that's"", 'because', 'its', 'hard']","['pro:dem', 'conj', 'det:poss', 'adj']",CHI,YY
11247,0,2860094,5759,51.00104724943017,"['stir', 'till', 'its', 'all_gone']","['v', 'v', 'det:poss', 'adj']",CHI,ST
11247,0,2860108,5759,51.00104724943017,['ah'],[''],CHI,YY
11247,0,2860120,5759,51.00104724943017,"['its', 'getting', 'hard', 'and', 'harder']","['det:poss', 'part', 'adv', 'coord', 'adj']",CHI,ST
11247,0,2860129,5759,51.00104724943017,"['you', 'stir', 'till', 'you', 'get', 'tired', 'and', 'then', ""I'll"", 'help']","['pro:per', 'v', 'v', 'pro:per', 'v', 'v', 'coord', 'adv:tem', 'pro:sub', 'co']",HEI,RP
11247,0,2860144,5759,51.00104724943017,"['you', 'can', 'help', 'now']","['pro:per', 'mod', 'v', 'adv']",CHI,RP
11247,0,2860159,5759,51.00104724943017,"['my', 'dad', 'can', 'stir', 'that', 'real', 'fast']","['det:poss', 'n', 'mod', 'v', 'det:dem', 'adj', 'n']",CHI,RP
11247,0,2860174,5759,51.00104724943017,['why'],['pro:rel'],HEI,QN
11247,0,2860189,5759,51.00104724943017,"['because', ""he's"", 'real', 'strong']","['conj', 'pro:sub', 'adj', 'adj']",CHI,SA
11247,0,2860210,5759,51.00104724943017,"['he', 'old']","['pro:sub', 'adj']",CHI,SA
11247,0,2860220,5759,51.00104724943017,"['I', 'I', 'um', 'he', 'he', 'forty']","['', 'pro:sub', '', '', 'pro:sub', 'det:num']",CHI,SA
11247,0,2860233,5759,51.00104724943017,"['hm', 'I', ""don't"", 'know', 'how', 'old', 'he', 'is']","['co', 'pro:sub', 'mod', 'v', 'pro:int', 'adj', 'pro:sub', 'cop']",CHI,ST
11247,0,2860247,5759,51.00104724943017,"[""he's"", 'real', 'old']","['pro:sub', 'adj', 'adj']",CHI,ST
11247,0,2860260,5759,51.00104724943017,"['the', 'more', 'you', 'get', 'the', 'more', 'you', 'get', 'older', 'the', 'more', 'you', 'die']","['', '', '', '', 'det:art', 'adv', 'pro:per', 'v', 'adj', 'det:art', 'adv', 'pro:per', 'v']",CHI,RP
11247,0,2860274,5759,51.00104724943017,"['you', 'wish', 'you', 'were', 'one', 'year', 'old']","['pro:per', 'v', 'pro:per', 'cop', 'det:num', 'n', 'adj']",CHI,ST
11247,0,2860288,5759,51.00104724943017,"['you', 'know', 'why']","['pro:per', 'v', 'pro:rel']",CHI,QN
11247,0,2860302,5759,51.00104724943017,['why'],['pro:rel'],HEI,QN
11247,0,2860315,5759,51.00104724943017,"['because', 'you', ""wouldn't"", 'be', 'dead', 'like', 'all', 'the', 'people']","['conj', 'pro:per', 'mod', 'cop', 'adj', 'prep', 'qn', 'det:art', 'n']",CHI,SA
11247,0,2860329,5759,51.00104724943017,"['want', 'a', 'taste']","['v', 'det:art', 'n']",HEI,RQ
11247,0,2860344,5759,51.00104724943017,"['does', 'your', 'mom', 'let', 'you', 'taste', 'it']","['mod', 'det:poss', 'n', 'v', 'pro:per', 'v', 'pro:per']",HEI,RP
11247,0,2860371,5759,51.00104724943017,"['or', 'do', 'you', 'hafta', 'wait', 'for', 'it', 'to', 'be', 'cooked']","['coord', 'v', 'pro:per', 'mod', 'v', 'prep', 'pro:per', 'inf', 'aux', 'part']",HEI,TQ
11247,0,2860385,5759,51.00104724943017,"['oh', 'we', 'we', 'we', 'we', 'we', 'we', 'licked', 'it']","['co', '', '', '', '', '', 'pro:sub', 'v', 'pro:per']",CHI,RD
11247,0,2860402,5759,51.00104724943017,"['we', 'licked', 'it', 'off', 'the', 'spatula', 'when', 'we', 'eat', 'it', 'up']","['pro:sub', 'v', 'pro:per', 'prep', 'det:art', 'n', 'conj', 'pro:sub', 'v', 'pro:per', 'adv']",CHI,ST
11247,0,2860416,5759,51.00104724943017,"[""what's"", 'it', 'taste', 'like', 'so', 'far']","['pro:int', 'pro:per', 'n', 'co', 'adv', 'adj']",HEI,AP
11247,0,2860430,5759,51.00104724943017,['dough'],['n'],CHI,YY
11247,0,2860445,5759,51.00104724943017,"['what', 'do', 'you', 'think', 'the', 'next', 'thing', 'we', 'hafta', 'add', 'is']","['pro:int', 'mod', 'pro:per', 'v', 'det:art', 'adj', 'n', 'pro:sub', 'mod', 'v', 'aux']",HEI,QN
11247,0,2860463,5759,51.00104724943017,"['chocolate', 'chips']","['n', 'v']",CHI,SA
11247,0,2860474,5759,51.00104724943017,"['is', 'that', 'enough']","['cop', 'pro:dem', 'adv']",HEI,YQ
11247,0,2860488,5759,51.00104724943017,"['no', 'more', 'and', 'more']","['co', 'adv', 'coord', 'pro:indef']",CHI,AN
11247,0,2860501,5759,51.00104724943017,"[""what's"", 'the', 'very', 'last', 'thing', 'were', 'gonna', 'put', 'in']","['pro:int', 'det:art', 'adv', 'adv', 'n', 'aux', 'part', 'v', 'adv']",HEI,QN
11247,0,2860514,5759,51.00104724943017,"['the', 'nuts']","['det:art', 'adj']",CHI,SA
11247,0,2860528,5759,51.00104724943017,"[""I'm"", 'wiping', 'this', 'off']","['pro:sub', 'part', 'pro:dem', 'prep']",CHI,SI
11247,0,2860540,5759,51.00104724943017,"['I', 'wipe', 'up', 'the', 'sides']","['pro:sub', 'v', 'prep', 'det:art', 'n']",CHI,SI
11247,0,2860554,5759,51.00104724943017,"['oh', 'oh', 'my', 'knees', 'are', 'tired']","['co', 'co', 'det:poss', 'n', 'aux', 'part']",CHI,PF
11247,0,2860570,5759,51.00104724943017,"[""can't"", 'see']","['mod', 'v']",CHI,RP
11247,0,2860585,5759,51.00104724943017,['oops'],['co'],HEI,MK
11247,0,2860599,5759,51.00104724943017,"['hafta', 'pick', 'them', 'up']","['mod', 'v', 'pro:obj', 'adv']",HEI,RP
11247,0,2860616,5759,51.00104724943017,"['I', ""don't"", 'see', 'very', 'good', 'because', 'you', 'need', 'glasses', 'to', 'see', 'very', 'good']","['pro:sub', 'mod', 'v', 'adv', 'adj', 'conj', 'pro:per', 'v', 'n', 'inf', 'v', 'adv', 'adj']",CHI,ST
11247,0,2860631,5759,51.00104724943017,['hm'],['co'],HEI,AC
11247,0,2860648,5759,51.00104724943017,"['I', 'need', 'my', 'sun', 'glasses']","['pro:sub', 'v', 'det:poss', 'n', 'n']",CHI,ST
11247,0,2860658,5759,51.00104724943017,"['I', 'should', 'have', 'brought', 'my', 'sun', 'glasses']","['pro:sub', 'mod', 'aux', 'v', 'det:poss', 'n', 'n']",CHI,ST
11247,0,2860686,5759,51.00104724943017,['no'],['co'],HEI,PF
11247,0,2860702,5759,51.00104724943017,"[""don't"", 'put', 'that', 'in', 'the', 'dough']","['mod', 'v', 'pro:dem', 'prep', 'det:art', 'n']",HEI,PF
11247,0,2860714,5759,51.00104724943017,"['can', 'you', 'open', 'the', 'lid']","['mod', 'pro:per', 'v', 'det:art', 'n']",CHI,RP
11247,0,2860727,5759,51.00104724943017,"['two', 'ways', 'we', 'can', 'do', 'it']","['det:num', 'n', 'pro:sub', 'mod', 'v', 'pro:per']",HEI,ST
11247,0,2860740,5759,51.00104724943017,"['flat', 'or', 'not', 'flat']","['adj', 'coord', 'neg', 'adj']",CHI,DS
11247,0,2860826,5759,51.00104724943017,"['flat', 'or', 'not', 'flat']","['adj', 'coord', 'neg', 'adj']",HEI,DS
11247,0,2860840,5759,51.00104724943017,"['yeah', 'we', 'can', 'make', 'it', 'any', 'way']","['co', 'pro:sub', 'mod', 'v', 'pro:per', 'qn', 'n']",CHI,AD
11247,0,2860851,5759,51.00104724943017,"['you', 'show', 'me', 'how', 'you', 'do', 'it', 'and', ""I'll"", 'show', 'you', 'how', 'I', 'do', 'it']","['pro:per', 'v', 'pro:obj', 'pro:int', 'pro:per', 'v', 'pro:per', 'coord', 'pro:sub', 'v', 'pro:per', 'pro:int', 'pro:sub', 'v', 'pro:per']",HEI,RP
11247,0,2860865,5759,51.00104724943017,"['I', 'take', 'a', 'handful', 'an', 'wraps', 'like', 'a', 'ball']","['pro:sub', 'v', 'det:art', 'n', 'det:art', 'v', 'prep', 'det:art', 'n']",CHI,ST
11247,0,2860881,5759,51.00104724943017,"['will', 'that', 'be', 'a', 'big', 'cookie', 'or', 'a', 'small', 'cookie']","['mod', 'pro:dem', 'cop', 'det:art', 'adj', 'n', 'coord', 'det:art', 'adj', 'n']",HEI,ST
11247,0,2860894,5759,51.00104724943017,"['it', 'be', 'a', 'real', 'big', 'flat', 'cookie']","['pro:per', 'cop', 'det:art', 'adj', 'adj', 'adj', 'n']",CHI,ST
11247,0,2860909,5759,51.00104724943017,"['oh', 'lets', 'put', 'that', 'in', 'the', 'middle']","['co', 'v', 'v', 'pro:dem', 'prep', 'det:art', 'n']",CHI,RP
11247,0,2860927,5759,51.00104724943017,['right'],['co'],CHI,YY
11247,0,2860947,5759,51.00104724943017,"['its', 'your', 'cookie']","['det:poss', 'det:poss', 'n']",HEI,RP
11247,0,2860962,5759,51.00104724943017,"['you', 'do', 'what', 'you', 'want']","['pro:per', 'v', 'pro:int', 'pro:per', 'v']",HEI,RP
11247,0,2860980,5759,51.00104724943017,"[""I'm"", 'gonna', 'take', 'this', 'up', 'like', 'a', 'ball']","['pro:sub', 'part', 'v', 'det:dem', 'adv', 'prep', 'det:art', 'n']",CHI,SI
11247,0,2860995,5759,51.00104724943017,"['its', 'not', 'working']","['det:poss', 'neg', 'part']",CHI,PF
11247,0,2861011,5759,51.00104724943017,"['do', 'you', 'need', 'your', 'sleeves', 'rolled', 'up']","['mod', 'pro:per', 'v', 'det:poss', 'n', 'v', 'adv']",HEI,YQ
11247,0,2861027,5759,51.00104724943017,['yep'],['co'],CHI,AA
11247,0,2861036,5759,51.00104724943017,"[""I'll"", 'show', 'you', 'how', 'I', 'do', 'it']","['pro:sub', 'v', 'pro:per', 'pro:int', 'pro:sub', 'v', 'pro:per']",HEI,SI
11247,0,2861049,5759,51.00104724943017,"['put', 'right', 'in', 'middle']","['v', 'n', 'prep', 'n']",CHI,SI
11247,0,2861063,5759,51.00104724943017,"['xxx', 'I', 'like', 'mine', 'sticky']","['', 'pro:sub', 'v', 'n', 'n']",CHI,ST
11247,0,2861072,5759,51.00104724943017,"['I', 'like', 'to', 'wash', 'in', 'warm', 'water']","['pro:sub', 'v', 'inf', 'v', 'adv', 'adj', 'n']",CHI,ST
11247,0,2861096,5759,51.00104724943017,"['you', 'do']","['pro:per', 'v']",HEI,AP
11247,0,2861108,5759,51.00104724943017,"['yeah', 'because', 'I', 'like', 'wash', 'my', 'hands', 'in', 'warm', 'water']","['co', 'conj', 'pro:sub', 'v', 'v', 'det:poss', 'n', 'prep', 'adj', 'n']",CHI,ST
11247,0,2861125,5759,51.00104724943017,"['will', 'you', 'help', 'me', 'wash', 'the', 'dishes', 'then']","['mod', 'pro:per', 'v', 'pro:obj', 'v', 'det:art', 'n', 'adv:tem']",HEI,RP
11247,0,2861144,5759,51.00104724943017,"['we', 'can', 'wash', 'those', 'in', 'warm', 'water']","['pro:sub', 'mod', 'v', 'pro:dem', 'prep', 'adj', 'n']",HEI,ST
11247,0,2861157,5759,51.00104724943017,"['not', 'boiling', 'hot']","['neg', 'part', 'adj']",CHI,DW
11247,0,2861168,5759,51.00104724943017,"['no', 'not', 'boiling', 'hot']","['co', 'neg', 'part', 'adj']",HEI,DW
11247,0,2861187,5759,51.00104724943017,"['oh', 'that', 'what', 'my', 'mom', 'do', 'is']","['co', 'pro:dem', 'pro:int', 'det:poss', 'n', 'v', 'cop']",CHI,QN
11247,0,2861200,5759,51.00104724943017,"['I', 'thought', 'you', 'had', 'a', 'dish+washer']","['pro:sub', 'v', 'pro:per', 'v', 'det:art', '']",HEI,SA
11247,0,2861222,5759,51.00104724943017,"['we', 'do', 'we', 'do', 'too', 'we', 'do']","['pro:sub', 'mod', 'pro:sub', 'v', 'adv', 'pro:sub', 'v']",CHI,ST
11247,0,2861239,5759,51.00104724943017,"['so', 'you', 'use', 'a', 'dish+washer', 'and', 'your', 'hands']","['co', 'pro:per', 'v', 'det:art', '', 'coord', 'det:poss', 'n']",HEI,AP
11247,0,2861257,5759,51.00104724943017,"['would', 'you', 'like', 'to', 'wash', 'your', 'hands', 'right', 'now']","['mod', 'pro:per', 'v', 'inf', 'v', 'det:poss', 'n', 'adv', 'adv']",HEI,RQ
11247,0,2861272,5759,51.00104724943017,['yeah'],['co'],CHI,AD
11247,0,2861291,5759,51.00104724943017,['okay'],['co'],HEI,AD
11247,0,2861307,5759,51.00104724943017,"['all', 'you', 'hafta', 'do', 'is', 'ask']","['post', 'pro:per', 'mod', 'v', 'cop', 'v']",HEI,ST
11247,0,2861326,5759,51.00104724943017,"['are', 'you', 'going', 'to', 'lick', 'them', 'up']","['cop', 'pro:per', 'part', 'inf', 'v', 'pro:obj', 'adv']",HEI,ST
11247,0,2861339,5759,51.00104724943017,"['does', 'that', 'sound', 'better']","['mod', 'adv', 'adj', 'adj']",HEI,AP
11247,0,2861356,5759,51.00104724943017,"['to', 'lick', 'um', 'first', 'then', 'wash']","['inf', 'v', '', 'adv', 'adv:tem', 'v']",HEI,TX
11247,0,2861371,5759,51.00104724943017,"['can', 'I', 'give', 'you', 'some', 'milk', 'or', 'some', 'water']","['mod', 'pro:sub', 'v', 'pro:per', 'qn', 'n', 'coord', 'qn', 'n']",HEI,TQ
11247,0,2861388,5759,51.00104724943017,['okay'],['co'],CHI,
11247,0,2861405,5759,51.00104724943017,"['which', 'one']","['pro:rel', 'pro:indef']",HEI,QN
11247,0,2861424,5759,51.00104724943017,['milk'],['n'],CHI,SA
11247,0,2861434,5759,51.00104724943017,"[""I'll"", 'give', 'you', 'that', 'after', 'you', 'wash', 'your', 'hands']","['pro:sub', 'v', 'pro:per', 'pro:dem', 'prep', 'pro:per', 'v', 'det:poss', 'n']",HEI,ST
11247,0,2861451,5759,51.00104724943017,"['cool', 'it', 'down', 'a', 'lot']","['v', 'pro:per', 'adv', 'det:art', 'n']",CHI,ST
11247,0,2861467,5759,51.00104724943017,"['ouch', 'ouch']","['n', 'n']",CHI,EM
11247,0,2861486,5759,51.00104724943017,"['ouch', 'ouch']","['n', 'n']",CHI,EM
11247,0,2861502,5759,51.00104724943017,"['my', 'glass', 'of', 'milk']","['det:poss', 'n', 'prep', 'n']",CHI,ST
11247,0,2861518,5759,51.00104724943017,"['tell', 'me', 'about', 'Star', 'Wars']","['v', 'pro:obj', 'prep', 'n:prop', 'n:prop']",HEI,RP
11247,0,2861549,5759,51.00104724943017,"[""who's"", 'Darth', 'Vader']","['pro:int', 'n:prop', 'n:prop']",HEI,QN
11247,0,2861563,5759,51.00104724943017,"['a', 'black', 'guy', ""he's"", 'a', 'robot']","['det:art', 'n', 'n', 'pro:sub', 'det:art', 'n']",CHI,SA
11247,0,2861575,5759,51.00104724943017,"['oh', 'he', 'is']","['co', 'pro:sub', 'cop']",HEI,AP
11247,0,2861594,5759,51.00104724943017,"[""who's"", 'Darth', 'Vaders', 'friends']","['pro:int', 'n:prop', 'n:prop', 'n']",HEI,QN
11247,0,2861608,5759,51.00104724943017,"['I', ""don't"", 'know']","['pro:sub', 'mod', 'v']",CHI,SA
11247,0,2861623,5759,51.00104724943017,"[""he's"", 'not', 'good']","['pro:sub', 'neg', 'adj']",CHI,ST
11247,0,2861639,5759,51.00104724943017,['right'],['co'],CHI,YY
11247,0,2861651,5759,51.00104724943017,"['who', 'else', 'is', 'in', 'Star', 'Wars']","['pro:int', 'post', 'aux', 'prep', 'n:prop', 'n:prop']",HEI,QN
11247,0,2861675,5759,51.00104724943017,"['tons', 'of', 'people']","['n', 'prep', 'n']",CHI,SA
11247,0,2861688,5759,51.00104724943017,"['like', 'who']","['co', 'pro:rel']",HEI,QN
11247,0,2861702,5759,51.00104724943017,"['I', ""don't"", ""can't"", 'tell', 'all', 'of', 'them']","['', '', 'mod', 'v', 'pro:indef', 'prep', 'pro:obj']",CHI,SA
11247,0,2861719,5759,51.00104724943017,"[""who's"", 'a', 'good', 'guy']","['pro:int', 'det:art', 'adj', 'n']",HEI,AP
11247,0,2861736,5759,51.00104724943017,"['Luke', 'Skywalker', 'a', 'good', 'boy']","['n:prop', 'n:prop', 'det:art', 'adj', 'n']",CHI,ST
11247,0,2861757,5759,51.00104724943017,"['he', 'even', 'destroy', 'a', 'giant', 'creature']","['pro:sub', 'adv', 'v', 'det:art', 'adj', 'n']",CHI,ST
11247,0,2861766,5759,51.00104724943017,"['did', 'you', 'see', 'Star', 'Wars']","['mod', 'pro:per', 'v', 'n:prop', 'n:prop']",CHI,ST
11247,0,2861783,5759,51.00104724943017,"['no', 'I', ""didn't""]","['co', 'pro:sub', 'mod']",HEI,DW
11247,0,2861796,5759,51.00104724943017,"['I', 'saw', 'Return', 'of', 'the', 'Jedi', 'movie']","['pro:sub', 'v', 'n:prop', 'prep', 'det:art', 'n:prop', 'n']",CHI,DP
11247,0,2861814,5759,51.00104724943017,"['what', 'was', 'that', 'about']","['pro:int', 'cop', 'pro:dem', 'adv']",HEI,YD
11247,0,2861846,5759,51.00104724943017,"['what', 'happened']","['pro:int', 'v']",HEI,QN
11247,0,2861864,5759,51.00104724943017,"['no', 'response']","['qn', 'n']",CHI,SA
11247,0,2861879,5759,51.00104724943017,"[""what's"", 'Luke', 'Skywalker', 'do']","['pro:int', 'n:prop', 'n:prop', 'v']",HEI,QN
11247,0,2861887,5759,51.00104724943017,"['he', 'destroy', 'one', 'giant', 'creature']","['pro:sub', 'v', 'det:num', 'adj', 'n']",CHI,SA
11247,0,2861903,5759,51.00104724943017,"['and', 'he', 'destroy', 'two']","['coord', 'pro:sub', 'v', 'det:num']",CHI,SA
11247,0,2861931,5759,51.00104724943017,"['he', 'destroyed', 'tons', 'tons', 'of', 'the', 'bad', 'guy']","['pro:sub', 'v', 'n', 'n', 'prep', 'det:art', 'adj', 'n']",CHI,ST
11247,0,2861954,5759,51.00104724943017,"['tons', 'of', 'the', 'evil', 'guys']","['n', 'prep', 'det:art', 'n', 'n']",CHI,ST
11247,0,2861974,5759,51.00104724943017,"['you', 'know', 'he', 'killed', 'all', 'the', 'bad', 'guys', 'except', 'he', 'never', 'got', 'Darth', 'Darth', 'Vader']","['pro:per', 'v', 'pro:sub', 'v', 'qn', 'det:art', 'adj', 'n', 'conj', 'pro:sub', 'adv', 'v', 'n:prop', 'n:prop', 'n:prop']",CHI,ST
11247,0,2861993,5759,51.00104724943017,"['how', 'come', 'he', ""didn't"", 'get', 'Darth', 'Vader']","['pro:int', 'v', 'pro:sub', 'mod', 'v', 'n:prop', 'n:prop']",HEI,QN
11247,0,2862007,5759,51.00104724943017,"['because', 'because', ""he's"", 'quick', 'as', 'xxx']","['conj', 'conj', 'pro:sub', 'adj', 'adv', '']",CHI,SA
11247,0,2862029,5759,51.00104724943017,"['know', 'why']","['v', 'pro:rel']",CHI,QN
11247,0,2862052,5759,51.00104724943017,"['the', 'robot', 'has', 'wheels', 'wheels']","['det:art', 'n', 'aux', '', 'n']",CHI,ST
11247,0,2862065,5759,51.00104724943017,"['you', 'know', 'why']","['pro:per', 'v', 'pro:rel']",CHI,MK
11247,0,2862085,5759,51.00104724943017,"['to', 'get', 'up', 'speed']","['inf', 'v', 'adv', 'n']",CHI,SI
11247,0,2862102,5759,51.00104724943017,"['they', ""don't"", 'make', 'them', 'them', 'like', 'walking', 'they', ""don't""]","['pro:sub', 'mod', 'v', '', 'pro:obj', 'prep', 'part', 'pro:sub', 'mod']",CHI,SI
11247,0,2862118,5759,51.00104724943017,"['gotta', 'itch', 'on', 'my', 'head']","['mod', 'v', 'prep', 'det:poss', 'n']",CHI,SI
11247,0,2862134,5759,51.00104724943017,"['its', 'okay', 'if', 'we', 'get', 'this', 'wet', 'because', 'this', 'is', 'real', 'old', 'one']","['det:poss', 'adj', 'conj', 'pro:sub', 'v', 'pro:dem', 'adj', 'conj', 'det:dem', 'cop', 'adj', 'adj', 'pro:indef']",CHI,SI
11247,0,2862152,5759,51.00104724943017,"['I', 'got', 'sixty', 'seven', 'seven', 'years']","['pro:sub', 'v', 'det:num', '', 'det:num', 'n']",CHI,PR
11247,0,2862166,5759,51.00104724943017,"['I', 'mean', 'ten', 'years', 'ago']","['pro:sub', 'v', 'det:num', 'n', 'post']",CHI,PR
11247,0,2862181,5759,51.00104724943017,"['you', 'must', 'be', 'about', 'ten', 'years', 'old']","['pro:per', 'mod', 'cop', 'prep', 'det:num', 'n', 'adj']",HEI,ST
11247,0,2862201,5759,51.00104724943017,['no'],['co'],CHI,RD
11247,0,2862213,5759,51.00104724943017,"[""I'm"", 'not', 'ten', 'years', 'old']","['pro:sub', 'neg', 'det:num', 'n', 'adj']",CHI,ST
11247,0,2862227,5759,51.00104724943017,"[""I'm"", 'still', 'four']","['pro:sub', 'adv', 'det:num']",CHI,ST
33903,1,14938953,19726,36.00073923489189,"['were', 'you', 'playing', 'with', 'the', 'computer']","['cop', 'pro:per', 'part', 'prep', 'det:art', 'n']",CLI,YQ
33903,1,14938956,19726,36.00073923489189,['yep'],['co'],CHI,AA
33903,1,14938959,19726,36.00073923489189,"['by', 'myself']","['prep', 'pro:refl']",CHI,YY
33903,1,14938961,19726,36.00073923489189,['xxx'],[''],CHI,YY
33903,1,14938963,19726,36.00073923489189,"['what', 'did', 'you', 'make']","['pro:int', 'mod', 'pro:per', 'v']",CLI,QN
33903,1,14938965,19726,36.00073923489189,"['a', 'big', 'tower']","['det:art', 'adj', 'n']",CHI,SA
33903,1,14938968,19726,36.00073923489189,"['how', 'do', 'you', 'make', 'a', 'tower', 'with', 'a', 'computer']","['pro:int', 'mod', 'pro:per', 'v', 'det:art', 'n', 'prep', 'det:art', 'n']",CLI,RP
33903,1,14938971,19726,36.00073923489189,"['make', 'a', 'tower']","['v', 'det:art', 'n']",CHI,RP
33903,1,14938973,19726,36.00073923489189,['look'],['co'],CHI,RP
33903,1,14938977,19726,36.00073923489189,['yeah'],['co'],CHI,AD
33903,1,14938982,19726,36.00073923489189,"['go', 'get', 'it', 'and', ""we'll"", 'play', 'with', 'it']","['v', 'v', 'pro:per', 'coord', 'pro:sub', 'v', 'prep', 'pro:per']",CHI,RP
33903,1,14938987,19726,36.00073923489189,"['who', 'are', 'all', 'these', 'people']","['pro:int', 'cop', 'qn', 'det:dem', 'n']",CLI,QN
33903,1,14938991,19726,36.00073923489189,"['a', 'boy']","['det:art', 'n']",CHI,SA
33903,1,14938995,19726,36.00073923489189,"['how', 'do', 'you', 'make', 'him', 'move']","['pro:int', 'mod', 'pro:per', 'v', 'pro:obj', 'n']",CLI,QN
33903,1,14938999,19726,36.00073923489189,['pull'],['v'],CHI,SA
33903,1,14939004,19726,36.00073923489189,"['who', 'is', 'that']","['pro:int', 'cop', 'pro:dem']",CLI,QN
33903,1,14939010,19726,36.00073923489189,['um'],[''],CHI,YY
33903,1,14939013,19726,36.00073923489189,['Marcel'],['n:prop'],CHI,YY
33903,1,14939019,19726,36.00073923489189,['xxx'],[''],CHI,YY
33903,1,14939027,19726,36.00073923489189,['Marcel'],['n:prop'],CLI,YY
33903,1,14939033,19726,36.00073923489189,"['who', 'is', 'Marcel']","['pro:int', 'cop', 'n:prop']",CLI,QN
33903,1,14939041,19726,36.00073923489189,['xxx'],[''],CHI,SA
33903,1,14939047,19726,36.00073923489189,"['who', 'is', 'this', 'guy']","['pro:int', 'cop', 'det:dem', 'n']",CLI,QN
33903,1,14939055,19726,36.00073923489189,"['a', 'duck']","['det:art', 'n']",CHI,SA
33903,1,14939062,19726,36.00073923489189,"['and', 'who', 'is', 'this']","['coord', 'pro:int', 'cop', 'pro:dem']",CLI,QN
33903,1,14939068,19726,36.00073923489189,"['a', 'butterfly']","['det:art', '']",CHI,SA
33903,1,14939072,19726,36.00073923489189,"['that', 'looks', 'like', 'Mickey_Mouse', 'to', 'me']","['pro:rel', 'v', 'conj', 'n:prop', 'prep', 'pro:obj']",CLI,ST
33903,1,14939080,19726,36.00073923489189,"['show', 'me', 'how', 'this', 'toy', 'works']","['v', 'pro:obj', 'pro:int', 'det:dem', 'n', 'n']",CLI,RP
33903,1,14939087,19726,36.00073923489189,"['okay', 'watch', 'me']","['co', 'v', 'pro:obj']",CHI,AD
33903,1,14939092,19726,36.00073923489189,"['a', 'butterfly']","['det:art', '']",CHI,YY
33903,1,14939097,19726,36.00073923489189,"['a', 'butterfly']","['det:art', '']",CLI,RR
33903,1,14939104,19726,36.00073923489189,"['talking', 'phones']","['part', 'n']",CHI,SA
33903,1,14939110,19726,36.00073923489189,"['had', 'enough']","['v', 'adv']",CHI,RP
33903,1,14939114,19726,36.00073923489189,"['me', 'too']","['pro:obj', 'adv']",CLI,RP
33903,1,14939121,19726,36.00073923489189,"[""let's"", 'play', 'with', 'this']","['v', 'v', 'prep', 'pro:dem']",CLI,RP
33903,1,14939129,19726,36.00073923489189,"['a', 'planes']","['det:art', 'n']",CHI,ST
33903,1,14939137,19726,36.00073923489189,"[""that's"", 'right']","['pro:dem', 'co']",CLI,AP
33903,1,14939145,19726,36.00073923489189,"['an', 'airplane']","['det:art', 'n']",CLI,ST
33903,1,14939152,19726,36.00073923489189,"['do', 'you', 'have', 'any', 'toys', 'at', 'your', 'house']","['mod', 'pro:per', 'v', 'qn', 'n', 'prep', 'det:poss', 'n']",CLI,YQ
33903,1,14939161,19726,36.00073923489189,['uhhuh'],['co'],CHI,AA
33903,1,14939169,19726,36.00073923489189,"['animals', 'xxx']","['n', '']",CHI,YY
33903,1,14939176,19726,36.00073923489189,"['what', 'kind', 'of', 'animals', 'do', 'you', 'have']","['pro:int', 'n', 'prep', 'n', 'v', 'pro:per', 'v']",CLI,QN
33903,1,14939187,19726,36.00073923489189,['um'],[''],CHI,SA
33903,1,14939195,19726,36.00073923489189,"['a', 'house']","['det:art', 'n']",CHI,SA
33903,1,14939206,19726,36.00073923489189,"['do', 'you', 'have', 'a', 'house', 'for', 'your', 'animals']","['mod', 'pro:per', 'v', 'det:art', 'n', 'prep', 'det:poss', 'n']",CLI,YQ
33903,1,14939217,19726,36.00073923489189,['yeah'],['co'],CHI,AA
33903,1,14939227,19726,36.00073923489189,"['I', 'know', 'house']","['pro:sub', 'v', 'n']",CHI,ST
33903,1,14939236,19726,36.00073923489189,"['I', 'find', 'it']","['pro:sub', 'v', 'pro:per']",CHI,RP
33903,1,14939243,19726,36.00073923489189,['okay'],['co'],CLI,AD
33903,1,14939250,19726,36.00073923489189,"['you', 'like', 'that', 'airplane', ""don't"", 'you']","['pro:per', 'v', 'det:dem', 'n', 'mod', 'pro:per']",CLI,ST
33903,1,14939261,19726,36.00073923489189,"['what', 'do', 'you', 'do', 'in', 'an', 'airplane']","['pro:int', 'mod', 'pro:per', 'v', 'prep', 'det:art', 'n']",CLI,QN
33903,1,14939270,19726,36.00073923489189,"['up', 'in', 'air']","['adv', 'prep', 'n']",CHI,SA
33903,1,14939276,19726,36.00073923489189,"['do', 'you', 'fly', 'in', 'an', 'airplane']","['mod', 'pro:per', 'v', 'prep', 'det:art', 'n']",CLI,YQ
33903,1,14939282,19726,36.00073923489189,['yeah'],['co'],CHI,AA
33903,1,14939291,19726,36.00073923489189,"['lots', 'of', 'peoples']","['n', 'prep', 'n']",CHI,ST
33903,1,14939299,19726,36.00073923489189,"['a', 'girl', 'sit', 'down']","['det:art', 'n', 'v', 'adv']",CHI,RP
33903,1,14939304,19726,36.00073923489189,"['this', 'opens']","['pro:dem', 'v']",CHI,ST
33903,1,14939311,19726,36.00073923489189,"[""that's"", 'right', 'it', 'does', 'open']","['pro:dem', 'adj', 'pro:per', 'mod', 'v']",CLI,AP
33903,1,14939320,19726,36.00073923489189,"['how', 'many', 'people', 'are', 'inside', 'the', 'plane']","['pro:int', 'qn', 'n', 'cop', 'prep', 'det:art', 'n']",CLI,QN
33903,1,14939329,19726,36.00073923489189,"['two', 'peoples']","['det:num', 'n']",CHI,SA
33903,1,14939340,19726,36.00073923489189,['two'],['det:num'],CHI,YY
33903,1,14939354,19726,36.00073923489189,"['not', 'two', 'guys']","['neg', 'det:num', 'n']",CHI,ST
33903,1,14939362,19726,36.00073923489189,"[""that's"", 'right']","['pro:dem', 'co']",CLI,AP
33903,1,14939368,19726,36.00073923489189,"['do', 'you', 'wanna', 'let', 'the', 'people', 'out', 'now']","['mod', 'pro:per', 'v', 'v', 'det:art', 'n', 'adv', 'adv']",CLI,RQ
33903,1,14939377,19726,36.00073923489189,"['come', 'a', 'bus']","['v', 'det:art', 'n']",CHI,RP
33903,1,14939385,19726,36.00073923489189,['okay'],['co'],CHI,AD
33903,1,14939392,19726,36.00073923489189,['okay'],['co'],CLI,AD
33903,1,14939399,19726,36.00073923489189,"['the', 'bus', 'can', 'come', 'to', 'pick', 'the', 'people', 'up']","['det:art', 'n', 'n', 'v', 'inf', 'v', 'det:art', 'n', 'adv']",CLI,RP
33903,1,14939409,19726,36.00073923489189,['yeah'],['co'],CHI,AD
33903,1,14939416,19726,36.00073923489189,"['had', 'enough']","['v', 'adv']",CHI,RP
33903,1,14939425,19726,36.00073923489189,"['come', 'here', 'Joel']","['v', 'adv', 'n:prop']",CLI,RP
33903,1,14939434,19726,36.00073923489189,"['look', 'what', 'I', 'have']","['v', 'pro:int', 'pro:sub', 'v']",CLI,RP
33903,1,14939444,19726,36.00073923489189,"['can', 'you', 'tell', 'me', 'what', 'it', 'is']","['mod', 'pro:per', 'v', 'pro:obj', 'pro:int', 'pro:per', 'cop']",CLI,QN
33903,1,14939446,19726,36.00073923489189,['candy'],['n'],CHI,SA
33903,1,14939456,19726,36.00073923489189,"['no', ""it's"", 'not', 'candy']","['co', 'pro:per', 'neg', 'n']",CLI,DW
33903,1,14939466,19726,36.00073923489189,"[""it's"", 'a', 'puppet']","['pro:per', 'det:art', 'n']",CLI,CT
33903,1,14939477,19726,36.00073923489189,['puppets'],['n'],CHI,YY
33903,1,14939485,19726,36.00073923489189,['bombs'],['n'],CHI,YY
33903,1,14939495,19726,36.00073923489189,"['it', 'get', 'me']","['pro:per', 'v', 'pro:obj']",CHI,RP
33903,1,14939510,19726,36.00073923489189,['no'],['co'],CLI,RD
33903,1,14939517,19726,36.00073923489189,"['Joel', 'this', 'is', 'not', 'an', 'airplane', 'this', 'is', 'a', 'butterfly']","['n:prop', 'pro:dem', 'cop', 'neg', 'det:art', 'n', 'pro:dem', 'cop', 'det:art', '']",CLI,ST
33903,1,14939525,19726,36.00073923489189,"['a', 'butterfly']","['det:art', '']",CHI,RR
33903,1,14939537,19726,36.00073923489189,"['I', 'get', 'the', 'butterfly']","['pro:sub', 'v', 'det:art', '']",CHI,SA
33903,1,14939546,19726,36.00073923489189,"['no', 'Joel']","['co', 'n:prop']",CLI,DW
33903,1,14939556,19726,36.00073923489189,"['just', 'talk', 'to', 'him']","['adj', 'n', 'prep', 'pro:obj']",CLI,ST
33903,1,14939566,19726,36.00073923489189,"['I', 'get', 'it']","['pro:sub', 'v', 'pro:per']",CHI,ST
33903,1,14939575,19726,36.00073923489189,"['talk', 'to', 'the', 'puppet', 'Joel']","['n', 'prep', 'det:art', 'n', 'n:prop']",CLI,ST
33903,1,14939585,19726,36.00073923489189,"['hi', 'Joel']","['co', 'n:prop']",CLI,MK
33903,1,14939598,19726,36.00073923489189,"['talk', 'a', 'puppet']","['v', 'det:art', 'n']",CHI,RP
33903,1,14939608,19726,36.00073923489189,"['do', 'you', 'wanna', 'talk', 'to', 'the', 'puppet', 'Joel']","['mod', 'pro:per', 'v', 'v', 'prep', 'det:art', 'n', 'n:prop']",CLI,RQ
33903,1,14939623,19726,36.00073923489189,['no'],['co'],CHI,RD
33903,1,14939636,19726,36.00073923489189,['okay'],['co'],CLI,GI
33903,1,14939649,19726,36.00073923489189,"['you', 'make', 'him', 'talk', 'then']","['pro:per', 'v', 'pro:obj', 'v', 'adv:tem']",CLI,RP
33903,1,14939666,19726,36.00073923489189,['hello'],['co'],CHI,MK
33903,1,14939685,19726,36.00073923489189,['fly'],['n'],CHI,YY
33903,1,14939697,19726,36.00073923489189,"[""what's"", 'your', 'name']","['pro:int', 'det:poss', 'n']",CLI,QN
33903,1,14939711,19726,36.00073923489189,"['a', 'butterfly']","['det:art', '']",CHI,SA
33903,1,14939722,19726,36.00073923489189,"[""don't"", 'you', 'have', 'a', 'name']","['mod', 'pro:per', 'v', 'det:art', 'n']",CLI,RP
33903,1,14939741,19726,36.00073923489189,['no'],['co'],CHI,RD
33903,1,14939755,19726,36.00073923489189,"['here', 'are', 'some', 'blocks', 'Joel']","['adv', 'cop', 'qn', 'n', 'n:prop']",CLI,ST
33903,1,14939771,19726,36.00073923489189,"['how', 'do', 'you', 'play', 'with', 'blocks']","['pro:int', 'mod', 'pro:per', 'v', 'prep', 'n']",CLI,QN
33903,1,14939790,19726,36.00073923489189,['um'],[''],CHI,YY
33903,1,14939801,19726,36.00073923489189,['play'],['n'],CHI,YY
33903,1,14939817,19726,36.00073923489189,"['play', 'blocks']","['n', 'v']",CHI,RP
33903,1,14939832,19726,36.00073923489189,['up'],['adv'],CHI,YY
33903,1,14939847,19726,36.00073923489189,"['two', 'towers']","['det:num', 'n']",CHI,YY
33903,1,14939862,19726,36.00073923489189,"['here', 'are', 'some', 'more', 'blocks']","['adv', 'cop', 'qn', 'qn', 'n']",CLI,RP
33903,1,14939873,19726,36.00073923489189,"['what', 'are', 'you', 'going', 'to', 'do', 'with', 'these']","['pro:int', 'aux', 'pro:per', 'part', 'inf', 'v', 'prep', 'pro:dem']",CLI,QN
33903,1,14939894,19726,36.00073923489189,"['up', 'here']","['prep', 'n']",CHI,SA
33903,1,14939904,19726,36.00073923489189,['blue'],['adj'],CHI,SA
33903,1,14939918,19726,36.00073923489189,"[""that's"", 'right']","['pro:dem', 'co']",CLI,AP
33903,1,14939931,19726,36.00073923489189,"[""it's"", 'a', 'blue', 'block']","['pro:per', 'det:art', 'adj', 'n']",CLI,ST
33903,1,14939945,19726,36.00073923489189,"['what', 'are', 'you', 'building']","['pro:int', 'cop', 'pro:per', 'n']",CLI,QN
33903,1,14939958,19726,36.00073923489189,['house'],['n'],CHI,SA
33903,1,14939973,19726,36.00073923489189,"['what', 'kind', 'of', 'a', 'house']","['pro:int', 'n', 'prep', 'det:art', 'n']",CLI,QN
33903,1,14939988,19726,36.00073923489189,"['a', 'house', 'fall', 'downs']","['det:art', 'n', 'v', 'n']",CHI,SA
33903,1,14940003,19726,36.00073923489189,"['I', 'fix', 'it']","['pro:sub', 'v', 'pro:per']",CHI,SI
33903,1,14940019,19726,36.00073923489189,['okay'],['co'],CLI,MK
33903,1,14940032,19726,36.00073923489189,"['thank', 'you']","['v', 'pro:per']",CLI,MK
33903,1,14940046,19726,36.00073923489189,['town+houses'],[''],CHI,YY
33903,1,14940056,19726,36.00073923489189,"['two', 'town+houses']","['det:num', '']",CHI,YY
33903,1,14940067,19726,36.00073923489189,"['do', 'you', 'live', 'in', 'a', 'town+house']","['mod', 'pro:per', 'v', 'prep', 'det:art', '']",CLI,PD
33903,1,14940076,19726,36.00073923489189,"['trick', 'or', 'treat']","['n', 'coord', 'n']",CHI,TQ
33903,1,14940087,19726,36.00073923489189,"['I', 'go', 'trick', 'or', 'treat']","['pro:sub', 'v', 'n', 'coord', 'n']",CHI,TQ
33903,1,14940102,19726,36.00073923489189,"['did', 'you', 'go', 'trick', 'or', 'treating']","['mod', 'pro:per', 'v', 'n', 'coord', 'part']",CLI,TQ
33903,1,14940115,19726,36.00073923489189,"['where', 'did', 'you', 'go']","['pro:int', 'mod', 'pro:per', 'v']",CLI,QN
33903,1,14940125,19726,36.00073923489189,"['I', 'get', 'I', 'go', 'a', 'town+houses']","['', '', 'pro:sub', 'v', 'det:art', '']",CHI,SA
33903,1,14940138,19726,36.00073923489189,"['I', 'go', 'get', 'candy']","['pro:sub', 'v', 'v', 'n']",CHI,SI
33903,1,14940153,19726,36.00073923489189,"['trick', 'or', 'treat']","['n', 'coord', 'n']",CHI,TQ
33903,1,14940166,19726,36.00073923489189,['wow'],['co'],CLI,ET
33903,1,14940180,19726,36.00073923489189,"['that', 'sounds', 'like', 'fun']","['pro:dem', 'n', 'co', 'n']",CLI,ST
33903,1,14940194,19726,36.00073923489189,"['what', 'kind', 'of', 'candy', 'did', 'you', 'get']","['pro:int', 'n', 'prep', 'n', 'mod', 'pro:per', 'v']",CLI,QN
33903,1,14940208,19726,36.00073923489189,['um'],[''],CHI,YY
33903,1,14940222,19726,36.00073923489189,['four'],['det:num'],CHI,YY
33903,1,14940235,19726,36.00073923489189,"['four', 'outsides']","['det:num', 'n']",CHI,YY
33903,1,14940248,19726,36.00073923489189,['xxx'],[''],CHI,YY
33903,1,14940257,19726,36.00073923489189,"['you', 'went', 'trick', 'or', 'treating', 'outside']","['pro:per', 'v', 'n', 'coord', 'part', 'adv']",CLI,ST
33903,1,14940270,19726,36.00073923489189,"['did', 'you', 'get', 'dressed', 'up']","['mod', 'pro:per', 'v', 'v', 'adv']",CLI,YQ
33903,1,14940286,19726,36.00073923489189,['yeah'],['co'],CHI,AA
33903,1,14940302,19726,36.00073923489189,"['I', 'dress', 'up', 'outside']","['pro:sub', 'v', 'adv', 'adv']",CHI,DP
33903,1,14940316,19726,36.00073923489189,['mines'],['n'],CHI,YY
33903,1,14940329,19726,36.00073923489189,['no'],['co'],CLI,PF
33903,1,14940345,19726,36.00073923489189,"[""that's"", 'mine']","['pro:dem', 'pro:poss']",CLI,DC
33903,1,14940357,19726,36.00073923489189,"['would', 'you', 'go', 'get', 'it', 'for', 'me', 'please']","['mod', 'pro:per', 'v', 'v', 'pro:per', 'prep', 'pro:obj', 'co']",CLI,RP
33903,1,14940377,19726,36.00073923489189,['okay'],['co'],CHI,AD
33903,1,14940392,19726,36.00073923489189,"['I', 'back']","['pro:sub', 'v']",CHI,YY
33903,1,14940418,19726,36.00073923489189,"['a', 'block']","['det:art', 'n']",CHI,YY
33903,1,14940434,19726,36.00073923489189,"['what', 'are', 'you', 'doing']","['pro:int', 'aux', 'pro:per', 'part']",CLI,QN
33903,1,14940455,19726,36.00073923489189,['blockins'],['chi'],CHI,YY
33903,1,14940468,19726,36.00073923489189,"['you', 'too']","['pro:per', 'adv']",CHI,YY
33903,1,14940482,19726,36.00073923489189,"['fall', 'downs']","['v', 'n']",CHI,YY
33903,1,14940501,19726,36.00073923489189,"['what', 'are', 'you', 'building']","['pro:int', 'cop', 'pro:per', 'n']",CLI,QN
33903,1,14940516,19726,36.00073923489189,"['building', 'a', 'house']","['n', 'det:art', 'n']",CHI,SA
33903,1,14940532,19726,36.00073923489189,"['I', 'building', 'a', 'planes']","['pro:sub', 'n', 'det:art', 'n']",CHI,SA
33903,1,14940547,19726,36.00073923489189,"['how', 'do', 'you', 'build', 'a', 'plane']","['pro:int', 'mod', 'pro:per', 'v', 'det:art', 'n']",CLI,QN
33903,1,14940576,19726,36.00073923489189,"[""it's"", 'dark']","['pro:per', 'adj']",CHI,SA
33903,1,14940590,19726,36.00073923489189,"['I', 'get', 'scared']","['pro:sub', 'aux', 'part']",CHI,YY
33903,1,14940604,19726,36.00073923489189,"[""that's"", 'all']","['pro:dem', 'pro:indef']",CHI,YY
33903,1,14940619,19726,36.00073923489189,"[""it's"", 'dark', 'in', 'a', 'plane']","['pro:per', 'n', 'prep', 'det:art', 'n']",CHI,ST
33903,1,14940633,19726,36.00073923489189,"['did', 'you', 'ever', 'go', 'inside', 'a', 'plane']","['v', 'pro:per', 'adv', 'v', 'adj', 'det:art', 'n']",CHI,ST
33903,1,14940648,19726,36.00073923489189,['yeah'],['co'],CHI,YY
33903,1,14940661,19726,36.00073923489189,"['in', 'a', 'bus']","['prep', 'det:art', 'n']",CHI,YY
33903,1,14940674,19726,36.00073923489189,"['I', 'never', 'saw', 'a', 'bus', 'with', 'wings']","['pro:sub', 'adv', 'v', 'det:art', 'n', 'prep', 'n']",CLI,ST
33903,1,14940688,19726,36.00073923489189,"['did', 'you']","['v', 'pro:per']",CLI,YQ
33903,1,14940699,19726,36.00073923489189,['yeah'],['co'],CHI,AA
33903,1,14940713,19726,36.00073923489189,"['up', 'sky']","['adv', 'n']",CHI,YY
33903,1,14940729,19726,36.00073923489189,"['plane', 'up', 'sky']","['v', 'adv', 'n']",CHI,RP
33903,1,14940739,19726,36.00073923489189,"['can', 'you', 'show', 'me', 'an', 'airplane']","['mod', 'pro:per', 'v', 'pro:obj', 'det:art', 'n']",CLI,RP
33903,1,14940753,19726,36.00073923489189,"['I', 'look']","['pro:sub', 'v']",CHI,RP
33903,1,14940770,19726,36.00073923489189,"['up', 'sky']","['adv', 'n']",CHI,RP
33903,1,14940784,19726,36.00073923489189,"['do', 'you', 'see', 'any', 'planes', 'right', 'now']","['mod', 'pro:per', 'v', 'qn', 'n', 'adv', 'adv']",CLI,RP
33903,1,14940796,19726,36.00073923489189,['no'],['co'],CHI,RD
33903,1,14940806,19726,36.00073923489189,"['what', 'else', 'is', 'in', 'the', 'sky']","['pro:int', 'post', 'aux', 'prep', 'det:art', 'n']",CLI,QN
33903,1,14940818,19726,36.00073923489189,['moons'],['n'],CHI,SA
33903,1,14940831,19726,36.00073923489189,"['what', 'else']","['pro:int', 'post']",CLI,QN
33903,1,14940842,19726,36.00073923489189,"['two', 'moons']","['det:num', 'n']",CHI,SA
33903,1,14940852,19726,36.00073923489189,"['two', 'moons']","['det:num', 'n']",CLI,CT
33903,1,14940866,19726,36.00073923489189,"['show', 'me']","['v', 'pro:obj']",CLI,RP
33903,1,14940879,19726,36.00073923489189,"['one', 'two', 'three']","['det:num', 'det:num', 'det:num']",CHI,CN
33903,1,14940891,19726,36.00073923489189,"['is', 'there', 'anything', 'else', 'out', 'there']","['cop', 'adv', 'pro:indef', 'post', 'prep', 'n']",CLI,ST
33903,1,14940906,19726,36.00073923489189,"[""Colleen's"", 'here']","['n:prop', 'adv']",CHI,TO
33903,1,14940918,19726,36.00073923489189,"['Colleen', 'is', 'here']","['n:prop', 'cop', 'adv']",CLI,TO
33903,1,14940943,19726,36.00073923489189,['Connie'],['n:prop'],CHI,YY
33903,1,14940953,19726,36.00073923489189,['xxx'],[''],CHI,YY
33903,1,14940968,19726,36.00073923489189,"['oh', 'Connie']","['co', 'n:prop']",CLI,CM
33903,1,14940982,19726,36.00073923489189,"[""I'm"", 'sorry']","['pro:sub', 'adj']",CLI,CM
33903,1,14940998,19726,36.00073923489189,"[""where's"", 'Connie']","['pro:int', 'n:prop']",CLI,QN
33903,1,14941007,19726,36.00073923489189,['um'],[''],CHI,YY
33903,1,14941016,19726,36.00073923489189,"['out', 'planes']","['adv', 'n']",CHI,YY
33903,1,14941034,19726,36.00073923489189,['ow'],['co'],CHI,YY
33903,1,14941044,19726,36.00073923489189,"[""I'm"", 'stuck']","['pro:sub', 'part']",CHI,ST
33903,1,14941061,19726,36.00073923489189,"['good', 'job']","['adj', 'n']",CLI,AP
33903,1,14941073,19726,36.00073923489189,['Joel'],['n:prop'],CLI,TX
33903,1,14941084,19726,36.00073923489189,"['do', 'you', 'wanna', 'play', 'a', 'game', 'with', 'me']","['mod', 'pro:per', 'v', 'v', 'det:art', 'n', 'prep', 'pro:obj']",CLI,RQ
33903,1,14941101,19726,36.00073923489189,['yeah'],['co'],CHI,AD
33903,1,14941111,19726,36.00073923489189,"['wanna', 'play', 'game']","['v', 'n', 'n']",CHI,RQ
33903,1,14941121,19726,36.00073923489189,['no'],['co'],CHI,RD
33903,1,14941134,19726,36.00073923489189,"['no', 'play', 'game']","['qn', 'n', 'n']",CHI,RD
33903,1,14941147,19726,36.00073923489189,"['okay', 'we', ""won't"", 'play', 'the', 'game', 'then']","['adj', 'pro:sub', 'mod', 'v', 'det:art', 'n', 'adv:tem']",CLI,GI
33903,1,14941159,19726,36.00073923489189,"['where', 'do', 'you', 'live']","['pro:int', 'mod', 'pro:per', 'adj']",CLI,QN
33903,1,14941172,19726,36.00073923489189,"['can', 'you', 'tell', 'me', 'where', 'you', 'live']","['mod', 'pro:per', 'v', 'pro:obj', 'pro:int', 'pro:per', 'adj']",CLI,RP
33903,1,14941186,19726,36.00073923489189,"['back', 'there']","['adv', 'adv']",CHI,MK
33903,1,14941199,19726,36.00073923489189,"['who', 'lives', 'there', 'with', 'you']","['pro:int', 'n', 'adv', 'prep', 'pro:per']",CLI,QN
33903,1,14941212,19726,36.00073923489189,"['Lisa', 'babysit', 'me']","['n:prop', '', 'pro:obj']",CHI,SA
33903,1,14941226,19726,36.00073923489189,['yeah'],['co'],CLI,AP
33903,1,14941239,19726,36.00073923489189,"['when', 'does', 'Lisa', 'babysit', 'you']","['conj', 'mod', 'n:prop', '', 'pro:per']",CLI,QN
33903,1,14941249,19726,36.00073923489189,"['last', 'nights', 'dark']","['adj', 'n', 'n']",CHI,SA
33903,1,14941263,19726,36.00073923489189,"[""that's"", 'right', 'it', 'was', 'dark', 'last', 'night']","['pro:dem', 'adj', 'pro:per', 'cop', 'adj', 'adj', 'n']",CLI,AP
33903,1,14941278,19726,36.00073923489189,"['did', 'you', 'watch', 'tv', 'with', 'Lisa']","['mod', 'pro:per', 'n', 'n', 'prep', 'n:prop']",CLI,ST
33903,1,14941294,19726,36.00073923489189,['yeah'],['co'],CHI,AC
33903,1,14941310,19726,36.00073923489189,['Hulk'],['n:prop'],CHI,YY
33903,1,14941322,19726,36.00073923489189,['wow'],['co'],CLI,ET
33903,1,14941337,19726,36.00073923489189,"['what', 'happened', 'to', 'the', 'Hulk']","['pro:int', 'v', 'prep', 'det:art', 'n:prop']",CLI,QN
33903,1,14941349,19726,36.00073923489189,"[""he's"", 'dead']","['pro:sub', 'adj']",CHI,SA
33903,1,14941365,19726,36.00073923489189,"['ah', 'no']","['co', 'co']",CLI,DW
33903,1,14941379,19726,36.00073923489189,"['how', 'did', 'he', 'die']","['pro:int', 'mod', 'pro:sub', 'v']",CLI,QN
33903,1,14941393,19726,36.00073923489189,"['fall', 'downed']","['v', 'part']",CHI,SA
33903,1,14941408,19726,36.00073923489189,"['hit', 'head']","['v', 'n']",CHI,RP
33903,1,14941416,19726,36.00073923489189,"['hadta', 'watch']","['mod', 'v']",CHI,RP
33903,1,14941431,19726,36.00073923489189,"['that', 'sounds', 'like', 'a', 'good', 'show']","['det:dem', 'n', 'prep', 'det:art', 'adj', 'n']",CLI,YQ
33903,1,14941445,19726,36.00073923489189,"['is', 'he', 'a', 'big', 'guy', 'or', 'a', 'little', 'guy']","['cop', 'pro:sub', 'det:art', 'adj', 'n', 'coord', 'det:art', 'adj', 'n']",CLI,TQ
33903,1,14941458,19726,36.00073923489189,"['big', 'guy']","['adj', 'n']",CHI,TA
33903,1,14941469,19726,36.00073923489189,['listen'],['v'],CHI,RP
33903,1,14941484,19726,36.00073923489189,"['what', 'is', 'she', 'saying']","['pro:int', 'cop', 'pro:sub', 'part']",CLI,QN
33903,1,14941502,19726,36.00073923489189,['listen'],['v'],CLI,RP
33903,1,14941513,19726,36.00073923489189,"['listen', 'to', 'people']","['v', 'prep', 'n']",CHI,RP
33903,1,14941529,19726,36.00073923489189,['quiet'],['n'],CHI,YY
33903,1,14941540,19726,36.00073923489189,"['what', 'are', 'you', 'doing', 'now']","['pro:int', 'aux', 'pro:per', 'part', 'adv']",CLI,QN
33903,1,14941591,19726,36.00073923489189,"['I', 'listen', 'people']","['pro:sub', 'v', 'n']",CHI,SA
33903,1,14941607,19726,36.00073923489189,['Connie'],['n:prop'],CHI,YY
33903,1,14941619,19726,36.00073923489189,"['do', 'you', 'listen', 'to', 'Connie']","['mod', 'pro:per', 'v', 'prep', 'n:prop']",CLI,RP
33903,1,14941632,19726,36.00073923489189,['yeah'],['co'],CHI,AD
33903,1,14941645,19726,36.00073923489189,['Colleen'],['n:prop'],CHI,YY
33903,1,14941659,19726,36.00073923489189,"[""you're"", 'a', 'funny', 'guy']","['pro:per', 'det:art', 'adj', 'n']",CLI,ST
33903,1,14941677,19726,36.00073923489189,['Joel'],['n:prop'],CLI,PR
33903,1,14941693,19726,36.00073923489189,"['no', 'way']","['qn', 'n']",CHI,DW
33903,1,14941705,19726,36.00073923489189,"['I', 'got', 'money']","['pro:sub', 'v', 'n']",CHI,ST
33903,1,14941719,19726,36.00073923489189,"['you', 'do']","['pro:per', 'v']",CLI,AP
33903,1,14941731,19726,36.00073923489189,"['how', 'much', 'money', 'do', 'you', 'have']","['pro:int', 'qn', 'n', 'v', 'pro:per', 'v']",CLI,QN
33903,1,14941748,19726,36.00073923489189,"['two', ""money's""]","['det:num', 'n']",CHI,SA
33903,1,14941763,19726,36.00073923489189,"['a', 'pocket']","['det:art', 'n']",CHI,SA
33903,1,14941777,19726,36.00073923489189,"['you', 'have', 'lots_of', 'money', ""don't"", 'you']","['pro:per', 'v', 'qn', 'n', 'mod', 'pro:per']",CLI,ST
33903,1,14941793,19726,36.00073923489189,"['are', 'you', 'finished', 'playing', 'with', 'the', 'blocks']","['cop', 'pro:per', 'v', 'part', 'prep', 'det:art', 'n']",CLI,YQ
33903,1,14941807,19726,36.00073923489189,['yeah'],['co'],CHI,AA
33903,1,14941823,19726,36.00073923489189,"['had', 'enough']","['v', 'adv']",CHI,RP
33903,1,14941835,19726,36.00073923489189,"['wanna', 'go', 'see', 'Colleen']","['v', 'v', 'v', 'n:prop']",CHI,RP
33903,1,14941850,19726,36.00073923489189,"[""Colleen's"", 'big']","['adj', 'adj']",CHI,ST
33903,1,14941869,19726,36.00073923489189,"['thank', 'you']","['v', 'pro:per']",CLI,MK
33903,1,14941880,19726,36.00073923489189,['Joel'],['n:prop'],CLI,YY
33903,1,14941893,19726,36.00073923489189,"[""that's"", 'a', 'good', 'job']","['pro:dem', 'det:art', 'adj', 'n']",CLI,PM
33903,1,14941909,19726,36.00073923489189,"['thank', 'you']","['v', 'pro:per']",CHI,RP
33903,1,14941921,19726,36.00073923489189,"['plane', 'back']","['n', 'adv']",CHI,RP
33903,1,14941930,19726,36.00073923489189,['okay'],['co'],CLI,AD
33903,1,14941946,19726,36.00073923489189,"['you', 'can', 'put', 'it', 'away']","['pro:per', 'mod', 'v', 'pro:per', 'adv']",CLI,RP
33903,1,14941965,19726,36.00073923489189,"['fall', 'down']","['v', 'adv']",CHI,RP
33903,1,14941982,19726,36.00073923489189,['sorry'],['co'],CHI,YY
33903,1,14941994,19726,36.00073923489189,"[""that's"", 'okay']","['pro:dem', 'adj']",CLI,AC
33903,1,14942008,19726,36.00073923489189,"['go', 'ahead', 'and', 'put', 'it', 'back']","['v', 'adv', 'coord', 'v', 'pro:per', 'adv']",CLI,RP
33903,1,14942020,19726,36.00073923489189,"[""it's"", 'almost', 'time', 'to', 'go', 'home']","['pro:per', 'adv', 'n', 'inf', 'v', 'adv']",CLI,ST
33903,1,14942035,19726,36.00073923489189,"['go', 'home']","['v', 'adv']",CHI,RT
33903,1,14942049,19726,36.00073923489189,"['who', 'comes', 'to', 'get', 'you', 'when', ""it's"", 'time', 'to', 'go', 'home']","['pro:int', 'v', 'inf', 'v', 'pro:per', 'conj', 'pro:per', 'n', 'inf', 'v', 'adv']",CLI,QN
33903,1,14942075,19726,36.00073923489189,"['my', 'Moms', 'take', 'me']","['det:poss', 'n:prop', 'v', 'pro:obj']",CHI,SA
33903,1,14942094,19726,36.00073923489189,"['who', 'takes', 'you']","['pro:int', 'v', 'pro:per']",CLI,QN
33903,1,14942110,19726,36.00073923489189,['Mommy'],['n:prop'],CHI,SA
33903,1,14942124,19726,36.00073923489189,"['and', 'what', 'do', 'you', 'do', 'when', 'you', 'get', 'home']","['coord', 'pro:int', 'mod', 'pro:per', 'v', 'conj', 'pro:per', 'v', 'adv']",CLI,QN
33903,1,14942142,19726,36.00073923489189,['um'],[''],CHI,YY
33903,1,14942157,19726,36.00073923489189,"['get', 'some', 'soup']","['v', 'qn', 'n']",CHI,RP
33903,1,14942171,19726,36.00073923489189,"['what', 'else']","['pro:int', 'post']",CLI,QN
33903,1,14942184,19726,36.00073923489189,"['second', 'soup']","['adj', 'n']",CHI,SA
33903,1,14942199,19726,36.00073923489189,['crackers'],['n'],CHI,YY
33903,1,14942218,19726,36.00073923489189,"['who', 'cooks', 'the', 'soup', 'for', 'you']","['pro:rel', 'v', 'det:art', 'n', 'prep', 'pro:per']",CLI,QN
33903,1,14942232,19726,36.00073923489189,"['second', 'crackers']","['adj', 'n']",CHI,SA
33903,1,14942241,19726,36.00073923489189,['crackers'],['n'],CHI,YY
33903,1,14942254,19726,36.00073923489189,['soup'],['n'],CHI,YY
33903,1,14942269,19726,36.00073923489189,['seconds'],['n'],CHI,YY
33903,1,14942283,19726,36.00073923489189,"['is', 'your', 'Mom', 'a', 'good', 'cook']","['cop', 'det:poss', 'n:prop', 'det:art', 'adj', 'n']",CLI,ST
33903,1,14942306,19726,36.00073923489189,"['I', 'go', 'sleep', 'last', 'night']","['pro:sub', 'v', 'n', 'adv', 'n']",CHI,ST
33903,1,14942322,19726,36.00073923489189,"[""it's"", 'dark']","['pro:per', 'adj']",CHI,ST
33903,1,14942340,19726,36.00073923489189,"[""that's"", 'right']","['pro:dem', 'co']",CLI,AP
33903,1,14942362,19726,36.00073923489189,"['it', 'gets', 'dark', 'at', 'night', ""doesn't"", 'it']","['pro:per', 'v', 'n', 'prep', 'n', 'mod', 'pro:per']",CLI,ST
33903,1,14942378,19726,36.00073923489189,"['the', ""sun's"", 'back', 'there']","['det:art', 'n', 'adv', 'adv']",CHI,ST
33903,1,14942393,19726,36.00073923489189,"['back', 'home']","['adv', 'adv']",CHI,ST
33903,1,14942406,19726,36.00073923489189,"[""that's"", 'right']","['pro:dem', 'co']",CLI,AP
33903,1,14942424,19726,36.00073923489189,"[""you're"", 'back', 'home']","['pro:per', 'adv', 'adv']",CLI,ST
33903,1,14942435,19726,36.00073923489189,"['now', 'what', 'are', 'you', 'going', 'to', 'do']","['adv', 'pro:int', 'aux', 'pro:per', 'part', 'inf', 'v']",CLI,QN
33903,1,14942452,19726,36.00073923489189,['house'],['n'],CHI,SA
33903,1,14942468,19726,36.00073923489189,"['get', 'soup']","['v', 'n']",CHI,RP
33903,1,14942485,19726,36.00073923489189,"['where', 'did', 'you', 'take', 'the', 'people', 'in', 'the', 'truck']","['pro:int', 'mod', 'pro:per', 'v', 'det:art', 'n', 'prep', 'det:art', 'n']",CLI,QN
33903,1,14942501,19726,36.00073923489189,"['go', 'doctors']","['v', 'n']",CHI,SA
33903,1,14942510,19726,36.00073923489189,"['people', 'dead']","['n', 'adj']",CHI,YY
33903,1,14942529,19726,36.00073923489189,"['the', ""man's"", 'dead']","['det:art', 'adj', 'adj']",CHI,YY
33903,1,14942544,19726,36.00073923489189,"['gotta', 'go', 'doctors']","['mod', 'v', 'n']",CHI,RP
33903,1,14942557,19726,36.00073923489189,['bye'],['co'],CHI,MK
33903,1,14942574,19726,36.00073923489189,"['see', 'you', 'soon']","['v', 'pro:per', 'adv']",CHI,RP
33904,1,14939009,19727,69.00141686687611,"['hey', 'Bert']","['co', 'n:prop']",CLI,CL
33904,1,14939015,19727,69.00141686687611,"['what', 'do', 'you', 'want']","['pro:int', 'mod', 'pro:per', 'v']",CHI,QN
33904,1,14939021,19727,69.00141686687611,"['I', 'wanna', 'play']","['pro:sub', 'v', 'v']",CLI,RQ
33904,1,14939029,19727,69.00141686687611,['okay'],['co'],CHI,AD
33904,1,14939036,19727,69.00141686687611,"['what', 'do', 'you', 'wanna', 'do', 'Bert']","['pro:int', 'mod', 'pro:per', 'v', 'v', 'n:prop']",CLI,QN
33904,1,14939044,19727,69.00141686687611,['oops'],['co'],CLI,MK
33904,1,14939051,19727,69.00141686687611,"['I', 'said', 'the', 'wrong', 'one']","['pro:sub', 'v', 'det:art', 'adj', 'pro:indef']",CLI,ST
33904,1,14939059,19727,69.00141686687611,"[""he's"", 'Ernie', 'right']","['pro:sub', 'n:prop', 'co']",CLI,ST
33904,1,14939066,19727,69.00141686687611,['okay'],['co'],CLI,MK
33904,1,14939075,19727,69.00141686687611,"['called', 'you', 'the', 'wrong', 'name', 'Ernie']","['v', 'pro:per', 'det:art', 'adj', 'n', 'n:prop']",CLI,ST
33904,1,14939083,19727,69.00141686687611,"['ah', 'Bert']","['', 'n:prop']",CHI,YY
33904,1,14939089,19727,69.00141686687611,"['oh', 'you', 'wanna', 'play', 'with', 'them', 'like', 'that']","['co', 'pro:per', 'v', 'v', 'prep', 'pro:obj', 'prep', 'pro:dem']",CLI,ST
33904,1,14939099,19727,69.00141686687611,"['you', 'see', 'they', 'go', 'on', 'your', 'finger']","['pro:per', 'v', 'pro:sub', 'v', 'prep', 'det:poss', 'n']",CLI,RP
33904,1,14939107,19727,69.00141686687611,"['you', 'wanna', 'play', 'on', 'your', 'finger', 'or', 'the', 'table']","['pro:per', 'v', 'v', 'prep', 'det:poss', 'n', 'coord', 'det:art', 'n']",CLI,TQ
33904,1,14939119,19727,69.00141686687611,"['on', 'the', 'table']","['prep', 'det:art', 'n']",CHI,TA
33904,1,14939125,19727,69.00141686687611,['okay'],['co'],CLI,AD
33904,1,14939131,19727,69.00141686687611,"['hi', 'Bert']","['co', 'n:prop']",CHI,MK
33904,1,14939136,19727,69.00141686687611,"['hi', 'Ernie']","['co', 'n:prop']",CLI,MK
33904,1,14939143,19727,69.00141686687611,"['what', 'do', 'you', 'wanna', 'do']","['pro:int', 'mod', 'pro:per', 'v', 'v']",CHI,QN
33904,1,14939151,19727,69.00141686687611,"[""let's"", 'play', 'a', 'game']","['v', 'v', 'det:art', 'n']",CLI,RP
33904,1,14939158,19727,69.00141686687611,"[""let's"", 'see', 'what', 'we', 'can', 'do']","['v', 'v', 'pro:int', 'pro:sub', 'mod', 'v']",CLI,RP
33904,1,14939166,19727,69.00141686687611,['alright'],['meta'],CHI,AD
33904,1,14939174,19727,69.00141686687611,"['what', 'do', 'you', 'wanna', 'do']","['pro:int', 'mod', 'pro:per', 'v', 'v']",CLI,QN
33904,1,14939181,19727,69.00141686687611,"['I', ""don't"", 'know']","['pro:sub', 'mod', 'v']",CHI,SA
33904,1,14939190,19727,69.00141686687611,"['oink', 'oink']","['', 'on']",CHI,PR
33904,1,14939199,19727,69.00141686687611,"['oh', 'you', 'wanna', 'trade', 'now']","['co', 'pro:per', 'v', 'v', 'adv']",CLI,RP
33904,1,14939209,19727,69.00141686687611,['okay'],['co'],CLI,AD
33904,1,14939215,19727,69.00141686687611,"['hey', 'Bert']","['co', 'n:prop']",CLI,CL
33904,1,14939223,19727,69.00141686687611,"['what', 'do', 'you', 'want']","['pro:int', 'mod', 'pro:per', 'v']",CHI,QN
33904,1,14939232,19727,69.00141686687611,"['how', 'are', 'you', 'doing', 'Bert']","['pro:int', 'aux', 'pro:per', 'part', 'n:prop']",CLI,MK
33904,1,14939242,19727,69.00141686687611,"['how', 'are', 'you', 'doing', 'Ernie']","['pro:int', 'aux', 'pro:per', 'part', 'n:prop']",CHI,MK
33904,1,14939252,19727,69.00141686687611,"['fine', 'Bert']","['n', 'n:prop']",CLI,TQ
33904,1,14939259,19727,69.00141686687611,"['fine', 'Bert']","['n', 'n:prop']",CHI,TA
33904,1,14939268,19727,69.00141686687611,"['you', 'know', 'what', ""I'm"", 'going', 'to', 'do']","['pro:per', 'v', 'pro:int', 'pro:sub', 'part', 'inf', 'v']",CLI,ST
33904,1,14939277,19727,69.00141686687611,['what'],['meta'],CHI,AC
33904,1,14939285,19727,69.00141686687611,"[""I'm"", 'going', 'to', 'hop', 'over', 'you']","['pro:sub', 'part', 'inf', 'v', 'adv', 'pro:per']",CLI,ST
33904,1,14939295,19727,69.00141686687611,"['over', 'you']","['adv', 'pro:per']",CHI,CS
33904,1,14939302,19727,69.00141686687611,"[""I'm"", 'going', 'to', 'hop', 'back', 'over', 'you', 'Bert']","['pro:sub', 'part', 'prep', 'n', 'adv', 'prep', 'pro:per', 'n:prop']",CLI,CS
33904,1,14939309,19727,69.00141686687611,"[""I'm"", 'hop', 'over', 'you']","['pro:sub', 'v', 'adv', 'pro:per']",CHI,CS
33904,1,14939317,19727,69.00141686687611,"['now', 'do', 'you', 'know', 'what', ""I'm"", 'going', 'to', 'do', 'Bert']","['adv', 'v', 'pro:per', 'v', 'pro:int', 'pro:sub', 'part', 'inf', 'v', 'n:prop']",CLI,MK
33904,1,14939327,19727,69.00141686687611,['what'],['meta'],CHI,AC
33904,1,14939336,19727,69.00141686687611,"[""I'm"", 'going', 'to', 'run']","['pro:sub', 'part', 'inf', 'v']",CLI,ST
33904,1,14939346,19727,69.00141686687611,"[""I'm"", 'running', 'fast', 'Bert']","['pro:sub', 'part', 'n', 'n:prop']",CLI,DS
33904,1,14939355,19727,69.00141686687611,"[""I'm"", 'running', 'running', 'running']","['pro:sub', 'part', 'part', 'part']",CLI,DS
33904,1,14939358,19727,69.00141686687611,"['hey', 'Ernie']","['co', 'n:prop']",CHI,CL
33904,1,14939367,19727,69.00141686687611,['what'],['meta'],CLI,AC
33904,1,14939375,19727,69.00141686687611,['xxx'],[''],CHI,YY
33904,1,14939383,19727,69.00141686687611,['what'],['meta'],CLI,AC
33904,1,14939393,19727,69.00141686687611,['oh'],['meta'],CLI,MK
33904,1,14939397,19727,69.00141686687611,"[""you're"", 'riding', 'my', 'nose']","['pro:per', 'part', 'det:poss', 'n']",CLI,ST
33904,1,14939405,19727,69.00141686687611,"['you', 'hurt', 'my', 'nose']","['pro:per', 'v', 'det:poss', 'n']",CHI,ST
33904,1,14939411,19727,69.00141686687611,"['I', 'hurt', 'yours', 'too']","['pro:sub', 'v', 'pro:poss', 'adv']",CLI,ST
33904,1,14939419,19727,69.00141686687611,['uhhuh'],['meta'],CHI,YY
33904,1,14939428,19727,69.00141686687611,"['oh', ""I'm"", 'sorry', 'Bert', 'I', 'mean', 'Ernie', 'Bert', 'Bert']","['co', 'pro:sub', 'adj', 'n:prop', 'pro:sub', 'v', 'n:prop', '', 'n:prop']",CLI,DP
33904,1,14939436,19727,69.00141686687611,['Bert'],['n:prop'],CHI,YD
33904,1,14939450,19727,69.00141686687611,['yeah'],['co'],CHI,ED
33904,1,14939460,19727,69.00141686687611,"[""I'm"", 'sorry', 'Bert']","['pro:sub', 'adj', 'n:prop']",CLI,ED
33904,1,14939480,19727,69.00141686687611,"['I', 'sorry', 'Ernie']","['pro:sub', 'co', 'n:prop']",CHI,ED
33904,1,14939488,19727,69.00141686687611,"['what', 'do', 'I', 'smell', 'like', 'Bert']","['pro:int', 'mod', 'pro:sub', 'v', 'co', 'n:prop']",CLI,QN
33904,1,14939499,19727,69.00141686687611,"['you', 'keep', 'sniffing', 'me']","['pro:per', 'v', 'part', 'pro:obj']",CLI,YA
33904,1,14939511,19727,69.00141686687611,"['me', 'too']","['pro:obj', 'adv']",CHI,AA
33904,1,14939519,19727,69.00141686687611,"['wanna', 'walk', 'together']","['v', 'v', 'adv']",CLI,RQ
33904,1,14939529,19727,69.00141686687611,"[""let's"", 'walk']","['v', 'v']",CLI,RP
33904,1,14939538,19727,69.00141686687611,"['oh', 'oh']","['co', 'co']",CLI,MK
33904,1,14939553,19727,69.00141686687611,"[""you're"", 'walking', 'faster', 'than', 'me']","['pro:per', 'part', 'adj', 'prep', 'pro:obj']",CLI,ST
33904,1,14939563,19727,69.00141686687611,"['wanna', 'go', 'to', 'bed']","['v', 'v', 'prep', 'n']",CLI,RQ
33904,1,14939574,19727,69.00141686687611,['okay'],['meta'],CHI,AD
33904,1,14939584,19727,69.00141686687611,"['wake', 'up']","['v', 'adv']",CLI,RP
33904,1,14939597,19727,69.00141686687611,"[""I'm"", 'woke']","['pro:sub', 'part']",CLI,ST
33904,1,14939607,19727,69.00141686687611,"['hi', 'Ernie']","['co', 'n:prop']",CHI,MK
33904,1,14939618,19727,69.00141686687611,['hi'],['meta'],CLI,MK
33904,1,14939632,19727,69.00141686687611,"[""let's"", 'go', 'walk']","['v', 'v', 'n']",CHI,RP
33904,1,14939646,19727,69.00141686687611,['okay'],['meta'],CLI,AD
33904,1,14939656,19727,69.00141686687611,"['where', 'do', 'you', 'wanna', 'walk']","['pro:int', 'mod', 'pro:per', 'v', 'v']",CLI,QN
33904,1,14939669,19727,69.00141686687611,['hey'],['meta'],CLI,CL
33904,1,14939681,19727,69.00141686687611,"['get', 'off', 'my', 'head']","['v', 'prep', 'det:poss', 'n']",CLI,RP
33904,1,14939693,19727,69.00141686687611,"['that', 'hurt', 'my', 'head']","['pro:rel', 'v', 'det:poss', 'n']",CLI,RP
33904,1,14939706,19727,69.00141686687611,"['that', 'hurt', 'your', 'head']","['pro:rel', 'v', 'det:poss', 'n']",CHI,RT
33904,1,14939724,19727,69.00141686687611,"['I', 'can', 'sit', 'on', 'your', 'head']","['pro:sub', 'mod', 'v', 'prep', 'det:poss', 'n']",CLI,ST
33904,1,14939740,19727,69.00141686687611,"['you', ""can't"", 'see', 'me']","['pro:per', 'mod', 'v', 'pro:obj']",CLI,RP
33904,1,14939756,19727,69.00141686687611,"['you', ""can't"", 'sit', 'on', 'my', 'head']","['pro:per', 'mod', 'v', 'prep', 'det:poss', 'n']",CLI,PF
33904,1,14939768,19727,69.00141686687611,['stop'],['meta'],CHI,PF
33904,1,14939781,19727,69.00141686687611,['hey'],['meta'],CLI,CL
33904,1,14939794,19727,69.00141686687611,"['oh', 'oh']","['co', 'co']",CLI,MK
33904,1,14939812,19727,69.00141686687611,"['you', 'got', 'stuck']","['pro:per', 'aux', 'part']",CLI,ST
33904,1,14939825,19727,69.00141686687611,"['I', ""can't"", 'see', 'you', 'Bert']","['pro:sub', 'mod', 'v', 'pro:per', 'n:prop']",CLI,ST
33904,1,14939841,19727,69.00141686687611,"['me', 'too']","['pro:obj', 'adv']",CHI,RP
33904,1,14939855,19727,69.00141686687611,"['I', ""can't"", 'see', 'you', 'Bert']","['pro:sub', 'mod', 'v', 'pro:per', 'n:prop']",CLI,GR
33904,1,14939869,19727,69.00141686687611,"['hey', 'Bert']","['co', 'n:prop']",CLI,CL
33904,1,14939885,19727,69.00141686687611,"['there', 'you', 'are', 'Bert']","['adv', 'pro:per', 'cop', 'n:prop']",CLI,SA
33904,1,14939898,19727,69.00141686687611,"['oh', 'Bert']","['co', 'n:prop']",CLI,MK
33904,1,14939908,19727,69.00141686687611,"['you', 'wanna', 'kiss', 'me']","['pro:per', 'v', 'v', 'pro:obj']",CLI,RQ
33904,1,14939919,19727,69.00141686687611,['yeah'],['meta'],CHI,AD
33904,1,14939936,19727,69.00141686687611,"['want', 'kiss']","['v', 'n']",CHI,RP
33904,1,14939952,19727,69.00141686687611,['hey'],['meta'],CLI,CL
33904,1,14939968,19727,69.00141686687611,"[""who's"", 'that', 'on', 'my', 'head']","['pro:int', 'pro:dem', 'prep', 'det:poss', 'n']",CLI,QN
33904,1,14939984,19727,69.00141686687611,"['I', ""can't"", 'see', 'anybody']","['pro:sub', 'mod', 'v', 'pro:indef']",CLI,GR
33904,1,14939998,19727,69.00141686687611,"['that', 'Bert']","['comp', 'n:prop']",CHI,CL
33904,1,14940011,19727,69.00141686687611,['what'],['meta'],CLI,AC
33904,1,14940027,19727,69.00141686687611,"['I', 'hungry']","['pro:sub', 'adj']",CHI,ST
33904,1,14940039,19727,69.00141686687611,"['you', 'know', 'where', 'my', 'xxx', 'is']","['pro:per', 'v', 'pro:rel', 'det:poss', '', 'cop']",CHI,ST
33904,1,14940054,19727,69.00141686687611,"['what', 'did', 'you', 'say']","['pro:int', 'mod', 'pro:per', 'v']",CLI,EI
33904,1,14940072,19727,69.00141686687611,"['you', ""can't"", 'get', 'on', 'top', 'of', 'my', 'head']","['pro:per', 'mod', 'v', 'prep', 'n', 'prep', 'det:poss', 'n']",CLI,TX
33904,1,14940085,19727,69.00141686687611,"['quack', 'quack', 'quack']","['on', 'on', 'on']",CHI,PR
33904,1,14940103,19727,69.00141686687611,"['you', 'got', 'a', 'piggy', 'back', 'ride']","['pro:per', 'v', 'det:art', 'adj', 'adj', 'n']",CLI,ST
33904,1,14940119,19727,69.00141686687611,"['can', 'I', 'have', 'a', 'piggy', 'back', 'ride']","['mod', 'pro:sub', 'v', 'det:art', 'adj', 'adj', 'n']",CLI,ST
33904,1,14940135,19727,69.00141686687611,['yeah'],['meta'],CHI,AA
33904,1,14940148,19727,69.00141686687611,['okay'],['meta'],CLI,AD
33904,1,14940170,19727,69.00141686687611,"[""I'll"", 'get', 'on']","['pro:sub', 'v', 'adv']",CLI,RP
33904,1,14940184,19727,69.00141686687611,"['what', 'do', 'you', 'want']","['pro:int', 'mod', 'pro:per', 'v']",CHI,QN
33904,1,14940195,19727,69.00141686687611,"['I', 'wanna', 'take', 'a', 'bath']","['pro:sub', 'v', 'v', 'det:art', 'n']",CLI,SA
33904,1,14940210,19727,69.00141686687611,"['I', 'want', 'take', 'a', 'bath', 'too']","['pro:sub', 'v', 'v', 'det:art', 'n', 'post']",CHI,DP
33904,1,14940225,19727,69.00141686687611,['okay'],['meta'],CLI,YD
33904,1,14940240,19727,69.00141686687611,"[""let's"", 'go', 'find', 'the', 'water']","['v', 'v', 'v', 'det:art', 'n']",CLI,RP
33904,1,14940256,19727,69.00141686687611,"[""that's"", 'the', 'bed', 'right', 'there']","['pro:dem', 'det:art', 'n', 'adv', 'adv']",CHI,ST
33904,1,14940271,19727,69.00141686687611,"[""that's"", 'the', 'bed']","['pro:dem', 'det:art', 'n']",CLI,AP
33904,1,14940290,19727,69.00141686687611,['okay'],['co'],CLI,MK
33904,1,14940304,19727,69.00141686687611,"['oh', 'got', 'all', 'wet', 'up']","['co', 'v', 'adv', 'adj', 'adv']",CLI,ST
33904,1,14940314,19727,69.00141686687611,"['what', 'you', 'want', 'do', 'Ernie']","['pro:int', 'pro:per', 'v', 'v', 'n:prop']",CHI,ST
33904,1,14940337,19727,69.00141686687611,"['I', 'wanna', 'I', 'wanna', 'eat']","['', '', 'pro:sub', 'v', 'v']",CLI,RQ
33904,1,14940355,19727,69.00141686687611,"['I', 'wanna', 'eat', 'too']","['pro:sub', 'v', 'v', 'adv']",CHI,AD
33904,1,14940368,19727,69.00141686687611,"['what', 'do', 'we', 'hafta', 'eat']","['pro:int', 'mod', 'pro:sub', 'mod', 'v']",CLI,QN
33904,1,14940384,19727,69.00141686687611,"['this', 'blanket']","['det:dem', 'n']",CLI,SA
33904,1,14940398,19727,69.00141686687611,"['that', 'was', 'good']","['pro:dem', 'cop', 'adj']",CLI,AB
33904,1,14940414,19727,69.00141686687611,"['did', 'you', 'like', 'it']","['mod', 'pro:per', 'v', 'pro:per']",CLI,YQ
33904,1,14940427,19727,69.00141686687611,['uhhuh'],['meta'],CHI,AA
33904,1,14940447,19727,69.00141686687611,"['oh', 'my', 'aching', 'head']","['co', 'det:poss', 'part', 'n']",CLI,ST
33904,1,14940461,19727,69.00141686687611,['oh'],['co'],CHI,YY
33904,1,14940474,19727,69.00141686687611,['water'],['meta'],CHI,YY
33904,1,14940484,19727,69.00141686687611,"['you', 'wanna', 'go', 'for', 'a', 'swim']","['pro:per', 'v', 'v', 'prep', 'det:art', 'n']",CLI,ST
33904,1,14940498,19727,69.00141686687611,['xxx'],[''],CHI,YY
33904,1,14940511,19727,69.00141686687611,['what'],['meta'],CLI,AC
33904,1,14940527,19727,69.00141686687611,"['hi', 'Ernie']","['co', 'n:prop']",CHI,MK
33904,1,14940543,19727,69.00141686687611,"['oink', 'oink']","['on', 'on']",CHI,PR
33904,1,14940560,19727,69.00141686687611,"['oink', 'oink']","['on', 'on']",CLI,CT
33904,1,14940573,19727,69.00141686687611,"['hey', ""you're"", 'flying']","['co', 'pro:per', 'part']",CLI,AP
33904,1,14940589,19727,69.00141686687611,"['what', 'are', 'you', 'doing', 'up', 'in', 'the', 'air']","['pro:int', 'aux', 'pro:per', 'part', 'adv', 'prep', 'det:art', 'n']",CLI,QN
33904,1,14940606,19727,69.00141686687611,"['oink', 'oink']","['on', 'on']",CHI,PR
33904,1,14940621,19727,69.00141686687611,"[""you're"", 'flying']","['pro:per', 'part']",CLI,AP
33904,1,14940636,19727,69.00141686687611,"['what', 'are', 'you', 'doing', 'up', 'there']","['pro:int', 'aux', 'pro:per', 'part', 'prep', 'n']",CLI,QN
33904,1,14940651,19727,69.00141686687611,['ouch'],['meta'],CHI,MK
33904,1,14940666,19727,69.00141686687611,"['oh', 'gosh']","['co', 'co']",CLI,MK
33904,1,14940683,19727,69.00141686687611,"['are', 'we', 'dead']","['cop', 'pro:sub', 'adj']",CLI,ST
33904,1,14940697,19727,69.00141686687611,['yes'],['meta'],CHI,YY
33904,1,14940710,19727,69.00141686687611,"['why', 'am', 'I', 'talking', 'if', ""I'm"", 'dead']","['pro:int', 'cop', 'pro:sub', 'part', 'comp', 'pro:sub', 'adj']",CLI,PR
33904,1,14940725,19727,69.00141686687611,"['I', 'going', 'up', 'going', 'up']","['pro:sub', '', '', 'part', 'adv']",CHI,SI
33904,1,14940756,19727,69.00141686687611,"['and', 'you', 'going', 'up', 'going', 'up']","['coord', 'pro:per', '', '', 'part', 'adv']",CHI,ST
33904,1,14940768,19727,69.00141686687611,"['oh', ""I'm"", 'going', 'up', 'going', 'up']","['co', 'pro:sub', '', '', 'part', 'adv']",CLI,AP
33904,1,14940781,19727,69.00141686687611,"[""I'm"", 'going', 'down', 'up', 'up', 'up']","['pro:sub', 'part', '', 'adv', 'adv', 'adv']",CHI,AP
33904,1,14940799,19727,69.00141686687611,"['you', 'went', 'down', 'and', 'I', 'went', 'up']","['pro:per', 'v', 'adv', 'coord', 'pro:sub', 'v', 'adv']",CHI,ST
33904,1,14940819,19727,69.00141686687611,"['now', ""I'm"", 'down', 'you', 'go', 'up']","['adv', 'pro:sub', 'adv', 'pro:per', 'v', 'adv']",CHI,RP
33904,1,14940832,19727,69.00141686687611,"['oink', 'oink', 'oink']","['on', 'on', 'on']",CHI,PR
33904,1,14940846,19727,69.00141686687611,['hey'],['meta'],CLI,CL
33904,1,14940868,19727,69.00141686687611,"['I', 'wanna', 'go', 'up', 'there']","['pro:sub', 'v', 'v', 'prep', 'n']",CLI,ST
33904,1,14940883,19727,69.00141686687611,"['oink', 'oink', 'oink']","['on', 'on', 'on']",CLI,PR
33904,1,14940901,19727,69.00141686687611,"['I', ""can't"", 'see', 'nobody']","['pro:sub', 'mod', 'v', 'pro:indef']",CHI,ST
33904,1,14940916,19727,69.00141686687611,"['oh', 'he', 'fell', 'down']","['co', 'pro:sub', 'v', 'adv']",CLI,ST
33904,1,14940932,19727,69.00141686687611,"['you', ""couldn't"", 'see', 'anybody', 'huh', 'Bert']","['pro:per', 'mod', 'v', 'pro:indef', 'co', 'n:prop']",CLI,ST
33904,1,14940952,19727,69.00141686687611,"['poor', 'Bert']","['adj', 'n:prop']",CLI,CM
33904,1,14940965,19727,69.00141686687611,"['you', ""couldn't"", 'see', 'me']","['pro:per', 'mod', 'v', 'pro:obj']",CLI,RP
33904,1,14940981,19727,69.00141686687611,"[""can't"", 'see', 'me']","['mod', 'v', 'pro:obj']",CHI,AD
33904,1,14940993,19727,69.00141686687611,"[""can't"", 'see', 'me', 'Ernie']","['mod', 'v', 'pro:obj', 'n:prop']",CHI,ST
33904,1,14941010,19727,69.00141686687611,"[""you're"", 'right', 'Bert']","['pro:per', 'adj', 'n:prop']",CLI,AP
33904,1,14941022,19727,69.00141686687611,"['I', ""can't"", 'see', 'you', 'anymore']","['pro:sub', 'mod', 'v', 'pro:per', 'adv']",CLI,ST
33904,1,14941031,19727,69.00141686687611,"['where', 'are', 'you']","['pro:int', 'cop', 'pro:per']",CLI,QN
33904,1,14941050,19727,69.00141686687611,"['on', 'top', 'your', 'head']","['prep', 'n', 'det:poss', 'n']",CHI,SA
33904,1,14941064,19727,69.00141686687611,['ha'],['co'],CLI,AP
33904,1,14941078,19727,69.00141686687611,"[""you're"", 'on', 'top', 'of', 'my', 'head']","['pro:per', 'adv', 'n', 'prep', 'det:poss', 'n']",CLI,ST
33904,1,14941090,19727,69.00141686687611,"['oh', 'Bert']","['co', 'n:prop']",CLI,MK
33904,1,14941107,19727,69.00141686687611,"['where', 'are', 'you', 'now', 'Bert']","['pro:int', 'cop', 'pro:per', 'adv', 'n:prop']",CLI,QN
33904,1,14941120,19727,69.00141686687611,"['I', ""can't"", 'see', 'you']","['pro:sub', 'mod', 'v', 'pro:per']",CLI,ST
33904,1,14941137,19727,69.00141686687611,"['I', 'sleeping']","['pro:sub', 'part']",CHI,RT
33904,1,14941152,19727,69.00141686687611,"['I', 'sleeping']","['pro:sub', 'part']",CHI,ST
33904,1,14941166,19727,69.00141686687611,"[""you're"", 'eating']","['pro:per', 'part']",CLI,ST
33904,1,14941177,19727,69.00141686687611,['sleeping'],['meta'],CHI,YY
33904,1,14941196,19727,69.00141686687611,['oh'],['meta'],CLI,YY
33904,1,14941206,19727,69.00141686687611,"['let', 'me', 'sleep', 'too']","['v', 'pro:obj', 'v', 'adv']",CLI,RP
33904,1,14941220,19727,69.00141686687611,"['I', 'want', 'take', 'a', 'bath']","['pro:sub', 'v', 'v', 'det:art', 'n']",CHI,RP
33904,1,14941232,19727,69.00141686687611,['okay'],['meta'],CLI,AD
33904,1,14941248,19727,69.00141686687611,"[""I'm"", 'washing', 'my', 'face']","['pro:sub', 'part', 'det:poss', 'n']",CLI,ST
33904,1,14941264,19727,69.00141686687611,"['I', 'washing', 'my', 'face', 'too']","['pro:sub', 'part', 'det:poss', 'n', 'adv']",CHI,AP
33904,1,14941276,19727,69.00141686687611,"[""I'm"", 'washing', 'my', 'hair']","['pro:sub', 'part', 'det:poss', 'n']",CLI,AP
33904,1,14941286,19727,69.00141686687611,"['now', ""I'm"", 'all', 'washed', 'up']","['adv', 'pro:sub', 'post', 'part', 'adv']",CLI,ST
33904,1,14941299,19727,69.00141686687611,"['I', 'wash', 'up', 'too']","['pro:sub', 'v', 'adv', 'adv']",CHI,ST
33904,1,14941313,19727,69.00141686687611,"[""I'm"", 'going', 'to', 'splash', 'water', 'on', 'you', 'Bert']","['pro:sub', 'part', 'prep', 'n', 'n', 'prep', 'pro:per', 'n:prop']",CLI,ST
33904,1,14941329,19727,69.00141686687611,"['I', 'splash', 'on', 'you']","['pro:sub', 'v', 'prep', 'pro:per']",CHI,RT
33904,1,14941344,19727,69.00141686687611,['oh'],['meta'],CLI,MK
33904,1,14941355,19727,69.00141686687611,"['you', 'splashed', 'me', 'first']","['pro:per', 'v', 'pro:obj', 'adv']",CLI,RP
33904,1,14941369,19727,69.00141686687611,"[""I'm"", 'going', 'to', 'splash', 'water', 'on', 'you']","['pro:sub', 'part', 'prep', 'n', 'n', 'prep', 'pro:per']",CLI,ST
33904,1,14941381,19727,69.00141686687611,"['hey', 'Ernie']","['co', 'n:prop']",CHI,CL
33904,1,14941392,19727,69.00141686687611,"['what', 'Bert']","['pro:int', 'n:prop']",CLI,CL
33904,1,14941405,19727,69.00141686687611,"[""let's"", 'eat']","['v', 'v']",CHI,RP
33904,1,14941423,19727,69.00141686687611,"['yeah', ""let's"", 'get', 'something', 'to', 'eat']","['co', 'v', 'v', 'pro:indef', 'inf', 'v']",CLI,AD
33904,1,14941435,19727,69.00141686687611,"['what', 'do', 'you', 'wanna', 'eat', 'Bert']","['pro:int', 'mod', 'pro:per', 'v', 'v', 'n:prop']",CLI,QN
33904,1,14941456,19727,69.00141686687611,"['I', 'want', 'a', 'hamburger']","['pro:sub', 'v', 'det:art', 'n']",CHI,SA
33904,1,14941467,19727,69.00141686687611,['okay'],['meta'],CLI,AD
33904,1,14941479,19727,69.00141686687611,"[""let's"", 'go', 'to', ""McDonald's""]","['v', 'v', 'prep', 'adj']",CLI,SS
33904,1,14941496,19727,69.00141686687611,"[""I'll"", 'drive']","['pro:sub', 'v']",CLI,ST
33904,1,14941516,19727,69.00141686687611,"['I', 'want', 'drive', 'too']","['pro:sub', 'v', 'n', 'adv']",CHI,ST
33904,1,14941533,19727,69.00141686687611,"['I', 'play', 'with', 'those', 'car']","['pro:sub', 'v', 'prep', 'det:dem', 'n']",CHI,ST
33904,1,14941550,19727,69.00141686687611,"['yes', 'you', 'can', 'play', 'with', 'the', 'cars', 'and', 'the', 'garage', 'too']","['co', 'pro:per', 'mod', 'v', 'prep', 'det:art', 'n', 'coord', 'det:art', 'n', 'post']",CLI,RP
33904,1,14941566,19727,69.00141686687611,"['that', 'a', 'garage']","['comp', 'det:art', 'n']",CHI,YQ
33904,1,14941581,19727,69.00141686687611,['yeah'],['co'],CLI,AA
33904,1,14941594,19727,69.00141686687611,"['do', 'you', 'wanna', 'play', 'with', 'it']","['mod', 'pro:per', 'v', 'v', 'prep', 'pro:per']",CLI,RQ
33904,1,14941608,19727,69.00141686687611,['yeah'],['co'],CHI,AD
33904,1,14941623,19727,69.00141686687611,['okay'],['co'],CLI,AD
33904,1,14941638,19727,69.00141686687611,"['pick', 'the', 'car', 'you', 'want']","['v', 'det:art', 'n', 'pro:per', 'v']",CLI,RQ
33904,1,14941653,19727,69.00141686687611,"['the', 'yellow', 'one']","['det:art', 'n', 'pro:indef']",CHI,AD
33904,1,14941666,19727,69.00141686687611,"['okay', 'and', 'Ernie', 'will', 'take', 'the', 'red', 'one']","['co', 'coord', 'n:prop', 'mod', 'v', 'det:art', 'n', 'pro:indef']",CLI,AD
33904,1,14941682,19727,69.00141686687611,"['you', 'ready', 'Bert']","['pro:per', 'v', 'n:prop']",CLI,SS
33904,1,14941697,19727,69.00141686687611,"['ready', 'Ernie']","['v', 'n:prop']",CHI,SS
33904,1,14941710,19727,69.00141686687611,"['come', 'on']","['v', 'adv']",CLI,RP
33904,1,14941734,19727,69.00141686687611,"[""let's"", 'get', 'some', 'hamburgers']","['v', 'v', 'qn', 'n']",CLI,RP
33904,1,14941749,19727,69.00141686687611,"['where', 'did', 'you', 'go', 'Bert']","['pro:int', 'mod', 'pro:per', 'v', 'n:prop']",CLI,QN
33904,1,14941761,19727,69.00141686687611,"['here', 'I', 'am']","['adv', 'pro:sub', 'cop']",CHI,SA
33904,1,14941771,19727,69.00141686687611,"['let', 'go']","['v', 'v']",CHI,RP
33904,1,14941781,19727,69.00141686687611,"['here', 'we', 'are']","['adv', 'pro:sub', 'cop']",CLI,ST
33904,1,14941795,19727,69.00141686687611,"['I', 'want', 'a', 'hamburger']","['pro:sub', 'v', 'det:art', 'n']",CHI,ST
33904,1,14941810,19727,69.00141686687611,"['and', 'I', 'want', 'a', 'hamburger', 'ad', 'french', 'fries']","['coord', 'pro:sub', 'v', 'det:art', 'n', 'n', 'adj', 'n']",CLI,ST
33904,1,14941825,19727,69.00141686687611,"['I', 'want', 'french', 'fry']","['pro:sub', 'v', 'adj', 'n']",CHI,RT
33904,1,14941841,19727,69.00141686687611,['um'],[''],CLI,CT
33904,1,14941857,19727,69.00141686687611,"['this', 'is', 'good']","['pro:dem', 'cop', 'adj']",CLI,AP
33904,1,14941871,19727,69.00141686687611,"['I', 'ate', 'mine']","['pro:sub', 'v', 'pro:poss']",CLI,ST
33904,1,14941887,19727,69.00141686687611,"['did', 'you', 'finish', 'Bert']","['mod', 'pro:per', 'v', 'n:prop']",CLI,YQ
33904,1,14941901,19727,69.00141686687611,"['yeah', 'I', 'eat', 'mine', 'too']","['co', 'pro:sub', 'v', 'n', 'adv']",CHI,AA
33904,1,14941919,19727,69.00141686687611,"['I', 'want', 'go', 'now', 'Ernie']","['pro:sub', 'v', 'v', 'adv', 'n:prop']",CHI,RQ
33904,1,14941936,19727,69.00141686687611,['okay'],['meta'],CLI,AD
33904,1,14941951,19727,69.00141686687611,"['where', 'do', 'you', 'wanna', 'go']","['pro:int', 'mod', 'pro:per', 'v', 'v']",CLI,QN
33904,1,14941966,19727,69.00141686687611,"['where', 'you', 'want', 'go', 'Ernie']","['pro:int', 'pro:per', 'v', 'v', 'n:prop']",CHI,QN
33904,1,14941984,19727,69.00141686687611,"[""let's"", 'get', 'our', 'cars', 'washed']","['v', 'v', 'det:poss', 'n', 'v']",CLI,RP
33904,1,14942004,19727,69.00141686687611,"['I', 'going', 'car', 'wash']","['pro:sub', 'part', 'n', 'n']",CHI,ST
33904,1,14942018,19727,69.00141686687611,"['wait', 'for', 'me', 'Bert']","['v', 'prep', 'pro:obj', 'n:prop']",CLI,RP
33904,1,14942031,19727,69.00141686687611,"[""I'm"", 'going', 'wash', 'my', 'car']","['pro:sub', 'part', 'n', 'det:poss', 'n']",CHI,ST
33904,1,14942053,19727,69.00141686687611,"[""I'm"", 'going', 'to', 'wash', 'mine', 'too']","['pro:sub', 'part', 'prep', 'n', 'n', 'adv']",CLI,ST
33904,1,14942069,19727,69.00141686687611,"['I', 'driving', 'high']","['pro:sub', 'part', 'adj']",CHI,ST
33904,1,14942086,19727,69.00141686687611,"['oh', 'no']","['co', 'co']",CLI,DW
33904,1,14942101,19727,69.00141686687611,"['are', 'you', 'alright', 'Ernie']","['cop', 'pro:per', 'co', 'n:prop']",CLI,DS
33904,1,14942118,19727,69.00141686687611,"['I', 'going', 'up', 'going', 'up']","['pro:sub', '', '', 'part', 'adv']",CHI,SI
33904,1,14942134,19727,69.00141686687611,"['what', 'about', 'Ernie']","['pro:int', 'prep', 'n:prop']",CLI,RR
33904,1,14942146,19727,69.00141686687611,"['I', 'think', ""he's"", 'hurt']","['pro:sub', 'v', 'pro:sub', 'part']",CLI,ST
33904,1,14942164,19727,69.00141686687611,"['I', 'going', 'over', 'your', 'head']","['pro:sub', 'part', 'prep', 'det:poss', 'n']",CHI,ST
33904,1,14942180,19727,69.00141686687611,"['I', ""didn't"", 'know', 'cars', 'could', 'fly']","['pro:sub', 'mod', 'v', 'n', 'mod', 'v']",CLI,ST
33904,1,14942198,19727,69.00141686687611,"['I', 'going', 'round', 'and', 'round']","['pro:sub', 'part', 'adv', 'coord', 'adv']",CHI,SI
33904,1,14942214,19727,69.00141686687611,"['let', 'me', 'see', 'if', 'my', 'car', 'can', 'fly']","['v', 'pro:obj', 'v', 'comp', 'det:poss', 'n', 'mod', 'v']",CLI,RP
33904,1,14942228,19727,69.00141686687611,"[""I'm"", 'going', 'up', 'and', 'around', 'too']","['pro:sub', 'part', 'adv', 'coord', 'adv', 'adv']",CLI,ST
33904,1,14942246,19727,69.00141686687611,"[""I'm"", 'going', 'down', 'now']","['pro:sub', 'part', 'adv', 'adv']",CLI,ST
33904,1,14942260,19727,69.00141686687611,"['my', 'car', 'down', 'too']","['det:poss', 'n', 'adv', 'adv']",CHI,ST
33904,1,14942276,19727,69.00141686687611,"[""I'm"", 'going', 'a', 'long', 'way', 'from', 'here']","['pro:sub', 'part', 'det:art', 'adj', 'n', 'prep', 'n']",CLI,ST
33904,1,14942293,19727,69.00141686687611,"['want', 'the', 'garage']","['v', 'det:art', 'n']",CHI,ST
33904,1,14942312,19727,69.00141686687611,['yeah'],['co'],CLI,AP
33904,1,14942321,19727,69.00141686687611,"[""we'll"", 'put', 'it', 'on', 'the', 'floor', 'so', 'we', 'can', 'have', 'more', 'room']","['pro:sub', 'v', 'pro:per', 'prep', 'det:art', 'n', 'conj', 'pro:sub', 'mod', 'v', 'qn', 'n']",CLI,GR
33904,1,14942342,19727,69.00141686687611,['okay'],['co'],CHI,AD
33904,1,14942349,19727,69.00141686687611,"[""I'm"", 'going', 'to', 'ride', 'on', 'top', 'of', 'the', 'garage']","['pro:sub', 'part', 'inf', 'v', 'prep', 'n', 'prep', 'det:art', 'n']",CLI,ST
33904,1,14942364,19727,69.00141686687611,"['I', 'ride', 'on', 'top']","['pro:sub', 'v', 'prep', 'n']",CHI,RT
33904,1,14942381,19727,69.00141686687611,"['I', 'think', 'Ernie', 'and', 'Bert', 'would', 'like', 'to', 'ride', 'on', 'the', 'garage', 'too']","['pro:sub', 'v', 'n:prop', 'coord', 'n:prop', 'mod', 'v', 'inf', 'v', 'prep', 'det:art', 'n', 'adv']",CLI,ST
33904,1,14942399,19727,69.00141686687611,"['do', 'you', 'want', 'Bert', 'back']","['mod', 'pro:per', 'v', 'n:prop', 'adv']",CLI,RQ
33904,1,14942415,19727,69.00141686687611,"['Bert', 'can', 'ride']","['n:prop', 'mod', 'v']",CHI,AD
33904,1,14942430,19727,69.00141686687611,"['what', 'are', 'you', 'doing', 'Ernie']","['pro:int', 'aux', 'pro:per', 'part', 'n:prop']",CHI,QN
33904,1,14942445,19727,69.00141686687611,"[""I'm"", 'riding', 'around', 'Bert']","['pro:sub', 'part', 'prep', 'n:prop']",CLI,SA
33904,1,14942457,19727,69.00141686687611,"['I', 'riding', 'round', 'too']","['pro:sub', 'part', 'adv', 'adv']",CHI,ST
33904,1,14942471,19727,69.00141686687611,"[""I'm"", 'going', 'to', 'follow', 'you', 'Bert']","['pro:sub', 'part', 'inf', 'v', 'pro:per', 'n:prop']",CLI,ST
33904,1,14942490,19727,69.00141686687611,"['where', 'are', 'you', 'going']","['pro:int', 'aux', 'pro:per', 'part']",CLI,QN
33904,1,14942506,19727,69.00141686687611,"['going', 'up']","['part', 'adv']",CHI,SA
33904,1,14942522,19727,69.00141686687611,"['oh', 'no']","['co', 'co']",CLI,DW
33904,1,14942539,19727,69.00141686687611,"[""I've"", 'gotta', 'find', 'you']","['pro:sub', 'mod', 'v', 'pro:per']",CLI,RP
33904,1,14942562,19727,69.00141686687611,"['you', ""can't"", 'find', 'me', 'Ernie']","['pro:per', 'mod', 'v', 'pro:obj', 'n:prop']",CHI,CS
33904,1,14942580,19727,69.00141686687611,"['yes', 'I', 'will', 'Bert']","['co', 'pro:sub', 'mod', 'n:prop']",CLI,AD
33904,1,14942592,19727,69.00141686687611,"['I', 'know', ""you're"", 'up', 'here', 'somewhere']","['pro:sub', 'v', 'pro:per', 'prep', 'n', 'adv']",CLI,ST
33904,1,14942604,19727,69.00141686687611,"['I', 'down', 'here', 'Ernie']","['pro:sub', 'prep', 'n', 'n:prop']",CHI,RT
33904,1,14942617,19727,69.00141686687611,"['but', 'I', 'thought', 'you', 'were', 'up', 'here', 'Bert']","['conj', 'pro:sub', 'v', 'pro:per', 'cop', 'prep', 'n', 'n:prop']",CLI,ST
33904,1,14942631,19727,69.00141686687611,"['my', 'car', 'in', 'here']","['det:poss', 'n', 'prep', 'n']",CHI,RP
33904,1,14942644,19727,69.00141686687611,['okay'],['meta'],CLI,AD
33904,1,14942653,19727,69.00141686687611,"[""I'll"", 'go', 'down', 'and', 'find', 'you']","['pro:sub', 'v', 'adv', 'coord', 'v', 'pro:per']",CLI,RP
33904,1,14942663,19727,69.00141686687611,"['where', 'are', 'you']","['pro:int', 'cop', 'pro:per']",CLI,QN
33904,1,14942672,19727,69.00141686687611,"['in', 'here']","['prep', 'n']",CHI,SA
33904,1,14942682,19727,69.00141686687611,"['I', 'found', 'you', 'Ernie']","['pro:sub', 'v', 'pro:per', 'n:prop']",CLI,AP
33904,1,14942690,19727,69.00141686687611,"['now', ""I'm"", 'going', 'to', 'hide']","['adv', 'pro:sub', 'part', 'inf', 'v']",CLI,SI
33904,1,14942707,19727,69.00141686687611,"['look', 'at', 'me', 'Ernie']","['v', 'prep', 'pro:obj', 'n:prop']",CHI,RP
33904,1,14942717,19727,69.00141686687611,['Bert'],['meta'],CLI,TX
33904,1,14942726,19727,69.00141686687611,"['what', 'are', 'you', 'doing', 'on', ""Ashley's"", 'head']","['pro:int', 'aux', 'pro:per', 'part', 'prep', 'adj', 'n']",CLI,TX
33904,1,14942738,19727,69.00141686687611,"['oh', 'you', 'fell', 'a', 'long', 'way', 'Bert']","['co', 'pro:per', 'v', 'det:art', 'adj', 'n', 'n:prop']",CLI,ST
33904,1,14942751,19727,69.00141686687611,"['I', 'doing', 'up']","['pro:sub', 'part', 'adv']",CHI,ST
33904,1,14942761,19727,69.00141686687611,"['I', 'see', 'you']","['pro:sub', 'v', 'pro:per']",CLI,AP
33904,1,14942770,19727,69.00141686687611,"[""I'm"", 'up']","['pro:sub', 'adv']",CHI,ST
33904,1,14942780,19727,69.00141686687611,"[""you're"", 'up', 'there', 'again']","['pro:per', 'prep', 'n', 'adv']",CLI,YQ
33904,1,14942790,19727,69.00141686687611,['yeah'],['meta'],CHI,AA
33904,1,14942799,19727,69.00141686687611,"['what', 'are', 'you', 'doing', 'up', 'there', 'Bert']","['pro:int', 'aux', 'pro:per', 'part', 'prep', 'n', 'n:prop']",CLI,QN
33904,1,14942815,19727,69.00141686687611,"['I', 'falling', 'down']","['pro:sub', 'part', 'adv']",CHI,SA
33904,1,14942827,19727,69.00141686687611,"['my', ""car's"", 'coming', 'up', 'there', 'to', 'get', 'you', 'Bert']","['det:poss', 'adj', 'n:gerund', 'prep', 'n', 'inf', 'v', 'pro:per', 'n:prop']",CLI,YQ
33904,1,14942843,19727,69.00141686687611,"['I', 'get', 'my', 'car']","['pro:sub', 'v', 'det:poss', 'n']",CHI,AA
33904,1,14942850,19727,69.00141686687611,"['hey', 'Bert']","['co', 'n:prop']",CLI,CL
33904,1,14942859,19727,69.00141686687611,"[""where's"", 'my', 'car']","['pro:int', 'det:poss', 'n']",CLI,QN
33904,1,14942868,19727,69.00141686687611,"['car', 'right', 'here', 'Ernie']","['n', 'adv', 'adv', 'n:prop']",CHI,SA
33904,1,14942878,19727,69.00141686687611,"['are', 'you', 'in', 'my', 'car', 'Bert']","['cop', 'pro:per', 'prep', 'det:poss', 'n', 'n:prop']",CLI,YQ
33904,1,14942890,19727,69.00141686687611,['yeah'],['meta'],CHI,AA
33904,1,14942899,19727,69.00141686687611,"['I', 'wanna', 'ride', 'it']","['pro:sub', 'v', 'v', 'pro:per']",CHI,ST
33904,1,14942909,19727,69.00141686687611,"['well', 'what', 'can', 'I', 'ride', 'if', 'you', 'have', 'my', 'car']","['co', 'pro:int', 'mod', 'pro:sub', 'n', 'conj', 'pro:per', 'v', 'det:poss', 'n']",CLI,QN
33904,1,14942916,19727,69.00141686687611,"['you', 'can', 'ride', 'my', 'car']","['pro:per', 'mod', 'v', 'det:poss', 'n']",CHI,FP
33904,1,14942927,19727,69.00141686687611,"['okay', ""I'll"", 'ride', 'yours']","['co', 'pro:sub', 'v', 'pro:poss']",CLI,PA
33904,1,14942936,19727,69.00141686687611,"['where', 'you', 'want', 'go', 'Ernie']","['pro:int', 'pro:per', 'v', 'v', 'n:prop']",CHI,QN
33904,1,14942946,19727,69.00141686687611,"['around', 'the', 'garage']","['prep', 'det:art', 'n']",CLI,SA
33904,1,14942954,19727,69.00141686687611,"[""can't"", 'see', 'me', 'Ernie']","['mod', 'v', 'pro:obj', 'n:prop']",CHI,RP
33904,1,14942962,19727,69.00141686687611,"['I', 'see', 'your', 'car', 'but', 'I', ""can't"", 'see', 'you']","['pro:sub', 'v', 'det:poss', 'n', 'conj', 'pro:sub', 'mod', 'v', 'pro:per']",CLI,ST
33904,1,14942976,19727,69.00141686687611,"['where', 'did', 'you', 'go']","['pro:int', 'mod', 'pro:per', 'v']",CLI,QN
33904,1,14942988,19727,69.00141686687611,"['I', 'back', 'a', 'garage']","['pro:sub', 'adv', 'det:art', 'n']",CHI,SA
33904,1,14943013,19727,69.00141686687611,"[""you're"", 'where']","['pro:per', 'pro:rel']",CLI,AP
33904,1,14943023,19727,69.00141686687611,['here'],['meta'],CHI,TO
33904,1,14943032,19727,69.00141686687611,['oh'],['meta'],CLI,MK
33904,1,14943041,19727,69.00141686687611,"['you', 'scared', 'me', 'Bert']","['pro:per', 'v', 'pro:obj', 'n:prop']",CLI,DP
33904,1,14943051,19727,69.00141686687611,"['you', 'scare', 'me', 'Ernie']","['pro:per', 'v', 'pro:obj', 'n:prop']",CHI,YD
33906,1,14938996,19732,76.00156060699398,"['we', 'hafta', 'get', 'to', 'know', 'each_other']","['pro:sub', 'mod', 'v', 'inf', 'v', 'pro:refl']",CLI,SA
33906,1,14939001,19732,76.00156060699398,"['I', ""don't"", 'know', 'you', 'very', 'well']","['pro:sub', 'mod', 'v', 'pro:per', 'adv', 'adv']",CLI,ST
33906,1,14939006,19732,76.00156060699398,"['tell', 'me', 'about', 'yourself']","['v', 'pro:obj', 'prep', 'pro:refl']",CLI,RP
33906,1,14939011,19732,76.00156060699398,"['I', 'play', 'with', 'my', 'brother', 'Danny']","['pro:sub', 'v', 'prep', 'det:poss', 'n', 'n:prop']",CHI,ST
33906,1,14939018,19732,76.00156060699398,"['oh', 'you', 'have', 'a', 'brother']","['co', 'pro:per', 'v', 'det:art', 'n']",CLI,ST
33906,1,14939023,19732,76.00156060699398,"['is', 'he', 'your', 'big', 'brother']","['cop', 'pro:sub', 'det:poss', 'adj', 'n']",CLI,ST
33906,1,14939030,19732,76.00156060699398,"['no', 'him', 'eight']","['co', 'pro:obj', 'det:num']",CHI,DW
33906,1,14939037,19732,76.00156060699398,['eight'],['det:num'],CLI,CT
33906,1,14939045,19732,76.00156060699398,"['yeah', 'eight']","['co', 'det:num']",CHI,AP
33906,1,14939053,19732,76.00156060699398,"['so', 'he', 'is', 'your', 'big', 'brother', ""isn't"", 'he']","['co', 'pro:sub', 'cop', 'det:poss', 'adj', 'n', 'cop', 'pro:sub']",CLI,AP
33906,1,14939063,19732,76.00156060699398,"['and', 'Nickie', 'play', 'in', 'the', 'pool', 'with', 'me', 'and', 'Kurta', 'Danny', 'and', 'me']","['coord', 'n:prop', 'n', 'prep', 'det:art', 'n', 'prep', 'pro:obj', 'coord', 'n:prop', 'n:prop', 'coord', 'pro:obj']",CHI,SA
33906,1,14939070,19732,76.00156060699398,"['now', 'who', 'is', 'Nickie']","['adv', 'pro:int', 'cop', 'n:prop']",CLI,QN
33906,1,14939076,19732,76.00156060699398,"['my', 'big', 'brother']","['det:poss', 'adj', 'n']",CHI,SA
33906,1,14939081,19732,76.00156060699398,"['oh', 'you', 'have', 'two', 'big', 'brothers']","['co', 'pro:per', 'v', 'det:num', 'adj', 'n']",CLI,YQ
33906,1,14939090,19732,76.00156060699398,"['yeah', 'Nickie', 'and', 'Danny']","['co', 'n:prop', 'coord', 'n:prop']",CHI,AA
33906,1,14939095,19732,76.00156060699398,"['how', 'old', 'is', 'Nickie']","['pro:int', 'adj', 'aux', 'n:prop']",CLI,QN
33906,1,14939102,19732,76.00156060699398,"['him', 'twelve']","['pro:obj', 'det:num']",CHI,SA
33906,1,14939108,19732,76.00156060699398,"['oh', 'yeah']","['co', 'co']",CLI,AC
33906,1,14939116,19732,76.00156060699398,"['and', 'Kurta', 'eleven']","['coord', 'n:prop', 'det:num']",CHI,YY
33906,1,14939123,19732,76.00156060699398,"['do', 'they', 'let', 'you', 'play', 'with', 'them']","['mod', 'pro:sub', 'v', 'pro:per', 'v', 'prep', 'pro:obj']",CLI,RP
33906,1,14939130,19732,76.00156060699398,['sometime'],['adv'],CHI,YY
33906,1,14939139,19732,76.00156060699398,"['do', 'you', 'like', 'playing', 'with', 'them']","['mod', 'pro:per', 'v', 'part', 'prep', 'pro:obj']",CLI,YQ
33906,1,14939146,19732,76.00156060699398,['yeah'],['co'],CHI,AA
33906,1,14939154,19732,76.00156060699398,"['what', 'do', 'you', 'do', 'when', 'you', 'play']","['pro:int', 'mod', 'pro:per', 'v', 'conj', 'pro:per', 'v']",CLI,QN
33906,1,14939160,19732,76.00156060699398,"['um', 'we', 'play', 'car']","['', 'pro:sub', 'n', 'n']",CHI,SA
33906,1,14939168,19732,76.00156060699398,"['oh', 'yeah']","['co', 'co']",CLI,AC
33906,1,14939179,19732,76.00156060699398,"['we', 'play', 'upstairs', 'with', 'the', 'big', 'car']","['pro:sub', 'v', 'adv', 'prep', 'det:art', 'adj', 'n']",CHI,ST
33906,1,14939186,19732,76.00156060699398,"['you', 'play', 'upstairs']","['pro:per', 'v', 'adv']",CLI,AP
33906,1,14939196,19732,76.00156060699398,"['we', 'play', 'with', 'He_Man', 'with', 'the', 'guy']","['pro:sub', 'v', 'prep', 'n:prop', 'prep', 'det:art', 'n']",CHI,SI
33906,1,14939208,19732,76.00156060699398,['He_Man'],['n:prop'],CLI,DP
33906,1,14939218,19732,76.00156060699398,"['yeah', 'He_Man', 'with', 'guy']","['co', 'n:prop', 'prep', 'n']",CHI,YD
33906,1,14939225,19732,76.00156060699398,"['what', 'is', 'He_Man']","['pro:int', 'cop', 'n:prop']",CLI,QN
33906,1,14939234,19732,76.00156060699398,"['the', 'people', 'the', 'little']","['', '', 'det:art', 'adj']",CHI,SA
33906,1,14939245,19732,76.00156060699398,['um'],[''],CLI,AP
33906,1,14939251,19732,76.00156060699398,"['the', 'people', 'the', 'little', 'one']","['det:art', 'n', 'det:art', 'adj', 'pro:indef']",CHI,ST
33906,1,14939258,19732,76.00156060699398,"['oh', 'they', 'are', 'just', 'little']","['co', 'pro:sub', 'cop', 'adv', 'adj']",CLI,ST
33906,1,14939269,19732,76.00156060699398,"[""you're"", 'showing', 'me', 'how', 'small', 'they', 'are']","['pro:per', 'part', 'pro:obj', 'pro:int', 'adj', 'pro:sub', 'cop']",CLI,ST
33906,1,14939279,19732,76.00156060699398,"[""isn't"", 'He_Man', 'a', 'cartoon']","['cop', 'n:prop', 'det:art', 'n']",CLI,ST
33906,1,14939288,19732,76.00156060699398,"['yeah', 'cartoon']","['co', 'n']",CHI,AP
33906,1,14939298,19732,76.00156060699398,"['when', 'is', 'that', 'on']","['conj', 'cop', 'pro:dem', 'adv']",CLI,AP
33906,1,14939306,19732,76.00156060699398,"['four', ""o'clock""]","['det:num', 'n']",CHI,SI
33906,1,14939314,19732,76.00156060699398,"['oh', 'I', 'see']","['co', 'pro:sub', 'v']",CLI,MK
33906,1,14939323,19732,76.00156060699398,"['is', 'that', 'your', 'favorite', 'show']","['cop', 'comp', 'det:poss', 'adj', 'n']",CLI,YQ
33906,1,14939334,19732,76.00156060699398,"['yeah', 'best']","['co', 'adj']",CHI,AA
33906,1,14939343,19732,76.00156060699398,"['who', 'do', 'you', 'watch', 'tv', 'with']","['pro:int', 'mod', 'pro:per', 'n', 'n', 'prep']",CLI,QN
33906,1,14939351,19732,76.00156060699398,"['Danny', 'and', 'Nickie', 'and', 'Kurta']","['n:prop', 'coord', 'n:prop', 'coord', 'n:prop']",CHI,SA
33906,1,14939366,19732,76.00156060699398,"['who', 'is', 'Kurta']","['pro:int', 'cop', 'n:prop']",CLI,QN
33906,1,14939374,19732,76.00156060699398,"['my', 'big', 'sister']","['det:poss', 'adj', 'n']",CHI,SA
33906,1,14939384,19732,76.00156060699398,"['oh', 'I', ""didn't"", 'know', 'you', 'had', 'a', 'sister', 'too']","['co', 'pro:sub', 'mod', 'v', 'pro:per', 'v', 'det:art', 'n', 'post']",CLI,ST
33906,1,14939395,19732,76.00156060699398,"['how', 'old', 'is', 'she']","['pro:int', 'adj', 'aux', 'pro:sub']",CLI,QN
33906,1,14939407,19732,76.00156060699398,['Kurta'],['n:prop'],CHI,SA
33906,1,14939412,19732,76.00156060699398,"['Kurta', 'eleven']","['n:prop', 'det:num']",CHI,SA
33906,1,14939422,19732,76.00156060699398,"['does', 'she', 'play', 'with', 'you', 'too']","['mod', 'pro:sub', 'v', 'prep', 'pro:per', 'post']",CLI,AP
33906,1,14939431,19732,76.00156060699398,"['yeah', 'sometime']","['co', 'adv']",CHI,AP
33906,1,14939439,19732,76.00156060699398,"['do', 'you', 'have', 'any', 'little', 'brother', 'and', 'sisters']","['mod', 'pro:per', 'v', 'qn', 'adj', 'n', 'coord', 'n']",CLI,GR
33906,1,14939449,19732,76.00156060699398,['no'],['co'],CHI,RD
33906,1,14939455,19732,76.00156060699398,"['so', 'you', 'are', 'the', 'baby']","['co', 'pro:per', 'cop', 'det:art', 'n']",CLI,YQ
33906,1,14939465,19732,76.00156060699398,['yeah'],['co'],CHI,AA
33906,1,14939471,19732,76.00156060699398,"['are', 'you', 'spoiled']","['cop', 'pro:per', 'v']",CLI,YQ
33906,1,14939479,19732,76.00156060699398,"['yes', 'yeah']","['', 'co']",CHI,AA
33906,1,14939489,19732,76.00156060699398,"['do', 'you', 'know', 'what', 'spoiled', 'means']","['mod', 'pro:per', 'v', 'pro:int', 'v', 'v']",CLI,MK
33906,1,14939500,19732,76.00156060699398,['no'],['co'],CHI,RD
33906,1,14939509,19732,76.00156060699398,"['that', 'means', 'you', 'get', 'your', 'own', 'way', 'everytime', 'you', 'want', 'something']","['pro:rel', 'v', 'pro:per', 'v', 'det:poss', 'adj', 'n', 'adv:tem', 'pro:per', 'v', 'pro:indef']",CLI,YQ
33906,1,14939521,19732,76.00156060699398,"['no', 'no', 'way']","['', 'qn', 'n']",CHI,AN
33906,1,14939531,19732,76.00156060699398,"['what', 'kind', 'of', 'games', 'do', 'you', 'play']","['pro:int', 'n', 'prep', 'n', 'v', 'pro:per', 'v']",CLI,QN
33906,1,14939539,19732,76.00156060699398,"['um', 'dead', 'dog']","['', 'adj', 'n']",CHI,SA
33906,1,14939550,19732,76.00156060699398,"['dead', 'dog']","['adj', 'n']",CLI,AP
33906,1,14939557,19732,76.00156060699398,"['yeah', 'dead', 'dog']","['co', 'adj', 'n']",CHI,AP
33906,1,14939569,19732,76.00156060699398,"['what', 'is', 'dead', 'dog']","['pro:int', 'cop', 'adj', 'n']",CLI,AP
33906,1,14939582,19732,76.00156060699398,"['on', 'Atari']","['prep', 'n:prop']",CHI,YY
33906,1,14939591,19732,76.00156060699398,"['oh', 'Atari']","['co', 'n:prop']",CLI,RT
33906,1,14939600,19732,76.00156060699398,"['is', 'that', 'a', 'computer', 'game', 'on', 'tv']","['cop', 'comp', 'det:art', 'n', 'n', 'prep', 'n']",CLI,YA
33906,1,14939624,19732,76.00156060699398,"['yeah', 'Atari']","['co', 'n:prop']",CHI,AA
33906,1,14939637,19732,76.00156060699398,"['whose', 'is', 'that']","['pro:rel', 'cop', 'pro:dem']",CLI,QN
33906,1,14939645,19732,76.00156060699398,"['all', 'a', 'our']","['qn', 'det:art', 'det:poss']",CHI,SA
33906,1,14939657,19732,76.00156060699398,"['where', 'did', 'you', 'get', 'that']","['pro:int', 'mod', 'pro:per', 'v', 'pro:dem']",CLI,QN
33906,1,14939670,19732,76.00156060699398,"['my', 'dad', 'bought', 'it']","['det:poss', 'n', 'v', 'pro:per']",CHI,SA
33906,1,14939682,19732,76.00156060699398,"['well', 'that', 'was', 'pretty', 'nice']","['co', 'pro:dem', 'cop', 'adv', 'adj']",CLI,ST
33906,1,14939694,19732,76.00156060699398,"['what', 'kind', 'of', 'games', 'do', 'you', 'play', 'outside']","['pro:int', 'n', 'prep', 'n', 'v', 'pro:per', 'v', 'adv']",CLI,QN
33906,1,14939704,19732,76.00156060699398,"['I', ""don't"", 'know']","['pro:sub', 'mod', 'v']",CHI,SA
33906,1,14939715,19732,76.00156060699398,"['do', 'you', 'play', 'any', 'sports']","['mod', 'pro:per', 'v', 'qn', 'n']",CLI,YQ
33906,1,14939730,19732,76.00156060699398,"['yeah', 'we', 'play', 'USA']","['co', 'pro:sub', 'v', 'n:prop']",CHI,AA
33906,1,14939738,19732,76.00156060699398,['USA'],['n:prop'],CLI,DP
33906,1,14939748,19732,76.00156060699398,"['yeah', 'the', 'Olympics']","['co', 'det:art', 'n:prop']",CHI,YD
33906,1,14939760,19732,76.00156060699398,"['the', 'Olympics']","['det:art', 'n:prop']",CLI,CL
33906,1,14939775,19732,76.00156060699398,"['what', 'is', 'your', 'favorite', 'Olympic', 'sport']","['pro:int', 'cop', 'det:poss', 'n', 'n:prop', 'n']",CLI,QN
33906,1,14939785,19732,76.00156060699398,"['um', 'I', 'like', 'running']","['', 'pro:sub', 'v', 'part']",CHI,SA
33906,1,14939799,19732,76.00156060699398,"['are', 'you', 'a', 'good', 'runner']","['cop', 'pro:per', 'det:art', 'adj', 'n']",CLI,AP
33906,1,14939821,19732,76.00156060699398,"['tell', 'me', 'about', 'your', 'running']","['v', 'pro:obj', 'prep', 'det:poss', 'part']",CLI,RP
33906,1,14939834,19732,76.00156060699398,"['um', 'I', 'run', 'fast']","['', 'pro:sub', 'v', 'adv']",CHI,SI
33906,1,14939848,19732,76.00156060699398,['oh'],['co'],CLI,MK
33906,1,14939863,19732,76.00156060699398,"['I', 'can', 'beat', 'everybody']","['pro:sub', 'mod', 'n', 'pro:indef']",CHI,SA
33906,1,14939876,19732,76.00156060699398,"['can', 'you', 'beat', 'Nickie']","['mod', 'pro:per', 'n', 'n:prop']",CLI,AP
33906,1,14939890,19732,76.00156060699398,['no'],['co'],CHI,RD
33906,1,14939903,19732,76.00156060699398,"['but', 'he', 'is', 'bigger', 'than', 'you']","['conj', 'pro:sub', 'cop', 'adj', 'prep', 'pro:per']",CLI,ST
33906,1,14939927,19732,76.00156060699398,"['I', 'beat', 'Kurta']","['pro:sub', 'n', 'n:prop']",CHI,ST
33906,1,14939935,19732,76.00156060699398,"['you', 'can']","['pro:per', 'mod']",CLI,YQ
33906,1,14939946,19732,76.00156060699398,['yeah'],['co'],CHI,AA
33906,1,14939959,19732,76.00156060699398,"['great', 'I', 'bet', 'that', 'makes', 'you', 'feel', 'good']","['adj', 'pro:sub', 'v', 'pro:dem', 'v', 'pro:per', 'v', 'adj']",CLI,ST
33906,1,14939975,19732,76.00156060699398,"['does', 'she', 'get', 'mad', 'when', 'you', 'beat', 'her']","['mod', 'pro:sub', 'v', 'adj', 'conj', 'pro:per', 'n', 'pro:obj']",CLI,ST
33906,1,14939990,19732,76.00156060699398,['no'],['co'],CHI,RD
33906,1,14940001,19732,76.00156060699398,"[""that's"", 'good']","['pro:dem', 'adj']",CLI,AB
33906,1,14940012,19732,76.00156060699398,"['do', 'you', 'run', 'at', 'school']","['mod', 'pro:per', 'v', 'prep', 'n']",CLI,YQ
33906,1,14940028,19732,76.00156060699398,"['no', 'sometime']","['co', 'adv']",CHI,AN
33906,1,14940040,19732,76.00156060699398,"[""don't"", 'you', 'have', 'gym', 'class', 'at', 'school']","['mod', 'pro:per', 'v', 'n', 'n', 'prep', 'n']",CLI,ST
33906,1,14940055,19732,76.00156060699398,['yeah'],['co'],CHI,AA
33906,1,14940068,19732,76.00156060699398,"['what', ""don't"", 'you', 'like']","['pro:int', 'mod', 'pro:per', 'conj']",CLI,AC
33906,1,14940078,19732,76.00156060699398,"[""don't"", 'have', 'snack', 'a', 'we', 'have', 'gym']","['mod', 'v', 'n', 'det:art', 'pro:sub', 'v', 'n']",CHI,ST
33906,1,14940091,19732,76.00156060699398,"['you', ""don't"", 'like', 'gym']","['pro:per', 'mod', 'v', 'n']",CLI,ST
33906,1,14940101,19732,76.00156060699398,"['when', 'we', 'go', 'to', 'gym', 'we', ""don't"", 'have', 'something', 'to', 'eat', 'at', 'school']","['conj', 'pro:sub', 'v', 'prep', 'n', 'pro:sub', 'mod', 'v', 'pro:indef', 'inf', 'v', 'prep', 'n']",CHI,ST
33906,1,14940114,19732,76.00156060699398,"['oh', 'you', ""don't"", 'get', 'anything', 'to', 'eat']","['co', 'pro:per', 'mod', 'v', 'pro:indef', 'inf', 'v']",CLI,YQ
33906,1,14940127,19732,76.00156060699398,"['yeah', 'this', 'time', 'today', 'the', 'other', 'kids', 'went', 'to', 'the', 'gym', 'and', 'we', 'had', 'snack']","['co', 'det:dem', 'n', 'adv:tem', 'det:art', 'qn', 'n', 'v', 'prep', 'det:art', 'n', 'coord', 'pro:sub', 'v', 'n']",CHI,ST
33906,1,14940143,19732,76.00156060699398,['oh'],['co'],CLI,MK
33906,1,14940162,19732,76.00156060699398,"['yeah', 'orange', 'juice']","['co', 'n', 'n']",CHI,ST
33906,1,14940172,19732,76.00156060699398,"['so', 'you', 'had', 'a', 'snack', 'today', 'because', 'you', ""didn't"", 'have', 'gym']","['co', 'pro:per', 'v', 'det:art', 'n', 'adv:tem', 'conj', 'pro:per', 'mod', 'v', 'n']",CLI,ST
33906,1,14940190,19732,76.00156060699398,"['is', 'that', 'right']","['cop', 'comp', 'co']",CLI,AP
33906,1,14940202,19732,76.00156060699398,['yeah'],['co'],CHI,AP
33906,1,14940212,19732,76.00156060699398,"['how', 'many', 'days', 'a', 'week', 'do', 'you', 'have', 'gym']","['pro:int', 'qn', 'n', 'det:art', 'n', 'v', 'pro:per', 'v', 'n']",CLI,QN
33906,1,14940232,19732,76.00156060699398,"['one', 'one', 'day']","['det:num', 'qn', 'n']",CHI,SA
33906,1,14940244,19732,76.00156060699398,"['what', 'grade', 'are', 'you', 'in']","['pro:int', 'n', 'cop', 'pro:per', 'adv']",CLI,QN
33906,1,14940255,19732,76.00156060699398,"['um', 'second']","['', 'n']",CHI,SA
33906,1,14940268,19732,76.00156060699398,['pardon'],['n'],CLI,CT
33906,1,14940281,19732,76.00156060699398,"['no', 'I', 'just', 'kidding']","['co', 'pro:sub', 'adv', 'part']",CHI,DW
33906,1,14940295,19732,76.00156060699398,"['I', 'in', 'kindergarten']","['pro:sub', 'prep', 'n']",CHI,SA
33906,1,14940308,19732,76.00156060699398,['kindergarten'],['n'],CLI,CT
33906,1,14940323,19732,76.00156060699398,"['you', 'tried', 'to', 'fool', 'me']","['pro:per', 'v', 'inf', 'v', 'pro:obj']",CLI,ST
33906,1,14940339,19732,76.00156060699398,"['what', 'else', 'do', 'you', 'do', 'in', 'kindergarten', 'besides', 'have', 'gym']","['pro:int', 'post', 'v', 'pro:per', 'v', 'prep', 'n', 'adv', 'v', 'n']",CLI,QN
33906,1,14940351,19732,76.00156060699398,['play'],['n'],CHI,SA
33906,1,14940364,19732,76.00156060699398,"['just', 'play', 'all', 'day', 'long']","['adj', 'n', 'adv', 'n', 'post']",CLI,ST
33906,1,14940382,19732,76.00156060699398,"['and', 'we', 'work']","['coord', 'pro:sub', 'v']",CHI,ST
33906,1,14940395,19732,76.00156060699398,['work'],['n'],CLI,CT
33906,1,14940411,19732,76.00156060699398,"['yeah', 'get', 'homework']","['co', 'v', '']",CHI,AC
33906,1,14940426,19732,76.00156060699398,"['go', 'on', 'you', ""don't"", 'get', 'homework']","['v', 'prep', 'pro:per', 'mod', 'v', '']",CLI,YQ
33906,1,14940440,19732,76.00156060699398,['yeah'],['co'],CHI,AA
33906,1,14940450,19732,76.00156060699398,"['what', 'kind', 'of', 'homework', 'do', 'you', 'get']","['pro:int', 'n', 'prep', '', 'v', 'pro:per', 'v']",CLI,QN
33906,1,14940464,19732,76.00156060699398,"['I', ""don't"", 'know']","['pro:sub', 'mod', 'v']",CHI,SA
33906,1,14940480,19732,76.00156060699398,"['I', ""don't"", 'think', 'you', 'get', 'a_lot_of', 'homework']","['pro:sub', 'mod', 'v', 'pro:per', 'v', 'qn', '']",CLI,DW
33906,1,14940497,19732,76.00156060699398,"['do', 'you', 'get', 'as', 'much', 'as', 'Danny']","['mod', 'pro:per', 'v', 'adv', 'adv', 'prep', 'n:prop']",CLI,RP
33906,1,14940515,19732,76.00156060699398,"['no', 'one', 'page']","['co', 'det:num', 'n']",CHI,RD
33906,1,14940540,19732,76.00156060699398,"['are', 'you', 'learning', 'to', 'read', 'in', 'school']","['cop', 'pro:per', 'part', 'inf', 'v', 'prep', 'n']",CLI,YQ
33906,1,14940553,19732,76.00156060699398,['yeah'],['co'],CHI,AA
33906,1,14940564,19732,76.00156060699398,"['do', 'you', 'like', 'reading']","['mod', 'pro:per', 'v', 'part']",CLI,YQ
33906,1,14940579,19732,76.00156060699398,['yeah'],['co'],CHI,AA
33906,1,14940591,19732,76.00156060699398,"['what', 'is', 'your', 'very', 'favorite', 'thing', 'to', 'do', 'in', 'school']","['pro:int', 'cop', 'det:poss', 'adv', 'adj', 'n', 'inf', 'v', 'prep', 'n']",CLI,QN
33906,1,14940610,19732,76.00156060699398,"['I', 'work']","['pro:sub', 'v']",CHI,SA
33906,1,14940622,19732,76.00156060699398,"['good', 'for', 'you']","['adj', 'prep', 'pro:per']",CLI,AP
33906,1,14940635,19732,76.00156060699398,"['not', 'many', 'young', 'fellows', 'like', 'to', 'work']","['neg', 'qn', 'adj', 'n', 'co', 'prep', 'n']",CLI,ST
33906,1,14940650,19732,76.00156060699398,"['what', 'are', 'these']","['pro:int', 'cop', 'pro:dem']",CLI,QN
33906,1,14940663,19732,76.00156060699398,"['animal', 'and', 'people']","['n', 'coord', 'n']",CHI,SA
33906,1,14940680,19732,76.00156060699398,"['what', 'can', 'we', 'do', 'with', 'these', 'things']","['pro:int', 'mod', 'pro:sub', 'v', 'prep', 'det:dem', 'n']",CLI,QN
33906,1,14940691,19732,76.00156060699398,"['um', 'gate']","['', 'n']",CHI,SA
33906,1,14940706,19732,76.00156060699398,"['where', 'are', 'you', 'going', 'to', 'put', 'that']","['pro:int', 'aux', 'pro:per', 'part', 'inf', 'v', 'pro:dem']",CLI,QN
33906,1,14940720,19732,76.00156060699398,"['over', 'there']","['prep', 'n']",CHI,SA
33906,1,14940734,19732,76.00156060699398,"['little', 'pig']","['adj', 'n']",CHI,ST
33906,1,14940750,19732,76.00156060699398,"['what', 'are', 'you', 'doing']","['pro:int', 'aux', 'pro:per', 'part']",CLI,QN
33906,1,14940762,19732,76.00156060699398,"['pigs', 'in', 'the', 'gate']","['n', 'prep', 'det:art', 'n']",CHI,SA
33906,1,14940772,19732,76.00156060699398,"['have', 'you', 'ever', 'been', 'to', 'a', 'farm']","['aux', 'pro:per', 'adv', 'cop', 'prep', 'det:art', 'n']",CLI,YQ
33906,1,14940787,19732,76.00156060699398,['yeah'],['co'],CHI,AA
33906,1,14940797,19732,76.00156060699398,"['tell', 'me', 'about', 'it']","['v', 'pro:obj', 'prep', 'pro:per']",CLI,RP
33906,1,14940808,19732,76.00156060699398,"['I', 'saw', 'all', 'the', 'animals']","['pro:sub', 'v', 'qn', 'det:art', 'n']",CHI,ST
33906,1,14940817,19732,76.00156060699398,"['saw', 'the', 'rabbits']","['v', 'det:art', 'n']",CHI,YY
33906,1,14940827,19732,76.00156060699398,"['saw', 'this']","['v', 'pro:dem']",CHI,YY
33906,1,14940838,19732,76.00156060699398,"['I', ""can't"", 'see', 'what', ""you're"", 'doing']","['pro:sub', 'mod', 'v', 'pro:int', 'pro:per', 'part']",CLI,ST
33906,1,14940850,19732,76.00156060699398,"['trying', 'to', 'stand', 'him', 'up']","['part', 'inf', 'v', 'pro:obj', 'adv']",CHI,ST
33906,1,14940864,19732,76.00156060699398,"['what', 'other', 'animals', 'did', 'you', 'see']","['pro:int', 'qn', 'n', 'mod', 'pro:per', 'v']",CLI,ST
33906,1,14940876,19732,76.00156060699398,"['I', 'am', 'sorry', 'I', 'interrupted', 'you', ""didn't"", 'I']","['pro:sub', 'cop', 'adj', 'pro:sub', 'v', 'pro:per', 'mod', 'pro:sub']",CLI,ST
33906,1,14940889,19732,76.00156060699398,['no'],['co'],CHI,RD
33906,1,14940927,19732,76.00156060699398,"['it', 'not', 'stand', 'up']","['pro:per', 'neg', 'v', 'adv']",CHI,RP
33906,1,14940939,19732,76.00156060699398,"['what', 'is', 'that']","['pro:int', 'cop', 'pro:dem']",CLI,QN
33906,1,14940955,19732,76.00156060699398,"['a', 'bull']","['det:art', 'n']",CHI,SA
33906,1,14940970,19732,76.00156060699398,"['what', 'is', 'your', 'favorite', 'kind', 'of', 'animal']","['pro:int', 'cop', 'det:poss', 'n', 'n', 'prep', 'n']",CLI,QN
33906,1,14940983,19732,76.00156060699398,"['a', 'fish']","['det:art', 'n']",CHI,SA
33906,1,14940999,19732,76.00156060699398,"['a', 'fish']","['det:art', 'n']",CLI,CT
33906,1,14941012,19732,76.00156060699398,"['yep', 'I', 'got', 'one']","['co', 'pro:sub', 'v', 'pro:indef']",CHI,ST
33906,1,14941028,19732,76.00156060699398,"[""what's"", 'his', 'name']","['pro:int', 'det:poss', 'n']",CLI,QN
33906,1,14941037,19732,76.00156060699398,"['him', 'John']","['pro:obj', 'n:prop']",CHI,SA
33906,1,14941048,19732,76.00156060699398,"['is', 'that', 'his', 'real', 'name']","['cop', 'comp', 'det:poss', 'adj', 'n']",CLI,YQ
33906,1,14941063,19732,76.00156060699398,"['yep', 'John']","['co', 'n:prop']",CHI,AA
33906,1,14941074,19732,76.00156060699398,"['I', 'know', 'somebody', 'else', 'whose', 'name', 'is', 'John']","['pro:sub', 'v', 'pro:indef', 'post', 'pro:rel', 'n', 'cop', 'n:prop']",CLI,ST
33906,1,14941087,19732,76.00156060699398,['who'],['pro:rel'],CHI,QN
33906,1,14941099,19732,76.00156060699398,"['well', 'gee', 'I', ""don't"", 'know']","['co', 'co', 'pro:sub', 'mod', 'v']",CLI,MK
33906,1,14941108,19732,76.00156060699398,"['let', 'me', 'think', 'um', 'can', 'you', 'help', 'me']","['', '', '', '', 'mod', 'pro:per', 'v', 'pro:obj']",CLI,RP
33906,1,14941122,19732,76.00156060699398,"['who', 'else', 'has', 'the', 'name', 'John']","['pro:int', 'post', 'v', 'det:art', 'n', 'n:prop']",CLI,QN
33906,1,14941140,19732,76.00156060699398,"['um', 'John', 'Reese']","['', 'n:prop', 'n:prop']",CHI,SA
33906,1,14941154,19732,76.00156060699398,"['well', 'yeah', 'but', ""isn't"", 'there', 'a', 'John', 'Silveri']","['co', 'co', 'conj', 'cop', 'adv', 'det:art', 'n:prop', 'n:prop']",CLI,DW
33906,1,14941171,19732,76.00156060699398,"['yeah', 'me']","['co', 'pro:obj']",CHI,RT
33906,1,14941183,19732,76.00156060699398,"['what', 'color', 'is', 'your', 'fish']","['pro:int', 'n', 'cop', 'det:poss', 'n']",CLI,QN
33906,1,14941198,19732,76.00156060699398,"['him', 'gold']","['pro:obj', 'n']",CHI,SA
33906,1,14941209,19732,76.00156060699398,"[""he's"", 'a', 'goldfish']","['pro:sub', 'det:art', 'n']",CLI,ST
33906,1,14941222,19732,76.00156060699398,"['come', 'on', 'stand', 'up']","['v', 'adv', 'n', 'adv']",CHI,RP
33906,1,14941240,19732,76.00156060699398,"['I', ""don't"", 'know', 'if', ""he's"", 'going', 'to', 'stand', 'up', 'or', 'not']","['pro:sub', 'mod', 'v', 'comp', 'pro:sub', 'part', 'inf', 'v', 'adv', 'coord', 'neg']",CLI,TQ
33906,1,14941260,19732,76.00156060699398,"['he', 'stand', 'up']","['pro:sub', 'v', 'adv']",CHI,TA
33906,1,14941269,19732,76.00156060699398,"['where', 'are', 'you', 'putting', 'him']","['pro:int', 'aux', 'pro:per', 'part', 'pro:obj']",CLI,QN
33906,1,14941282,19732,76.00156060699398,"['come', 'on', 'stand', 'up', 'lay', 'down']","['v', 'adv', 'n', 'adv', 'adj', 'adv']",CHI,RP
33906,1,14941297,19732,76.00156060699398,"[""he'll"", 'go', 'to', 'sleep']","['pro:sub', 'v', 'prep', 'n']",CLI,ST
33906,1,14941307,19732,76.00156060699398,"['if', 'you', 'could', 'go', 'to', 'a', 'farm', 'for', 'a', 'day', 'what', 'would', 'you', 'like', 'to', 'do']","['conj', 'pro:per', 'mod', 'v', 'prep', 'det:art', 'n', 'prep', 'det:art', 'n', 'pro:int', 'mod', 'pro:per', 'v', 'inf', 'v']",CLI,RQ
33906,1,14941323,19732,76.00156060699398,"['see', 'all', 'the', 'animal']","['v', 'qn', 'det:art', 'n']",CHI,RP
33906,1,14941338,19732,76.00156060699398,"['what', 'else']","['pro:int', 'post']",CLI,QN
33906,1,14941351,19732,76.00156060699398,"['feed', 'them']","['v', 'pro:obj']",CHI,SA
33906,1,14941366,19732,76.00156060699398,"['God', 'go', 'to', 'sleep', 'at', 'night']","['n:prop', 'v', 'prep', 'n', 'prep', 'n']",CHI,RP
33906,1,14941380,19732,76.00156060699398,['what'],['pro:int'],CLI,QN
33906,1,14941394,19732,76.00156060699398,"['them', 'all', 'falling', 'down']","['pro:obj', 'post', 'part', 'adv']",CHI,SA
33906,1,14941409,19732,76.00156060699398,"['stand', 'up']","['v', 'adv']",CHI,RP
33906,1,14941422,19732,76.00156060699398,"['he', 'might', 'wanna', 'go', 'to', 'sleep', 'too']","['pro:sub', 'mod', 'v', 'v', 'prep', 'n', 'adv']",CLI,ST
33906,1,14941438,19732,76.00156060699398,"[""let's"", 'see', 'if', 'I', 'can', 'fix', 'it']","['v', 'v', 'conj', 'pro:sub', 'mod', 'v', 'pro:per']",CLI,SI
33906,1,14941455,19732,76.00156060699398,"['are', 'these', 'the', 'kind', 'of', 'animals', 'you', 'see', 'in', 'the', 'city']","['cop', 'det:dem', 'det:art', 'n', 'prep', 'n', 'pro:per', 'v', 'prep', 'det:art', 'n']",CLI,ST
33906,1,14941473,19732,76.00156060699398,"['I', 'know', 'why', 'it', ""can't"", 'stand', 'up', 'feet', 'broken']","['pro:sub', 'v', 'pro:int', 'pro:per', 'mod', 'v', 'adv', 'n', 'part']",CHI,ST
33906,1,14941490,19732,76.00156060699398,"['I', 'see']","['pro:sub', 'v']",CLI,AP
33906,1,14941504,19732,76.00156060699398,"['can', 'it', 'be', 'fixed']","['mod', 'pro:per', 'aux', 'part']",CLI,ST
33906,1,14941521,19732,76.00156060699398,"['no', 'no', 'find', 'the', 'pieces']","['co', 'co', 'v', 'det:art', 'n']",CHI,DW
33906,1,14941536,19732,76.00156060699398,"['so', 'what', 'do', 'you', 'think', 'we', 'should', 'do', 'with', 'all', 'these', 'animals']","['adv', 'pro:int', 'mod', 'pro:per', 'v', 'pro:sub', 'mod', 'v', 'prep', 'qn', 'det:dem', 'n']",CLI,QN
33906,1,14941560,19732,76.00156060699398,"['him', ""don't"", 'stand', 'up', 'and', 'him', 'the', 'same', 'thing', 'as', 'him']","['pro:obj', 'mod', 'v', 'adv', 'coord', 'pro:obj', 'det:art', 'adj', 'n', 'prep', 'pro:obj']",CHI,RP
33906,1,14941577,19732,76.00156060699398,"['one', 'will', 'stand', 'up', 'and', 'one', ""won't""]","['det:num', 'mod', 'v', 'adv', 'coord', 'pro:indef', 'mod']",CLI,AD
33906,1,14941593,19732,76.00156060699398,"['are', 'you', 'a', 'baseball', 'fan']","['cop', 'pro:per', 'det:art', 'n', 'n']",CLI,DP
33906,1,14941610,19732,76.00156060699398,['yeah'],['co'],CHI,YD
33906,1,14941624,19732,76.00156060699398,"['who', 'is', 'your', 'favorite', 'team']","['pro:int', 'cop', 'det:poss', 'adj', 'n']",CLI,QN
33906,1,14941639,19732,76.00156060699398,"['the', 'Tigers']","['det:art', 'n:prop']",CHI,SA
33906,1,14941655,19732,76.00156060699398,"['should', 'I', 'have', 'even', 'bothered', 'to', 'ask', 'of', 'course', 'the', 'Tigers', 'are', 'your', 'favorite']","['mod', 'pro:sub', 'v', 'adv', 'part', 'inf', 'v', 'prep', 'n', 'det:art', 'n:prop', 'cop', 'det:poss', 'n']",CLI,ST
33906,1,14941672,19732,76.00156060699398,"['what', 'did', 'the', 'Tigers', 'do', 'this', 'week']","['pro:int', 'mod', 'det:art', 'n:prop', 'v', 'det:dem', 'n']",CLI,QN
33906,1,14941698,19732,76.00156060699398,"['I', ""don't"", 'know']","['pro:sub', 'mod', 'v']",CHI,SA
33906,1,14941714,19732,76.00156060699398,['what'],['pro:int'],CHI,QN
33906,1,14941725,19732,76.00156060699398,"['they', 'won', 'all', 'their', 'games']","['pro:sub', 'v', 'adv', 'det:poss', 'n']",CLI,SA
33906,1,14941743,19732,76.00156060699398,"[""they're"", 'the', 'big', 'winners', 'in', 'their', 'division']","['pro:sub', 'det:art', 'adj', 'n', 'prep', 'det:poss', 'n']",CLI,ST
33906,1,14941756,19732,76.00156060699398,"['do', 'you', 'know', 'the', 'names', 'of', 'any', 'of', 'the', 'Tigers']","['mod', 'pro:per', 'v', 'det:art', 'n', 'prep', 'qn', 'prep', 'det:art', 'n:prop']",CLI,ST
33906,1,14941778,19732,76.00156060699398,"['Chet', 'Lemmon', 'Hurnden', 'Rupert', 'Jones']","['n:prop', 'n:prop', 'n:prop', 'n:prop', 'n:prop']",CHI,CL
33906,1,14941792,19732,76.00156060699398,"['oh', 'yeah']","['co', 'co']",CLI,AC
33906,1,14941804,19732,76.00156060699398,"['and', 'Jackson']","['coord', 'n:prop']",CHI,YY
33906,1,14941820,19732,76.00156060699398,"['you', 'know', 'all', 'of', 'them', ""don't"", 'you']","['pro:per', 'v', 'pro:indef', 'prep', 'pro:obj', 'mod', 'pro:per']",CLI,ST
33906,1,14941832,19732,76.00156060699398,"['no', 'not', 'all', 'them']","['co', 'neg', 'adv', 'pro:obj']",CHI,DW
33906,1,14941846,19732,76.00156060699398,"['who', 'is', 'Lance', 'Parish']","['pro:int', 'cop', 'n:prop', 'n:prop']",CLI,QN
33906,1,14941867,19732,76.00156060699398,"['him', 'the', 'catcher']","['pro:obj', 'det:art', 'n']",CHI,SA
33906,1,14941885,19732,76.00156060699398,"['do', 'you', 'play', 'baseball']","['v', 'pro:per', 'n', 'n']",CLI,YQ
33906,1,14941900,19732,76.00156060699398,['yeah'],['co'],CHI,AA
33906,1,14941912,19732,76.00156060699398,"['what', 'position', 'do', 'you', 'play']","['pro:int', 'n', 'v', 'pro:per', 'v']",CLI,QN
33906,1,14941925,19732,76.00156060699398,"['I', 'left', 'field']","['pro:sub', 'v', 'n']",CHI,SA
33906,1,14941942,19732,76.00156060699398,"['who', 'is', 'the', 'best', 'player', 'on', 'your', 'team']","['pro:int', 'cop', 'det:art', 'adj', 'n', 'prep', 'det:poss', 'n']",CLI,QN
33906,1,14941958,19732,76.00156060699398,"['I', 'am']","['pro:sub', 'cop']",CHI,SA
33906,1,14941967,19732,76.00156060699398,"['how', 'do', 'you', 'know', 'you', 'are', 'the', 'best']","['pro:int', 'mod', 'pro:per', 'v', 'pro:per', 'cop', 'det:art', 'adj']",CLI,QN
33906,1,14941980,19732,76.00156060699398,"['and', 'Richie', 'and', 'Ryan']","['coord', 'n:prop', 'coord', 'n:prop']",CHI,SA
33906,1,14941996,19732,76.00156060699398,"['Richie', 'and', 'Ryan']","['n:prop', 'coord', 'n:prop']",CLI,DS
33906,1,14942012,19732,76.00156060699398,"['all', 'of', 'them', 'all', 'on', 'our', 'team']","['', '', '', 'adv', 'prep', 'det:poss', 'n']",CHI,DC
33906,1,14942023,19732,76.00156060699398,"['who', 'are', 'Richie', 'and', 'Ryan']","['pro:int', 'cop', 'n:prop', 'coord', 'n:prop']",CLI,QN
33906,1,14942037,19732,76.00156060699398,"['them', 'my', 'friend']","['pro:obj', 'det:poss', 'n']",CHI,SA
33906,1,14942050,19732,76.00156060699398,"['what', 'is', 'the', 'name', 'of', 'your', 'team']","['pro:int', 'cop', 'det:art', 'n', 'prep', 'det:poss', 'n']",CLI,QN
33906,1,14942065,19732,76.00156060699398,['Tigers'],['n:prop'],CHI,SA
33906,1,14942079,19732,76.00156060699398,"['what', 'is', 'another', 'food', 'name']","['pro:int', 'cop', 'qn', 'n', 'n']",CLI,QN
33906,1,14942090,19732,76.00156060699398,"['the', 'Blue', 'Jays']","['det:art', 'n:prop', 'n:prop']",CHI,SA
33906,1,14942104,19732,76.00156060699398,"['where', 'are', 'they', 'from']","['pro:int', 'cop', 'pro:sub', 'prep']",CLI,QN
33906,1,14942117,19732,76.00156060699398,['Canada'],['n:prop'],CHI,SA
33906,1,14942131,19732,76.00156060699398,"['I', 'live', 'in', 'Canada']","['pro:sub', 'v', 'prep', 'n:prop']",CLI,DP
33906,1,14942149,19732,76.00156060699398,"['this', 'is', 'Canada']","['pro:dem', 'cop', 'n:prop']",CHI,YD
33906,1,14942165,19732,76.00156060699398,"['no', 'this', 'is', 'the', 'United', 'States', 'but', 'when', 'I', 'go', 'home', 'I', 'go', 'across', 'the', 'big', 'bridge', 'to', 'Canada']","['qn', 'pro:dem', 'cop', 'det:art', 'n:prop', 'n:prop', 'conj', 'conj', 'pro:sub', 'v', 'adv', 'pro:sub', 'v', 'prep', 'det:art', 'adj', 'n', 'prep', 'n:prop']",CLI,ST
33906,1,14942181,19732,76.00156060699398,"['oh', 'the', 'bridge', 'over', 'the', 'ocean']","['co', 'det:art', 'n', 'adv', 'det:art', 'n']",CHI,ST
33906,1,14942197,19732,76.00156060699398,"['no', 'this', 'bridge', 'goes', 'over', 'the', 'Detroit', 'river']","['co', 'det:dem', 'n', 'v', 'adv', 'det:art', 'n:prop', 'n']",CLI,DW
33906,1,14942212,19732,76.00156060699398,"['so', 'I', 'live', 'in', 'Canada']","['co', 'pro:sub', 'v', 'prep', 'n:prop']",CLI,DP
33906,1,14942233,19732,76.00156060699398,"['with', 'the', 'Blue', 'Jays']","['prep', 'det:art', 'n:prop', 'n:prop']",CHI,YD
33906,1,14942249,19732,76.00156060699398,"['well', 'I', ""don't"", 'live', 'with', 'the', 'Blue', 'Jays', 'but', 'I', 'live', 'close', 'to', 'the', 'city', 'the', 'Blue', 'Jays', 'are', 'from', 'Toronto', ""I'm"", 'still', 'a', 'Detroit', 'Tiger', 'fan']","['co', 'pro:sub', 'mod', 'v', 'prep', 'det:art', 'n:prop', 'n:prop', 'conj', 'pro:sub', 'v', 'adj', 'prep', 'det:art', 'n', 'det:art', 'n:prop', 'n:prop', 'cop', 'prep', 'n:prop', 'pro:sub', 'adv', 'det:art', 'n:prop', 'n:prop', 'n']",CLI,DP
33906,1,14942270,19732,76.00156060699398,"['where', 'do', 'you', 'live']","['pro:int', 'mod', 'pro:per', 'adj']",CLI,QN
33906,1,14942284,19732,76.00156060699398,"['not', 'in', 'Canada']","['neg', 'prep', 'n:prop']",CHI,SA
33906,1,14942297,19732,76.00156060699398,['no'],['co'],CLI,DW
33906,1,14942311,19732,76.00156060699398,"['the', 'USA']","['det:art', 'n:prop']",CHI,SA
33906,1,14942331,19732,76.00156060699398,"['do', 'you', 'know', 'what', 'USA', 'stands', 'for']","['mod', 'pro:per', 'v', 'pro:int', 'n:prop', 'v', 'prep']",CLI,AQ
33906,1,14942346,19732,76.00156060699398,"['yeah', 'the', 'Tigers']","['co', 'det:art', 'n:prop']",CHI,AA
33906,1,14942359,19732,76.00156060699398,"['well', 'how', 'about', 'the', 'United', 'States', 'of', 'America']","['co', 'pro:int', 'adv', 'det:art', 'n:prop', 'n:prop', 'prep', 'n:prop']",CLI,QN
33906,1,14942377,19732,76.00156060699398,"['I', 'know']","['pro:sub', 'v']",CHI,SA
33906,1,14942389,19732,76.00156060699398,"['do', 'you', 'know', 'what', 'city', 'you', 'live', 'in']","['mod', 'pro:per', 'v', 'pro:int', 'n', 'pro:per', 'adj', 'adv']",CLI,ST
33906,1,14942403,19732,76.00156060699398,['Canada'],['n:prop'],CHI,YY
33906,1,14942414,19732,76.00156060699398,"['no', 'silly', 'Detroit']","['qn', 'adj', 'n:prop']",CLI,YQ
33906,1,14942429,19732,76.00156060699398,"['yeah', 'Detroit']","['co', 'n:prop']",CHI,AA
33907,1,14939180,19738,140.00287480235733,"['can', 'you', 'open', 'this', 'for', 'me']","['mod', 'pro:per', 'v', 'pro:dem', 'prep', 'pro:obj']",CLI,RP
33907,1,14939189,19738,140.00287480235733,"['can', 'he', 'come', 'out']","['mod', 'pro:sub', 'v', 'adv']",CHI,RP
33907,1,14939198,19738,140.00287480235733,['uhhuh'],['co'],CLI,AC
33907,1,14939207,19738,140.00287480235733,"['you', 'can', 'take', 'him', 'out']","['pro:per', 'mod', 'v', 'pro:obj', 'adv']",CLI,RP
33907,1,14939216,19738,140.00287480235733,"['do', 'you', 'have', 'one', 'at', 'home']","['mod', 'pro:per', 'v', 'pro:indef', 'prep', 'n']",CLI,GR
33907,1,14939226,19738,140.00287480235733,['no'],['co'],CHI,RD
33907,1,14939233,19738,140.00287480235733,"['me', 'neither']","['pro:obj', 'adv']",CLI,RP
33907,1,14939244,19738,140.00287480235733,"['what', 'do', 'you', 'think', 'shall', 'we', 'think', 'of', 'a', 'name', 'for', 'him']","['', '', '', '', 'mod', 'pro:sub', 'v', 'prep', 'det:art', 'n', 'prep', 'pro:obj']",CLI,RQ
33907,1,14939254,19738,140.00287480235733,"['or', 'is', 'it', 'a', 'her']","['coord', 'cop', 'pro:per', 'det:art', 'meta']",CLI,TQ
33907,1,14939262,19738,140.00287480235733,['Strawberry_Shortcake'],['n:prop'],CHI,TA
33907,1,14939271,19738,140.00287480235733,['Strawberry_Shortcake'],['n:prop'],CLI,TX
33907,1,14939283,19738,140.00287480235733,"[""that's"", 'an', 'awfully', 'nice', 'name']","['pro:dem', 'det:art', 'adv', 'adj', 'n']",CLI,ST
33907,1,14939293,19738,140.00287480235733,"['hi', 'Strawberry_Shortcake']","['co', 'n:prop']",CLI,MK
33907,1,14939305,19738,140.00287480235733,"['how', 'are', 'you', 'today']","['pro:int', 'cop', 'pro:per', 'adv:tem']",CLI,MK
33907,1,14939318,19738,140.00287480235733,"['I', 'put', 'him', 'in', 'here']","['pro:sub', 'v', 'pro:obj', 'prep', 'n']",CHI,SI
33907,1,14939328,19738,140.00287480235733,['xxx'],[''],CHI,YY
33907,1,14939335,19738,140.00287480235733,"[""what's"", 'in', 'the', 'box']","['pro:int', 'prep', 'det:art', 'n']",CHI,QN
33907,1,14939344,19738,140.00287480235733,"['well', 'I', ""don't"", 'know', 'if', 'I', 'wanna', 'show', 'you', 'that', 'right', 'away']","['co', 'pro:sub', 'mod', 'v', 'comp', 'pro:sub', 'v', 'v', 'pro:per', 'adv', 'adv', 'adv']",CLI,SA
33907,1,14939352,19738,140.00287480235733,"['I', 'have', 'all', 'kinds', 'of', 'neat', 'things']","['pro:sub', 'v', 'qn', 'n', 'prep', 'adj', 'n']",CLI,ST
33907,1,14939365,19738,140.00287480235733,"['I', ""don't"", 'think', ""you've"", 'ever', 'seen', 'my', 'house', 'have', 'you']","['pro:sub', 'mod', 'v', 'pro:per', 'adv', 'part', 'det:poss', 'n', 'v', 'pro:per']",CLI,ST
33907,1,14939376,19738,140.00287480235733,['no'],['co'],CHI,RD
33907,1,14939394,19738,140.00287480235733,"['hm', ""where's"", 'the', 'people']","['co', 'pro:int', 'det:art', 'n']",CHI,QN
33907,1,14939403,19738,140.00287480235733,"['in', 'the', 'garage']","['prep', 'det:art', 'n']",CHI,SA
33907,1,14939414,19738,140.00287480235733,"['where', 'the', 'bus']","['pro:int', 'det:art', 'n']",CHI,QN
33907,1,14939423,19738,140.00287480235733,"['the', 'bus']","['det:art', 'n']",CLI,SA
33907,1,14939433,19738,140.00287480235733,"['what', 'do', 'you', 'need', 'a', 'bus', 'for']","['pro:int', 'mod', 'pro:per', 'v', 'det:art', 'n', 'prep']",CLI,QN
33907,1,14939443,19738,140.00287480235733,"['they', 'go', 'in', 'here']","['pro:sub', 'v', 'prep', 'n']",CHI,SA
33907,1,14939453,19738,140.00287480235733,"['oh', 'okay', 'I', 'think', 'I', 'have', 'a', 'bus']","['co', 'adj', 'pro:sub', 'v', 'pro:sub', 'v', 'det:art', 'n']",CLI,ST
33907,1,14939462,19738,140.00287480235733,['here'],['adv'],CLI,TO
33907,1,14939470,19738,140.00287480235733,"['it', ""can't"", 'fit']","['pro:per', 'mod', 'v']",CHI,AD
33907,1,14939478,19738,140.00287480235733,"['it', 'should', 'try', 'it', 'again']","['pro:per', 'mod', 'v', 'pro:per', 'adv']",CLI,RP
33907,1,14939486,19738,140.00287480235733,"[""what's"", 'the', 'problem']","['pro:int', 'det:art', 'n']",CLI,QN
33907,1,14939498,19738,140.00287480235733,"[""it's"", 'too', 'big']","['pro:per', 'adv', 'adj']",CHI,SA
33907,1,14939506,19738,140.00287480235733,"['maybe', 'I', 'can', 'find', 'another', 'one']","['adv', 'pro:sub', 'mod', 'v', 'qn', 'pro:indef']",CLI,RP
33907,1,14939516,19738,140.00287480235733,"['shall', 'I', 'try']","['mod', 'pro:sub', 'v']",CLI,RQ
33907,1,14939533,19738,140.00287480235733,"['it', ""doesn't"", 'come', 'out']","['pro:per', 'mod', 'v', 'adv']",CHI,RP
33907,1,14939540,19738,140.00287480235733,['hm'],['co'],CHI,YY
33907,1,14939551,19738,140.00287480235733,"['I', 'guess', ""it's"", 'not', 'sposta', 'come', 'out', 'there']","['pro:sub', 'v', 'pro:per', 'neg', 'part', 'v', 'prep', 'n']",CLI,ST
33907,1,14939565,19738,140.00287480235733,"['put', 'it', 'here']","['v', 'pro:per', 'adv']",CHI,RP
33907,1,14939570,19738,140.00287480235733,['oh'],['co'],CLI,MK
33907,1,14939577,19738,140.00287480235733,"['you', ""don't"", 'put', 'a', 'car', 'in', 'the', 'house', 'just', 'the', 'garage']","['pro:per', 'mod', 'v', 'det:art', 'n', 'prep', 'det:art', 'n', 'adv', 'det:art', 'n']",CLI,RP
33907,1,14939586,19738,140.00287480235733,"['do', 'you', 'need', 'anything', 'else']","['mod', 'pro:per', 'v', 'pro:indef', 'post']",CLI,QN
33907,1,14939594,19738,140.00287480235733,['people'],['n'],CHI,SA
33907,1,14939602,19738,140.00287480235733,"['we', 'need', 'some', 'people']","['pro:sub', 'v', 'qn', 'n']",CLI,CT
33907,1,14939612,19738,140.00287480235733,"['are', 'you', 'sure']","['cop', 'pro:per', 'adj']",CLI,AP
33907,1,14939629,19738,140.00287480235733,"['okay', ""let's"", 'see']","['co', 'v', 'v']",CLI,MK
33907,1,14939642,19738,140.00287480235733,"['I', 'suppose', 'I', 'may', 'be', 'able', 'to', 'find', 'some', 'people', 'around', 'here', 'somewhere']","['pro:sub', 'v', 'pro:sub', 'mod', 'cop', 'adj', 'inf', 'v', 'qn', 'n', 'prep', 'n', 'adv']",CLI,ST
33907,1,14939655,19738,140.00287480235733,"['what', 'kind', 'of', 'people']","['pro:int', 'n', 'prep', 'n']",CLI,QN
33907,1,14939675,19738,140.00287480235733,"['little', 'people']","['adj', 'n']",CHI,SA
33907,1,14939687,19738,140.00287480235733,"['tell', 'me', 'more']","['v', 'pro:obj', 'pro:indef']",CLI,RP
33907,1,14939701,19738,140.00287480235733,"['little', 'people']","['adj', 'n']",CHI,CL
33907,1,14939714,19738,140.00287480235733,"['what', 'kind', 'of', 'little', 'people']","['pro:int', 'n', 'prep', 'adj', 'n']",CLI,QN
33907,1,14939732,19738,140.00287480235733,"['I', 'mean', 'there', 'are', 'little', 'people', 'and', 'there', 'are', 'little', 'people']","['pro:sub', 'v', 'adv', 'cop', 'adj', 'n', 'coord', 'adv', 'cop', 'adj', 'n']",CLI,SA
33907,1,14939747,19738,140.00287480235733,"['little', 'men']","['adj', 'n']",CHI,RT
33907,1,14939762,19738,140.00287480235733,"['okay', 'let', 'me', 'see', 'what', 'I', 'can', 'find', 'how', 'about', 'this']","['co', 'v', 'pro:obj', 'v', 'pro:int', 'pro:sub', 'mod', 'v', 'pro:int', 'prep', 'pro:dem']",CLI,RP
33907,1,14939776,19738,140.00287480235733,['xxx'],[''],CHI,YY
33907,1,14939788,19738,140.00287480235733,"['Sarah', 'I', ""can't"", 'understand']","['n:prop', 'pro:sub', 'mod', 'v']",CLI,DP
33907,1,14939803,19738,140.00287480235733,"['I', 'think', ""you're"", 'going', 'to', 'hafta', 'talk', 'clearer', 'for', 'me']","['pro:sub', 'v', 'pro:per', 'part', 'inf', 'mod', 'v', 'adj', 'prep', 'pro:obj']",CLI,YD
33907,1,14939818,19738,140.00287480235733,"['I', 'need', 'that', 'car', 'to', 'put', 'this', 'man', 'in']","['pro:sub', 'v', 'det:dem', 'n', 'inf', 'v', 'det:dem', 'n', 'adv']",CHI,SI
33907,1,14939833,19738,140.00287480235733,"['well', 'I', ""don't"", 'know', 'if', 'I', 'have', 'one']","['co', 'pro:sub', 'mod', 'v', 'comp', 'pro:sub', 'v', 'pro:indef']",CLI,ST
33907,1,14939846,19738,140.00287480235733,"['let', 'me', 'look', 'in', 'here']","['v', 'pro:obj', 'v', 'prep', 'n']",CLI,RP
33907,1,14939861,19738,140.00287480235733,"['oh', ""here's"", 'one']","['co', 'pro:exist', 'pro:indef']",CLI,MK
33907,1,14939874,19738,140.00287480235733,"['what', 'are', 'going', 'to', 'do', 'Sarah']","['pro:int', 'aux', 'part', 'inf', 'v', 'n:prop']",CLI,QN
33907,1,14939884,19738,140.00287480235733,"['put', 'one', 'in', 'here']","['v', 'det:num', 'prep', 'n']",CHI,RP
33907,1,14939899,19738,140.00287480235733,"['I', 'need', 'two', 'cars']","['pro:sub', 'v', 'det:num', 'n']",CHI,RP
33907,1,14939913,19738,140.00287480235733,"['okay', 'hm', 'well', 'I', ""don't"", 'know']","['co', 'co', 'n', 'pro:sub', 'mod', 'v']",CLI,AD
33907,1,14939926,19738,140.00287480235733,"['the', 'garage', 'is', 'full', 'of', 'cars', ""that's"", 'a', 'good', 'start', 'for', 'the', 'house']","['det:art', 'n', 'cop', 'adj', 'prep', 'n', 'pro:rel', 'det:art', 'adj', 'v', 'prep', 'det:art', 'n']",CLI,ST
33907,1,14939938,19738,140.00287480235733,"['are', 'they', 'going', 'to', 'go', 'some', 'place']","['cop', 'pro:sub', 'part', 'inf', 'v', 'qn', 'n']",CLI,ST
33907,1,14939949,19738,140.00287480235733,"['or', 'is', 'he', 'going', 'to', 'go', 'some', 'place']","['coord', 'cop', 'pro:sub', 'part', 'inf', 'v', 'qn', 'n']",CLI,TQ
33907,1,14939964,19738,140.00287480235733,"['he', 'not', 'gonna', 'go', 'someplace']","['pro:sub', 'neg', 'part', 'v', 'adv']",CHI,TA
33907,1,14939979,19738,140.00287480235733,['oh'],['co'],CLI,AC
33907,1,14939991,19738,140.00287480235733,"['is', 'anyone', 'going', 'to', 'go', 'anywhere', 'today']","['aux', 'pro:indef', 'part', 'inf', 'v', 'adv', 'adv:tem']",CLI,YQ
33907,1,14940020,19738,140.00287480235733,['no'],['co'],CLI,AN
33907,1,14940034,19738,140.00287480235733,"['boy', 'our', 'house', 'is', 'awfully', 'bare']","['co', 'det:poss', 'n', 'cop', 'adv', 'adj']",CLI,ST
33907,1,14940049,19738,140.00287480235733,"['what', 'do', 'you', 'think', 'about', 'that']","['pro:int', 'mod', 'pro:per', 'v', 'prep', 'pro:dem']",CLI,QN
33907,1,14940064,19738,140.00287480235733,"['him', 'gonna', 'pick', 'up', 'the', 'truck', 'xxx']","['pro:obj', 'part', 'v', 'adv', 'det:art', 'n', '']",CHI,SI
33907,1,14940080,19738,140.00287480235733,"['I', ""don't"", 'understand', 'you', 'Sarah']","['pro:sub', 'mod', 'v', 'pro:per', 'n:prop']",CLI,ST
33907,1,14940094,19738,140.00287480235733,"['you', ""don't"", 'talk', 'loud', 'enough', 'for', 'me']","['pro:per', 'mod', 'v', 'adj', 'adv', 'prep', 'pro:obj']",CLI,ST
33907,1,14940107,19738,140.00287480235733,"['I', 'need', 'you', 'to', 'talk', 'louder', 'so', 'I', ""don't"", 'needta', 'keep', 'asking', 'you']","['pro:sub', 'v', 'pro:per', 'prep', 'n', 'adj', 'conj', 'pro:sub', 'mod', 'v', 'v', 'part', 'pro:per']",CLI,ST
33907,1,14940128,19738,140.00287480235733,"['what', 'did', 'you', 'say']","['pro:int', 'mod', 'pro:per', 'v']",CLI,EI
33907,1,14940146,19738,140.00287480235733,"['what', 'did', 'you', 'say']","['pro:int', 'mod', 'pro:per', 'v']",CLI,EI
33907,1,14940160,19738,140.00287480235733,"['they', 'gonna', 'go', 'on', 'the', 'bus', 'ride']","['pro:sub', 'part', 'v', 'prep', 'det:art', 'n', 'n']",CHI,SI
33907,1,14940175,19738,140.00287480235733,['oh'],['co'],CLI,MK
33907,1,14940186,19738,140.00287480235733,"['they', 'go', 'in', 'here']","['pro:sub', 'v', 'prep', 'n']",CHI,SA
33907,1,14940203,19738,140.00287480235733,"['no', 'they', ""don't"", 'go', 'in', 'there']","['co', 'pro:sub', 'mod', 'v', 'prep', 'n']",CLI,DW
33907,1,14940218,19738,140.00287480235733,"[""I'll"", 'tell', 'you', 'who', 'goes', 'in', 'there']","['pro:sub', 'v', 'pro:per', 'pro:int', 'v', 'prep', 'n']",CLI,SI
33907,1,14940233,19738,140.00287480235733,"['I', 'would', 'say', 'who', 'else', 'could', 'I', 'put', 'in', 'there']","['', '', '', 'pro:int', 'post', 'mod', 'pro:sub', 'v', 'prep', 'n']",CLI,SI
33907,1,14940247,19738,140.00287480235733,"['I', 'put', 'em', 'in']","['pro:sub', 'v', 'pro:obj', 'adv']",CHI,SI
33907,1,14940260,19738,140.00287480235733,"['what', 'else', 'could', 'we', 'use']","['pro:int', 'post', 'mod', 'pro:sub', 'v']",CLI,QN
33907,1,14940272,19738,140.00287480235733,"['this', 'is', 'your', 'house']","['pro:dem', 'cop', 'det:poss', 'n']",CLI,SA
33907,1,14940291,19738,140.00287480235733,"['more', 'people']","['qn', 'n']",CHI,ST
33907,1,14940309,19738,140.00287480235733,"['are', 'you', 'sure', ""that's"", 'all', 'you', 'want']","['cop', 'pro:per', 'adj', 'pro:dem', 'pro:indef', 'pro:per', 'v']",CLI,ST
33907,1,14940328,19738,140.00287480235733,"['this', 'could', 'be', 'a', 'very', 'boring', 'house']","['pro:dem', 'mod', 'cop', 'det:art', 'adv', 'part', 'n']",CLI,ST
33907,1,14940344,19738,140.00287480235733,"['okay', 'well', 'what', 'kind']","['co', 'co', 'pro:int', 'n']",CLI,MK
33907,1,14940363,19738,140.00287480235733,['girls'],['n'],CHI,YY
33907,1,14940378,19738,140.00287480235733,"[""here's"", 'one']","['pro:exist', 'pro:indef']",CLI,TO
33907,1,14940400,19738,140.00287480235733,"['I', 'need', 'another', 'car']","['pro:sub', 'v', 'qn', 'n']",CHI,SI
33907,1,14940415,19738,140.00287480235733,"['I', 'need', 'that', 'bus']","['pro:sub', 'v', 'det:dem', 'n']",CHI,DP
33907,1,14940432,19738,140.00287480235733,['okay'],['co'],CLI,YD
33907,1,14940446,19738,140.00287480235733,"['I', 'need', 'another', 'person', 'to', 'go', 'on', 'my', 'bus']","['pro:sub', 'v', 'qn', 'n', 'inf', 'v', 'prep', 'det:poss', 'n']",CHI,SI
33907,1,14940465,19738,140.00287480235733,"['oh', 'you', 'need', 'another', 'person', 'to', 'go', 'on', 'your', 'bus', 'how', 'many', 'can', 'we', 'get', 'in', 'there', 'do', 'you', 'think']","['co', 'pro:per', 'n', 'qn', 'n', 'inf', 'v', 'prep', 'det:poss', 'n', 'pro:rel', 'qn', 'mod', 'pro:sub', 'v', 'prep', 'n', 'mod', 'pro:per', 'v']",CLI,TQ
33907,1,14940487,19738,140.00287480235733,['two'],['det:num'],CHI,TA
33907,1,14940503,19738,140.00287480235733,['two'],['det:num'],CLI,AC
33907,1,14940519,19738,140.00287480235733,"['okay', 'well', ""let's"", 'see']","['co', 'co', 'v', 'v']",CLI,MK
33907,1,14940531,19738,140.00287480235733,"['use', 'that', 'one']","['v', 'det:dem', 'pro:indef']",CHI,RP
33907,1,14940545,19738,140.00287480235733,"['who', 'do', 'you', 'think', 'this', 'is']","['pro:int', 'mod', 'pro:per', 'v', 'det:dem', 'cop']",CLI,QN
33907,1,14940559,19738,140.00287480235733,"['look', 'at', 'it', 'before', 'you', 'take', 'it']","['v', 'prep', 'pro:per', 'adv', 'pro:per', 'v', 'pro:per']",CLI,RP
33907,1,14940569,19738,140.00287480235733,"['I', ""don't"", 'know']","['pro:sub', 'mod', 'v']",CHI,AD
33907,1,14940584,19738,140.00287480235733,"['does', 'she', 'look', 'young', 'or', 'does', 'she', 'look', 'old']","['mod', 'pro:sub', 'v', 'adj', 'coord', 'v', 'pro:sub', 'v', 'adj']",CLI,TQ
33907,1,14940601,19738,140.00287480235733,['old'],['adj'],CHI,TA
33907,1,14940617,19738,140.00287480235733,"['yes', 'she', 'does', 'look', 'old']","['co', 'pro:sub', 'mod', 'v', 'adj']",CLI,AP
33907,1,14940631,19738,140.00287480235733,"['that', 'looks', 'like', 'grandma', 'to', 'me']","['pro:rel', 'v', 'conj', 'n', 'prep', 'pro:obj']",CLI,ST
33907,1,14940647,19738,140.00287480235733,"[""you'd"", 'better', 'be', 'careful', 'with', 'grandma', 'in', 'that', 'bus']","['pro:per', 'adj', 'aux', 'co', 'prep', 'n', 'prep', 'det:dem', 'n']",CLI,ST
33907,1,14940659,19738,140.00287480235733,"['I', 'need', 'another', 'person']","['pro:sub', 'v', 'qn', 'n']",CHI,ST
33907,1,14940669,19738,140.00287480235733,"['another', 'little', 'person']","['qn', 'adj', 'n']",CHI,ST
33907,1,14940684,19738,140.00287480235733,"['how', 'many', 'more']","['pro:int', 'qn', 'pro:indef']",CLI,QN
33907,1,14940700,19738,140.00287480235733,"['two', 'more']","['det:num', 'adv']",CHI,
33907,1,14940715,19738,140.00287480235733,['okay'],['co'],CLI,AD
33907,1,14940726,19738,140.00287480235733,"['I', 'want', 'I', 'want', 'more']","['', '', 'pro:sub', 'v', 'adv']",CHI,ST
33907,1,14940742,19738,140.00287480235733,"['I', 'got', 'I', 'got', 'a', 'little', 'person', 'xxx']","['', '', 'pro:sub', 'v', 'det:art', 'adj', 'n', '']",CHI,ST
33907,1,14940761,19738,140.00287480235733,"['you', 'hafta', 'talk', 'louder', 'for', 'me']","['pro:per', 'mod', 'v', 'adj', 'prep', 'pro:obj']",CLI,ST
33907,1,14940776,19738,140.00287480235733,"['I', 'need', 'some', 'person']","['pro:sub', 'v', 'qn', 'n']",CHI,ST
33907,1,14940791,19738,140.00287480235733,"['she', 'fell', 'on', 'her', 'head']","['pro:sub', 'v', 'prep', 'det:poss', 'n']",CLI,ST
33907,1,14940804,19738,140.00287480235733,"['you', 'made', 'her', 'drop', 'on', 'her', 'head']","['pro:per', 'v', 'det:poss', 'n', 'prep', 'det:poss', 'n']",CLI,ST
33907,1,14940859,19738,140.00287480235733,"['I', 'think', 'we', 'needta', 'get', 'the', 'ambulance']","['pro:sub', 'v', 'pro:sub', 'v', 'v', 'det:art', 'n']",CLI,ST
33907,1,14940875,19738,140.00287480235733,"['what', 'are', 'you', 'going', 'to', 'do']","['pro:int', 'aux', 'pro:per', 'part', 'inf', 'v']",CLI,QN
33907,1,14940890,19738,140.00287480235733,"['she', 'fell', 'on', 'her', 'head']","['pro:sub', 'v', 'prep', 'det:poss', 'n']",CLI,ST
33907,1,14940920,19738,140.00287480235733,"['okay', 'if', ""you're"", 'not', 'going', 'to', 'use', 'it']","['adj', 'conj', 'pro:per', 'neg', 'part', 'inf', 'v', 'pro:per']",CLI,RQ
33907,1,14940935,19738,140.00287480235733,"['I', 'need', 'it']","['pro:sub', 'v', 'pro:per']",CHI,AD
33907,1,14940947,19738,140.00287480235733,"['I', 'need', 'it']","['pro:sub', 'v', 'pro:per']",CHI,ST
33907,1,14940956,19738,140.00287480235733,"['well', 'what', 'for']","['co', 'pro:int', 'prep']",CLI,AC
33907,1,14940971,19738,140.00287480235733,"[""I'm"", 'gonna', 'put', ""I'm"", 'gonna', 'put', 'it', 'I', 'I', 'need', 'another', 'person']","['', '', '', '', '', '', '', '', 'pro:sub', 'v', 'qn', 'n']",CHI,SI
33907,1,14940986,19738,140.00287480235733,"['to', 'put', 'in', 'here']","['inf', 'v', 'prep', 'n']",CHI,SI
33907,1,14941000,19738,140.00287480235733,"['no', 'no', 'no', 'you', 'mean', 'you', 'need', 'a', 'person', 'for', 'this', 'one']","['co', 'co', 'co', 'pro:per', 'v', 'pro:per', 'v', 'det:art', 'n', 'prep', 'det:dem', 'pro:indef']",CLI,PF
33907,1,14941013,19738,140.00287480235733,"['okay', ""let's"", 'see', 'if', 'we', 'can', 'find', 'somebody', 'to', 'drive', 'this', 'ambulance']","['co', 'v', 'v', 'conj', 'pro:sub', 'mod', 'v', 'pro:indef', 'inf', 'v', 'det:dem', 'n']",CLI,RP
33907,1,14941027,19738,140.00287480235733,"['I', 'need', 'that', 'ambulance']","['pro:sub', 'v', 'det:dem', 'n']",CHI,ST
33907,1,14941041,19738,140.00287480235733,"['pardon', 'me']","['v', 'pro:obj']",CLI,AP
33907,1,14941055,19738,140.00287480235733,"['I', 'need', 'it']","['pro:sub', 'v', 'pro:per']",CHI,ST
33907,1,14941071,19738,140.00287480235733,"['this', 'is', 'a', 'policeman', 'we', ""don't"", 'need', 'a', 'policeman']","['pro:dem', 'cop', 'det:art', '', 'pro:sub', 'mod', 'v', 'det:art', '']",CLI,ST
33907,1,14941083,19738,140.00287480235733,"['this', 'looks', 'like', ""it'll"", 'do']","['pro:dem', 'v', 'conj', 'pro:per', 'v']",CLI,ST
33907,1,14941096,19738,140.00287480235733,"['I', 'need', 'it']","['pro:sub', 'v', 'pro:per']",CHI,ST
33907,1,14941113,19738,140.00287480235733,"['okay', ""I'm"", 'taking', 'this', 'away']","['co', 'pro:sub', 'part', 'pro:dem', 'adv']",CLI,AP
33907,1,14941124,19738,140.00287480235733,['why'],['pro:rel'],CHI,QN
33907,1,14941135,19738,140.00287480235733,"['we', ""don't"", 'need', 'this']","['pro:sub', 'mod', 'v', 'pro:dem']",CLI,SA
33907,1,14941148,19738,140.00287480235733,"['besides', 'I', 'thought', 'you', 'were', 'going', 'to', 'take', 'our', 'people', 'for', 'a', 'ride']","['adv', 'pro:sub', 'v', 'pro:per', 'aux', 'part', 'inf', 'v', 'det:poss', 'n', 'prep', 'det:art', 'n']",CLI,ST
33907,1,14941169,19738,140.00287480235733,"['you', 'have', 'them', 'all', 'in', 'the', 'bus']","['pro:per', 'v', 'pro:obj', 'pro:indef', 'prep', 'det:art', 'n']",CLI,ST
33907,1,14941182,19738,140.00287480235733,"['they', 'gon', 'they', 'gonna', 'I', 'gonna', 'xxx']","['', '', '', '', 'pro:sub', 'part', '']",CHI,SI
33907,1,14941195,19738,140.00287480235733,"['the', 'bus', 'the', 'cars', 'are', 'gonna', 'go', 'in', 'here']","['', '', 'det:art', 'n', 'aux', 'part', 'v', 'prep', 'n']",CHI,SI
33907,1,14941210,19738,140.00287480235733,"['oh', 'well', 'I', 'think', ""I'm"", 'going', 'to', 'take', 'these', 'people', 'for', 'a', 'ride']","['co', 'n', 'pro:sub', 'v', 'pro:sub', 'part', 'inf', 'v', 'det:dem', 'n', 'prep', 'det:art', 'n']",CLI,ST
33907,1,14941224,19738,140.00287480235733,['no'],['co'],CHI,RD
33907,1,14941235,19738,140.00287480235733,['no'],['co'],CLI,RD
33907,1,14941245,19738,140.00287480235733,"['I', 'taking', 'em', 'for', 'a', 'ride']","['pro:sub', 'part', 'pro:obj', 'prep', 'det:art', 'n']",CHI,ST
33907,1,14941258,19738,140.00287480235733,"['where', 'are', 'you', 'going', 'to', 'go']","['pro:int', 'aux', 'pro:per', 'part', 'inf', 'v']",CLI,QN
33907,1,14941273,19738,140.00287480235733,"['where', 'are', 'you', 'going', 'to', 'take', 'them']","['pro:int', 'aux', 'pro:per', 'part', 'inf', 'v', 'pro:obj']",CLI,QN
33907,1,14941285,19738,140.00287480235733,"['in', 'the', 'house']","['prep', 'det:art', 'n']",CHI,SA
33907,1,14941306,19738,140.00287480235733,['no'],['co'],CLI,DW
33907,1,14941315,19738,140.00287480235733,"['buses', ""don't"", 'drive', 'in', 'the', 'house']","['n', 'mod', 'v', 'prep', 'det:art', 'n']",CLI,RP
33907,1,14941327,19738,140.00287480235733,"[""where're"", 'you', 'going', 'to', 'take', 'them']","['pro:int', 'pro:per', 'part', 'inf', 'v', 'pro:obj']",CLI,QN
33907,1,14941341,19738,140.00287480235733,"['they', 'gonna', 'stand', 'right', 'here', 'and', 'they', 'xxx']","['pro:sub', 'part', 'v', 'adv', 'adv', 'coord', 'pro:sub', '']",CHI,SA
33907,1,14941354,19738,140.00287480235733,"['where', 'do', 'buses', 'go']","['pro:rel', 'v', 'n', 'v']",CLI,QN
33907,1,14941364,19738,140.00287480235733,"['right', 'here']","['adv', 'adv']",CHI,SA
33907,1,14941378,19738,140.00287480235733,['no'],['co'],CLI,DW
33907,1,14941389,19738,140.00287480235733,"['where', 'do', 'they', 'travel']","['pro:int', 'mod', 'pro:sub', 'v']",CLI,QN
33907,1,14941400,19738,140.00287480235733,"['in', 'the', 'garage']","['prep', 'det:art', 'n']",CHI,SA
33907,1,14941411,19738,140.00287480235733,"['they', 'can', 'go', 'in', 'a', 'garage']","['pro:sub', 'mod', 'v', 'prep', 'det:art', 'n']",CLI,PD
33907,1,14941424,19738,140.00287480235733,"['they', 'can', 'go', 'in', 'the', 'house', 'in', 'the', 'night']","['pro:sub', 'mod', 'v', 'prep', 'det:art', 'n', 'prep', 'det:art', 'n']",CHI,CS
33907,1,14941436,19738,140.00287480235733,['who'],['pro:rel'],CLI,QN
33907,1,14941447,19738,140.00287480235733,"['the', 'bus']","['det:art', 'n']",CHI,SA
33907,1,14941460,19738,140.00287480235733,['no'],['co'],CLI,DW
33907,1,14941477,19738,140.00287480235733,"[""I'm"", 'taking', 'the', 'bus', 'back', ""you're"", 'being', 'silly']","['pro:sub', 'part', 'det:art', 'n', 'adv', 'pro:per', 'part', 'adj']",CLI,DS
33907,1,14941491,19738,140.00287480235733,"['we', ""don't"", 'put', 'buses', 'in', 'the', 'house']","['pro:sub', 'mod', 'v', 'n', 'prep', 'det:art', 'n']",CLI,RP
33907,1,14941507,19738,140.00287480235733,['xxx'],[''],CHI,YY
33907,1,14941524,19738,140.00287480235733,"['where', 'are', 'you', 'going', 'to', 'put', 'them']","['pro:int', 'aux', 'pro:per', 'part', 'inf', 'v', 'pro:obj']",CLI,QN
33907,1,14941544,19738,140.00287480235733,"['they', 'got', 'company']","['pro:sub', 'v', 'n']",CHI,SA
33907,1,14941557,19738,140.00287480235733,"[""they're"", 'having', 'company']","['pro:sub', 'part', 'n']",CLI,CT
33907,1,14941572,19738,140.00287480235733,"['where', 'are', 'you', 'going', 'to', 'put', 'all', 'your', 'company']","['pro:int', 'aux', 'pro:per', 'part', 'inf', 'v', 'qn', 'det:poss', 'n']",CLI,QN
33907,1,14941590,19738,140.00287480235733,"['in', 'the', 'garage']","['prep', 'det:art', 'n']",CHI,SA
33907,1,14941604,19738,140.00287480235733,"[""you're"", 'going', 'to', 'put', 'them', 'in', 'the', 'garage']","['pro:per', 'part', 'inf', 'v', 'pro:obj', 'prep', 'det:art', 'n']",CLI,AP
33907,1,14941622,19738,140.00287480235733,"['are', 'they', 'going', 'to', 'sleep', 'in', 'there', 'too']","['cop', 'pro:sub', 'part', 'prep', 'n', 'prep', 'n', 'adv']",CLI,ST
33907,1,14941641,19738,140.00287480235733,"['no', ""they're"", 'not', 'going', 'to', 'sleep', 'in', 'the', 'garage']","['co', 'pro:sub', 'neg', 'part', 'prep', 'n', 'prep', 'det:art', 'n']",CLI,PF
33907,1,14941660,19738,140.00287480235733,"[""don't"", 'you', 'think', 'we', 'should', 'put', 'them', 'in', 'here']","['mod', 'pro:per', 'v', 'pro:sub', 'mod', 'v', 'pro:obj', 'prep', 'n']",CLI,RP
33907,1,14941681,19738,140.00287480235733,"['this', 'one', 'gonna', 'go', 'on', 'the', 'couch', 'and', 'go', 'to', 'sleep', 'and', 'this', 'one', 'gonna', 'go', 'on', 'the', 'floor']","['pro:dem', 'pro:indef', 'part', 'v', 'prep', 'det:art', 'n', 'coord', 'v', 'prep', 'n', 'coord', 'det:dem', 'pro:indef', 'part', 'v', 'prep', 'det:art', 'n']",CHI,RP
33907,1,14941707,19738,140.00287480235733,"['well', 'what', 'do', 'you', 'think', 'do', 'you', 'think', 'we', 'need', 'this']","['', '', '', '', '', 'mod', 'pro:per', 'v', 'pro:sub', 'v', 'pro:dem']",CLI,YQ
33907,1,14941728,19738,140.00287480235733,['yeah'],['co'],CHI,AA
33907,1,14941747,19738,140.00287480235733,"['well', 'should', 'we', 'put', 'it', 'in', 'the', 'garage']","['co', 'mod', 'pro:sub', 'v', 'pro:per', 'prep', 'det:art', 'n']",CLI,RQ
33907,1,14941764,19738,140.00287480235733,"['no', 'in', 'the', 'house']","['co', 'prep', 'det:art', 'n']",CHI,RD
33907,1,14941776,19738,140.00287480235733,"['shall', 'I', 'put', 'it', 'in', 'the', 'kitchen']","['mod', 'pro:sub', 'v', 'pro:per', 'prep', 'det:art', 'n']",CLI,RQ
33907,1,14941791,19738,140.00287480235733,"['no', 'in', 'the', 'kitchen', 'in', 'the', 'garage', 'in', 'the', 'in', 'the', 'in', 'the', 'bed']","['co', '', '', '', '', '', '', '', '', '', '', 'prep', 'det:art', 'n']",CHI,QN
33907,1,14941809,19738,140.00287480235733,"['in', 'the', 'bed']","['prep', 'det:art', 'n']",CLI,YA
33907,1,14941824,19738,140.00287480235733,['yeah'],['co'],CHI,AA
33907,1,14941838,19738,140.00287480235733,"['this', 'is', 'the', 'bed']","['pro:dem', 'cop', 'det:art', 'n']",CLI,ST
33907,1,14941854,19738,140.00287480235733,"['where', 'are', 'you', 'going', 'to', 'put', 'the', 'bed']","['pro:int', 'aux', 'pro:per', 'part', 'inf', 'v', 'det:art', 'n']",CLI,QN
33907,1,14941865,19738,140.00287480235733,"['right', 'here', 'in', 'there']","['adv', 'adv', 'prep', 'n']",CHI,SA
33907,1,14941879,19738,140.00287480235733,"['no', 'you', ""don't"", 'put', 'it', 'in', 'the', 'front', 'door']","['co', 'pro:per', 'mod', 'v', 'pro:per', 'prep', 'det:art', 'n', 'n']",CLI,PF
33907,1,14941891,19738,140.00287480235733,"['you', 'put', 'it', 'in', 'the', 'bed+room', ""don't"", 'you']","['pro:per', 'v', 'pro:per', 'prep', 'det:art', '', 'mod', 'pro:per']",CLI,RP
33907,1,14941903,19738,140.00287480235733,['xxx'],[''],CHI,YY
33907,1,14941918,19738,140.00287480235733,"['do', 'you', 'think', 'those', 'people', 'are', 'going', 'to', 'be', 'able', 'to', 'fit', 'in', 'that', 'bed']","['mod', 'pro:per', 'v', 'det:dem', 'n', 'aux', 'part', 'inf', 'cop', 'adj', 'inf', 'v', 'adv', 'det:dem', 'n']",CLI,YQ
33907,1,14941939,19738,140.00287480235733,"['need', 'another', 'bed']","['v', 'qn', 'n']",CHI,AA
33907,1,14941953,19738,140.00287480235733,"['what', 'did', 'you', 'say']","['pro:int', 'mod', 'pro:per', 'v']",CLI,QN
33907,1,14941968,19738,140.00287480235733,"['need', 'another', 'bed']","['v', 'qn', 'n']",CHI,SA
33907,1,14941981,19738,140.00287480235733,"['okay', 'well', 'I', ""don't"", 'know', 'how', 'many', 'more', 'beds', 'I', 'have', 'let', 'me', 'see']","['co', 'n', 'pro:sub', 'mod', 'v', 'pro:int', 'qn', 'qn', 'n', 'pro:sub', 'v', 'v', 'pro:obj', 'v']",CLI,ST
33907,1,14942003,19738,140.00287480235733,['oh'],['co'],CLI,MK
33907,1,14942016,19738,140.00287480235733,"['look', 'at', 'this', 'one']","['v', 'prep', 'det:dem', 'pro:indef']",CLI,RP
33907,1,14942033,19738,140.00287480235733,['okay'],['co'],CHI,AD
33907,1,14942046,19738,140.00287480235733,"[""what's"", 'so', 'different', 'about', 'this', 'one']","['pro:int', 'adv', 'adj', 'prep', 'det:dem', 'pro:indef']",CLI,QN
33907,1,14942060,19738,140.00287480235733,"[""it's"", 'a', 'sofa', 'bed']","['pro:per', 'det:art', 'n', 'n']",CHI,SA
33907,1,14942070,19738,140.00287480235733,"['you', 'two', 'can', 'sleep', 'in', 'it']","['pro:per', 'det:num', 'mod', 'v', 'prep', 'pro:per']",CHI,ST
33907,1,14942087,19738,140.00287480235733,"['maybe', 'we', 'can', 'fit', 'three', 'do', 'you', 'think', 'so']","['adv', 'pro:sub', 'mod', 'v', 'det:num', 'v', 'pro:per', 'v', 'co']",CLI,AP
33907,1,14942103,19738,140.00287480235733,['no'],['co'],CHI,RD
33907,1,14942119,19738,140.00287480235733,['no'],['co'],CLI,RD
33907,1,14942132,19738,140.00287480235733,['xxx'],[''],CHI,YY
33907,1,14942144,19738,140.00287480235733,"['I', 'think', 'we', 'have', 'a', 'problem', 'here']","['pro:sub', 'v', 'pro:sub', 'v', 'det:art', 'n', 'adv']",CLI,ST
33907,1,14942160,19738,140.00287480235733,"['you', 'are', 'all', 'under', 'arrest', 'come', 'out', 'with', 'your', 'hands', 'up']","['pro:per', 'cop', 'adv', 'adv', 'n', 'v', 'adv', 'prep', 'det:poss', 'n', 'adv']",CLI,RP
33907,1,14942186,19738,140.00287480235733,"['they', 'are', 'not']","['pro:sub', 'cop', 'neg']",CHI,ST
33907,1,14942201,19738,140.00287480235733,"['I', 'said', 'you', 'are']","['pro:sub', 'v', 'pro:per', 'cop']",CLI,AP
33907,1,14942219,19738,140.00287480235733,"['I', 'will', 'give', 'you', 'two', 'seconds', 'to', 'come', 'out_of', 'the', 'house']","['pro:sub', 'mod', 'v', 'pro:per', 'det:num', 'n', 'inf', 'v', 'prep', 'det:art', 'n']",CLI,PD
33907,1,14942235,19738,140.00287480235733,"['if', 'you', ""don't"", 'I', 'will', 'come', 'in', 'and', 'get', 'you']","['conj', 'pro:per', 'mod', 'pro:sub', 'mod', 'v', 'adv', 'coord', 'v', 'pro:per']",CLI,PD
33907,1,14942250,19738,140.00287480235733,['one'],['det:num'],CLI,RP
33907,1,14942274,19738,140.00287480235733,"['good', 'thing', 'you', 'people', 'came', 'out_of', 'the', 'house']","['adj', 'n', 'pro:per', 'n', 'v', 'prep', 'det:art', 'n']",CLI,ST
33907,1,14942291,19738,140.00287480235733,['why'],['pro:rel'],CHI,QN
33907,1,14942298,19738,140.00287480235733,"['because', ""you're"", 'disturbing', 'the', 'neighbors']","['conj', 'pro:per', 'part', 'det:art', 'n']",CLI,SA
33907,1,14942314,19738,140.00287480235733,"['what', 'do', 'you', 'think', 'about', 'that']","['pro:int', 'mod', 'pro:per', 'v', 'prep', 'pro:dem']",CLI,QN
33907,1,14942330,19738,140.00287480235733,"[""I'm"", 'taking', 'you_all', 'down', 'to', 'the', 'police', 'headquarters']","['pro:sub', 'part', 'pro:per', 'adv', 'prep', 'det:art', 'n', 'v']",CLI,SA
33907,1,14942360,19738,140.00287480235733,"['what', 'are', 'you', 'doing']","['pro:int', 'aux', 'pro:per', 'part']",CLI,QN
33907,1,14942374,19738,140.00287480235733,"[""I'm"", 'taking', 'the', 'ambulance', 'out_of', 'here', 'and', 'the', 'ambulance', 'is', 'gonna', 'to', 'come', 'into', 'the', 'house']","['pro:sub', 'part', 'det:art', 'n', 'prep', 'n', 'coord', 'det:art', 'n', 'aux', 'part', 'inf', 'v', 'prep', 'det:art', 'n']",CHI,SA
33907,1,14942392,19738,140.00287480235733,"['you', ""can't"", 'put', 'the', 'police', 'car', 'in', 'with', 'the', 'ambulance']","['pro:per', 'mod', 'v', 'det:art', 'n', 'n', 'adv', 'prep', 'det:art', 'n']",CLI,TX
33907,1,14942410,19738,140.00287480235733,"['first', 'of', 'all', 'it', ""won't"", 'fit', 'and', 'second', 'you', ""can't"", 'kidnap', 'my', 'policeman']","['adv', 'prep', 'pro:indef', 'pro:per', 'mod', 'n', 'coord', 'adj', 'pro:per', 'mod', 'v', 'det:poss', '']",CLI,TX
33907,1,14942428,19738,140.00287480235733,"['okay', 'I', 'think', 'I', 'need', 'another', 'policeman', 'then']","['adj', 'pro:sub', 'v', 'pro:sub', 'v', 'qn', '', 'adv:tem']",CLI,PR
33907,1,14942442,19738,140.00287480235733,"[""I'm"", 'going', 'to', 'get', 'you_all']","['pro:sub', 'part', 'inf', 'v', 'pro:per']",CLI,PR
33907,1,14942459,19738,140.00287480235733,['no'],['co'],CHI,RD
33907,1,14942472,19738,140.00287480235733,"['what', 'do', 'you', 'mean', 'no']","['pro:int', 'mod', 'pro:per', 'v', 'co']",CLI,RD
33907,1,14942488,19738,140.00287480235733,"['give', 'me', 'those', 'back', 'bring', 'those', 'here']","['v', 'pro:obj', 'pro:dem', 'v', 'v', 'det:dem', 'adv']",CLI,RP
33907,1,14942503,19738,140.00287480235733,"['we', ""can't"", 'play', 'if', 'you', ""don't"", 'bring', 'them', 'back']","['pro:sub', 'mod', 'v', 'conj', 'pro:per', 'mod', 'v', 'pro:obj', 'adv']",CLI,RP
33907,1,14942517,19738,140.00287480235733,['xxx'],[''],CHI,YY
33907,1,14942530,19738,140.00287480235733,"['I', 'want', 'the', 'policeman']","['pro:sub', 'v', 'det:art', '']",CLI,RQ
33907,1,14942549,19738,140.00287480235733,"['give', 'it', 'to', 'me']","['v', 'pro:per', 'prep', 'pro:obj']",CLI,RP
33907,1,14942561,19738,140.00287480235733,"['okay', ""let's"", 'round', 'them', 'all', 'up']","['co', 'v', 'v', 'pro:obj', 'post', 'adv']",CLI,RP
33907,1,14942572,19738,140.00287480235733,"['everybody', 'in', 'the', 'bus']","['pro:indef', 'prep', 'det:art', 'n']",CLI,RP
33907,1,14942585,19738,140.00287480235733,['why'],['pro:rel'],CHI,QN
33907,1,14942600,19738,140.00287480235733,"['because', ""I'm"", 'taking', 'you_all', 'down', 'to', 'the', 'police', 'station']","['conj', 'pro:sub', 'part', 'pro:per', 'adv', 'prep', 'det:art', 'n', 'n']",CLI,SA
33907,1,14942612,19738,140.00287480235733,"[""you're"", 'all', 'being', 'arrested', 'because', ""you're"", 'all', 'too', 'silly']","['pro:per', 'adv', 'part', 'part', 'conj', 'pro:per', 'adv', 'adv', 'adj']",CLI,DS
33907,1,14942627,19738,140.00287480235733,"['I', 'do', 'it']","['pro:sub', 'v', 'pro:per']",CHI,ST
33907,1,14942634,19738,140.00287480235733,"[""I'm"", 'do', 'it']","['pro:sub', 'v', 'pro:per']",CHI,ST
33907,1,14942648,19738,140.00287480235733,"['okay', 'follow', 'me']","['co', 'v', 'pro:obj']",CLI,AP
33907,1,14942670,19738,140.00287480235733,"['what', 'did', 'you', 'do']","['pro:int', 'mod', 'pro:per', 'v']",CLI,QN
33907,1,14942684,19738,140.00287480235733,"[""I'm"", 'taking', 'them', 'out_of', 'the', 'van', 'and', 'I', 'am', 'go', 'to', 'the', 'police']","['pro:sub', 'part', 'pro:obj', 'prep', 'det:art', 'n', 'coord', 'pro:sub', 'cop', 'v', 'prep', 'det:art', 'n']",CHI,SA
33907,1,14942703,19738,140.00287480235733,"['where', 'are', 'they', 'going', 'to', 'go']","['pro:int', 'cop', 'pro:sub', 'part', 'inf', 'v']",CLI,AP
33907,1,14942713,19738,140.00287480235733,"['I', ""didn't"", 'understand', 'you', 'please', 'slow', 'down']","['pro:sub', 'mod', 'v', 'pro:per', 'co', 'adv', 'adv']",CLI,ST
33907,1,14942727,19738,140.00287480235733,"['she', 'gonna', 'go', 'to', 'the', 'policemen', 'station']","['pro:sub', 'part', 'v', 'prep', 'det:art', '', 'v']",CHI,SI
33907,1,14942740,19738,140.00287480235733,"['okay', ""we're"", 'going', 'to', 'take', 'them', 'to', 'court']","['co', 'pro:sub', 'part', 'inf', 'v', 'pro:obj', 'prep', 'n']",CLI,SI
33907,1,14942757,19738,140.00287480235733,"['line', 'them', 'up']","['v', 'pro:obj', 'adv']",CLI,SI
33907,1,14942768,19738,140.00287480235733,"['this', 'one', 'gonna', 'go', 'in', 'bed', 'and', 'go', 'to', 'sleep']","['pro:dem', 'pro:indef', 'part', 'v', 'prep', 'n', 'coord', 'v', 'prep', 'n']",CHI,SI
33907,1,14942781,19738,140.00287480235733,"['how', 'did', 'you', 'get', 'from', 'the', 'police', 'station', 'back', 'to', 'the', 'house']","['pro:int', 'mod', 'pro:per', 'v', 'prep', 'det:art', 'n', 'n', 'adv', 'prep', 'det:art', 'n']",CLI,QN
33907,1,14942792,19738,140.00287480235733,['xxx'],[''],CHI,YY
33907,1,14942802,19738,140.00287480235733,"['Sarah', 'I', ""didn't"", 'understand', 'a', 'word', 'you', 'said']","['n:prop', 'pro:sub', 'mod', 'v', 'det:art', 'n', 'pro:per', 'v']",CLI,ST
33907,1,14942813,19738,140.00287480235733,"['you', 'talked', 'too', 'fast']","['pro:per', 'v', 'adv', 'n']",CLI,ST
33907,1,14942824,19738,140.00287480235733,"['they', 'gonna', 'go', 'to', 'the', 'policemen', 'station']","['pro:sub', 'part', 'v', 'prep', 'det:art', '', 'v']",CHI,SI
33907,1,14942833,19738,140.00287480235733,['xxx'],[''],CHI,YY
33907,1,14942841,19738,140.00287480235733,"['well', 'I', 'think', 'if', ""we're"", 'going', 'to', 'eat', 'dinner', 'I', 'think', ""we're"", 'going', 'to', 'need', 'this']","['co', 'pro:sub', 'v', 'comp', 'pro:sub', 'part', 'inf', 'v', 'n', 'pro:sub', 'v', 'pro:sub', 'part', 'inf', 'v', 'pro:dem']",CLI,SI
33907,1,14942852,19738,140.00287480235733,"[""we're"", 'gonna', 'need', 'it']","['pro:sub', 'part', 'v', 'pro:per']",CHI,SI
33907,1,14942861,19738,140.00287480235733,"['we', ""didn't"", 'eat', 'dinner']","['pro:sub', 'mod', 'v', 'n']",CHI,SI
33907,1,14942870,19738,140.00287480235733,"['are', 'you', 'going', 'to', 'put', 'it', 'in', 'the', 'bed+room']","['cop', 'pro:per', 'part', 'inf', 'v', 'pro:per', 'prep', 'det:art', '']",CLI,SI
33907,1,14942881,19738,140.00287480235733,"['I', 'need', 'a', 'chair']","['pro:sub', 'v', 'det:art', 'n']",CHI,SI
33907,1,14942888,19738,140.00287480235733,"['what', 'color', 'do', 'you', 'want']","['pro:int', 'n', 'v', 'pro:per', 'v']",CLI,QN
33907,1,14942895,19738,140.00287480235733,['orange'],['adj'],CHI,SA
33907,1,14942903,19738,140.00287480235733,"[""don't"", 'grab']","['mod', 'v']",CLI,AP
33907,1,14942920,19738,140.00287480235733,"['we', 'need', 'food', 'on', 'it']","['pro:sub', 'v', 'n', 'prep', 'pro:per']",CHI,ST
33907,1,14942931,19738,140.00287480235733,"['I', ""don't"", 'know', 'if', 'we', 'have', 'any', 'food']","['pro:sub', 'mod', 'v', 'comp', 'pro:sub', 'v', 'qn', 'n']",CLI,ST
33907,1,14942941,19738,140.00287480235733,"['we', 'may', 'hafta', 'make', 'believe']","['pro:sub', 'mod', 'mod', 'v', 'v']",CLI,RP
33907,1,14942952,19738,140.00287480235733,"['we', 'need', 'chairs', 'more', 'chairs']","['pro:sub', 'v', 'n', 'qn', 'n']",CHI,ST
33907,1,14942960,19738,140.00287480235733,"['you', 'need', 'chairs']","['pro:per', 'v', 'n']",CLI,AP
33907,1,14942969,19738,140.00287480235733,['chairs'],['n'],CHI,AP
33907,1,14942974,19738,140.00287480235733,"['okay', ""here's"", 'one']","['co', 'pro:exist', 'pro:indef']",CLI,AP
33907,1,14942984,19738,140.00287480235733,"['and', 'another', 'one']","['coord', 'qn', 'pro:indef']",CHI,YQ
33907,1,14942993,19738,140.00287480235733,['okay'],['co'],CLI,AD
33907,1,14942999,19738,140.00287480235733,"['I', 'need', 'another', 'chair']","['pro:sub', 'v', 'qn', 'n']",CHI,ST
33907,1,14943007,19738,140.00287480235733,"['are', 'they', 'going', 'to', 'have', 'breakfast', 'or', 'dinner']","['cop', 'pro:sub', 'part', 'inf', 'v', 'n', 'coord', 'n']",CLI,TQ
33907,1,14943019,19738,140.00287480235733,['breakfast'],['n'],CHI,TA
33907,1,14943029,19738,140.00287480235733,"['are', 'they', 'going', 'to', 'have', 'spaghetti', 'then']","['cop', 'pro:sub', 'part', 'inf', 'v', 'n', 'adv:tem']",CLI,SA
33907,1,14943048,19738,140.00287480235733,['yuck'],['co'],CLI,ED
33907,1,14943061,19738,140.00287480235733,"['spaghetti', 'for', 'breakfast']","['n', 'prep', 'n']",CLI,ST
33907,1,14943070,19738,140.00287480235733,"['I', 'need', 'another', 'chair']","['pro:sub', 'v', 'qn', 'n']",CHI,ST
33907,1,14943081,19738,140.00287480235733,"['what', 'for']","['pro:int', 'prep']",CLI,QN
33907,1,14943088,19738,140.00287480235733,"[""it's"", 'for', 'the', 'policeman', 'and', 'to', 'and', 'to', 'and', 'to']","['pro:per', 'prep', 'det:art', '', 'coord', 'prep', 'coord', 'prep', 'coord', 'prep']",CHI,SA
33907,1,14943100,19738,140.00287480235733,"['and', 'for', 'what']","['coord', 'prep', 'pro:int']",CLI,RR
33907,1,14943112,19738,140.00287480235733,"['you', 'said', 'the', 'policeman']","['pro:per', 'v', 'det:art', '']",CLI,SA
33907,1,14943123,19738,140.00287480235733,"['not', 'to', 'the', 'policeman', 'xxx']","['neg', 'prep', 'det:art', '', '']",CHI,DW
33907,1,14943132,19738,140.00287480235733,"['this', ""isn't"", 'a', 'man']","['pro:dem', 'cop', 'det:art', 'n']",CLI,CT
33907,1,14943142,19738,140.00287480235733,"['who', 'is', 'it']","['pro:int', 'cop', 'pro:per']",CLI,QN
33907,1,14943152,19738,140.00287480235733,"['a', 'boy']","['det:art', 'n']",CHI,SA
33907,1,14943163,19738,140.00287480235733,"[""it's"", 'a', 'little', 'baby']","['pro:per', 'det:art', 'adj', 'n']",CLI,SA
33907,1,14943174,19738,140.00287480235733,"['little', 'baby']","['adj', 'n']",CHI,RT
33907,1,14943185,19738,140.00287480235733,"['there', 'you', 'go']","['adv', 'pro:per', 'v']",CLI,MK
33907,1,14943201,19738,140.00287480235733,"['the', 'baby', 'needs', 'high', 'chair']","['det:art', 'n', 'v', 'adj', 'n']",CHI,ST
33907,1,14943217,19738,140.00287480235733,"['I', ""don't"", 'know', 'if', 'I', 'have', 'a', 'high', 'chair', 'in', 'here']","['pro:sub', 'mod', 'v', 'comp', 'pro:sub', 'v', 'det:art', 'adj', 'n', 'prep', 'n']",CLI,ST
33907,1,14943236,19738,140.00287480235733,"['no', 'I', ""don't"", 'have', 'a', 'high', 'chair']","['co', 'pro:sub', 'mod', 'v', 'det:art', 'adj', 'n']",CLI,ST
33907,1,14943249,19738,140.00287480235733,"['I', 'think', ""we're"", 'just', 'going', 'to', 'hafta', 'have', 'the', 'baby', 'sit', 'hm', 'what', 'can', 'we', 'do']","['pro:sub', 'v', 'pro:sub', 'adv', 'part', 'inf', 'mod', 'v', 'det:art', 'n', 'v', 'co', 'pro:int', 'mod', 'pro:sub', 'v']",CLI,QN
33907,1,14943267,19738,140.00287480235733,"['get', 'get', 'another', 'chair']","['v', 'v', 'qn', 'n']",CHI,RP
33907,1,14943278,19738,140.00287480235733,"['well', 'if', 'I', ""don't"", 'have', 'a', 'chair', 'what', 'are', 'we', 'going', 'to', 'do']","['n', 'conj', 'pro:sub', 'mod', 'v', 'det:art', 'n', 'pro:int', 'cop', 'pro:sub', 'part', 'inf', 'v']",CLI,ST
33907,1,14943291,19738,140.00287480235733,"['as', 'a', 'matter', 'of', 'fact', 'I', ""don't"", 'have', 'a', 'chair']","['prep', 'det:art', 'n', 'prep', 'n', 'pro:sub', 'mod', 'v', 'det:art', 'n']",CLI,ST
33907,1,14943309,19738,140.00287480235733,"['yes', 'you', 'do']","['co', 'pro:per', 'v']",CHI,DW
33907,1,14943328,19738,140.00287480235733,"['no', 'I', ""don't"", ""that's"", 'a', 'table']","['co', 'pro:sub', 'mod', 'pro:dem', 'det:art', 'n']",CLI,DW
33907,1,14943339,19738,140.00287480235733,['xxx'],[''],CHI,YY
33907,1,14943350,19738,140.00287480235733,"['what', 'can', 'we', 'do', 'up', 'here']","['pro:int', 'mod', 'pro:sub', 'v', 'prep', 'n']",CLI,QN
33907,1,14943364,19738,140.00287480235733,"['her', 'can', 'sit', 'on', 'the', 'table']","['det:poss', 'mod', 'v', 'prep', 'det:art', 'n']",CHI,SA
33907,1,14943375,19738,140.00287480235733,"['on', 'the', 'table']","['prep', 'det:art', 'n']",CLI,AP
33907,1,14943386,19738,140.00287480235733,"['do', 'we', 'have', 'anymore', 'room']","['mod', 'pro:sub', 'v', 'adv', 'n']",CLI,ST
33907,1,14943398,19738,140.00287480235733,"['they', 'hafta', 'wait', 'awhile', 'because', 'they', ""can't"", 'eat', 'right', 'now']","['pro:sub', 'mod', 'v', 'adv', 'conj', 'pro:sub', 'mod', 'v', 'adv', 'adv']",CHI,ST
33907,1,14943404,19738,140.00287480235733,"['they', ""can't"", 'xxx']","['pro:sub', 'mod', '']",CHI,ST
33907,1,14943418,19738,140.00287480235733,"['I', ""don't"", 'understand', 'what', ""you're"", 'saying', 'you', 'hafta', 'talk', 'louder']","['pro:sub', 'mod', 'v', 'pro:int', 'pro:per', 'part', 'pro:per', 'mod', 'v', 'adj']",CLI,ST
33907,1,14943429,19738,140.00287480235733,"['Dad', ""can't"", 'eat', 'right', 'now', 'because', 'there', 'not', 'enough', 'food']","['n:prop', 'mod', 'v', 'adv', 'adv', 'conj', 'adv', 'neg', 'adj', 'n']",CHI,SA
33907,1,14943442,19738,140.00287480235733,"['well', 'I', 'think', 'its', 'about', 'time', 'to', 'close', 'up', 'our', 'shop', 'Sarah']","['co', 'pro:sub', 'v', 'det:poss', 'prep', 'n', 'inf', 'v', 'adv', 'det:poss', 'n', 'n:prop']",CLI,DW
33907,1,14943457,19738,140.00287480235733,"['because', 'they', 'are', 'done', 'eating']","['conj', 'pro:sub', 'aux', 'part', 'part']",CHI,SA
33907,1,14943468,19738,140.00287480235733,"[""they're"", 'done', 'eating']","['pro:sub', 'part', 'part']",CLI,AP
33907,1,14943477,19738,140.00287480235733,"['what', 'are', 'they', 'going', 'to', 'do', 'now']","['pro:int', 'cop', 'pro:sub', 'part', 'inf', 'v', 'adv']",CLI,QN
33907,1,14943484,19738,140.00287480235733,"[""they're"", 'gonna', 'go', 'on', 'the', 'bus', 'and', 'go', 'back', 'to', 'they', 'house']","['pro:sub', 'part', 'v', 'prep', 'det:art', 'n', 'coord', 'v', 'adv', 'prep', 'pro:sub', 'v']",CHI,SI
33907,1,14943498,19738,140.00287480235733,"['okay', 'then', 'we', 'can', 'close', 'up', 'the', 'house']","['co', 'adv:tem', 'pro:sub', 'mod', 'v', 'prep', 'det:art', 'n']",CLI,AC
33908,1,14939038,19734,67.00137579827101,"[""I'll"", 'show', 'you', 'what', 'we', 'have']","['pro:sub', 'v', 'pro:per', 'pro:int', 'pro:sub', 'v']",CLI,SI
33908,1,14939046,19734,67.00137579827101,"['I', 'know', 'what', 'we', 'already', 'have']","['pro:sub', 'v', 'pro:int', 'pro:sub', 'adv', 'v']",CHI,AC
33908,1,14939054,19734,67.00137579827101,"['we', 'have', 'that']","['pro:sub', 'v', 'pro:dem']",CHI,YY
33908,1,14939060,19734,67.00137579827101,"['what', 'is', 'that']","['pro:int', 'cop', 'pro:dem']",CLI,QN
33908,1,14939067,19734,67.00137579827101,"['I', ""don't know""]","['pro:sub', 'mod v']",CHI,SA
33908,1,14939073,19734,67.00137579827101,"[""let's"", 'look', 'at', 'it']","['v', 'v', 'prep', 'pro:per']",CLI,RP
33908,1,14939079,19734,67.00137579827101,"['what', 'kind', 'do', 'you', 'want']","['pro:int', 'n', 'v', 'pro:per', 'v']",CLI,QN
33908,1,14939086,19734,67.00137579827101,"['what', 'ya', 'want']","['pro:int', 'pro:per', 'v']",CHI,RT
33908,1,14939093,19734,67.00137579827101,"['what', 'flavor', 'do', 'you', 'want']","['pro:int', 'n', 'v', 'pro:per', 'v']",CLI,QN
33908,1,14939100,19734,67.00137579827101,"['I', 'have', 'lemon', 'or', 'vanilla']","['pro:sub', 'v', 'n', 'coord', 'n']",CLI,TQ
33908,1,14939109,19734,67.00137579827101,"['I', 'have', 'this']","['pro:sub', 'v', 'pro:dem']",CHI,TA
33908,1,14939115,19734,67.00137579827101,"['you', 'might', 'like', 'this', 'one', 'here']","['pro:per', 'mod', 'v', 'pro:dem', 'pro:indef', 'adv']",CLI,ST
33908,1,14939126,19734,67.00137579827101,"[""pudding's"", 'in', 'here']","['n', 'prep', 'n']",CHI,RT
33908,1,14939133,19734,67.00137579827101,['yep'],['co'],CLI,AP
33908,1,14939140,19734,67.00137579827101,"[""what'll"", 'we', 'use', 'these', 'spoons', 'for']","['pro:int', 'pro:sub', 'v', 'det:dem', 'n', 'prep']",CLI,QN
33908,1,14939148,19734,67.00137579827101,['eat'],['v'],CHI,SA
33908,1,14939156,19734,67.00137579827101,"['what', 'else', 'do', 'you', 'use', 'them', 'for']","['pro:int', 'post', 'v', 'pro:per', 'v', 'pro:obj', 'prep']",CLI,QN
33908,1,14939165,19734,67.00137579827101,"['I', ""don't"", 'know']","['pro:sub', 'mod', 'v']",CHI,SA
33908,1,14939183,19734,67.00137579827101,"['oh', 'yeah']","['co', 'co']",CHI,AC
33908,1,14939193,19734,67.00137579827101,"['what', 'is', 'that', 'that', 'I', 'just', 'did']","['pro:int', 'cop', 'comp', 'pro:rel', 'pro:sub', 'adv', 'v']",CLI,QN
33908,1,14939203,19734,67.00137579827101,['stir'],['v'],CHI,YY
33908,1,14939214,19734,67.00137579827101,"['you', 'do', 'use', 'spoons', 'to', 'stir']","['pro:per', 'v', 'n', 'n', 'inf', 'v']",CLI,RP
33908,1,14939224,19734,67.00137579827101,['okay'],['co'],CLI,MK
33908,1,14939235,19734,67.00137579827101,"['now', 'how', 'will', 'we', 'do', 'this', 'job']","['adv', 'pro:int', 'mod', 'pro:sub', 'v', 'det:dem', 'n']",CLI,QN
33908,1,14939246,19734,67.00137579827101,"['you', 'open', 'it', 'and', 'stir']","['pro:per', 'v', 'pro:per', 'coord', 'v']",CHI,RP
33908,1,14939257,19734,67.00137579827101,['okay'],['co'],CLI,AD
33908,1,14939265,19734,67.00137579827101,"['you', 'opened', 'up', 'the', 'box', 'now', 'what']","['pro:per', 'v', 'prep', 'det:art', 'n', 'adv', 'pro:int']",CLI,QN
33908,1,14939275,19734,67.00137579827101,['that'],['comp'],CHI,SA
33908,1,14939284,19734,67.00137579827101,"['what', 'is', 'that']","['pro:int', 'cop', 'pro:dem']",CLI,QN
33908,1,14939296,19734,67.00137579827101,['pudding'],['n'],CHI,SA
33908,1,14939307,19734,67.00137579827101,"['well', ""what's"", 'it', 'in']","['co', 'pro:int', 'pro:per', 'adv']",CLI,QN
33908,1,14939315,19734,67.00137579827101,"['a', 'bag']","['det:art', 'n']",CHI,SA
33908,1,14939324,19734,67.00137579827101,"['I', ""don't"", 'know', 'open', 'it']","['pro:sub', 'mod', 'v', 'v', 'pro:per']",CHI,SA
33908,1,14939332,19734,67.00137579827101,"['you', ""don't"", 'know', 'how', 'to', 'open', 'it']","['pro:per', 'mod', 'v', 'pro:int', 'inf', 'v', 'pro:per']",CLI,YQ
33908,1,14939338,19734,67.00137579827101,"['you', 'do', 'it']","['pro:per', 'v', 'pro:per']",CHI,AA
33908,1,14939348,19734,67.00137579827101,"['what', 'are', 'you', 'doing']","['pro:int', 'aux', 'pro:per', 'part']",CLI,QN
33908,1,14939356,19734,67.00137579827101,"['making', 'it']","['part', 'pro:per']",CHI,SA
33908,1,14939363,19734,67.00137579827101,"['now', 'we', 'hafta', 'make', 'some', 'powdered', 'milk']","['adv', 'pro:sub', 'mod', 'v', 'pro:indef', 'v', 'n']",CLI,RP
33908,1,14939372,19734,67.00137579827101,"['okay', ""let's"", 'make', 'some', 'milk']","['co', 'v', 'v', 'qn', 'n']",CHI,AD
33908,1,14939381,19734,67.00137579827101,"['you', 'tell', 'me', 'what', ""we'll"", 'hafta', 'do']","['pro:per', 'v', 'pro:obj', 'pro:int', 'pro:sub', 'mod', 'v']",CLI,RP
33908,1,14939388,19734,67.00137579827101,['xxx'],[''],CHI,YY
33908,1,14939396,19734,67.00137579827101,['what'],['pro:int'],CLI,QN
33908,1,14939404,19734,67.00137579827101,"['what', 'are', 'you', 'having', 'problems', 'with', 'there']","['pro:int', 'aux', 'pro:per', 'part', 'n', 'prep', 'n']",CLI,QN
33908,1,14939415,19734,67.00137579827101,"['I', ""don't know""]","['pro:sub', 'mod v']",CHI,SA
33908,1,14939424,19734,67.00137579827101,"[""what's"", 'that', 'thing', 'called']","['pro:int', 'pro:dem', 'n', 'v']",CLI,QN
33908,1,14939432,19734,67.00137579827101,['rubberband'],[''],CHI,SA
33908,1,14939440,19734,67.00137579827101,"[""it's"", 'called', 'a', 'rubberband']","['pro:per', 'part', 'det:art', '']",CLI,SA
33908,1,14939448,19734,67.00137579827101,"['now', 'what', 'should', 'I', 'do']","['adv', 'pro:int', 'mod', 'pro:sub', 'v']",CLI,QN
33908,1,14939458,19734,67.00137579827101,"['put', 'in', 'there']","['v', 'prep', 'n']",CHI,SA
33908,1,14939467,19734,67.00137579827101,"['then', 'what']","['adv:tem', 'pro:int']",CLI,AC
33908,1,14939474,19734,67.00137579827101,"['well', ""let's"", 'pour', 'it', 'in', 'neatly', 'so', 'we', ""don't"", 'make', 'a', 'mess']","['co', 'v', 'v', 'pro:per', 'prep', 'adv', 'conj', 'pro:sub', 'mod', 'v', 'det:art', 'n']",CLI,GR
33908,1,14939487,19734,67.00137579827101,"['oh', 'I', 'made', 'a', 'mess']","['co', 'pro:sub', 'v', 'det:art', 'n']",CLI,ST
33908,1,14939496,19734,67.00137579827101,"['you', 'did', 'it']","['pro:per', 'v', 'pro:per']",CHI,ST
33908,1,14939507,19734,67.00137579827101,"['well', 'what', 'should', 'I', 'do', 'about', 'the', 'mess']","['co', 'pro:int', 'mod', 'pro:sub', 'v', 'prep', 'det:art', 'n']",CLI,QN
33908,1,14939520,19734,67.00137579827101,"['I', ""don't"", 'know']","['pro:sub', 'mod', 'v']",CHI,SA
33908,1,14939532,19734,67.00137579827101,"['well', 'what', 'would', 'you', 'do', 'if', 'you', 'made', 'the', 'mess']","['co', 'pro:int', 'mod', 'pro:per', 'v', 'conj', 'pro:per', 'v', 'det:art', 'n']",CLI,QN
33908,1,14939543,19734,67.00137579827101,"['I', ""didn't"", 'make', 'no', 'mess', 'wipe', 'it', 'up']","['pro:sub', 'mod', 'v', 'qn', 'n', 'n', 'pro:per', 'adv']",CHI,SA
33908,1,14939555,19734,67.00137579827101,"['wipe', 'it', 'up']","['v', 'pro:per', 'adv']",CLI,AP
33908,1,14939562,19734,67.00137579827101,"['what', 'should', 'I', 'use']","['pro:int', 'mod', 'pro:sub', 'v']",CLI,QN
33908,1,14939572,19734,67.00137579827101,"['I', ""don't"", 'know']","['pro:sub', 'mod', 'v']",CHI,SA
33908,1,14939581,19734,67.00137579827101,"['what', 'could', 'we', 'use', ""that's"", 'in', 'this', 'room']","['pro:int', 'mod', 'pro:sub', 'n', 'pro:rel', 'prep', 'det:dem', 'n']",CLI,QN
33908,1,14939592,19734,67.00137579827101,"['I', ""don't"", 'know']","['pro:sub', 'mod', 'v']",CHI,SA
33908,1,14939603,19734,67.00137579827101,"['how', 'about', 'that']","['pro:int', 'adv', 'pro:dem']",CHI,CS
33908,1,14939613,19734,67.00137579827101,"['no', 'I', ""don't"", 'think', 'so', ""we'll"", 'clean', 'it', 'up', 'later', 'then']","['co', 'pro:sub', 'mod', 'v', 'conj', 'pro:sub', 'v', 'pro:per', 'adv', 'adv', 'adv:tem']",CLI,PD
33908,1,14939628,19734,67.00137579827101,"['what', 'are', 'you', 'doing', 'there', 'now']","['pro:int', 'aux', 'pro:per', 'part', 'adv', 'adv']",CLI,QN
33908,1,14939641,19734,67.00137579827101,"['stirring', ""it's"", 'milk', 'now']","['part', 'pro:per', 'n', 'adv']",CHI,SA
33908,1,14939651,19734,67.00137579827101,"[""it's"", 'almost', 'milk']","['pro:per', 'adv', 'n']",CLI,AP
33908,1,14939667,19734,67.00137579827101,"['see', 'any', 'lumps', 'or', 'anything', 'in', 'there']","['v', 'qn', 'n', 'coord', 'pro:indef', 'prep', 'n']",CLI,TQ
33908,1,14939684,19734,67.00137579827101,['no'],['co'],CHI,RD
33908,1,14939696,19734,67.00137579827101,"['what', 'should', 'we', 'do', 'next']","['pro:int', 'mod', 'pro:sub', 'v', 'adv']",CLI,QN
33908,1,14939709,19734,67.00137579827101,"[""you're"", 'making', 'this', 'not', 'me']","['pro:per', 'part', 'det:dem', 'neg', 'pro:obj']",CLI,SA
33908,1,14939725,19734,67.00137579827101,"[""that's"", 'milk', 'right']","['pro:dem', 'n', 'adj']",CHI,ST
33908,1,14939739,19734,67.00137579827101,"[""that's"", 'milk']","['pro:dem', 'n']",CHI,ST
33908,1,14939753,19734,67.00137579827101,"[""that's"", 'right', ""it's"", 'milk', 'should', 'we', 'drink', 'it']","['pro:dem', 'adv', 'pro:per', 'n', 'mod', 'pro:sub', 'v', 'pro:per']",CLI,RQ
33908,1,14939770,19734,67.00137579827101,['no'],['co'],CHI,RD
33908,1,14939782,19734,67.00137579827101,"['well', 'what', 'are', 'we', 'doing', 'here', 'then']","['co', 'pro:int', 'cop', 'pro:sub', 'part', 'adv', 'adv:tem']",CLI,QN
33908,1,14939798,19734,67.00137579827101,['making'],['part'],CHI,SA
33908,1,14939813,19734,67.00137579827101,"['making', 'what']","['part', 'pro:int']",CLI,QN
33908,1,14939831,19734,67.00137579827101,['pudding'],['n'],CLI,SA
33908,1,14939844,19734,67.00137579827101,"['well', 'can', 'we', 'drink', 'the', 'milk', 'then']","['co', 'mod', 'pro:sub', 'v', 'det:art', 'n', 'adv:tem']",CLI,RP
33908,1,14939859,19734,67.00137579827101,"['what', 'should', 'we', 'use', 'it', 'for']","['pro:int', 'mod', 'pro:sub', 'v', 'pro:per', 'prep']",CLI,QN
33908,1,14939875,19734,67.00137579827101,"['for', 'that']","['prep', 'pro:dem']",CHI,
33908,1,14939889,19734,67.00137579827101,"['what', 'should', 'we', 'do', 'with', 'it', 'though']","['pro:int', 'mod', 'pro:sub', 'v', 'prep', 'pro:per', 'adv']",CLI,QN
33908,1,14939906,19734,67.00137579827101,"['pour', 'it', 'in']","['v', 'pro:per', 'adv']",CHI,SA
33908,1,14939917,19734,67.00137579827101,"['pour', 'it', 'in', 'very', 'carefully', ""what's"", 'next']","['v', 'pro:per', 'prep', 'adv', 'adv', 'pro:int', 'adv']",CLI,AP
33908,1,14939929,19734,67.00137579827101,['stir'],['v'],CHI,YY
33908,1,14939944,19734,67.00137579827101,"['we', 'hafta', 'beat', 'it', 'now', 'do', 'you', 'ever', 'cook', 'at', 'home', 'with', 'mom']","['pro:sub', 'mod', 'n', 'pro:per', 'adv', 'v', 'pro:per', 'adv', 'v', 'prep', 'n', 'prep', 'n']",CLI,RP
33908,1,14939960,19734,67.00137579827101,['no'],['co'],CHI,RD
33908,1,14939972,19734,67.00137579827101,"['what', 'does', 'your', 'mom', 'make', 'that', 'you', 'like', 'to', 'eat']","['pro:int', 'mod', 'det:poss', 'n', 'v', 'comp', 'pro:per', 'v', 'inf', 'v']",CLI,QN
33908,1,14939989,19734,67.00137579827101,['spaghetti'],['n'],CHI,SA
33908,1,14940007,19734,67.00137579827101,"[""what's"", 'she', 'do', 'when', 'she', 'makes', 'spaghetti']","['pro:int', 'pro:sub', 'v', 'conj', 'pro:sub', 'v', 'n']",CLI,AP
33908,1,14940022,19734,67.00137579827101,"['that', 'that', 'that', 'nice']","['', '', 'det:dem', 'adj']",CHI,ST
33908,1,14940036,19734,67.00137579827101,"['that', 'looks', 'nice', 'but', 'I', ""don't"", 'think', ""it's"", 'done', 'yet']","['adv', 'v', 'adj', 'conj', 'pro:sub', 'mod', 'v', 'pro:per', 'part', 'adv']",CLI,ST
33908,1,14940052,19734,67.00137579827101,"['it', 'gets', 'a', 'little', 'better']","['pro:per', 'v', 'det:art', 'adj', 'adj']",CLI,ST
33908,1,14940063,19734,67.00137579827101,"['so', ""what's"", 'your', 'mom', 'do', 'when', 'she', 'makes', 'spaghetti']","['adv', 'pro:int', 'det:poss', 'n', 'v', 'conj', 'pro:sub', 'v', 'n']",CLI,TX
33908,1,14940079,19734,67.00137579827101,"['cut', 'up', 'pieces', 'of', 'string', 'to', 'cook']","['v', 'adv', 'n', 'prep', 'n', 'prep', 'n']",CLI,TX
33908,1,14940096,19734,67.00137579827101,['no'],['co'],CHI,RD
33908,1,14940109,19734,67.00137579827101,"['well', ""what's"", 'she', 'do']","['co', 'pro:int', 'pro:sub', 'v']",CLI,QN
33908,1,14940121,19734,67.00137579827101,"['that', 'nice']","['det:dem', 'adj']",CHI,SA
33908,1,14940132,19734,67.00137579827101,"['that', 'looks', 'pretty', 'good', 'but', 'what', 'does', 'your', 'mom', 'do', 'when', 'she', 'makes', 'spaghetti']","['pro:rel', 'v', 'adv', 'adj', 'conj', 'pro:int', 'mod', 'det:poss', 'n', 'v', 'conj', 'pro:sub', 'v', 'n']",CLI,QN
33908,1,14940149,19734,67.00137579827101,"['I', ""don't"", 'know']","['pro:sub', 'mod', 'v']",CHI,SA
33908,1,14940167,19734,67.00137579827101,"['does', 'she', 'cook', 'anything', 'when', 'she', 'makes', 'it']","['mod', 'pro:sub', 'v', 'pro:indef', 'conj', 'pro:sub', 'v', 'pro:per']",CLI,ST
33908,1,14940182,19734,67.00137579827101,"[""that's"", 'good', 'done']","['pro:dem', 'adj', 'part']",CHI,ST
33908,1,14940197,19734,67.00137579827101,"['is', 'it', 'done', 'you', 'think']","['aux', 'pro:per', 'part', 'pro:per', 'v']",CLI,YQ
33908,1,14940216,19734,67.00137579827101,['you'],['pro:per'],CHI,AA
33908,1,14940227,19734,67.00137579827101,"['looks', 'done', 'to', 'me']","['v', 'part', 'prep', 'pro:obj']",CLI,RP
33908,1,14940241,19734,67.00137579827101,"['what', 'should', 'we', 'do', 'with', 'it', 'now']","['pro:int', 'mod', 'pro:sub', 'v', 'prep', 'pro:per', 'adv']",CLI,QN
33908,1,14940265,19734,67.00137579827101,"['I', ""don't know""]","['pro:sub', 'mod v']",CHI,SA
33908,1,14940280,19734,67.00137579827101,"['leave', 'it', 'in', 'the', 'bowl']","['v', 'pro:per', 'prep', 'det:art', 'n']",CLI,RP
33908,1,14940296,19734,67.00137579827101,['no'],['co'],CHI,RD
33908,1,14940310,19734,67.00137579827101,"['well', ""I'd"", 'put', 'it', 'in', 'a', 'cup', 'so', 'you', 'can', 'take', 'it', 'home']","['co', 'pro:sub', 'v', 'pro:per', 'prep', 'det:art', 'n', 'co', 'pro:per', 'mod', 'v', 'pro:per', 'adv']",CLI,PD
33908,1,14940325,19734,67.00137579827101,"[""it's"", 'too', 'small']","['pro:per', 'adv', 'adj']",CHI,ST
33908,1,14940341,19734,67.00137579827101,"[""it's"", 'too', 'small']","['pro:per', 'adv', 'adj']",CLI,AP
33908,1,14940360,19734,67.00137579827101,"['let', 'me', 'try']","['v', 'pro:obj', 'v']",CHI,RP
33908,1,14940374,19734,67.00137579827101,"['here', 'why', ""don't"", 'you', 'take', 'the', 'big', 'spoon', 'and', 'see', 'if', ""it'll"", 'work']","['adv', 'pro:rel', 'mod', 'pro:per', 'v', 'det:art', 'adj', 'n', 'coord', 'v', 'conj', 'pro:per', 'n']",CLI,RP
33908,1,14940402,19734,67.00137579827101,['uhuh'],['co'],CHI,RD
33908,1,14940410,19734,67.00137579827101,"['oh', 'yeah', 'might', 'it', 'be', 'nice']","['co', 'co', 'mod', 'pro:per', 'cop', 'adj']",CHI,ST
33908,1,14940423,19734,67.00137579827101,"['probably', 'will', 'be']","['adv', 'mod', 'cop']",CLI,AP
33908,1,14940438,19734,67.00137579827101,"['you', 'think', ""it'll"", 'work']","['pro:per', 'v', 'pro:per', 'n']",CLI,ST
33908,1,14940452,19734,67.00137579827101,"[""I'm"", 'already', 'put', 'it', 'in', 'there']","['pro:sub', 'adv', 'v', 'pro:per', 'prep', 'n']",CHI,ST
33908,1,14940466,19734,67.00137579827101,"['well', 'then', ""you'd"", 'take', 'my', 'bigger', 'cup', 'home', 'with', 'you']","['co', 'adv:tem', 'pro:per', 'v', 'det:poss', 'adj', 'n', 'adv', 'prep', 'pro:per']",CLI,ST
33908,1,14940481,19734,67.00137579827101,"['I', 'thought', 'you', 'wanted', 'to', 'take', 'this', 'pudding', 'home']","['pro:sub', 'v', 'pro:per', 'v', 'inf', 'v', 'det:dem', 'n', 'adv']",CLI,ST
33908,1,14940496,19734,67.00137579827101,"['well', 'there']","['co', 'adv']",CHI,MK
33908,1,14940514,19734,67.00137579827101,"['is', 'this', 'enough', 'for', 'you']","['cop', 'pro:dem', 'adv', 'prep', 'pro:per']",CLI,YQ
33908,1,14940530,19734,67.00137579827101,"['I', 'need', 'one', 'more', 'scoop', 'there']","['pro:sub', 'v', 'pro:indef', 'qn', 'n', 'adv']",CHI,ST
33908,1,14940546,19734,67.00137579827101,"[""here's"", 'this', 'spoon']","['pro:exist', 'det:dem', 'n']",CHI,ST
33908,1,14940555,19734,67.00137579827101,"['what', 'should', 'I', 'do', 'with', 'this']","['pro:int', 'mod', 'pro:sub', 'v', 'prep', 'pro:dem']",CLI,QN
33908,1,14940572,19734,67.00137579827101,"[""don't"", 'eat', 'it']","['mod', 'v', 'pro:per']",CHI,SA
33908,1,14940588,19734,67.00137579827101,"['I', 'thought', 'you', 'wanted', 'to', 'take', 'this', 'home', 'with', 'you']","['pro:sub', 'n', 'pro:per', 'v', 'inf', 'v', 'det:dem', 'n', 'prep', 'pro:per']",CLI,ST
33908,1,14940605,19734,67.00137579827101,['me'],['pro:obj'],CHI,YY
33908,1,14940623,19734,67.00137579827101,"['yeah', 'you']","['co', 'pro:per']",CLI,AC
33908,1,14940639,19734,67.00137579827101,"[""that's"", 'why', 'we', 'put', 'it', 'in', 'the', 'cup']","['pro:dem', 'pro:int', 'pro:sub', 'v', 'pro:per', 'prep', 'det:art', 'n']",CLI,QN
33908,1,14940657,19734,67.00137579827101,"['I', ""I'm"", 'talking', 'to', 'you']","['', 'pro:sub', 'part', 'prep', 'pro:per']",CHI,SA
33908,1,14940671,19734,67.00137579827101,"['this', 'is', 'for', 'you']","['pro:dem', 'cop', 'prep', 'pro:per']",CLI,AP
33908,1,14940686,19734,67.00137579827101,"['that', 'for', 'you']","['pro:dem', 'prep', 'pro:per']",CHI,AP
33908,1,14940701,19734,67.00137579827101,"['for', 'me', 'or', 'for', 'you']","['prep', 'pro:obj', 'coord', 'prep', 'pro:per']",CLI,TQ
33908,1,14940717,19734,67.00137579827101,"['you', 'want', 'some']","['pro:per', 'v', 'qn']",CHI,TA
33908,1,14940731,19734,67.00137579827101,"['that', 'for', 'you', 'and', 'for', 'me']","['pro:dem', 'prep', 'pro:per', 'coord', 'prep', 'pro:obj']",CHI,TO
33908,1,14940747,19734,67.00137579827101,"['well', 'I', 'can', 'keep', 'mine', 'in', 'a', 'bowl', 'or', 'cup']","['co', 'pro:sub', 'mod', 'v', 'n', 'prep', 'det:art', 'n', 'coord', 'n']",CLI,TQ
33908,1,14940763,19734,67.00137579827101,"['you', 'want', 'some', 'more', 'in', 'your', 'cup']","['pro:per', 'v', 'qn', 'pro:indef', 'prep', 'det:poss', 'n']",CLI,RQ
33908,1,14940783,19734,67.00137579827101,"['yeah', ""it's"", 'mine']","['co', 'pro:per', 'pro:poss']",CHI,AD
33908,1,14940795,19734,67.00137579827101,"['you', 'can', 'take', 'as', 'much', 'as', 'you', 'want']","['pro:per', 'mod', 'v', 'adv', 'adv', 'prep', 'pro:per', 'v']",CLI,RP
33908,1,14940813,19734,67.00137579827101,['okay'],['co'],CHI,AD
33908,1,14940826,19734,67.00137579827101,"['take', 'too', 'much']","['v', 'adv', 'adv']",CHI,RP
33908,1,14940841,19734,67.00137579827101,"['no', 'you', 'can', 'take', 'as', 'much', 'as', 'you', 'want']","['co', 'pro:per', 'mod', 'v', 'adv', 'adv', 'prep', 'pro:per', 'v']",CLI,RD
33908,1,14940856,19734,67.00137579827101,"[""let's"", 'put', 'the', 'spoon', 'away', 'now']","['v', 'v', 'det:art', 'n', 'adv', 'adv']",CLI,RP
33908,1,14940872,19734,67.00137579827101,"[""what's"", 'happening', 'there']","['pro:int', 'part', 'adv']",CLI,QN
33908,1,14940884,19734,67.00137579827101,"['a', 'bunk', 'bed']","['det:art', 'n', 'n']",CHI,SA
33908,1,14940900,19734,67.00137579827101,"[""why's"", 'there', 'a', 'bunk', 'bed']","['pro:int', 'adv', 'det:art', 'n', 'n']",CLI,AP
33908,1,14940910,19734,67.00137579827101,"['two', 'of', 'them']","['det:num', 'prep', 'pro:obj']",CHI,AP
33908,1,14940922,19734,67.00137579827101,"['two', 'who']","['det:num', 'pro:rel']",CLI,AP
33908,1,14940936,19734,67.00137579827101,['pigs'],['n'],CHI,YY
33908,1,14940948,19734,67.00137579827101,"['what', 'are', 'mom', 'and', 'dad', 'doing']","['pro:int', 'cop', 'n', 'coord', 'n', 'part']",CLI,QN
33908,1,14940958,19734,67.00137579827101,['sleeping'],['part'],CHI,SA
33908,1,14940973,19734,67.00137579827101,"['what', 'are', 'the', 'kids', 'doing']","['pro:int', 'aux', 'det:art', 'n', 'part']",CLI,QN
33908,1,14940989,19734,67.00137579827101,['playing'],['part'],CHI,SA
33908,1,14941002,19734,67.00137579827101,"[""what's"", 'happening', 'in', 'this', 'next', 'picture']","['pro:int', 'part', 'prep', 'det:dem', 'adj', 'n']",CLI,QN
33908,1,14941018,19734,67.00137579827101,"['eating', 'and', 'mom', 'cooking']","['part', 'coord', 'n', 'part']",CHI,SA
33908,1,14941035,19734,67.00137579827101,"[""what's"", 'she', 'cooking']","['pro:int', 'pro:sub', 'part']",CLI,AP
33908,1,14941046,19734,67.00137579827101,['eggs'],['n'],CHI,YY
33908,1,14941060,19734,67.00137579827101,"['what', 'happened', 'down', 'here']","['pro:int', 'v', 'prep', 'n']",CLI,QN
33908,1,14941075,19734,67.00137579827101,"['eggs', 'fell']","['n', 'v']",CHI,ST
33908,1,14941088,19734,67.00137579827101,"['they', 'did', 'fall', 'on', 'the', 'floor']","['pro:sub', 'mod', 'v', 'prep', 'det:art', 'n']",CLI,ST
33908,1,14941102,19734,67.00137579827101,"[""what's"", 'all', 'this', 'stuff', 'here', 'on', 'the', 'table']","['pro:int', 'qn', 'det:dem', 'n', 'adv', 'prep', 'det:art', 'n']",CLI,QN
33908,1,14941119,19734,67.00137579827101,"['this', 'looks', 'like', 'a', 'mouse']","['pro:dem', 'v', 'conj', 'det:art', 'n']",CLI,SA
33908,1,14941132,19734,67.00137579827101,"['he', 'gonna', 'he', 'gonna', 'eat', 'a', 'bread']","['', '', 'pro:sub', 'part', 'v', 'det:art', 'n']",CHI,SA
33908,1,14941149,19734,67.00137579827101,"['and', 'what', 'about', 'this', 'piece', 'flying', 'across', 'the', 'room']","['coord', 'pro:int', 'prep', 'det:dem', 'n', 'part', 'prep', 'det:art', 'n']",CLI,QN
33908,1,14941162,19734,67.00137579827101,"['that', 'his', 'toast']","['comp', 'det:poss', 'n']",CHI,SA
33908,1,14941175,19734,67.00137579827101,"['it', 'going', 'to', 'over', 'there']","['pro:per', 'part', 'prep', 'adv', 'adv']",CHI,RP
33908,1,14941190,19734,67.00137579827101,"['look', 'at', 'the', 'mom', 'cooking', 'breakfast']","['v', 'prep', 'det:art', 'n', 'part', 'n']",CLI,RP
33908,1,14941208,19734,67.00137579827101,"['look', 'at', 'that', 'bacon', 'over', 'there']","['v', 'prep', 'det:dem', 'n', 'prep', 'n']",CHI,RP
33908,1,14941218,19734,67.00137579827101,"['look', 'at', 'eggs']","['v', 'prep', 'n']",CHI,RP
33908,1,14941229,19734,67.00137579827101,"['where', 'are', 'they', 'going']","['pro:int', 'cop', 'pro:sub', 'part']",CLI,QN
33908,1,14941243,19734,67.00137579827101,"['on', 'a', 'table']","['prep', 'det:art', 'n']",CHI,SA
33908,1,14941257,19734,67.00137579827101,"['on', 'the', 'table']","['prep', 'det:art', 'n']",CLI,AP
33908,1,14941274,19734,67.00137579827101,"['think', ""they'll"", 'hit', 'the', 'daddy', 'pig']","['v', 'pro:sub', 'v', 'det:art', 'n', 'n']",CLI,ST
33908,1,14941288,19734,67.00137579827101,"[""he's"", 'not', 'done', 'eating', 'that']","['pro:sub', 'neg', 'part', 'part', 'comp']",CHI,DW
33908,1,14941305,19734,67.00137579827101,"['after', 'mom', 'cooks', 'breakfast', ""what's"", 'she', 'do']","['prep', 'n', 'v', 'n', 'pro:int', 'pro:sub', 'v']",CLI,QN
33908,1,14941318,19734,67.00137579827101,"['everybody', 'goes', 'to', 'school']","['pro:indef', 'v', 'prep', 'n']",CHI,SA
33908,1,14941335,19734,67.00137579827101,"[""what's"", ""dad's"", 'job']","['pro:int', 'adj', 'n']",CLI,QN
33908,1,14941359,19734,67.00137579827101,"['go', 'to', 'work']","['v', 'prep', 'n']",CHI,SA
33908,1,14941371,19734,67.00137579827101,"[""he's"", 'gonna', 'walk', 'to', 'work']","['pro:sub', 'part', 'v', 'prep', 'n']",CLI,AP
33908,1,14941384,19734,67.00137579827101,"[""what's"", 'his', 'job', 'at', 'work']","['pro:int', 'det:poss', 'n', 'prep', 'n']",CLI,QN
33908,1,14941398,19734,67.00137579827101,"['looks', 'like', 'he', 'might', 'be', 'a', 'painter']","['v', 'conj', 'pro:sub', 'mod', 'cop', 'det:art', 'n']",CLI,SA
33908,1,14941418,19734,67.00137579827101,"['yep', 'it', 'is']","['co', 'pro:per', 'cop']",CHI,AA
33908,1,14941437,19734,67.00137579827101,['look'],['co'],CHI,RP
33908,1,14941449,19734,67.00137579827101,"['what', 'do', 'you', 'see']","['pro:int', 'mod', 'pro:per', 'v']",CLI,QN
33908,1,14941465,19734,67.00137579827101,['feet'],['n'],CHI,SA
33908,1,14941480,19734,67.00137579827101,"['whose', 'feet']","['pro:rel', 'n']",CLI,QN
33908,1,14941498,19734,67.00137579827101,"['oh', 'look', 'a', 'girl']","['co', 'v', 'det:art', 'n']",CHI,RP
33908,1,14941509,19734,67.00137579827101,"[""what's"", 'the', 'girl', 'got']","['pro:int', 'det:art', 'n', 'part']",CLI,QN
33908,1,14941528,19734,67.00137579827101,"['two', 'pillows', 'on', 'her', 'head']","['det:num', 'n', 'prep', 'det:poss', 'n']",CHI,SA
33908,1,14941545,19734,67.00137579827101,"[""what's"", 'coming', 'out_of', 'the', 'cookies', 'on', 'the', 'refrigerator']","['pro:int', 'part', 'prep', 'det:art', 'n', 'prep', 'det:art', 'n']",CLI,QN
33908,1,14941562,19734,67.00137579827101,"['a', 'leg']","['det:art', 'n']",CHI,SA
33908,1,14941574,19734,67.00137579827101,"['whose', 'leg', 'is', 'that']","['pro:rel', 'n', 'cop', 'pro:dem']",CLI,QN
33908,1,14941587,19734,67.00137579827101,"[""what's"", 'mom', 'doing', 'here']","['pro:int', 'n', 'part', 'adv']",CLI,QN
33908,1,14941598,19734,67.00137579827101,"['wash', 'dishes']","['n', 'v']",CHI,SA
33908,1,14941609,19734,67.00137579827101,"['how', 'do', 'you', 'think', 'mom', 'feels']","['pro:int', 'mod', 'pro:per', 'v', 'n', 'v']",CLI,QN
33908,1,14941626,19734,67.00137579827101,['sad'],['adj'],CHI,SA
33908,1,14941648,19734,67.00137579827101,"['sad', 'why']","['adj', 'pro:rel']",CLI,QN
33908,1,14941661,19734,67.00137579827101,"['he', 'mean']","['pro:sub', 'v']",CHI,SA
33908,1,14941680,19734,67.00137579827101,"[""he's"", 'mean']","['pro:sub', 'adj']",CLI,AP
33908,1,14941695,19734,67.00137579827101,"[""who's"", 'mean']","['pro:int', 'adj']",CLI,QN
33908,1,14941708,19734,67.00137579827101,"['a', 'mom']","['det:art', 'n']",CHI,SA
33908,1,14941726,19734,67.00137579827101,"[""what's"", 'so', 'funny']","['pro:int', 'adv', 'adj']",CLI,QN
33908,1,14941741,19734,67.00137579827101,"['he', ""don't"", 'wanna', 'eat', 'like', 'that']","['pro:sub', 'mod', 'v', 'v', 'prep', 'pro:dem']",CHI,SA
33908,1,14941757,19734,67.00137579827101,"['he', 'gonna', 'eat', 'a', 'rug']","['pro:sub', 'part', 'v', 'det:art', 'n']",CHI,SA
33908,1,14941772,19734,67.00137579827101,"[""how's"", 'he', 'gonna', 'eat', 'the', 'rug']","['pro:int', 'pro:sub', 'part', 'v', 'det:art', 'n']",CLI,AP
33908,1,14941784,19734,67.00137579827101,"['can', 'he', 'really', 'do', 'that']","['mod', 'pro:sub', 'adv', 'v', 'pro:dem']",CLI,RP
33908,1,14941797,19734,67.00137579827101,['no'],['co'],CHI,RD
33908,1,14941808,19734,67.00137579827101,"['look', 'over', 'there']","['v', 'prep', 'n']",CHI,RP
33908,1,14941822,19734,67.00137579827101,"['boy', ""that's"", 'a_lot_of', 'food']","['co', 'pro:rel', 'qn', 'n']",CLI,QN
33908,1,14941834,19734,67.00137579827101,"['they', 'buy', 'stuff']","['pro:sub', 'n', 'n']",CHI,SA
33908,1,14941849,19734,67.00137579827101,"['yeah', 'look', 'look', 'that', 'snake']","['co', '', 'v', 'det:dem', 'n']",CHI,RP
33908,1,14941866,19734,67.00137579827101,"['I', 'think', ""that's"", 'the', 'same', 'snake', 'as', 'before']","['pro:sub', 'v', 'pro:dem', 'det:art', 'adj', 'n', 'prep', 'adv']",CLI,ST
33908,1,14941884,19734,67.00137579827101,"['yeah', 'but', 'look', 'look', 'look', 'look']","['co', 'conj', '', '', '', 'co']",CHI,RP
33908,1,14941897,19734,67.00137579827101,"['look', 'lookee', 'he', 'doing']","['', 'co', 'pro:sub', 'part']",CHI,RP
33908,1,14941905,19734,67.00137579827101,"[""what's"", 'this']","['pro:int', 'pro:dem']",CLI,QN
33908,1,14941923,19734,67.00137579827101,"['a', 'mouse']","['det:art', 'n']",CHI,SA
33908,1,14941935,19734,67.00137579827101,"['what', 'he', 'doing']","['pro:int', 'pro:sub', 'part']",CHI,QN
33908,1,14941949,19734,67.00137579827101,"[""what's"", 'it', 'look', 'like', ""she's"", 'doing']","['pro:int', 'pro:per', 'v', 'conj', 'pro:sub', 'part']",CLI,QN
33908,1,14941961,19734,67.00137579827101,"[""there's"", 'some', 'water']","['pro:exist', 'qn', 'n']",CLI,SA
33908,1,14941975,19734,67.00137579827101,"['what', 'is', 'that']","['pro:int', 'cop', 'pro:dem']",CHI,QN
33908,1,14941993,19734,67.00137579827101,"[""it's"", 'called', 'a', 'wash', 'board']","['pro:per', 'part', 'det:art', 'n', 'n']",CLI,SA
33908,1,14942005,19734,67.00137579827101,"['you', 'wash', 'clothes', 'on', 'it']","['pro:per', 'v', 'n:pt', 'adv', 'pro:per']",CLI,ST
33908,1,14942021,19734,67.00137579827101,"[""what's"", 'she', 'doing', 'here']","['pro:int', 'pro:sub', 'part', 'adv']",CLI,QN
33908,1,14942034,19734,67.00137579827101,"['there', 'he', 'make', 'some', 'food']","['adv', 'pro:sub', 'v', 'qn', 'n']",CHI,SA
33908,1,14942048,19734,67.00137579827101,['carrots'],['n'],CHI,YY
33908,1,14942063,19734,67.00137579827101,"[""what's"", 'that']","['pro:int', 'pro:dem']",CHI,QN
33908,1,14942078,19734,67.00137579827101,"['looks', 'like', 'it', 'might', 'be', 'pickles']","['v', 'prep', 'pro:per', 'mod', 'cop', 'n']",CLI,SA
33908,1,14942089,19734,67.00137579827101,"['what', 'do', 'you', 'think']","['pro:int', 'mod', 'pro:per', 'v']",CLI,QN
33908,1,14942102,19734,67.00137579827101,"['uh', 'apple']","['', 'n']",CHI,SA
33908,1,14942115,19734,67.00137579827101,"[""there's"", 'some', 'more', 'carrots']","['pro:exist', 'qn', 'qn', 'n']",CLI,ST
33908,1,14942129,19734,67.00137579827101,['look'],['co'],CHI,RP
33908,1,14942141,19734,67.00137579827101,"['nah', 'that', 'stuff', 'not', 'this', 'and', 'that', 'to', 'to', 'go', 'in', 'jar']","['co', 'det:dem', 'n', 'neg', 'pro:dem', 'coord', 'pro:dem', '', 'inf', 'v', 'prep', 'n']",CHI,ST
33908,1,14942158,19734,67.00137579827101,"['what', 'else', 'is', 'mom', 'doing', 'while', 'cooking']","['pro:int', 'post', 'aux', 'n', 'part', 'n', 'part']",CLI,QN
33908,1,14942174,19734,67.00137579827101,"['pouring', 'in', 'a']","['part', 'prep', 'det:art']",CHI,SA
33908,1,14942189,19734,67.00137579827101,"['oh', 'look', ""dad's"", 'home']","['co', 'v', 'adj', 'n']",CLI,RP
33908,1,14942210,19734,67.00137579827101,"['kiss', 'mom']","['n', 'n']",CHI,RP
33908,1,14942227,19734,67.00137579827101,"['look', 'look']","['', 'co']",CHI,RP
33908,1,14942243,19734,67.00137579827101,"['pickle', 'on', 'her', 'head']","['n', 'prep', 'det:poss', 'n']",CHI,ST
33908,1,14942256,19734,67.00137579827101,"['look', 'he', 'read', 'em', 'a', 'book', 'and', 'they', 'like', 'it', 'story']","['v', 'pro:sub', 'v', 'pro:obj', 'det:art', 'n', 'coord', 'pro:sub', 'v', 'pro:per', 'n']",CHI,ST
33908,1,14942272,19734,67.00137579827101,"['look', 'what', 'he', 'doing']","['v', 'pro:int', 'pro:sub', 'part']",CHI,RP
33908,1,14942287,19734,67.00137579827101,"['what', 'is', 'he', 'doing']","['pro:int', 'cop', 'pro:sub', 'part']",CLI,QN
33908,1,14942300,19734,67.00137579827101,"['I', ""don't"", 'know']","['pro:sub', 'mod', 'v']",CHI,SA
33908,1,14942326,19734,67.00137579827101,"['he', 'climbed', 'up', 'on', 'the', 'bed', 'and', 'what', 'happened']","['pro:sub', 'v', 'adv', 'prep', 'det:art', 'n', 'coord', 'pro:int', 'v']",CLI,QN
33908,1,14942344,19734,67.00137579827101,"['he', 'gonna', 'fall', 'in']","['pro:sub', 'part', 'v', 'adv']",CHI,SA
33908,1,14942356,19734,67.00137579827101,"[""that's"", 'not', 'a', 'bunk', 'bed']","['pro:dem', 'neg', 'det:art', 'n', 'n']",CHI,DW
33908,1,14942367,19734,67.00137579827101,"['something', 'happened', 'to', 'the', 'bunk', 'bed']","['pro:indef', 'v', 'prep', 'det:art', 'n', 'n']",CLI,CT
33908,1,14942408,19734,67.00137579827101,"['oh', 'look', 'and', 'a', 'piece', 'even', 'gonna', 'wreck', 'it']","['co', 'v', 'coord', 'det:art', 'n', 'adv', 'part', 'v', 'pro:per']",CHI,ST
33908,1,14942421,19734,67.00137579827101,"['yeah', ""he's"", 'gonna', 'wreck', 'it', 'all', 'right']","['co', 'pro:sub', 'part', 'v', 'pro:per', 'adv', 'co']",CLI,AP
33908,1,14942436,19734,67.00137579827101,"['look', 'at', 'this', 'picture']","['v', 'prep', 'det:dem', 'n']",CHI,RP
33908,1,14942454,19734,67.00137579827101,"['well', 'did', 'the', 'bed', 'wreck']","['co', 'v', 'det:art', 'n', 'n']",CLI,YQ
33908,1,14942470,19734,67.00137579827101,['yeah'],['co'],CHI,AA
33908,1,14942481,19734,67.00137579827101,"['ya', 'know', 'what']","['pro:per', 'v', 'pro:int']",CHI,QN
33908,1,14942493,19734,67.00137579827101,"['they', 'they', ""didn't"", 'shut', 'this', 'door']","['', 'pro:sub', 'mod', 'v', 'det:dem', 'n']",CHI,SA
33908,1,14942507,19734,67.00137579827101,"['uhhuh', 'they', ""didn't"", 'shut', 'it']","['co', 'pro:sub', 'mod', 'v', 'pro:per']",CLI,AP
33908,1,14942520,19734,67.00137579827101,['why'],['pro:rel'],CHI,QN
33908,1,14942531,19734,67.00137579827101,"['maybe', 'they', 'wanted', 'some', 'air', 'to', 'come', 'in']","['adv', 'pro:sub', 'v', 'qn', 'n', 'inf', 'v', 'adv']",CLI,SA
33908,1,14942542,19734,67.00137579827101,"['look', 'look', ""he's"", 'in', 'a']","['', 'co', 'pro:sub', 'prep', 'det:art']",CHI,RP
33908,1,14942553,19734,67.00137579827101,"['you', 'you', 'shut', 'that', 'door']","['', 'pro:per', 'v', 'pro:dem', 'n']",CHI,ST
33908,1,14942568,19734,67.00137579827101,"['the', ""bed's"", 'broken', 'so', 'where', 'are', 'they', 'all', 'going', 'to', 'sleep', 'now']","['det:art', 'n', 'part', 'adv', 'pro:rel', 'cop', 'pro:sub', 'post', 'part', 'prep', 'n', 'adv']",CLI,ST
33908,1,14942578,19734,67.00137579827101,"['know', 'what']","['v', 'pro:int']",CHI,AC
33908,1,14942590,19734,67.00137579827101,"['that', 'a', 'baby', 'in', 'mama', 'daddy', 'bed']","['comp', 'det:art', 'n', 'prep', 'n', 'n', 'n']",CHI,ST
33908,1,14942602,19734,67.00137579827101,"['look', 'a', 'pig']","['v', 'det:art', 'n']",CHI,RP
33908,1,14942616,19734,67.00137579827101,"['lets', 'us', 'turn', 'the', 'page']","['v', 'pro:obj', 'v', 'det:art', 'n']",CHI,RP
33908,1,14942638,19734,67.00137579827101,"['look', 'at', 'that', 'boat']","['v', 'prep', 'det:dem', 'n']",CHI,RP
33908,1,14942651,19734,67.00137579827101,"['all', 'the', 'people', 'on', 'the', 'boat']","['qn', 'det:art', 'n', 'prep', 'det:art', 'n']",CHI,ST
33908,1,14942665,19734,67.00137579827101,"['there', 'are', 'a_lot_of', 'people', ""you're"", 'right']","['pro:exist', 'cop', 'qn', 'n', 'pro:per', 'co']",CLI,AP
33908,1,14942676,19734,67.00137579827101,"['look', 'how', 'they', 'they', 'picking', 'apples']","['v', 'pro:int', '', 'pro:sub', 'part', 'n']",CHI,ST
33908,1,14942689,19734,67.00137579827101,"['they', 'all', 'go', 'in', 'a', 'car', 'xxx']","['pro:sub', 'post', 'v', 'prep', 'det:art', 'n', '']",CHI,ST
33908,1,14942698,19734,67.00137579827101,"['not', 'those', 'pickles']","['neg', 'det:dem', 'n']",CHI,ST
33908,1,14942711,19734,67.00137579827101,"['is', 'that', 'a', 'pickle']","['cop', 'comp', 'det:art', 'n']",CLI,YQ
33908,1,14942721,19734,67.00137579827101,"['no', 'this', 'is', 'apple']","['qn', 'pro:dem', 'cop', 'n']",CHI,AN
33908,1,14942733,19734,67.00137579827101,"['well', 'I', 'think', 'that', 'this', 'stuff', 'is', 'bread', 'it', 'says', 'bread']","['adv', 'pro:sub', 'v', 'adv', 'det:dem', 'n', 'cop', 'n', 'pro:per', 'v', 'n']",CLI,ST
33908,1,14942753,19734,67.00137579827101,"['yeah', 'maybe']","['co', 'adv']",CHI,AP
33908,1,14942762,19734,67.00137579827101,['maybe'],['adv'],CLI,AP
33908,1,14942771,19734,67.00137579827101,"['yeah', 'that', 'pickup', 'pickles', 'and', 'that', 'pick', 'up', 'cheese', 'cheese']","['co', 'det:dem', '', 'n', 'coord', 'pro:rel', 'v', 'adv', '', 'n']",CHI,AP
33908,1,14942783,19734,67.00137579827101,"['that', 'pick', 'up', 'what']","['pro:rel', 'v', 'adv', 'pro:int']",CHI,QN
33908,1,14942791,19734,67.00137579827101,"['that', 'picks', 'up', 'the', 'mail']","['pro:rel', 'v', 'prep', 'det:art', 'n']",CLI,TQ
33908,1,14942804,19734,67.00137579827101,['mail'],['n'],CHI,TA
33909,1,14938970,19733,96.00197129304505,"['hi', 'Jim']","['co', 'n:prop']",CAR,MK
33909,1,14938974,19733,96.00197129304505,"['hi', 'Carla']","['co', 'n:prop']",CHI,MK
33909,1,14938978,19733,96.00197129304505,"['in', 'her', 'purse']","['prep', 'det:poss', 'n']",CHI,SA
33909,1,14938981,19733,96.00197129304505,['pardon'],['n'],CAR,CT
33909,1,14938985,19733,96.00197129304505,"['that', 'letter', 'in', 'her', 'purse']","['det:dem', 'n', 'prep', 'det:poss', 'n']",CHI,ST
33909,1,14938989,19733,96.00197129304505,"['what', 'letter', 'Jim']","['pro:int', 'n', 'n:prop']",CAR,QN
33909,1,14938993,19733,96.00197129304505,"['that', 'speech', 'note']","['det:dem', 'n', 'n']",CHI,SA
33909,1,14938997,19733,96.00197129304505,"['speech', 'note']","['n', 'n']",CAR,CT
33909,1,14939002,19733,96.00197129304505,"['my', 'mother', 'got', 'that', 'note', 'in', 'her', 'purse', 'from', 'school']","['det:poss', 'n', 'v', 'det:dem', 'n', 'prep', 'det:poss', 'n', 'prep', 'n']",CHI,ST
33909,1,14939008,19733,96.00197129304505,"['that', 'speech', 'note', 'she', 'got', 'from', 'school', 'speech', 'that', 'note', 'she', 'got', 'from', 'school', 'teacher']","['', '', '', '', '', '', '', '', 'det:dem', 'n', 'pro:sub', 'v', 'prep', 'n', 'n']",CHI,ST
33909,1,14939017,19733,96.00197129304505,"['it', 'be', 'about', 'school', 'speech', 'in', 'her', 'purse', 'that', 'speech', 'note']","['', '', '', '', '', '', '', '', 'det:dem', 'n', 'n']",CHI,ST
33909,1,14939022,19733,96.00197129304505,"['who', 'gave', 'to', 'to', 'your', 'mom']","['pro:int', 'v', '', 'prep', 'det:poss', 'n']",CAR,QN
33909,1,14939028,19733,96.00197129304505,"['that', 'be', 'Mrs', 'F']","['pro:dem', 'cop', 'n:prop', 'n:prop']",CHI,SA
33909,1,14939035,19733,96.00197129304505,"['who', 'is', 'she']","['pro:int', 'cop', 'pro:sub']",CAR,QN
33909,1,14939043,19733,96.00197129304505,"['teacher', 'she', 'my', 'speech', 'teacher', 'at', 'school']","['', 'pro:sub', 'det:poss', 'n', 'n', 'prep', 'n']",CHI,SA
33909,1,14939052,19733,96.00197129304505,"['what', 'are', 'you', 'doing', 'in', 'speech', 'with', 'her']","['pro:int', 'aux', 'pro:per', 'part', 'prep', 'n', 'prep', 'pro:obj']",CAR,QN
33909,1,14939061,19733,96.00197129304505,['nothing'],['pro:indef'],CHI,YY
33909,1,14939069,19733,96.00197129304505,"['my', 'teachers', 'nice']","['det:poss', 'n', 'adj']",CHI,ST
33909,1,14939074,19733,96.00197129304505,"['my', 'teacher', 'does', 'math']","['det:poss', 'n', 'mod', 'n']",CHI,ST
33909,1,14939082,19733,96.00197129304505,"['my', 'teacher', 'is', 'Mrs', 'V']","['det:poss', 'n', 'cop', 'n:prop', 'n:prop']",CHI,ST
33909,1,14939091,19733,96.00197129304505,"['wait', 'a', 'minute']","['v', 'det:art', 'n']",CAR,RP
33909,1,14939096,19733,96.00197129304505,"[""I'm"", 'mixed', 'up']","['pro:sub', 'part', 'adv']",CAR,ST
33909,1,14939103,19733,96.00197129304505,"['who', 'is', 'Mrs', 'F']","['pro:int', 'cop', 'n:prop', 'n:prop']",CAR,QN
33909,1,14939111,19733,96.00197129304505,"['I', ""didn't"", 'say', 'Mrs', 'F']","['pro:sub', 'mod', 'v', 'n:prop', 'n:prop']",CHI,SA
33909,1,14939118,19733,96.00197129304505,"['who', 'is', 'your', 'speech', 'teacher']","['pro:int', 'cop', 'det:poss', 'n', 'n']",CAR,QN
33909,1,14939127,19733,96.00197129304505,"['Miss', 'V']","['n:prop', 'n:prop']",CHI,CL
33909,1,14939134,19733,96.00197129304505,['okay'],['co'],CAR,AC
33909,1,14939141,19733,96.00197129304505,"['I', 'understand', 'Mrs', 'F', 'is', 'your', 'class+room', 'teacher', 'and', 'Miss', 'V', 'is', 'your', 'speech', 'teacher']","['pro:sub', 'v', 'n:prop', 'n:prop', 'cop', 'det:poss', '', 'n', 'coord', 'n:prop', 'n:prop', 'cop', 'det:poss', 'n', 'n']",CAR,DP
33909,1,14939153,19733,96.00197129304505,['right'],['co'],CAR,AP
33909,1,14939163,19733,96.00197129304505,"['yeah', 'right']","['co', 'co']",CHI,AP
33909,1,14939171,19733,96.00197129304505,"['what', 'are', 'you', 'and', 'Miss', 'V']","['pro:int', 'cop', 'pro:per', 'coord', 'n:prop', 'n:prop']",CAR,QN
33909,1,14939182,19733,96.00197129304505,"['doing', 'in', 'speech']","['part', 'prep', 'n']",CAR,SA
33909,1,14939191,19733,96.00197129304505,"['talking', 'about', 'those', 'things']","['part', 'prep', 'det:dem', 'n']",CHI,SA
33909,1,14939197,19733,96.00197129304505,"['what', 'things']","['pro:int', 'n']",CAR,QN
33909,1,14939204,19733,96.00197129304505,['nothing'],['pro:indef'],CHI,YY
33909,1,14939212,19733,96.00197129304505,['talking'],['part'],CHI,YY
33909,1,14939221,19733,96.00197129304505,"['do', 'you', 'like', 'school']","['mod', 'pro:per', 'co', 'n']",CAR,YQ
33909,1,14939229,19733,96.00197129304505,['yeah'],['co'],CHI,AA
33909,1,14939238,19733,96.00197129304505,"['what', 'subjects', 'do', 'you', 'study', 'in', 'school']","['pro:int', 'n', 'mod', 'pro:per', 'v', 'prep', 'n']",CAR,QN
33909,1,14939247,19733,96.00197129304505,['Valentine'],['n:prop'],CHI,SA
33909,1,14939255,19733,96.00197129304505,"['Valentine', 'day', 'coming']","['n:prop', 'n', 'part']",CHI,ST
33909,1,14939266,19733,96.00197129304505,"[""that's"", 'all', 'we', 'do', 'in', 'school']","['pro:dem', 'pro:indef', 'pro:sub', 'v', 'prep', 'n']",CHI,ST
33909,1,14939278,19733,96.00197129304505,['vowel'],['n'],CAR,CT
33909,1,14939287,19733,96.00197129304505,"['do', 'you', 'work', 'on', 'vowels']","['mod', 'pro:per', 'v', 'prep', 'n']",CAR,ST
33909,1,14939294,19733,96.00197129304505,"['that', 'you', 'make', 'with', 'hearts']","['comp', 'pro:per', 'v', 'prep', 'n']",CHI,RP
33909,1,14939308,19733,96.00197129304505,"['Valentine', 'day', 'coming']","['n:prop', 'n', 'part']",CHI,ST
33909,1,14939316,19733,96.00197129304505,"['oh', 'Valentines', 'day']","['co', 'n:prop', 'n']",CAR,AP
33909,1,14939325,19733,96.00197129304505,"['you', 'make', 'it', 'round', 'Valentines', 'heart', 'and', 'straight']","['pro:per', 'v', 'pro:per', 'adj', 'n:prop', 'n', 'coord', 'adj']",CHI,ST
33909,1,14939337,19733,96.00197129304505,"['you', 'put', 'holes', 'around', 'it']","['pro:per', 'v', 'n', 'prep', 'pro:per']",CHI,RP
33909,1,14939345,19733,96.00197129304505,"['why', 'do', 'you', 'put', 'holes', 'around', 'it']","['pro:int', 'mod', 'pro:per', 'v', 'n', 'prep', 'pro:per']",CAR,QN
33909,1,14939353,19733,96.00197129304505,"['make', 'them']","['v', 'pro:obj']",CHI,RP
33909,1,14939359,19733,96.00197129304505,"['you', 'do', 'it', 'with', 'a', 'hole', 'maker']","['pro:per', 'v', 'pro:per', 'prep', 'det:art', 'n', 'n']",CHI,RP
33909,1,14939369,19733,96.00197129304505,"['draw', 'a', 'heart', 'then', 'you', 'put', 'hole', 'hole', 'hole']","['v', 'det:art', 'n', 'adv:tem', 'pro:per', 'v', 'n', 'n', 'n']",CHI,RP
33909,1,14939380,19733,96.00197129304505,"['I', 'see', 'how', 'you', 'did', 'it', 'but', 'why', 'did', 'you', 'put', 'holes', 'in', 'it']","['pro:sub', 'v', 'pro:int', 'pro:per', 'mod', 'pro:per', 'conj', 'pro:int', 'mod', 'pro:per', 'v', 'n', 'prep', 'pro:per']",CAR,QN
33909,1,14939391,19733,96.00197129304505,"['I', ""don't"", 'know', ""it's"", 'just', 'a', 'hole']","['pro:sub', 'mod', 'v', 'pro:per', 'adj', 'det:art', 'n']",CHI,SA
33909,1,14939402,19733,96.00197129304505,"['we', ""don't"", 'put', 'no', 'string', 'through', 'it']","['pro:sub', 'mod', 'v', 'qn', 'n', 'prep', 'pro:per']",CHI,PF
33909,1,14939421,19733,96.00197129304505,"['you', ""don't"", 'understand']","['pro:per', 'mod', 'v']",CHI,PF
33909,1,14939430,19733,96.00197129304505,"['you', 'just', 'draw', 'a', 'picture', 'of', 'a', 'heart']","['pro:per', 'adv', 'v', 'det:art', 'n', 'prep', 'det:art', 'n']",CHI,CS
33909,1,14939441,19733,96.00197129304505,"['you', 'put', 'it', 'on', 'paper']","['pro:per', 'v', 'pro:per', 'prep', 'n']",CHI,CS
33909,1,14939445,19733,96.00197129304505,"['did', 'you', 'write', 'anything', 'on', 'the', 'heart']","['mod', 'pro:per', 'v', 'pro:indef', 'prep', 'det:art', 'n']",CAR,CS
33909,1,14939457,19733,96.00197129304505,"['you', 'can', 'cut', 'it', 'anyway', 'you', 'want']","['pro:per', 'mod', 'v', 'pro:per', 'adv', 'pro:per', 'v']",CHI,CS
33909,1,14939464,19733,96.00197129304505,"['what', 'did', 'you', 'write', 'on', 'yours']","['pro:int', 'mod', 'pro:per', 'v', 'prep', 'pro:poss']",CAR,QN
33909,1,14939473,19733,96.00197129304505,"['we', ""didn't"", 'finish', 'it', 'today']","['pro:sub', 'mod', 'v', 'pro:per', 'adv:tem']",CHI,ST
33909,1,14939483,19733,96.00197129304505,"['we', 'gonna', 'finish', 'it', 'tomorrow']","['pro:sub', 'part', 'v', 'pro:per', 'adv:tem']",CHI,SI
33909,1,14939493,19733,96.00197129304505,"['we', 'gonna', 'be', 'finished', 'Valentines', 'day']","['pro:sub', 'part', 'aux', 'part', 'n:prop', 'n']",CHI,DP
33909,1,14939505,19733,96.00197129304505,"['when', 'is', 'Valentines', 'day']","['conj', 'cop', 'n:prop', 'n']",CAR,YD
33909,1,14939514,19733,96.00197129304505,"['finish', 'it', 'up']","['v', 'pro:per', 'adv']",CHI,RP
33909,1,14939524,19733,96.00197129304505,"['I', ""don't"", 'know', 'what', 'day', ""it's"", 'on']","['pro:sub', 'mod', 'v', 'pro:int', 'n', 'pro:per', 'adv']",CHI,ST
33909,1,14939534,19733,96.00197129304505,"['Valentines', 'day', 'is', 'February', 'fourteenth']","['n:prop', 'n', 'cop', 'n:prop', 'adj']",CAR,ST
33909,1,14939544,19733,96.00197129304505,"['why', 'you', ""weren't"", 'here']","['pro:int', 'pro:per', 'cop', 'adv']",CAR,QN
33909,1,14939549,19733,96.00197129304505,"['you', 'were', 'sick']","['pro:per', 'cop', 'adj']",CAR,SA
33909,1,14939559,19733,96.00197129304505,"['I', 'had', 'the', 'flu', 'so', 'I', 'hadta', 'stay', 'home']","['pro:sub', 'v', 'det:art', 'n', 'conj', 'pro:sub', 'mod', 'v', 'adv']",CHI,SA
33909,1,14939568,19733,96.00197129304505,"['that', 'other', 'girl', 'came']","['comp', 'qn', 'n', 'v']",CAR,CT
33909,1,14939578,19733,96.00197129304505,"['what', 'did', 'you', 'do', 'last', 'session']","['pro:int', 'mod', 'pro:per', 'v', 'adv', 'n']",CAR,QN
33909,1,14939589,19733,96.00197129304505,"['those', 'car']","['det:dem', 'n']",CHI,SA
33909,1,14939620,19733,96.00197129304505,"['played', 'with', 'cars']","['v', 'prep', 'n']",CHI,RP
33909,1,14939630,19733,96.00197129304505,"['change', 'tape']","['n', 'n']",CHI,RP
33909,1,14939643,19733,96.00197129304505,"['we', 'gonna', 'make', 'a', 'Valentine']","['pro:sub', 'part', 'v', 'det:art', 'n:prop']",CHI,SI
33909,1,14939658,19733,96.00197129304505,"['no', 'not', 'today']","['co', 'neg', 'adv:tem']",CAR,DW
33909,1,14939671,19733,96.00197129304505,"['I', 'give', 'one', 'to', 'my', 'mom']","['pro:sub', 'v', 'det:num', 'prep', 'det:poss', 'n']",CHI,SI
33909,1,14939686,19733,96.00197129304505,"['will', 'you', 'give', 'one', 'to', 'anyone', 'else']","['mod', 'pro:per', 'v', 'det:num', 'inf', 'pro:indef', 'post']",CAR,YQ
33909,1,14939700,19733,96.00197129304505,"['my', 'mom', ""that's"", 'all']","['det:poss', 'n', 'pro:rel', 'pro:indef']",CHI,AA
33909,1,14939717,19733,96.00197129304505,"[""what's"", 'that']","['pro:int', 'pro:dem']",CHI,QN
33909,1,14939733,19733,96.00197129304505,"['can', 'I', 'hear', 'it']","['mod', 'pro:sub', 'v', 'pro:per']",CHI,SA
33909,1,14939749,19733,96.00197129304505,"[""that's"", 'my', 'tape', 'recorder']","['pro:dem', 'det:poss', 'n', 'n']",CAR,CT
33909,1,14939765,19733,96.00197129304505,"['if', 'we', 'have', 'time', 'you', 'can', 'listen', 'to', 'it', 'later']","['conj', 'pro:sub', 'v', 'n', 'pro:per', 'mod', 'v', 'prep', 'pro:per', 'adv']",CAR,PD
33909,1,14939783,19733,96.00197129304505,"[""let's"", 'talk', 'about', 'something', 'else', 'now', 'who', 'is', 'your', 'best', 'friend']","['v', 'v', 'prep', 'pro:indef', 'post', 'adv', 'pro:int', 'cop', 'det:poss', 'adj', 'n']",CAR,RP
33909,1,14939804,19733,96.00197129304505,"['I', ""don't"", 'have', 'no', 'friends']","['pro:sub', 'mod', 'v', 'qn', 'n']",CHI,RD
33909,1,14939816,19733,96.00197129304505,['no'],['co'],CAR,RD
33909,1,14939829,19733,96.00197129304505,"['who', 'do', 'you', 'eat', 'lunch', 'with']","['pro:int', 'mod', 'pro:per', 'v', 'n', 'prep']",CAR,QN
33909,1,14939843,19733,96.00197129304505,"['I', ""don't"", 'have', 'no', 'friends', 'but', 'one']","['pro:sub', 'mod', 'v', 'qn', 'n', 'conj', 'det:num']",CHI,SA
33909,1,14939857,19733,96.00197129304505,"['tell', 'me', 'who', 'he', 'is']","['v', 'pro:obj', 'pro:int', 'pro:sub', 'cop']",CAR,QN
33909,1,14939872,19733,96.00197129304505,['Dwayne'],['n:prop'],CHI,SA
33909,1,14939888,19733,96.00197129304505,"['we', 'play', 'transformers']","['pro:sub', 'n', 'n']",CHI,ST
33909,1,14939902,19733,96.00197129304505,"['I', 'like', 'transformers']","['pro:sub', 'v', 'n']",CHI,ST
33909,1,14939916,19733,96.00197129304505,"['they', 'be', 'fun']","['pro:sub', 'cop', 'n']",CHI,ST
33909,1,14939930,19733,96.00197129304505,"['we', 'play', 'with', 'the', 'transformers']","['pro:sub', 'v', 'prep', 'det:art', 'n']",CHI,ST
33909,1,14939948,19733,96.00197129304505,"['what', 'do', 'you', 'do', 'with', 'a', 'transformer']","['pro:int', 'mod', 'pro:per', 'v', 'prep', 'det:art', 'n']",CAR,QN
33909,1,14939963,19733,96.00197129304505,"['you', 'transform']","['pro:per', 'v']",CHI,SA
33909,1,14939978,19733,96.00197129304505,"['we', 'just', 'transform', 'and', 'play', ""that's"", 'all']","['pro:sub', 'adv', 'v', 'coord', 'v', 'comp', 'pro:indef']",CHI,ST
33909,1,14939995,19733,96.00197129304505,"['what', 'does', 'a', 'transformer', 'transform', 'to']","['pro:int', 'v', 'det:art', 'n', 'v', 'prep']",CAR,QN
33909,1,14940009,19733,96.00197129304505,"['they', 'turn', 'into', 'trains']","['pro:sub', 'v', 'prep', 'n']",CHI,SA
33909,1,14940025,19733,96.00197129304505,"['they', 'turn', 'into', 'man']","['pro:sub', 'v', 'prep', 'n']",CHI,RP
33909,1,14940041,19733,96.00197129304505,"['they', 'turn', 'into', 'birds']","['pro:sub', 'v', 'prep', 'n']",CHI,RP
33909,1,14940058,19733,96.00197129304505,"['they', 'turn', 'into', 'planes']","['pro:sub', 'v', 'prep', 'n']",CHI,RP
33909,1,14940073,19733,96.00197129304505,"['they', 'sound', 'like', 'great', 'fun']","['pro:sub', 'v', 'prep', 'adj', 'n']",CAR,ST
33909,1,14940090,19733,96.00197129304505,['yeah'],['co'],CHI,AC
33909,1,14940105,19733,96.00197129304505,"['they', 'turn', 'into', 'cars']","['pro:sub', 'v', 'prep', 'n']",CHI,RP
33909,1,14940120,19733,96.00197129304505,"[""what's"", 'that']","['pro:int', 'pro:dem']",CHI,QN
33909,1,14940130,19733,96.00197129304505,"['what', 'is', 'that', 'light', 'for']","['pro:int', 'cop', 'adv', 'n', 'prep']",CHI,QN
33909,1,14940139,19733,96.00197129304505,"[""I'm"", 'not', 'sure']","['pro:sub', 'neg', 'adj']",CAR,SA
33909,1,14940152,19733,96.00197129304505,"['I', 'know', ""it's"", 'for', 'recording']","['pro:sub', 'v', 'pro:per', 'prep', 'n:gerund']",CHI,SA
33909,1,14940165,19733,96.00197129304505,"['I', 'think', ""you're"", 'right']","['pro:sub', 'v', 'pro:per', 'co']",CAR,AP
33909,1,14940179,19733,96.00197129304505,"['I', 'got', 'twenty', 'one', 'transformers']","['pro:sub', 'v', 'det:num', 'det:num', 'n']",CHI,ST
33909,1,14940192,19733,96.00197129304505,"['you', 'have', 'twenty', 'one', 'transformers']","['pro:per', 'v', 'det:num', 'det:num', 'n']",CAR,AP
33909,1,14940207,19733,96.00197129304505,"['you', 'are', 'a', 'lucky', 'boy']","['pro:per', 'cop', 'det:art', 'adj', 'n']",CAR,YQ
33909,1,14940221,19733,96.00197129304505,"['who', 'gave', 'them', 'to', 'you']","['pro:int', 'v', 'pro:obj', 'prep', 'pro:per']",CAR,QN
33909,1,14940236,19733,96.00197129304505,"['I', 'got', 'them', 'for', 'Christmas']","['pro:sub', 'v', 'pro:obj', 'prep', 'n:prop']",CHI,SA
33909,1,14940251,19733,96.00197129304505,"['Santa_Claus', 'gave', 'them', 'to', 'me']","['n:prop', 'v', 'pro:obj', 'prep', 'pro:obj']",CHI,ST
33909,1,14940263,19733,96.00197129304505,"['did', 'you', 'get', 'all', 'those', 'because', 'you', 'were', 'a', 'good', 'boy']","['mod', 'pro:per', 'v', 'adv', 'det:dem', 'conj', 'pro:per', 'cop', 'det:art', 'adj', 'n']",CAR,ST
33909,1,14940279,19733,96.00197129304505,"['I', 'guess', ""I'm"", 'a', 'good', 'boy']","['pro:sub', 'v', 'pro:sub', 'det:art', 'adj', 'n']",CHI,AP
33909,1,14940294,19733,96.00197129304505,"['I', 'think', ""you're"", 'a', 'good', 'boy']","['pro:sub', 'v', 'pro:per', 'det:art', 'adj', 'n']",CAR,AP
33909,1,14940318,19733,96.00197129304505,"[""I'm"", 'a', 'good', 'boy']","['pro:sub', 'det:art', 'adj', 'n']",CHI,AP
33909,1,14940327,19733,96.00197129304505,"['my', 'mama', 'makes', 'me', 'behave']","['det:poss', 'n', 'v', 'pro:obj', 'v']",CHI,ST
33909,1,14940343,19733,96.00197129304505,"[""I'm"", 'not', 'bad', 'when', 'my', 'mama', 'makes', 'me', 'behave']","['pro:sub', 'neg', 'adj', 'conj', 'det:poss', 'n', 'v', 'pro:obj', 'v']",CHI,ST
33909,1,14940358,19733,96.00197129304505,"['you', 'gonna', 'run', 'out_of', 'tape']","['pro:per', 'part', 'v', 'prep', 'n']",CHI,ST
33909,1,14940379,19733,96.00197129304505,"['do', 'you', 'have', 'any', 'brothers', 'or', 'sisters']","['mod', 'pro:per', 'v', 'qn', 'n', 'coord', 'n']",CAR,TQ
33909,1,14940396,19733,96.00197129304505,"['I', 'have', 'a', 'brother']","['pro:sub', 'v', 'det:art', 'n']",CHI,YY
33909,1,14940409,19733,96.00197129304505,"['his', 'name', 'Quintin']","['det:poss', 'n', 'n:prop']",CHI,YY
33909,1,14940422,19733,96.00197129304505,"['tell', 'me', 'about', 'Quintin']","['v', 'pro:obj', 'prep', 'n:prop']",CAR,RP
33909,1,14940439,19733,96.00197129304505,"['I', ""don't"", 'know', 'anything', 'about', 'him']","['pro:sub', 'mod', 'v', 'pro:indef', 'prep', 'pro:obj']",CHI,ST
33909,1,14940457,19733,96.00197129304505,"['I', 'am', 'about', 'up', 'to', 'his', 'shoulder']","['pro:sub', 'cop', 'adv', 'adv', 'prep', 'det:poss', 'n']",CHI,ST
33909,1,14940472,19733,96.00197129304505,"['who', 'is', 'older', 'you', 'or', 'your', 'brother']","['pro:int', 'cop', 'adj', 'pro:per', 'coord', 'det:poss', 'n']",CAR,QN
33909,1,14940494,19733,96.00197129304505,"['he', 'only', 'thirteen']","['pro:sub', 'qn', 'det:num']",CHI,SA
33909,1,14940509,19733,96.00197129304505,"['how', 'old', 'are', 'you']","['pro:int', 'adj', 'aux', 'pro:per']",CAR,QN
33909,1,14940526,19733,96.00197129304505,"['not', 'that', 'old']","['neg', 'det:dem', 'adj']",CHI,SA
33909,1,14940533,19733,96.00197129304505,['okay'],['co'],CAR,AP
33909,1,14940551,19733,96.00197129304505,"['then', 'who', 'is', 'older']","['adv:tem', 'pro:int', 'cop', 'adj']",CAR,QN
33909,1,14940566,19733,96.00197129304505,"['Quintin', 'I', 'guess']","['n:prop', 'pro:sub', 'v']",CHI,SA
33909,1,14940583,19733,96.00197129304505,['right'],['co'],CAR,AP
33909,1,14940602,19733,96.00197129304505,"['does', 'he', 'go', 'to', 'school', 'with', 'you']","['mod', 'pro:sub', 'v', 'prep', 'n', 'prep', 'pro:per']",CAR,ST
33909,1,14940616,19733,96.00197129304505,"['he', 'in', 'the', 'eighth', 'grade']","['pro:sub', 'prep', 'det:art', 'adj', 'n']",CHI,ST
33909,1,14940629,19733,96.00197129304505,"['does', 'he', 'walk', 'to', 'school', 'with', 'you']","['mod', 'pro:sub', 'v', 'prep', 'n', 'prep', 'pro:per']",CAR,ST
33909,1,14940645,19733,96.00197129304505,"['no', 'not', 'now']","['co', 'neg', 'adv']",CHI,PF
33909,1,14940658,19733,96.00197129304505,"['I', 'got', 'a', 'long', 'way', 'to', 'walk']","['pro:sub', 'v', 'det:art', 'adj', 'n', 'prep', 'n']",CHI,ST
33909,1,14940673,19733,96.00197129304505,"['I', 'walk', 'home', 'by', 'myself']","['pro:sub', 'n', 'n', 'prep', 'pro:refl']",CHI,ST
33909,1,14940689,19733,96.00197129304505,"['I', 'share', 'a', 'room', 'with', 'him']","['pro:sub', 'v', 'det:art', 'n', 'prep', 'pro:obj']",CHI,ST
33909,1,14940707,19733,96.00197129304505,"['oh', 'you', 'guys', 'share', 'a', 'room']","['co', 'pro:per', 'n', 'v', 'det:art', 'n']",CAR,ST
33909,1,14940721,19733,96.00197129304505,"['tell', 'me', 'about', 'your', 'bed+room']","['v', 'pro:obj', 'prep', 'det:poss', '']",CAR,RP
33909,1,14940737,19733,96.00197129304505,"['Quintin', 'have', 'that', 'side', 'of', 'the', 'room', 'over', 'there']","['n:prop', 'v', 'det:dem', 'n', 'prep', 'det:art', 'n', 'prep', 'n']",CHI,ST
33909,1,14940757,19733,96.00197129304505,"['I', 'have', 'a', 'big', 'space', 'over', 'there']","['pro:sub', 'v', 'det:art', 'adj', 'n', 'prep', 'n']",CHI,ST
33909,1,14940775,19733,96.00197129304505,"['I', 'got', 'a', 'big', 'space']","['pro:sub', 'v', 'det:art', 'adj', 'n']",CHI,ST
33909,1,14940790,19733,96.00197129304505,"['we', ""don't"", 'got', 'no', 'bath+room']","['pro:sub', 'mod', 'v', 'qn', '']",CHI,PF
33909,1,14940802,19733,96.00197129304505,"['we', ""don't"", 'got', 'no', 'two', 'bath+rooms', 'up', 'in', 'our', 'bed+room']","['pro:sub', 'mod', 'v', 'qn', 'det:num', '', 'adv', 'prep', 'det:poss', '']",CHI,PF
33909,1,14940822,19733,96.00197129304505,"['we', 'got', 'one', 'bath+room', 'but', 'not', 'two']","['pro:sub', 'v', 'det:num', '', 'conj', 'neg', 'det:num']",CHI,ST
33909,1,14940839,19733,96.00197129304505,"['whose', 'side', 'of', 'the', 'room', 'is', 'the', 'cleanest']","['pro:rel', 'n', 'prep', 'det:art', 'n', 'cop', 'det:art', 'adj']",CAR,QN
33909,1,14940862,19733,96.00197129304505,"['I', 'clean', 'the', 'room']","['pro:sub', 'v', 'det:art', 'n']",CHI,SA
33909,1,14940874,19733,96.00197129304505,"['I', 'mean', 'my', 'brother', 'clean', 'the', 'room', 'on', 'his', 'side', 'and', 'I', 'clean', 'the', 'room', 'on', 'my', 'side']","['pro:sub', 'v', 'det:poss', 'n', 'v', 'det:art', 'n', 'prep', 'det:poss', 'n', 'coord', 'pro:sub', 'v', 'det:art', 'n', 'prep', 'det:poss', 'n']",CHI,ST
33909,1,14940892,19733,96.00197129304505,"[""that's"", 'a', 'good', 'plan']","['pro:dem', 'det:art', 'adj', 'n']",CAR,AP
33909,1,14940904,19733,96.00197129304505,"['you', 'share', 'the', 'work']","['pro:per', 'v', 'det:art', 'n']",CAR,ST
33909,1,14940913,19733,96.00197129304505,"['do', 'you', 'share', 'a', 'closet', 'too']","['mod', 'pro:per', 'v', 'det:art', 'n', 'adv']",CAR,ST
33909,1,14940926,19733,96.00197129304505,"['I', 'got', 'two', 'closets']","['pro:sub', 'v', 'det:num', 'n']",CHI,ST
33909,1,14940938,19733,96.00197129304505,"['I', 'got', 'one', 'closet', 'by', 'my', 'bed', 'and', 'one', 'closet', 'over', 'there']","['pro:sub', 'v', 'det:num', 'n', 'prep', 'det:poss', 'n', 'coord', 'det:num', 'n', 'prep', 'n']",CHI,ST
33909,1,14940961,19733,96.00197129304505,"['where', 'does', 'Quintin', 'keep', 'his', 'clothes']","['pro:int', 'mod', 'n:prop', 'v', 'det:poss', 'n:pt']",CAR,QN
33909,1,14940974,19733,96.00197129304505,"['on', 'the', 'railing', 'and', 'in', 'the', 'other', 'closet']","['prep', 'det:art', 'n', 'coord', 'prep', 'det:art', 'qn', 'n']",CHI,SA
33909,1,14940987,19733,96.00197129304505,"['I', 'got', 'new', 'glasses']","['pro:sub', 'v', 'adj', 'n']",CHI,ST
33909,1,14941003,19733,96.00197129304505,"['you', 'told', 'me', 'about', 'your', 'mom', 'and', 'your', 'brother', 'now', 'I', 'know', 'about', 'your', 'whole', 'family']","['pro:per', 'v', 'pro:obj', 'prep', 'det:poss', 'n', 'coord', 'det:poss', 'n', 'adv', 'pro:sub', 'v', 'prep', 'det:poss', 'adj', 'n']",CAR,ST
33909,1,14941023,19733,96.00197129304505,"['I', 'got', 'a', 'dog']","['pro:sub', 'v', 'det:art', 'n']",CHI,ST
33909,1,14941043,19733,96.00197129304505,"['she', 'be', 'bad']","['pro:sub', 'cop', 'adj']",CHI,ST
33909,1,14941058,19733,96.00197129304505,"['she', 'hasta', 'stay', 'outside', 'all', 'day', 'cause', 'she', 'peed', 'on', 'the', 'furniture']","['pro:sub', 'mod', 'v', 'prep', 'qn', 'n', 'n', 'pro:sub', 'v', 'prep', 'det:art', 'n']",CHI,ST
33910,1,14939025,19739,59.00121152385059,"['hi', 'Terra']","['co', 'n:prop']",CLI,MK
33910,1,14939032,19739,59.00121152385059,['hi'],['co'],CHI,MK
33910,1,14939039,19739,59.00121152385059,"['what', 'that']","['pro:int', 'adv']",CHI,QN
33910,1,14939049,19739,59.00121152385059,"[""that's"", 'my', 'friend', 'Freddie']","['pro:dem', 'det:poss', 'n', 'n:prop']",CLI,SA
33910,1,14939056,19739,59.00121152385059,"['would', 'you', 'like', 'to', 'see', 'him']","['mod', 'pro:per', 'v', 'inf', 'v', 'pro:obj']",CLI,RQ
33910,1,14939064,19739,59.00121152385059,['yeah'],['co'],CHI,AD
33910,1,14939071,19739,59.00121152385059,"['give', 'me', 'please']","['v', 'pro:obj', 'co']",CHI,RP
33910,1,14939078,19739,59.00121152385059,"['here', 'you', 'go']","['adv', 'pro:per', 'v']",CLI,SS
33910,1,14939085,19739,59.00121152385059,"[""don't"", 'open']","['mod', 'v']",CHI,RP
33910,1,14939098,19739,59.00121152385059,"['open', 'please']","['adj', 'co']",CHI,RP
33910,1,14939105,19739,59.00121152385059,"['here', 'you', 'are', 'Terra']","['adv', 'pro:per', 'cop', 'n:prop']",CLI,TO
33910,1,14939120,19739,59.00121152385059,"['can', 'you', 'make', 'him', 'talk']","['mod', 'pro:per', 'v', 'pro:obj', 'n']",CLI,RP
33910,1,14939128,19739,59.00121152385059,['no'],['co'],CHI,RD
33910,1,14939138,19739,59.00121152385059,"['I', ""don't"", 'know']","['pro:sub', 'mod', 'v']",CHI,ST
33910,1,14939147,19739,59.00121152385059,"[""what's"", 'so', 'funny']","['pro:int', 'adv', 'adj']",CLI,AP
33910,1,14939155,19739,59.00121152385059,"['what', 'that']","['pro:int', 'adv']",CHI,QN
33910,1,14939162,19739,59.00121152385059,"[""that's"", 'the', ""frog's"", 'tongue']","['pro:dem', 'det:art', 'adj', 'n']",CLI,SA
33910,1,14939175,19739,59.00121152385059,"['watch', 'Terra']","['n', 'n:prop']",CLI,RP
33910,1,14939184,19739,59.00121152385059,"[""I'll"", 'make', 'Freddie', 'talk']","['pro:sub', 'v', 'n:prop', 'n']",CLI,SI
33910,1,14939192,19739,59.00121152385059,"['hi', 'Terra']","['co', 'n:prop']",CLI,MK
33910,1,14939200,19739,59.00121152385059,"['how', 'are', 'you']","['pro:int', 'cop', 'pro:per']",CLI,MK
33910,1,14939205,19739,59.00121152385059,['hi'],['co'],CHI,MK
33910,1,14939213,19739,59.00121152385059,"['I', 'got', 'cold']","['pro:sub', 'v', 'n']",CHI,ST
33910,1,14939222,19739,59.00121152385059,"['when', 'did', 'you', 'get', 'your', 'cold', 'Terra']","['pro:int', 'mod', 'pro:per', 'v', 'det:poss', 'adj', 'n:prop']",CLI,QN
33910,1,14939230,19739,59.00121152385059,"['um', 'when', 'I', 'xxx', 'outside']","['', 'conj', 'pro:sub', '', 'adv']",CHI,SA
33910,1,14939239,19739,59.00121152385059,"['now', 'I', 'make', 'talk']","['adv', 'pro:sub', 'v', 'n']",CHI,RP
33910,1,14939256,19739,59.00121152385059,"['I', 'see', 'it']","['pro:sub', 'v', 'pro:per']",CHI,RP
33910,1,14939264,19739,59.00121152385059,"['give', 'me']","['v', 'pro:obj']",CHI,RP
33910,1,14939280,19739,59.00121152385059,"['I', 'want', 'it']","['pro:sub', 'v', 'pro:per']",CHI,ST
33910,1,14939289,19739,59.00121152385059,"['give', 'me']","['v', 'pro:obj']",CHI,RP
33910,1,14939297,19739,59.00121152385059,"['can', 'you', 'make', 'him', 'dance']","['mod', 'pro:per', 'v', 'pro:obj', 'n']",CLI,RP
33910,1,14939303,19739,59.00121152385059,['yeah'],['co'],CHI,AD
33910,1,14939312,19739,59.00121152385059,['look'],['co'],CHI,RP
33910,1,14939321,19739,59.00121152385059,"['do', 'you', 'like', 'Freddie']","['mod', 'pro:per', 'v', 'n:prop']",CLI,YQ
33910,1,14939330,19739,59.00121152385059,['yeah'],['co'],CHI,AA
33910,1,14939339,19739,59.00121152385059,"['he', 'funny']","['pro:sub', 'adj']",CHI,ST
33910,1,14939347,19739,59.00121152385059,"['can', 'Freddie', 'talk']","['mod', 'n:prop', 'n']",CLI,RP
33910,1,14939357,19739,59.00121152385059,['no'],['co'],CHI,RD
33910,1,14939364,19739,59.00121152385059,"['I', ""don't"", 'wanna']","['pro:sub', 'mod', 'v']",CHI,RQ
33910,1,14939373,19739,59.00121152385059,"['do', 'you', 'like', 'to', 'draw']","['mod', 'pro:per', 'v', 'inf', 'v']",CLI,YQ
33910,1,14939382,19739,59.00121152385059,['yeah'],['co'],CHI,AA
33910,1,14939389,19739,59.00121152385059,"['what', 'are', 'you', 'drawing']","['pro:int', 'cop', 'pro:per', 'n']",CLI,QN
33910,1,14939398,19739,59.00121152385059,['doggie'],['n'],CHI,SA
33910,1,14939406,19739,59.00121152385059,"['nice', 'picture']","['adj', 'n']",CLI,ST
33910,1,14939413,19739,59.00121152385059,"['a', 'doggie']","['det:art', 'n']",CHI,ST
33910,1,14939420,19739,59.00121152385059,"['yes', ""that's"", 'a', 'dog']","['co', 'pro:dem', 'det:art', 'n']",CLI,AP
33910,1,14939429,19739,59.00121152385059,"['now', 'I', 'make', 'kitty+cat']","['adv', 'pro:sub', 'v', '']",CHI,SI
33910,1,14939438,19739,59.00121152385059,"['now', ""you're"", 'making', 'a', 'kitty+cat', 'huh']","['adv', 'pro:per', 'part', 'det:art', '', 'co']",CLI,ST
33910,1,14939447,19739,59.00121152385059,['yeah'],['co'],CHI,AA
33910,1,14939454,19739,59.00121152385059,"[""what's"", 'your', ""kitty+cat's"", 'name']","['pro:int', 'det:poss', '', 'n']",CLI,QN
33910,1,14939463,19739,59.00121152385059,"['I', 'not', 'got', 'one']","['pro:sub', 'neg', 'part', 'pro:indef']",CHI,SA
33910,1,14939472,19739,59.00121152385059,"['you', ""don't"", 'have', 'one']","['pro:per', 'mod', 'v', 'pro:indef']",CLI,YQ
33910,1,14939481,19739,59.00121152385059,"['I', 'make', 'one']","['pro:sub', 'v', 'det:num']",CHI,AA
33910,1,14939491,19739,59.00121152385059,"[""that's"", 'a', 'really', 'nice', 'cat']","['pro:dem', 'det:art', 'adv', 'adj', 'n']",CLI,ST
33910,1,14939501,19739,59.00121152385059,"['now', 'I', 'make', 'my', 'Mommie']","['adv', 'pro:sub', 'v', 'det:poss', 'n:prop']",CHI,SI
33910,1,14939504,19739,59.00121152385059,"['what', 'color', 'are', 'you', 'going', 'to', 'make', ""Mommie's"", 'eyes']","['pro:int', 'n', 'cop', 'pro:per', 'part', 'inf', 'v', 'adj', 'n']",CLI,QN
33910,1,14939518,19739,59.00121152385059,"['um', 'brown']","['', 'adj']",CHI,SA
33910,1,14939528,19739,59.00121152385059,"['what', 'color', 'are', 'you', 'going', 'to', 'make', ""Mommie's"", 'hair']","['pro:int', 'n', 'cop', 'pro:per', 'part', 'inf', 'v', 'adj', 'n']",CLI,QN
33910,1,14939542,19739,59.00121152385059,"['um', 'I', 'xxx', 'red']","['', 'pro:sub', '', 'n']",CHI,SA
33910,1,14939552,19739,59.00121152385059,['red'],['adj'],CHI,YY
33910,1,14939558,19739,59.00121152385059,"['what', 'did', 'you', 'do', 'this', 'morning', 'Terra']","['pro:int', 'mod', 'pro:per', 'v', 'det:dem', 'n', 'n:prop']",CLI,QN
33910,1,14939571,19739,59.00121152385059,"['um', 'went', 'my', 'doctors']","['', 'v', 'det:poss', 'n']",CHI,SA
33910,1,14939576,19739,59.00121152385059,"['what', 'did', 'he', 'hafta', 'say']","['pro:int', 'mod', 'pro:sub', 'mod', 'v']",CLI,QN
33910,1,14939588,19739,59.00121152385059,"['not', 'play', 'outside']","['neg', 'v', 'adv']",CHI,RP
33910,1,14939596,19739,59.00121152385059,"['because_of', 'your', 'cold']","['prep', 'det:poss', 'adj']",CLI,YQ
33910,1,14939605,19739,59.00121152385059,['yeah'],['co'],CHI,AA
33910,1,14939614,19739,59.00121152385059,['uhoh'],['co'],CHI,MK
33910,1,14939625,19739,59.00121152385059,"['uhoh', 'what']","['co', 'pro:int']",CLI,RT
33910,1,14939644,19739,59.00121152385059,"['what', 'is', 'that']","['pro:int', 'cop', 'pro:dem']",CLI,QN
33910,1,14939660,19739,59.00121152385059,"['I', ""don't"", 'know']","['pro:sub', 'mod', 'v']",CHI,SA
33910,1,14939676,19739,59.00121152385059,"['you', ""don't""]","['pro:per', 'mod']",CLI,AP
33910,1,14939699,19739,59.00121152385059,"[""that's"", 'from', 'the', 'magic', 'marker']","['pro:dem', 'prep', 'det:art', 'n', 'n']",CLI,ST
33910,1,14939713,19739,59.00121152385059,"['it', 'comes', 'off']","['pro:per', 'v', 'adv']",CLI,SS
33910,1,14939726,19739,59.00121152385059,"[""that's"", 'okay']","['pro:dem', 'adj']",CLI,SS
33910,1,14939737,19739,59.00121152385059,['no'],['co'],CHI,RD
33910,1,14939750,19739,59.00121152385059,"['erase', 'that']","['v', 'pro:dem']",CHI,RP
33910,1,14939763,19739,59.00121152385059,"['where', 'did', 'you', 'get', 'this', 'from']","['pro:int', 'mod', 'pro:per', 'v', 'pro:dem', 'prep']",CLI,QN
33910,1,14939777,19739,59.00121152385059,"['um', 'Santa_Claus']","['', 'n:prop']",CHI,SA
33910,1,14939791,19739,59.00121152385059,['Santa_Claus'],['n:prop'],CLI,DW
33910,1,14939822,19739,59.00121152385059,"['what', 'are', 'you', 'drawing', 'now']","['pro:int', 'cop', 'pro:per', 'n', 'adv']",CLI,QN
33910,1,14939837,19739,59.00121152385059,"['um', 'water']","['', 'n']",CHI,SA
33910,1,14939853,19739,59.00121152385059,"['what', 'did', 'you', 'do', 'yesterday']","['pro:int', 'mod', 'pro:per', 'v', 'adv:tem']",CLI,QN
33910,1,14939868,19739,59.00121152385059,"['um', 'play', 'my', 'baby']","['', 'v', 'det:poss', 'n']",CHI,RP
33910,1,14939880,19739,59.00121152385059,"['um', 'play', 'my', 'color', 'book']","['', 'v', 'det:poss', 'n', 'n']",CHI,RP
33910,1,14939891,19739,59.00121152385059,"['you', 'colored', 'in', 'your', 'coloring', 'book']","['pro:per', 'v', 'prep', 'det:poss', 'part', 'n']",CLI,YQ
33910,1,14939909,19739,59.00121152385059,['yeah'],['co'],CHI,AA
33910,1,14939923,19739,59.00121152385059,"['now', 'look']","['adv', 'v']",CHI,RP
33910,1,14939940,19739,59.00121152385059,"['xxx', 'me', 'water', 'now']","['', 'pro:obj', 'n', 'adv']",CHI,RP
33910,1,14939956,19739,59.00121152385059,"['me', 'water']","['pro:obj', 'v']",CHI,RP
33910,1,14939969,19739,59.00121152385059,"['yes', 'the', 'water', 'is', 'coming', 'down']","['co', 'det:art', 'n', 'aux', 'part', 'adv']",CLI,ST
33910,1,14939983,19739,59.00121152385059,"['now', 'up', 'up']","['adv', 'adv', 'adv']",CHI,RP
33910,1,14939996,19739,59.00121152385059,['xxx'],[''],CHI,YY
33910,1,14940010,19739,59.00121152385059,['up'],['adv'],CLI,YY
33910,1,14940023,19739,59.00121152385059,"['now', 'the', 'water', 'is', 'coming', 'up']","['adv', 'det:art', 'n', 'aux', 'part', 'adv']",CLI,ST
33910,1,14940044,19739,59.00121152385059,['yep'],['co'],CHI,YY
33910,1,14940059,19739,59.00121152385059,"['I', 'xxx', 'up']","['pro:sub', '', 'adv']",CHI,YY
33910,1,14940071,19739,59.00121152385059,"['you', 'what']","['pro:per', 'pro:int']",CLI,AC
33910,1,14940084,19739,59.00121152385059,"['I', 'draw', 'the', 'water', 'up']","['pro:sub', 'v', 'det:art', 'n', 'adv']",CHI,ST
33910,1,14940097,19739,59.00121152385059,"['now', 'what', 'are', 'you', 'doing']","['adv', 'pro:int', 'aux', 'pro:per', 'part']",CLI,QN
33910,1,14940111,19739,59.00121152385059,"['I', 'erase']","['pro:sub', 'v']",CHI,SA
33910,1,14940123,19739,59.00121152385059,"['what', 'time']","['pro:int', 'n']",CHI,QN
33910,1,14940133,19739,59.00121152385059,"['do', 'you', 'wanna', 'guess']","['mod', 'pro:per', 'v', 'v']",CLI,RQ
33910,1,14940151,19739,59.00121152385059,"['um', 'yeah']","['', 'co']",CHI,AD
33910,1,14940161,19739,59.00121152385059,"['okay', 'guess']","['co', 'n']",CLI,AD
33910,1,14940173,19739,59.00121152385059,"['two', ""o'clock""]","['det:num', 'n']",CHI,ST
33910,1,14940185,19739,59.00121152385059,"['you', 'know', 'how', 'to', 'tell', 'time']","['pro:per', 'v', 'pro:int', 'inf', 'v', 'n']",CLI,ST
33910,1,14940217,19739,59.00121152385059,"['boy', 'are', 'you', 'smart']","['co', 'aux', 'pro:per', 'v']",CLI,AP
33910,1,14940228,19739,59.00121152385059,"['yes', ""it's"", 'two', ""o'clock""]","['co', 'pro:per', 'det:num', 'n']",CLI,AP
33910,1,14940243,19739,59.00121152385059,"['who', 'taught', 'you', 'that']","['pro:rel', 'v', 'pro:per', 'pro:dem']",CLI,QN
33910,1,14940261,19739,59.00121152385059,"['I', 'taught', 'by', 'myself']","['pro:sub', 'v', 'prep', 'pro:refl']",CHI,SA
33910,1,14940273,19739,59.00121152385059,"['good', 'job']","['adj', 'n']",CLI,AP
33910,1,14940288,19739,59.00121152385059,"['and', 'xxx']","['coord', '']",CHI,YY
33910,1,14940305,19739,59.00121152385059,"['you', 'got', 'a', 'watch']","['pro:per', 'v', 'det:art', 'n']",CLI,RP
33910,1,14940333,19739,59.00121152385059,"['you', ""don't"", 'have', 'a', 'watch']","['pro:per', 'mod', 'v', 'det:art', 'n']",CLI,RP
33910,1,14940354,19739,59.00121152385059,"['then', 'how', 'did', 'you', 'teach', 'yourself']","['adv:tem', 'pro:int', 'mod', 'pro:per', 'v', 'pro:refl']",CLI,QN
33910,1,14940366,19739,59.00121152385059,"['up', 'there']","['prep', 'n']",CHI,SA
33910,1,14940381,19739,59.00121152385059,"['by', 'looking', 'at', 'the', 'clock']","['adv', 'part', 'prep', 'det:art', 'n']",CLI,AP
33910,1,14940408,19739,59.00121152385059,"['what', 'kinds', 'of', 'toys', 'do', 'you', 'have', 'Terra']","['pro:int', 'n', 'prep', 'n', 'v', 'pro:per', 'v', 'n:prop']",CLI,QN
33910,1,14940421,19739,59.00121152385059,"['um', 'yellow', 'toy']","['', 'adj', 'n']",CHI,SA
33910,1,14940436,19739,59.00121152385059,"['what', 'do', 'they', 'look', 'like']","['pro:int', 'mod', 'pro:sub', 'v', 'conj']",CLI,QN
33910,1,14940454,19739,59.00121152385059,"['look', 'like', 'baby']","['v', 'conj', 'n']",CHI,RT
33910,1,14940469,19739,59.00121152385059,"['how', 'many', 'babies', 'do', 'you', 'have']","['pro:int', 'qn', 'n', 'v', 'pro:per', 'v']",CLI,QN
33910,1,14940483,19739,59.00121152385059,"['um', 'xxx']","['', '']",CHI,SA
33910,1,14940499,19739,59.00121152385059,['what'],['pro:int'],CLI,RR
33910,1,14940513,19739,59.00121152385059,['xxx'],[''],CHI,YY
33910,1,14940529,19739,59.00121152385059,"['I', 'got', 'it', 'one', 'you', 'see']","['pro:sub', 'v', 'pro:per', 'pro:indef', 'pro:per', 'v']",CHI,ST
33910,1,14940544,19739,59.00121152385059,"['you', 'have', 'one', 'of', 'these']","['pro:per', 'v', 'pro:indef', 'prep', 'pro:dem']",CLI,YQ
33910,1,14940556,19739,59.00121152385059,['no'],['co'],CHI,AN
33910,1,14940567,19739,59.00121152385059,"['I', 'xxx']","['pro:sub', '']",CHI,ST
33910,1,14940586,19739,59.00121152385059,"['do', 'you', 'have', 'a', 'Smurf', 'coloring', 'book']","['mod', 'pro:per', 'v', 'det:art', 'n:prop', 'part', 'n']",CLI,YQ
33910,1,14940603,19739,59.00121152385059,['yeah'],['co'],CHI,AA
33910,1,14940615,19739,59.00121152385059,"['what', 'do', 'you', 'color']","['pro:int', 'mod', 'pro:per', 'v']",CLI,QN
33910,1,14940630,19739,59.00121152385059,['Papa_Smurf'],['n:prop'],CHI,SA
33910,1,14940643,19739,59.00121152385059,"['do', 'you', 'like', 'to', 'color', 'Smurfs']","['mod', 'pro:per', 'v', 'inf', 'v', 'n:prop']",CLI,TQ
33910,1,14940660,19739,59.00121152385059,"['xxx', 'draw', 'no', 'more']","['', 'v', 'qn', 'pro:indef']",CHI,CS
33910,1,14940677,19739,59.00121152385059,"['I', 'no', 'want', 'do', 'no', 'more']","['pro:sub', 'co', 'v', 'v', 'qn', 'pro:indef']",CHI,RD
33910,1,14940704,19739,59.00121152385059,"['what', 'that']","['pro:int', 'adv']",CHI,QN
33910,1,14940722,19739,59.00121152385059,"['a', 'Smurf', 'book']","['det:art', 'n:prop', 'n']",CLI,SA
33910,1,14940736,19739,59.00121152385059,"['I', 'no', 'want', 'do', 'no', 'more']","['pro:sub', 'co', 'v', 'v', 'qn', 'pro:indef']",CHI,DW
33910,1,14940752,19739,59.00121152385059,"['what', 'are', 'you', 'going', 'to', 'do', 'tomorrow']","['pro:int', 'aux', 'pro:per', 'part', 'inf', 'v', 'adv:tem']",CLI,QN
33910,1,14940767,19739,59.00121152385059,"['watch', 'my', 'tv']","['v', 'det:poss', 'n']",CHI,RP
33910,1,14940779,19739,59.00121152385059,"['watch', 'your']","['v', 'det:poss']",CLI,RP
33910,1,14940814,19739,59.00121152385059,"['listen', 'my', 'radio']","['v', 'det:poss', 'n']",CHI,RP
33910,1,14940829,19739,59.00121152385059,"['I', 'got', 'one', 'too']","['pro:sub', 'v', 'det:num', 'post']",CHI,ST
33910,1,14940843,19739,59.00121152385059,"['this', 'big']","['det:dem', 'adj']",CHI,ST
33910,1,14940855,19739,59.00121152385059,"['that', 'big', 'wow']","['det:dem', 'adj', 'co']",CLI,AP
33910,1,14940867,19739,59.00121152385059,"['I', 'got', 'tv', 'too']","['pro:sub', 'v', 'n', 'post']",CHI,ST
33910,1,14940880,19739,59.00121152385059,"['boy', 'I', ""don't"", 'even', 'have', 'my', 'own', 'tv', 'and', 'you', 'are', 'going', 'listen', 'to', 'your', 'radio', 'too']","['n', 'pro:sub', 'mod', 'adv', 'v', 'det:poss', 'adj', 'n', 'coord', 'pro:per', 'cop', 'n:gerund', 'v', 'prep', 'det:poss', 'n', 'post']",CLI,ST
33910,1,14940894,19739,59.00121152385059,['yep'],['co'],CHI,AA
33910,1,14940905,19739,59.00121152385059,"['I', 'play', 'radio', 'everyday']","['pro:sub', 'n', 'n', 'adj']",CHI,ST
33910,1,14940914,19739,59.00121152385059,"['can', 'you', 'tell', 'me', 'what', 'colors', 'are', 'on', 'this', 'page']","['mod', 'pro:per', 'v', 'pro:obj', 'pro:int', 'n', 'cop', 'prep', 'det:dem', 'n']",CLI,RP
33910,1,14940921,19739,59.00121152385059,"['purple', 'yellow', 'brown', 'blue', 'red']","['adj', 'n', 'adj', 'n', 'n']",CHI,ST
33910,1,14940933,19739,59.00121152385059,"['good', 'Terra']","['adj', 'n:prop']",CLI,AP
33910,1,14940950,19739,59.00121152385059,"[""what's"", 'he', 'doing']","['pro:int', 'pro:sub', 'part']",CLI,QN
33910,1,14940967,19739,59.00121152385059,"['um', 'a', 'eat']","['', 'det:art', 'v']",CHI,SA
33910,1,14940976,19739,59.00121152385059,"['what', 'else', 'is', 'he', 'doing']","['pro:int', 'post', 'aux', 'pro:sub', 'part']",CLI,QN
33910,1,14940996,19739,59.00121152385059,"['look', 'xxx', 'Gargamel']","['v', '', 'n:prop']",CHI,RP
33910,1,14941009,19739,59.00121152385059,"['he', 'moo']","['pro:sub', 'on']",CHI,PR
33910,1,14941019,19739,59.00121152385059,"['what', 'is', 'that']","['pro:int', 'cop', 'pro:dem']",CLI,QN
33910,1,14941030,19739,59.00121152385059,['moo'],['on'],CHI,PR
33910,1,14941045,19739,59.00121152385059,"['the', 'xxx']","['det:art', '']",CHI,YY
33910,1,14941057,19739,59.00121152385059,['look'],['co'],CHI,RP
33910,1,14941072,19739,59.00121152385059,['where'],['pro:rel'],CLI,QN
33910,1,14941081,19739,59.00121152385059,"['not', 'yet']","['neg', 'adv']",CHI,SA
33910,1,14941091,19739,59.00121152385059,"['oh', 'oh']","['co', 'co']",CHI,MK
33910,1,14941106,19739,59.00121152385059,"['that', 'what', 'you', 'eat']","['pro:dem', 'pro:int', 'pro:per', 'v']",CHI,QN
33910,1,14941117,19739,59.00121152385059,"[""that's"", 'what', ""he's"", 'going', 'to', 'eat']","['pro:dem', 'pro:int', 'pro:sub', 'part', 'inf', 'v']",CLI,AC
33910,1,14941131,19739,59.00121152385059,['yep'],['co'],CHI,YY
33910,1,14941143,19739,59.00121152385059,"['a', 'xxx']","['det:art', '']",CHI,YY
33910,1,14941161,19739,59.00121152385059,"['what', 'that']","['pro:int', 'adv']",CHI,QN
33910,1,14941174,19739,59.00121152385059,"[""that's"", 'a', 'pear']","['pro:dem', 'det:art', 'n']",CLI,SA
33910,1,14941187,19739,59.00121152385059,"['what', 'that']","['pro:int', 'adv']",CHI,QN
33910,1,14941197,19739,59.00121152385059,"['you', 'know', 'what', 'a', 'pear', 'is']","['pro:per', 'v', 'pro:int', 'det:art', 'n', 'cop']",CLI,YA
33910,1,14941214,19739,59.00121152385059,['yeah'],['co'],CHI,AA
33910,1,14941225,19739,59.00121152385059,['eat'],['v'],CHI,YY
33910,1,14941237,19739,59.00121152385059,"['pears', 'are', 'fruit']","['n', 'cop', 'n']",CLI,SA
33910,1,14941251,19739,59.00121152385059,['Papa_Smurf'],['n:prop'],CHI,SA
33910,1,14941261,19739,59.00121152385059,"[""that's"", 'right']","['pro:dem', 'co']",CLI,AP
33910,1,14941271,19739,59.00121152385059,"[""that's"", 'Papa_Smurf']","['pro:dem', 'n:prop']",CLI,CL
33910,1,14941284,19739,59.00121152385059,"['um', 'draw']","['', 'v']",CHI,YY
33910,1,14941293,19739,59.00121152385059,['draw'],['v'],CHI,YY
33910,1,14941308,19739,59.00121152385059,"['where', 'Papa_Smurf', 'lives']","['pro:rel', 'n:prop', 'n']",CHI,QN
33910,1,14941321,19739,59.00121152385059,"['who', 'else', 'lives', 'there']","['pro:int', 'post', 'v', 'adv']",CLI,QN
33910,1,14941334,19739,59.00121152385059,"['more', 'Smurfs', 'xxx']","['adv', 'n:prop', '']",CHI,SA
33910,1,14941345,19739,59.00121152385059,['who'],['pro:rel'],CLI,QN
33910,1,14941358,19739,59.00121152385059,['Smurfettes'],['n:prop'],CHI,YY
33910,1,14941374,19739,59.00121152385059,"['hey', 'Terra']","['co', 'n:prop']",CLI,CL
33910,1,14941386,19739,59.00121152385059,['what'],['pro:int'],CHI,QN
33910,1,14941403,19739,59.00121152385059,"['can', 'you', 'tell', 'me', 'what', 'you', 'got', 'for', 'christmas']","['mod', 'pro:per', 'v', 'pro:obj', 'pro:int', 'pro:per', 'v', 'prep', 'n']",CLI,QN
33910,1,14941414,19739,59.00121152385059,"['um', 'baby']","['', 'n']",CHI,SA
33910,1,14941432,19739,59.00121152385059,"['what', 'is', 'the', ""baby's"", 'name']","['pro:int', 'cop', 'det:art', 'adj', 'n']",CLI,AP
33910,1,14941448,19739,59.00121152385059,"['I', 'got', 'no', ""baby's"", 'name']","['pro:sub', 'v', 'qn', 'adj', 'n']",CHI,ST
33910,1,14941468,19739,59.00121152385059,"['I', 'got', 'so', 'much', 'babies']","['pro:sub', 'v', 'adv', 'adv', 'n']",CHI,ST
33910,1,14941485,19739,59.00121152385059,['what'],['pro:int'],CLI,QN
33910,1,14941500,19739,59.00121152385059,"['I', 'got', 'so', 'much', 'babies']","['pro:sub', 'v', 'adv', 'adv', 'n']",CHI,SA
33910,1,14941517,19739,59.00121152385059,['uhoh'],['co'],CHI,MK
33910,1,14941530,19739,59.00121152385059,"[""what's"", 'that']","['pro:int', 'pro:dem']",CLI,QN
33910,1,14941546,19739,59.00121152385059,"['I', ""don't"", 'know']","['pro:sub', 'mod', 'v']",CHI,SA
33910,1,14941558,19739,59.00121152385059,['dirty'],['adj'],CLI,AQ
33910,1,14941569,19739,59.00121152385059,['yeah'],['co'],CHI,AA
33910,1,14941585,19739,59.00121152385059,['dirty'],['adj'],CHI,YY
33910,1,14941601,19739,59.00121152385059,"['what', 'do', 'you', 'think', 'that', 'is']","['pro:int', 'mod', 'pro:per', 'v', 'pro:dem', 'cop']",CLI,QN
33910,1,14941618,19739,59.00121152385059,"['I', ""don't"", 'know']","['pro:sub', 'mod', 'v']",CHI,SA
33910,1,14941637,19739,59.00121152385059,['guess'],['n'],CLI,EC
33910,1,14941652,19739,59.00121152385059,['coffee'],['n'],CHI,SC
33910,1,14941668,19739,59.00121152385059,"[""you're"", 'right']","['pro:per', 'co']",CLI,AP
33910,1,14941679,19739,59.00121152385059,"['why', 'you', 'spill']","['pro:int', 'pro:per', 'v']",CHI,QN
33910,1,14941694,19739,59.00121152385059,"['because', 'the', 'cup', 'was', 'too', 'full']","['conj', 'det:art', 'n', 'cop', 'adv', 'adj']",CLI,SA
33910,1,14941715,19739,59.00121152385059,"['hey', ""it's"", 'almost', 'the', 'color', 'of', 'your', 'hair']","['co', 'pro:per', 'adv', 'det:art', 'n', 'prep', 'det:poss', 'n']",CLI,ST
33910,1,14941735,19739,59.00121152385059,"['what', 'color', 'is', 'your', 'hair']","['pro:int', 'n', 'cop', 'det:poss', 'n']",CLI,QN
33910,1,14941751,19739,59.00121152385059,['red'],['adj'],CHI,SA
33910,1,14941765,19739,59.00121152385059,"['brown', 'or', 'red']","['adj', 'coord', 'adj']",CLI,TQ
33910,1,14941773,19739,59.00121152385059,['red'],['adj'],CHI,TA
33910,1,14941790,19739,59.00121152385059,"[""doesn't"", 'one', 'of', 'you', 'babies', 'have', 'red', 'hair']","['mod', 'det:num', 'prep', 'pro:per', 'v', 'v', 'adj', 'n']",CLI,ST
33910,1,14941805,19739,59.00121152385059,"['yeah', 'like', 'me']","['co', 'prep', 'pro:obj']",CHI,AA
33910,1,14941821,19739,59.00121152385059,"['you', 'must', 'have', 'one', 'name', 'for', 'her']","['pro:per', 'mod', 'v', 'det:num', 'n', 'prep', 'pro:obj']",CLI,ST
33910,1,14941836,19739,59.00121152385059,"['no', 'no']","['co', 'co']",CHI,PF
33910,1,14941847,19739,59.00121152385059,"['no', 'I', ""don't""]","['co', 'pro:sub', 'mod']",CHI,PF
33910,1,14941863,19739,59.00121152385059,"['what', 'this']","['pro:int', 'det:dem']",CHI,QN
33910,1,14941882,19739,59.00121152385059,"[""don't"", 'touch']","['mod', 'v']",CLI,PF
33910,1,14941896,19739,59.00121152385059,"['you', ""don't"", 'know', 'what', 'this', 'is']","['pro:per', 'mod', 'v', 'pro:int', 'det:dem', 'cop']",CLI,ST
33910,1,14941914,19739,59.00121152385059,['no'],['co'],CHI,RD
33910,1,14941924,19739,59.00121152385059,"['I', 'want']","['pro:sub', 'v']",CHI,ST
33910,1,14941940,19739,59.00121152385059,"['no', 'Terra']","['co', 'n:prop']",CLI,DW
33910,1,14941954,19739,59.00121152385059,"[""that's"", 'not', 'a', 'toy']","['pro:dem', 'neg', 'det:art', 'n']",CLI,DW
33910,1,14941970,19739,59.00121152385059,"['I', 'want']","['pro:sub', 'v']",CHI,SI
33910,1,14941979,19739,59.00121152385059,"['I', 'will', 'show', 'you', 'it', 'when', 'we', 'are', 'all', 'done']","['pro:sub', 'mod', 'v', 'pro:per', 'pro:per', 'conj', 'pro:sub', 'aux', 'adv', 'part']",CLI,SI
33910,1,14941999,19739,59.00121152385059,"['all', 'done']","['post', 'part']",CHI,DC
33910,1,14942015,19739,59.00121152385059,"['yes', 'you', 'can', 'look', 'at', 'it', 'when', 'we', 'are', 'all', 'done']","['co', 'pro:per', 'mod', 'v', 'prep', 'pro:per', 'conj', 'pro:sub', 'aux', 'adv', 'part']",CLI,PA
33910,1,14942032,19739,59.00121152385059,"['what', 'this']","['pro:int', 'det:dem']",CHI,QN
33910,1,14942047,19739,59.00121152385059,['ear+rings'],[''],CHI,SA
33910,1,14942059,19739,59.00121152385059,"['yes', 'these', 'are', 'ear+rings']","['co', 'pro:dem', 'cop', '']",CLI,AP
33910,1,14942074,19739,59.00121152385059,"['what', 'do', 'they', 'look', 'like']","['pro:int', 'mod', 'pro:sub', 'v', 'conj']",CLI,QN
33910,1,14942088,19739,59.00121152385059,"['um', 'gold']","['', 'adj']",CHI,SA
33910,1,14942116,19739,59.00121152385059,"['I', 'got', 'ear+rings', 'too']","['pro:sub', 'v', '', 'post']",CHI,ST
33910,1,14942130,19739,59.00121152385059,"['those', 'are', 'pretty']","['det:dem', 'aux', 'adv']",CLI,ST
33910,1,14942143,19739,59.00121152385059,"['Mommie', 'got', 'them']","['n:prop', 'v', 'pro:obj']",CHI,ST
33910,1,14942163,19739,59.00121152385059,"['what', 'did', 'you', 'and', 'your', 'brother', 'do', 'yesterday']","['pro:int', 'mod', 'pro:per', 'coord', 'det:poss', 'n', 'v', 'adv:tem']",CLI,QN
33910,1,14942185,19739,59.00121152385059,['nothing'],['pro:indef'],CHI,YY
33910,1,14942195,19739,59.00121152385059,"['you', 'must', 'have', 'done', 'something']","['pro:per', 'mod', 'v', 'part', 'pro:indef']",CLI,ST
33910,1,14942209,19739,59.00121152385059,"['you', 'stayed', 'in', 'bed', 'all', 'day']","['pro:per', 'cop', 'prep', 'n', 'qn', 'n']",CLI,ST
33910,1,14942226,19739,59.00121152385059,['no'],['co'],CHI,RD
33910,1,14942244,19739,59.00121152385059,"['watch', 'my', 'tv']","['v', 'det:poss', 'n']",CHI,RP
33910,1,14942257,19739,59.00121152385059,['what'],['pro:int'],CLI,QN
33910,1,14942267,19739,59.00121152385059,"['go', 'out', 'eat']","['v', 'adv', 'v']",CHI,RP
33910,1,14942280,19739,59.00121152385059,"['where', 'did', 'you', 'go']","['pro:int', 'mod', 'pro:per', 'v']",CLI,QN
33910,1,14942295,19739,59.00121152385059,['Big_Boy'],['n:prop'],CHI,SA
33910,1,14942309,19739,59.00121152385059,"['what', 'did', 'you', 'eat', 'at', 'Big_Boys']","['pro:int', 'mod', 'pro:per', 'v', 'prep', 'n:prop']",CLI,QN
33910,1,14942327,19739,59.00121152385059,"['um', 'hamburger', 'and', 'water']","['', 'n', 'coord', 'n']",CHI,SA
33910,1,14942339,19739,59.00121152385059,"['did', 'you', 'have', 'anything', 'else']","['mod', 'pro:per', 'v', 'pro:indef', 'post']",CLI,QN
33910,1,14942354,19739,59.00121152385059,"['that', 'all']","['adv', 'adv']",CHI,SA
33910,1,14942371,19739,59.00121152385059,"['you', ""didn't"", 'have', 'french', 'fries']","['pro:per', 'mod', 'v', 'adj', 'n']",CLI,ST
33910,1,14942383,19739,59.00121152385059,['no'],['co'],CHI,RD
33910,1,14942400,19739,59.00121152385059,"['I', 'eat', 'Big_Boy', 'up']","['pro:sub', 'v', 'n:prop', 'adv']",CHI,ST
33910,1,14942423,19739,59.00121152385059,"['wow', 'you', 'ate', 'it', 'all']","['co', 'pro:per', 'v', 'pro:per', 'adv']",CLI,ST
33910,1,14942441,19739,59.00121152385059,['xxx'],[''],CHI,YY
33910,1,14942455,19739,59.00121152385059,"['my', 'Mommie', 'xxx', 'not', 'xxx', 'eat']","['det:poss', 'n:prop', '', 'neg', '', 'v']",CHI,DP
33910,1,14942466,19739,59.00121152385059,"['your', 'Mommie', ""didn't"", 'eat']","['det:poss', 'n:prop', 'mod', 'v']",CLI,YD
33910,1,14942487,19739,59.00121152385059,['look'],['co'],CHI,RP
33910,1,14942499,19739,59.00121152385059,"['what', 'are', 'those']","['pro:int', 'cop', 'pro:dem']",CLI,QN
33910,1,14942513,19739,59.00121152385059,['fishes'],['n'],CHI,SA
33910,1,14942527,19739,59.00121152385059,"['what', 'are', 'they', 'doing']","['pro:int', 'cop', 'pro:sub', 'part']",CLI,AP
33910,1,14942541,19739,59.00121152385059,"['play', 'in', 'water']","['n', 'prep', 'n']",CHI,RP
33910,1,14942550,19739,59.00121152385059,"['I', 'have', 'a', 'surprise', 'for', 'you']","['pro:sub', 'v', 'det:art', 'n', 'prep', 'pro:per']",CLI,ST
33910,1,14942566,19739,59.00121152385059,['what'],['pro:int'],CHI,QN
33910,1,14942581,19739,59.00121152385059,"['a', 'puzzle']","['det:art', 'n']",CLI,SA
33910,1,14942591,19739,59.00121152385059,"['a', 'elephant']","['det:art', 'n']",CHI,SA
33910,1,14942606,19739,59.00121152385059,"['a', 'Mommie']","['det:art', 'n:prop']",CHI,SA
33910,1,14942619,19739,59.00121152385059,"['yes', 'it', 'could', 'be', 'a', 'Mommie']","['co', 'pro:per', 'mod', 'cop', 'det:art', 'n:prop']",CLI,AP
33910,1,14942629,19739,59.00121152385059,"['what', 'is', 'happening', 'to', 'the', 'elephant']","['pro:int', 'aux', 'part', 'prep', 'det:art', 'n']",CLI,QN
33910,1,14942641,19739,59.00121152385059,"['blowing', 'water', 'out']","['part', 'n', 'adv']",CHI,SA
33910,1,14942654,19739,59.00121152385059,"['is', 'that', 'all']","['cop', 'adv', 'adv']",CLI,YQ
33910,1,14942667,19739,59.00121152385059,['yeah'],['co'],CHI,AA
33910,1,14942678,19739,59.00121152385059,"['I', 'took', 'one', 'right', 'there', 'and', 'put', 'xxx']","['pro:sub', 'v', 'pro:indef', 'adv', 'adv', 'coord', 'v', '']",CHI,SI
33910,1,14942693,19739,59.00121152385059,"['tell', 'me', 'what', 'you', 'are', 'doing', 'so', 'I', 'can', 'help', 'you']","['v', 'pro:obj', 'pro:int', 'pro:per', 'cop', 'n:gerund', 'adv', 'pro:sub', 'mod', 'v', 'pro:per']",CLI,QN
33910,1,14942705,19739,59.00121152385059,"['um', 'I', 'taking', 'piece', 'out']","['', 'pro:sub', 'n:gerund', 'n', 'adv']",CHI,SA
33910,1,14942716,19739,59.00121152385059,"['so', 'much', 'thing']","['adv', 'qn', 'n']",CHI,ST
33910,1,14942725,19739,59.00121152385059,"['I', 'need', 'some', 'room']","['pro:sub', 'v', 'qn', 'n']",CHI,ST
33910,1,14942735,19739,59.00121152385059,"['you', 'need', 'room']","['pro:per', 'v', 'n']",CLI,YQ
33910,1,14942745,19739,59.00121152385059,['yeah'],['co'],CHI,AA
33910,1,14942754,19739,59.00121152385059,"['I', 'got', 'room']","['pro:sub', 'v', 'n']",CHI,ST
