transcript_file,label,utterance_id,child_id,age_months,tokens,pos,speaker_code,speech_act
32668,1,14571169,19341,37.00075976919444,['xxx'],[''],CHI,YY
32668,1,14571170,19341,37.00075976919444,['what'],['pro:int'],CLI,RR
32668,1,14571171,19341,37.00075976919444,['xxx'],[''],CHI,YY
32668,1,14571172,19341,37.00075976919444,"['what', 'is', 'that']","['pro:int', 'cop', 'pro:dem']",CLI,QN
32668,1,14571173,19341,37.00075976919444,['microphone'],['n'],CHI,SA
32668,1,14571174,19341,37.00075976919444,"[""it's"", 'a', 'what']","['pro:per', 'det:art', 'pro:int']",CLI,QN
32668,1,14571175,19341,37.00075976919444,['microphone'],['n'],CHI,SA
32668,1,14571176,19341,37.00075976919444,['right'],['co'],CLI,AP
32668,1,14571177,19341,37.00075976919444,"['good', 'job']","['adj', 'n']",CLI,PM
32668,1,14571178,19341,37.00075976919444,['Bert'],['n:prop'],CHI,YY
32668,1,14571179,19341,37.00075976919444,"['who', 'is', 'that']","['pro:int', 'cop', 'pro:dem']",CLI,QN
32668,1,14571180,19341,37.00075976919444,['Bert'],['n:prop'],CHI,SA
32668,1,14571181,19341,37.00075976919444,['Bert'],['n:prop'],CLI,DW
32668,1,14571182,19341,37.00075976919444,"['how', 'about', 'big', 'bird']","['pro:int', 'adv', 'adj', 'n']",CLI,ST
32668,1,14571183,19341,37.00075976919444,['Big_Bird'],['n:prop'],CHI,YY
32668,1,14571184,19341,37.00075976919444,"['cookie', 'monster']","['n', 'n']",CHI,YY
32668,1,14571185,19341,37.00075976919444,['king'],['n'],CHI,YY
32668,1,14571186,19341,37.00075976919444,"[""who's"", 'that']","['pro:int', 'pro:dem']",CLI,QN
32668,1,14571187,19341,37.00075976919444,['Bert'],['n:prop'],CHI,YY
32668,1,14571188,19341,37.00075976919444,['Bert'],['n:prop'],CHI,YY
32668,1,14571189,19341,37.00075976919444,"['both', 'are', 'Bert']","['post', 'aux', 'n:prop']",CLI,RT
32668,1,14571190,19341,37.00075976919444,"['one', 'Bert']","['det:num', 'n:prop']",CHI,RT
32668,1,14571191,19341,37.00075976919444,['what'],['pro:int'],CLI,QN
32668,1,14571192,19341,37.00075976919444,"['one', 'Bert']","['det:num', 'n:prop']",CHI,SA
32668,1,14571193,19341,37.00075976919444,"[""one's"", 'Bert']","['adj', 'n:prop']",CLI,AP
32668,1,14571194,19341,37.00075976919444,"['one', 'Ernie']","['det:num', 'n:prop']",CHI,ST
32668,1,14571195,19341,37.00075976919444,['right'],['co'],CLI,AP
32668,1,14571196,19341,37.00075976919444,"['what', 'are', 'they', 'doing']","['pro:int', 'cop', 'pro:sub', 'part']",CLI,QN
32668,1,14571197,19341,37.00075976919444,"['that', 'Ernie', 'cop', 'car']","['pro:dem', 'n:prop', 'n', 'n']",CHI,SA
32668,1,14571198,19341,37.00075976919444,"[""it's"", 'a', 'what']","['pro:per', 'det:art', 'pro:int']",CLI,RR
32668,1,14571199,19341,37.00075976919444,"['cop', 'car']","['n', 'n']",CHI,ST
32668,1,14571200,19341,37.00075976919444,['oh'],['co'],CLI,MK
32668,1,14571201,19341,37.00075976919444,"['Ernie', 'cop', 'car']","['n:prop', 'n', 'n']",CHI,ST
32668,1,14571202,19341,37.00075976919444,"['oh', 'I', 'see', 'mhn']","['co', 'pro:sub', 'v', '']",CLI,MK
32668,1,14571203,19341,37.00075976919444,"['one', 'car', 'had', 'blue', 'xxx', 'wa', 'back']","['det:num', 'n', 'v', 'n', '', '', 'n']",CHI,ST
32668,1,14571204,19341,37.00075976919444,"['siren', 'on', 'top']","['n', 'prep', 'n']",CHI,ST
32668,1,14571205,19341,37.00075976919444,"[""there's"", 'one', 'cop', 'car']","['pro:exist', 'det:num', 'n', 'n']",CLI,ST
32668,1,14571206,19341,37.00075976919444,"['and', 'it', 'has', 'the', 'siren', 'on', 'the', 'back', 'right']","['coord', 'pro:per', 'aux', 'det:art', 'n', 'prep', 'det:art', 'adj', 'adj']",CLI,ST
32668,1,14571207,19341,37.00075976919444,"['no', 'hole']","['qn', 'n']",CHI,DW
32668,1,14571215,19341,37.00075976919444,['hole'],['n'],CHI,SA
32668,1,14571217,19341,37.00075976919444,"['and', 'hole']","['coord', 'n']",CLI,AP
32668,1,14571218,19341,37.00075976919444,"['for', 'what']","['prep', 'pro:int']",CLI,QN
32668,1,14571219,19341,37.00075976919444,"['put', 'gas', 'in']","['v', 'n', 'adv']",CHI,SA
32668,1,14571220,19341,37.00075976919444,"[""that's"", 'right']","['pro:dem', 'co']",CLI,AP
32668,1,14571221,19341,37.00075976919444,"['king', 'hh', 'on']","['n', '', 'adv']",CHI,ST
32668,1,14571230,19341,37.00075976919444,"['they', 'all', 'get', 'to', 'ride']","['pro:sub', 'post', 'v', 'prep', 'n']",CLI,ST
32668,1,14571236,19341,37.00075976919444,['xxx'],[''],CHI,YY
32671,1,14571340,19341,40.000821372102095,"['one', 'ear', 'on']","['det:num', 'n', 'adv']",CHI,ST
32671,1,14571348,19341,40.000821372102095,"['one', 'ear', 'on']","['det:num', 'n', 'adv']",CLI,CT
32671,1,14571356,19341,40.000821372102095,"['I', 'wonder']","['pro:sub', 'v']",CLI,ST
32671,1,14571364,19341,40.000821372102095,"['look', 'what', 'I', 'found']","['v', 'pro:int', 'pro:sub', 'v']",CLI,QN
32671,1,14571373,19341,40.000821372102095,"['another', 'ear']","['qn', 'n']",CHI,SA
32671,1,14571383,19341,40.000821372102095,"['another', 'ear']","['qn', 'n']",CLI,CT
32671,1,14571391,19341,40.000821372102095,"['what', 'is', 'that']","['pro:int', 'cop', 'pro:dem']",CHI,QN
32671,1,14571401,19341,40.000821372102095,"['what', 'is', 'that']","['pro:int', 'cop', 'pro:dem']",CLI,AC
32671,1,14571414,19341,40.000821372102095,"['this', 'is', 'a', 'little', 'tiny', 'box', 'that', 'I', 'carry', 'in', 'my', 'purse', 'for', 'little', 'tiny', 'things']","['pro:dem', 'cop', 'det:art', 'adj', 'adj', 'n', 'pro:rel', 'pro:sub', 'v', 'prep', 'det:poss', 'n', 'prep', 'adj', 'adj', 'n']",CLI,ST
32671,1,14571428,19341,40.000821372102095,"['you', 'do', 'that', 'for']","['pro:per', 'v', 'pro:dem', 'prep']",CHI,RP
32671,1,14571441,19341,40.000821372102095,"['what', 'do', 'I', 'do', 'that', 'for']","['pro:int', 'mod', 'pro:sub', 'v', 'pro:dem', 'prep']",CLI,QN
32671,1,14571452,19341,40.000821372102095,"['sew', 'on', 'that']","['v', 'prep', 'pro:dem']",CHI,SA
32671,1,14571464,19341,40.000821372102095,"['sew', 'on', 'that']","['v', 'prep', 'pro:dem']",CLI,DW
32671,1,14571473,19341,40.000821372102095,"['what', 'do', 'you', 'think', ""I'm"", 'gonna', 'sew', 'on']","['pro:int', 'mod', 'pro:per', 'v', 'pro:sub', 'part', 'v', 'adv']",CLI,QN
32671,1,14571486,19341,40.000821372102095,"['he', 'another', 'ear']","['pro:sub', 'qn', 'n']",CHI,SA
32671,1,14571497,19341,40.000821372102095,"['I', 'thought', ""I'd"", 'try', 'to', 'do', 'that']","['pro:sub', 'v', 'pro:sub', 'v', 'inf', 'v', 'pro:dem']",CLI,AP
32671,1,14571509,19341,40.000821372102095,"['I', 'think', ""I'll"", 'try', 'to', 'do', 'that', 'while', ""you're"", 'getting', 'your', 'things', 'ready']","['pro:sub', 'v', 'pro:sub', 'v', 'inf', 'v', 'det:dem', 'n', 'pro:per', 'part', 'det:poss', 'n', 'adj']",CLI,ST
32671,1,14571520,19341,40.000821372102095,"['somebody', 'knocked', 'door', 'that', 'door']","['pro:indef', 'v', '', 'comp', 'n']",CHI,ST
32671,1,14571631,19341,40.000821372102095,"['somebody', 'knocked', 'at', 'that', 'door']","['pro:indef', 'v', 'prep', 'det:dem', 'n']",CLI,ST
32671,1,14571642,19341,40.000821372102095,"['do', 'you', 'think', ""it's"", 'really', 'somebody']","['mod', 'pro:per', 'v', 'pro:per', 'adv', 'pro:indef']",CLI,ST
32671,1,14571652,19341,40.000821372102095,"['what', 'do', 'you', 'think', 'it', 'is']","['pro:int', 'mod', 'pro:per', 'v', 'pro:per', 'cop']",CLI,QN
32671,1,14571666,19341,40.000821372102095,"['you', 'check']","['pro:per', 'v']",CHI,SA
32671,1,14571679,19341,40.000821372102095,"['I', 'check']","['pro:sub', 'v']",CLI,AP
32671,1,14571692,19341,40.000821372102095,"['check', 'and', 'see']","['n', 'coord', 'v']",CLI,RP
32671,1,14571709,19341,40.000821372102095,"[""nobody's"", 'there']","['pro:indef', 'adv']",CLI,MK
32671,1,14571722,19341,40.000821372102095,"['you', 'know', 'I', 'think', 'the', 'wind', 'makes', 'it', 'do', 'that']","['pro:per', 'v', 'pro:sub', 'v', 'det:art', 'n', 'v', 'pro:per', 'v', 'pro:dem']",CLI,ST
32671,1,14571740,19341,40.000821372102095,"['sometimes', 'the', 'wind', 'makes', 'noise', 'like', 'that']","['adv', 'det:art', 'n', 'v', 'n', 'prep', 'pro:dem']",CLI,ST
32671,1,14571756,19341,40.000821372102095,"['looks', 'like', 'art', 'is', 'building', 'what']","['v', 'co', 'n', 'cop', 'n', 'pro:int']",CLI,ST
32671,1,14571765,19341,40.000821372102095,['jump'],['n'],CHI,YY
32671,1,14571778,19341,40.000821372102095,['building'],['n'],CLI,YY
32671,1,14571791,19341,40.000821372102095,['jump'],['n'],CHI,YY
32671,1,14571804,19341,40.000821372102095,['junk'],['n'],CLI,YY
32671,1,14571822,19341,40.000821372102095,['jump'],['n'],CHI,YY
32671,1,14571835,19341,40.000821372102095,"['oh', 'jump']","['co', 'n']",CLI,RT
32671,1,14571847,19341,40.000821372102095,"['a', 'place', 'to', 'jump']","['det:art', 'n', 'prep', 'n']",CLI,ST
32671,1,14571862,19341,40.000821372102095,"['I', 'never', 'saw', 'a', 'car', 'that', 'jumps']","['pro:sub', 'adv', 'v', 'det:art', 'n', 'pro:rel', 'v']",CLI,ST
32671,1,14571878,19341,40.000821372102095,"['two', 'jump']","['det:num', 'n']",CHI,ST
32671,1,14571894,19341,40.000821372102095,"['two', 'jump']","['det:num', 'n']",CLI,CT
32671,1,14571905,19341,40.000821372102095,"['wind', 'do', 'that']","['n', 'v', 'pro:dem']",CHI,ST
32671,1,14571922,19341,40.000821372102095,"['what', 'do', 'that']","['pro:int', 'v', 'pro:dem']",CLI,QN
32671,1,14571945,19341,40.000821372102095,['wind'],['n'],CHI,SA
32671,1,14571964,19341,40.000821372102095,"['wind', 'does', 'that']","['n', 'mod', 'pro:dem']",CLI,AP
32671,1,14571981,19341,40.000821372102095,"['I', 'think', ""that's"", 'what', 'it', 'is']","['pro:sub', 'v', 'pro:dem', 'pro:int', 'pro:per', 'cop']",CLI,AP
32671,1,14572004,19341,40.000821372102095,"['I', 'think', ""that's"", 'right']","['pro:sub', 'v', 'comp', 'co']",CLI,AP
32671,1,14572016,19341,40.000821372102095,"['now', 'what', 'should', 'I', 'do', 'I', 'wonder']","['adv', 'pro:int', 'mod', 'pro:sub', 'v', 'pro:sub', 'v']",CLI,QN
32671,1,14572035,19341,40.000821372102095,"['what', 'do', 'I', 'needta', 'go']","['pro:int', 'mod', 'pro:sub', 'v', 'v']",CLI,QN
32671,1,14572060,19341,40.000821372102095,"['cut', 'it']","['v', 'pro:per']",CHI,SA
32671,1,14572072,19341,40.000821372102095,"['cut', 'it']","['v', 'pro:per']",CHI,SA
32671,1,14572088,19341,40.000821372102095,"['yes', ""I'm"", 'cutting', 'it']","['co', 'pro:sub', 'part', 'pro:per']",CLI,AP
32671,1,14572109,19341,40.000821372102095,"['and', 'Kevin', 'go', 'one', 'those']","['coord', 'n:prop', 'v', 'det:num', 'pro:dem']",CHI,ST
32671,1,14572118,19341,40.000821372102095,"['one', 'of', 'what']","['det:num', 'prep', 'pro:int']",CLI,QN
32671,1,14572128,19341,40.000821372102095,"['one', 'those', 'right', 'here']","['det:num', 'pro:dem', 'adv', 'adv']",CHI,SA
32671,1,14572144,19341,40.000821372102095,"['one', 'of', 'those', 'scissors']","['det:num', 'prep', 'det:dem', 'n']",CLI,AP
32671,1,14572159,19341,40.000821372102095,"['who', 'has']","['pro:rel', 'aux']",CLI,QN
32671,1,14572176,19341,40.000821372102095,['Kevin'],['n:prop'],CHI,SA
32671,1,14572187,19341,40.000821372102095,['Catherine'],['n:prop'],CLI,DW
32671,1,14572199,19341,40.000821372102095,"['no', 'Kevin']","['co', 'n:prop']",CHI,DW
32671,1,14572214,19341,40.000821372102095,['oh'],['co'],CLI,MK
32671,1,14572233,19341,40.000821372102095,"['those', 'are', 'nice', 'little', 'scissors']","['pro:dem', 'cop', 'adj', 'adj', 'n']",CLI,ST
32671,1,14572248,19341,40.000821372102095,"['I', 'buy', 'one', 'those', 'Kevin']","['pro:sub', 'n', 'det:num', 'det:dem', 'n:prop']",CHI,ST
32671,1,14572264,19341,40.000821372102095,"['sought', 'one', 'of', 'those', 'huh']","['v', 'det:num', 'prep', 'det:dem', 'co']",CLI,ST
32671,1,14572276,19341,40.000821372102095,['Karen'],['n:prop'],CHI,YY
32671,1,14572289,19341,40.000821372102095,"['play', 'that', 'now', 'that', 'dog']","['n', 'comp', 'adv', 'adv', 'n']",CHI,ST
32671,1,14572301,19341,40.000821372102095,"['play', 'with', 'the', 'dog']","['n', 'prep', 'det:art', 'n']",CLI,AP
32671,1,14572314,19341,40.000821372102095,"['he', 'says', 'art', 'what', 'are', 'you', 'making']","['pro:sub', 'v', 'n', 'pro:int', 'aux', 'pro:per', 'part']",CLI,QN
32671,1,14572335,19341,40.000821372102095,"['build', 'road']","['v', 'n']",CHI,SA
32671,1,14572356,19341,40.000821372102095,"['a', 'road']","['det:art', 'n']",CLI,AP
32671,1,14572367,19341,40.000821372102095,"['building', 'a', 'road']","['n', 'det:art', 'n']",CLI,ST
32671,1,14572386,19341,40.000821372102095,"['build', 'house']","['v', 'n']",CHI,ST
32671,1,14572397,19341,40.000821372102095,"['build', 'a', 'house', 'for']","['v', 'det:art', 'n', 'prep']",CLI,AP
32671,1,14572411,19341,40.000821372102095,"['barn', 'barn', 'moo']","['n', 'n', '']",CHI,ST
32671,1,14572424,19341,40.000821372102095,"['house', 'house', 'and', 'barn']","['n', 'n', 'coord', 'n']",CHI,ST
32671,1,14572435,19341,40.000821372102095,"['a', 'house', 'and', 'barn']","['det:art', 'n', 'coord', 'n']",CLI,AP
32671,1,14572451,19341,40.000821372102095,"['yeah', 'that', 'farm']","['co', 'pro:dem', 'n']",CHI,AP
32671,1,14572463,19341,40.000821372102095,"['because', ""it's"", 'a', 'farm']","['conj', 'pro:per', 'det:art', 'n']",CLI,SA
32671,1,14572466,19341,40.000821372102095,"['oh', 'and', 'you', 'have', 'animals']","['co', 'coord', 'pro:per', 'v', 'n']",CLI,ST
32671,1,14572470,19341,40.000821372102095,"['all', 'right']","['post', 'co']",CLI,AP
32671,1,14572473,19341,40.000821372102095,['xxx'],[''],CHI,YY
32671,1,14572476,19341,40.000821372102095,"['dog', 'says', 'oh', ""art's"", 'closing', 'the', 'door']","['n', 'v', 'co', 'n', 'part', 'det:art', 'n']",CLI,ST
32671,1,14572481,19341,40.000821372102095,['xxx'],[''],CHI,YY
32671,1,14572484,19341,40.000821372102095,['two'],['det:num'],CHI,YY
32671,1,14572487,19341,40.000821372102095,"['now', ""you've"", 'got', 'two']","['adv', 'pro:per', 'part', 'det:num']",CLI,ST
32672,1,14571337,19341,46.00094457791741,['wow'],['co'],CLI,ET
32672,1,14571341,19341,46.00094457791741,"['build', 'that']","['v', 'pro:dem']",CHI,YY
32672,1,14571346,19341,46.00094457791741,"['what', 'are', 'you', 'going', 'to', 'build', 'that']","['pro:int', 'aux', 'pro:per', 'part', 'inf', 'v', 'pro:dem']",CLI,QN
32672,1,14571366,19341,46.00094457791741,"['yeah', 'build', 'that', 'tower']","['co', 'v', 'pro:dem', 'v']",CLI,YQ
32672,1,14571376,19341,46.00094457791741,['yeah'],['co'],CHI,AA
32672,1,14571385,19341,46.00094457791741,['now'],['adv'],CHI,YY
32672,1,14571392,19341,46.00094457791741,['no'],['co'],CLI,PF
32672,1,14571402,19341,46.00094457791741,['now'],['adv'],CHI,YY
32672,1,14571410,19341,46.00094457791741,['now'],['adv'],CHI,YY
32672,1,14571423,19341,46.00094457791741,['now'],['adv'],CHI,YY
32672,1,14571432,19341,46.00094457791741,['now'],['adv'],CHI,YY
32672,1,14571439,19341,46.00094457791741,['hey'],['co'],CLI,AC
32672,1,14571450,19341,46.00094457791741,['now'],['adv'],CHI,YY
32672,1,14571459,19341,46.00094457791741,['cow'],['n'],CHI,YY
32672,1,14571470,19341,46.00094457791741,"['big', 'block']","['adj', 'n']",CHI,ST
32672,1,14571481,19341,46.00094457791741,"['look', 'at', 'this']","['v', 'prep', 'pro:dem']",CLI,RP
32672,1,14571492,19341,46.00094457791741,"['two', 'cow']","['det:num', 'n']",CHI,ST
32672,1,14571502,19341,46.00094457791741,"['good', 'job', 'and']","['adj', 'n', 'coord']",CLI,AP
32672,1,14571511,19341,46.00094457791741,"['cast', 'on', 'there']","['v', 'prep', 'n']",CHI,ST
32672,1,14571518,19341,46.00094457791741,['yeah'],['co'],CLI,AC
32672,1,14571529,19341,46.00094457791741,['cast'],['v'],CHI,YY
32672,1,14571539,19341,46.00094457791741,['xxx'],[''],CHI,YY
32672,1,14571549,19341,46.00094457791741,"['oh', ""it's"", 'an', 'owie']","['co', 'pro:per', 'det:art', 'n']",CLI,YQ
32672,1,14571557,19341,46.00094457791741,"['yeah', 'cast', 'on', 'there']","['co', 'n', 'prep', 'n']",CHI,AA
32672,1,14571566,19341,46.00094457791741,['ast'],[''],CLI,OO
32672,1,14571576,19341,46.00094457791741,"['no', 'cast', 'on', 'there']","['qn', 'n', 'prep', 'n']",CHI,YQ
32672,1,14571588,19341,46.00094457791741,['yeah'],['co'],CHI,AA
32672,1,14571602,19341,46.00094457791741,['cast'],['v'],CHI,YY
32672,1,14571614,19341,46.00094457791741,['xxx'],[''],CHI,YY
32672,1,14571624,19341,46.00094457791741,['what'],['pro:int'],CLI,RR
32672,1,14571640,19341,46.00094457791741,['xxx'],[''],CHI,YY
32672,1,14571659,19341,46.00094457791741,['xxx'],[''],CHI,YY
32672,1,14571672,19341,46.00094457791741,['that'],['comp'],CLI,YY
32672,1,14571685,19341,46.00094457791741,['xxx'],[''],CHI,YY
32672,1,14571691,19341,46.00094457791741,['okay'],['co'],CLI,RQ
32672,1,14571705,19341,46.00094457791741,['yeah'],['co'],CHI,AD
32672,1,14571719,19341,46.00094457791741,"['okay', 'lets', 'do', 'that']","['co', 'v', 'v', 'pro:dem']",CLI,RP
32672,1,14571738,19341,46.00094457791741,"['that', 'one']","['det:dem', 'pro:indef']",CLI,RP
32672,1,14571751,19341,46.00094457791741,"['which', 'one', 'are', 'you', 'building']","['pro:rel', 'pro:indef', 'cop', 'pro:per', 'n']",CLI,QN
32672,1,14571770,19341,46.00094457791741,"['that', 'one']","['det:dem', 'pro:indef']",CHI,SA
32672,1,14571784,19341,46.00094457791741,"['hold', 'up']","['v', 'adv']",CHI,RP
32672,1,14571801,19341,46.00094457791741,['xxx'],[''],CHI,YY
32672,1,14571813,19341,46.00094457791741,"['hold', 'up']","['v', 'adv']",CHI,RP
32672,1,14571827,19341,46.00094457791741,"['hold', 'up']","['v', 'adv']",CHI,RP
32672,1,14571842,19341,46.00094457791741,"['hold', 'up', 'build', 'that', 'tower']","['v', 'adv', 'v', 'pro:dem', 'v']",CLI,RP
32672,1,14571856,19341,46.00094457791741,['xxx'],[''],CHI,YY
32672,1,14571869,19341,46.00094457791741,"['hold', 'up', 'the', 'tower']","['v', 'prep', 'det:art', 'n']",CLI,RP
32672,1,14571888,19341,46.00094457791741,['xxx'],[''],CHI,YY
32672,1,14571902,19341,46.00094457791741,"['you', 'needed', 'uh']","['pro:per', 'v', '']",CLI,ST
32672,1,14571918,19341,46.00094457791741,"['what', 'this', 'is', 'a', 'red', 'block']","['pro:int', 'det:dem', 'aux', 'det:art', 'adj', 'n']",CLI,ST
32672,1,14571937,19341,46.00094457791741,"['red', 'block']","['adj', 'n']",CLI,ST
32672,1,14571954,19341,46.00094457791741,"['what', 'do', 'you', 'need']","['pro:int', 'mod', 'pro:per', 'v']",CLI,QN
32672,1,14571969,19341,46.00094457791741,"['green', 'block']","['adj', 'n']",CLI,SA
32672,1,14571988,19341,46.00094457791741,"['this', 'red', 'block', 'right', 'here']","['det:dem', 'adj', 'n', 'adv', 'adv']",CLI,ST
32672,1,14572005,19341,46.00094457791741,"['no', 'green', 'block']","['qn', 'adj', 'n']",CHI,DW
32672,1,14572018,19341,46.00094457791741,"['oh', 'no', ""that's"", 'a', 'green', 'block', 'and', ""that's"", 'a', 'red', 'block']","['co', 'co', 'pro:dem', 'det:art', 'adj', 'n', 'coord', 'pro:dem', 'det:art', 'n', 'n']",CLI,CT
32672,1,14572039,19341,46.00094457791741,"['blue', 'block']","['adj', 'n']",CHI,RT
32672,1,14572056,19341,46.00094457791741,"['no', 'a', 'blue', 'block']","['qn', 'det:art', 'n', 'n']",CLI,CT
32672,1,14572069,19341,46.00094457791741,"['that', 'blue', 'block']","['pro:dem', 'adj', 'n']",CHI,RT
32672,1,14572079,19341,46.00094457791741,"['oh', 'yeah']","['co', 'co']",CLI,AC
32672,1,14572095,19341,46.00094457791741,"['Kim', 'build', 'that']","['n:prop', 'v', 'pro:dem']",CHI,ST
32672,1,14572136,19341,46.00094457791741,"['what', 'was', 'that']","['pro:int', 'cop', 'pro:dem']",CLI,QN
32672,1,14572151,19341,46.00094457791741,"['high', 'tower', 'high', 'tower']","['adj', 'n', '', '']",CHI,SA
32672,1,14572165,19341,46.00094457791741,"['Kim', 'built', 'that']","['n:prop', 'v', 'comp']",CHI,YY
32672,1,14572182,19341,46.00094457791741,"['Kim', 'built', 'that']","['n:prop', 'v', 'comp']",CHI,YY
32672,1,14572202,19341,46.00094457791741,"['you', 'can', 'build', 'that']","['pro:per', 'mod', 'v', 'pro:dem']",CLI,PA
32672,1,14572219,19341,46.00094457791741,"['no', 'Kim']","['co', 'n:prop']",CHI,YY
32672,1,14572240,19341,46.00094457791741,['Kim'],['n:prop'],CHI,YY
32672,1,14572253,19341,46.00094457791741,"['Kim', 'built', 'that']","['n:prop', 'v', 'comp']",CHI,YY
32672,1,14572265,19341,46.00094457791741,"['should', 'I', 'do', 'that', 'one', 'right', 'now']","['mod', 'pro:sub', 'v', 'det:dem', 'pro:indef', 'adv', 'adv']",CLI,RP
32672,1,14572279,19341,46.00094457791741,"['okay', 'here']","['co', 'adv']",CLI,MK
32672,1,14572294,19341,46.00094457791741,"['should', 'we', 'try', 'this']","['mod', 'pro:sub', 'v', 'det:dem']",CLI,RQ
32672,1,14572307,19341,46.00094457791741,"['do', 'that']","['v', 'pro:dem']",CHI,RP
32672,1,14572320,19341,46.00094457791741,"['which', 'one', 'are', 'you', 'building']","['pro:rel', 'pro:indef', 'cop', 'pro:per', 'n']",CLI,QN
32672,1,14572336,19341,46.00094457791741,"['that', 'one']","['det:dem', 'pro:indef']",CHI,SA
32672,1,14572352,19341,46.00094457791741,"['that', 'one']","['det:dem', 'pro:indef']",CLI,YQ
32672,1,14572370,19341,46.00094457791741,['yeah'],['co'],CHI,AA
32672,1,14572377,19341,46.00094457791741,"['oh', 'okay', 'that', 'and', 'that']","['co', 'adj', 'adv', 'coord', 'pro:dem']",CLI,ST
32672,1,14572393,19341,46.00094457791741,"['yellow', 'block', 'and']","['adj', 'n', 'coord']",CLI,ST
32672,1,14572402,19341,46.00094457791741,"['green', 'block']","['adj', 'n']",CHI,RT
32672,1,14572416,19341,46.00094457791741,"['green', 'block', 'and', 'this', 'is', 'an', 'orange', 'block']","['adj', 'n', 'coord', 'pro:dem', 'cop', 'det:art', 'adj', 'n']",CLI,ST
32672,1,14572431,19341,46.00094457791741,"['there', 'did', 'I', 'build', 'it']","['adv', 'mod', 'pro:sub', 'v', 'pro:per']",CLI,ST
32672,1,14572441,19341,46.00094457791741,"['is', 'that', 'right']","['cop', 'comp', 'co']",CLI,AP
32672,1,14572452,19341,46.00094457791741,['nope'],['co'],CHI,AN
32672,1,14572461,19341,46.00094457791741,"['oh', 'well', ""it's"", 'close']","['co', 'adv', 'pro:per', 'adj']",CLI,ST
32672,1,14572465,19341,46.00094457791741,"['is', 'it']","['aux', 'pro:per']",CLI,ST
32672,1,14572469,19341,46.00094457791741,"['is', 'that', 'right']","['cop', 'comp', 'co']",CLI,AP
32672,1,14572472,19341,46.00094457791741,"['more', 'higher']","['adv', 'adj']",CHI,ST
32672,1,14572474,19341,46.00094457791741,"['more', 'higher']","['adv', 'adj']",CLI,AP
32672,1,14572477,19341,46.00094457791741,"['tower', 'should', 'be', 'more', 'higher', 'huh']","['n', 'mod', 'cop', 'adv', 'adj', 'co']",CLI,ST
32672,1,14572479,19341,46.00094457791741,['tower'],['n'],CHI,DW
32672,1,14572482,19341,46.00094457791741,"[""tower's"", 'higher']","['n', 'adj']",CLI,CT
32672,1,14572485,19341,46.00094457791741,['yeah'],['co'],CHI,AC
32672,1,14572488,19341,46.00094457791741,['huh'],['co'],CLI,ST
32672,1,14572490,19341,46.00094457791741,"[""tower's"", 'higher']","['n', 'adj']",CLI,ST
32673,1,14571353,19341,46.00094457791741,"['what', 'do', 'you', 'wanna', 'play', 'with', 'cars']","['pro:int', 'mod', 'pro:per', 'v', 'v', 'prep', 'n']",CLI,QN
32673,1,14571361,19341,46.00094457791741,"['new', 'car']","['adj', 'n']",CHI,SA
32673,1,14571368,19341,46.00094457791741,"['oh', 'guess', 'what']","['co', 'v', 'pro:int']",CLI,AC
32673,1,14571379,19341,46.00094457791741,"['new', 'one']","['adj', 'pro:indef']",CHI,YY
32673,1,14571389,19341,46.00094457791741,"['no', 'seat', 'in', 'there']","['qn', 'n', 'prep', 'n']",CHI,ST
32673,1,14571398,19341,46.00094457791741,"['there', ""isn't""]","['pro:exist', 'cop']",CLI,AP
32673,1,14571407,19341,46.00094457791741,"['let', 'me', 'see', ""it's"", 'empty']","['v', 'pro:obj', 'v', 'pro:per', 'adj']",CLI,ST
32673,1,14571416,19341,46.00094457791741,['yep'],['co'],CHI,YY
32673,1,14571426,19341,46.00094457791741,"['that', 'one']","['det:dem', 'pro:indef']",CHI,YY
32673,1,14571436,19341,46.00094457791741,"['yeah', 'two', 'seat', 'in', 'there']","['co', 'det:num', 'n', 'prep', 'n']",CLI,YQ
32673,1,14571448,19341,46.00094457791741,"['seat', 'in', 'there']","['n', 'prep', 'n']",CHI,AA
32673,1,14571460,19341,46.00094457791741,"['this', 'one']","['pro:dem', 'pro:indef']",CLI,QN
32673,1,14571471,19341,46.00094457791741,"['none', 'seat', 'in', 'there']","['pro:indef', 'n', 'prep', 'n']",CHI,SA
32673,1,14571482,19341,46.00094457791741,"['there', ""isn't""]","['pro:exist', 'cop']",CLI,YQ
32673,1,14571495,19341,46.00094457791741,['yeah'],['co'],CHI,AA
32673,1,14571506,19341,46.00094457791741,"['yeah', 'we', ""don't"", 'have', 'many', 'blocks', 'today']","['co', 'pro:sub', 'mod', 'v', 'qn', 'n', 'adv:tem']",CLI,ST
32673,1,14571522,19341,46.00094457791741,['no'],['co'],CHI,YY
32673,1,14571533,19341,46.00094457791741,['monday'],['n'],CHI,YY
32673,1,14571540,19341,46.00094457791741,['what'],['pro:int'],CLI,QN
32673,1,14571552,19341,46.00094457791741,['monday'],['n'],CHI,SA
32673,1,14571562,19341,46.00094457791741,"['one', 'day']","['det:num', 'n']",CLI,CT
32673,1,14571573,19341,46.00094457791741,"['yeah', 'monday']","['co', 'n']",CHI,AP
32673,1,14571581,19341,46.00094457791741,['monday'],['n'],CLI,AP
32673,1,14571593,19341,46.00094457791741,"['yeah', 'lot', 'of', 'blocks', 'monday']","['co', 'n', 'prep', 'n', 'n']",CHI,AP
32673,1,14571606,19341,46.00094457791741,"['we', 'had']","['pro:sub', 'v']",CLI,AP
32673,1,14571619,19341,46.00094457791741,['lot'],['n'],CHI,YY
32673,1,14571634,19341,46.00094457791741,"['lots_of', 'blocks', 'on', 'monday']","['qn', 'n', 'prep', 'n']",CLI,ST
32673,1,14571648,19341,46.00094457791741,['yep'],['co'],CHI,AA
32673,1,14571662,19341,46.00094457791741,"['yeah', 'we', 'had', 'fun', 'then', 'huh']","['co', 'pro:sub', 'v', 'n', 'adv:tem', 'co']",CLI,ST
32673,1,14571678,19341,46.00094457791741,['yeah'],['co'],CHI,AA
32673,1,14571699,19341,46.00094457791741,"['yeah', 'you', 'like', 'lots_of', 'blocks']","['co', 'pro:per', 'v', 'qn', 'n']",CLI,ST
32673,1,14571714,19341,46.00094457791741,['too'],['adv'],CHI,YY
32673,1,14571727,19341,46.00094457791741,"['me', 'too']","['pro:obj', 'adv']",CLI,RT
32673,1,14571742,19341,46.00094457791741,"['dump', 'out']","['v', 'adv']",CHI,RP
32673,1,14571754,19341,46.00094457791741,"['yep', 'cars', 'dumped', 'out']","['co', 'n', 'v', 'adv']",CLI,RP
32673,1,14571764,19341,46.00094457791741,"['a', 'truck']","['det:art', 'n']",CHI,YY
32673,1,14571779,19341,46.00094457791741,['car'],['n'],CHI,YY
32673,1,14571794,19341,46.00094457791741,"['build', 'carwash']","['v', '']",CHI,YY
32673,1,14571808,19341,46.00094457791741,"['another', 'carwash']","['qn', '']",CHI,YY
32673,1,14571823,19341,46.00094457791741,"['another', 'one']","['qn', 'pro:indef']",CHI,YY
32673,1,14571841,19341,46.00094457791741,['mine'],['pro:poss'],CHI,YY
32673,1,14571857,19341,46.00094457791741,"['there', 'you', 'go']","['adv', 'pro:per', 'v']",CLI,MK
32673,1,14571875,19341,46.00094457791741,"['car', 'another', 'car']","['', 'qn', 'n']",CHI,YY
32673,1,14571893,19341,46.00094457791741,"['look', 'at', 'that']","['v', 'prep', 'pro:dem']",CLI,RP
32673,1,14571906,19341,46.00094457791741,"['another', 'car']","['qn', 'n']",CHI,YY
32673,1,14571921,19341,46.00094457791741,"['how', 'many', 'cars', 'do', 'you', 'have', 'there']","['pro:int', 'qn', 'n', 'v', 'pro:per', 'v', 'adv']",CLI,QN
32673,1,14571936,19341,46.00094457791741,['five'],['det:num'],CHI,SA
32673,1,14571950,19341,46.00094457791741,"['five', 'one', 'two', 'three', 'four', 'file']","['det:num', 'det:num', 'det:num', 'det:num', 'det:num', 'n']",CLI,CN
32673,1,14571966,19341,46.00094457791741,['five'],['det:num'],CHI,CN
32673,1,14571982,19341,46.00094457791741,"['five', 'block']","['det:num', 'n']",CHI,ST
32673,1,14571997,19341,46.00094457791741,"['oh', 'file', 'blocks', 'yeah', 'okay']","['co', 'n', 'n', 'co', 'co']",CLI,AP
32673,1,14572012,19341,46.00094457791741,"['you', 'done', 'with', 'that', 'yet']","['pro:per', 'part', 'prep', 'pro:dem', 'adv']",CLI,ST
32673,1,14572027,19341,46.00094457791741,"['can', 'I', 'put', 'these', 'on', 'a', 'desk', 'for', 'a', 'little', 'while']","['mod', 'pro:sub', 'v', 'pro:dem', 'prep', 'det:art', 'n', 'prep', 'det:art', 'adj', 'n']",CLI,PD
32673,1,14572044,19341,46.00094457791741,"[""we'll"", 'finish', 'them', 'later', 'good']","['pro:sub', 'v', 'pro:obj', 'adv', 'adj']",CLI,PD
32673,1,14572061,19341,46.00094457791741,"['two', 'carwash']","['det:num', '']",CHI,YY
32673,1,14572075,19341,46.00094457791741,"['boy', 'fell', 'down', 'again', 'okay']","['co', 'v', 'adv', 'adv', 'adj']",CLI,ST
32673,1,14572090,19341,46.00094457791741,"['car', 'hit', 'the', 'blocks']","['n', 'v', 'det:art', 'n']",CLI,ST
32673,1,14572107,19341,46.00094457791741,"['oh', 'car', 'on', 'shoe']","['co', 'n', 'prep', 'n']",CLI,ST
32673,1,14572115,19341,46.00094457791741,['boot'],['n'],CHI,YY
32674,1,14571582,19341,46.00094457791741,"['more', 'duck', 'are', 'in', 'there']","['qn', 'n', 'cop', 'prep', 'n']",CHI,ST
32674,1,14571595,19341,46.00094457791741,['what'],['pro:int'],CLI,QN
32674,1,14571605,19341,46.00094457791741,"['more', 'duck', 'in', 'there']","['qn', 'n', 'prep', 'n']",CHI,SA
32674,1,14571622,19341,46.00094457791741,"['christmas', 'tree']","['n', 'n']",CHI,ST
32674,1,14571636,19341,46.00094457791741,"['christmas', 'tree']","['n', 'n']",CLI,CT
32674,1,14571643,19341,46.00094457791741,['yeah'],['co'],CHI,AC
32674,1,14571654,19341,46.00094457791741,"['in', 'in', 'house']","['', 'prep', 'n']",CHI,RP
32674,1,14571668,19341,46.00094457791741,"['in', 'house']","['prep', 'n']",CHI,RP
32674,1,14571683,19341,46.00094457791741,['where'],['pro:rel'],CLI,QN
32674,1,14571697,19341,46.00094457791741,"['in', 'house']","['prep', 'n']",CHI,SA
32674,1,14571708,19341,46.00094457791741,"['in', 'home']","['prep', 'n']",CHI,ST
32674,1,14571718,19341,46.00094457791741,"['at', 'home']","['prep', 'n']",CLI,YQ
32674,1,14571734,19341,46.00094457791741,['yeah'],['co'],CHI,AA
32674,1,14571745,19341,46.00094457791741,"['do', 'you', 'have', 'one', 'already']","['mod', 'pro:per', 'v', 'det:num', 'adv']",CLI,YQ
32674,1,14571760,19341,46.00094457791741,['no'],['co'],CHI,AN
32674,1,14571780,19341,46.00094457791741,['buy'],['n'],CHI,YY
32674,1,14571796,19341,46.00094457791741,['buy'],['n'],CHI,YY
32674,1,14571818,19341,46.00094457791741,"['buy', 'a', 'christmas', 'tree']","['v', 'det:art', 'n', 'n']",CLI,YQ
32674,1,14571831,19341,46.00094457791741,['yep'],['co'],CHI,AA
32674,1,14571843,19341,46.00094457791741,"['christmas', 'tree', 'there']","['n', 'n', 'adv']",CHI,ST
32674,1,14571859,19341,46.00094457791741,"['hm', ""what's"", 'this']","['co', 'pro:int', 'pro:dem']",CLI,QN
32674,1,14571873,19341,46.00094457791741,"['I', 'bet']","['pro:sub', 'v']",CLI,EC
32674,1,14571884,19341,46.00094457791741,['window'],['n'],CHI,SC
32674,1,14571899,19341,46.00094457791741,"['church', 'window']","['n', 'n']",CHI,SC
32674,1,14571914,19341,46.00094457791741,"['church', 'window']","['n', 'n']",CLI,SC
32674,1,14571927,19341,46.00094457791741,['church'],['n'],CHI,SC
32674,1,14571938,19341,46.00094457791741,['church'],['n'],CHI,SC
32674,1,14571952,19341,46.00094457791741,"['right', 'there']","['adv', 'adv']",CLI,AP
32674,1,14571967,19341,46.00094457791741,"['yeah', ""I'll"", 'bet', 'it', 'is']","['co', 'pro:sub', 'v', 'pro:per', 'cop']",CLI,AP
32674,1,14571980,19341,46.00094457791741,['church'],['n'],CHI,YY
32674,1,14571995,19341,46.00094457791741,"['oh', 'huh']","['co', 'co']",CLI,AC
32674,1,14572011,19341,46.00094457791741,"['is', 'that', 'the', 'right', 'way']","['cop', 'comp', 'det:art', 'adj', 'n']",CLI,AB
32674,1,14572026,19341,46.00094457791741,"[""you'll"", 'hafta']","['pro:per', 'mod']",CLI,RP
32674,1,14572042,19341,46.00094457791741,"['art', 'turn', 'the', 'block']","['n', 'v', 'det:art', 'n']",CLI,RP
32674,1,14572058,19341,46.00094457791741,"['I', 'wonder', 'what', 'this', 'is']","['pro:sub', 'v', 'pro:int', 'det:dem', 'cop']",CLI,ST
32674,1,14572073,19341,46.00094457791741,"['something', 'like', 'that']","['pro:indef', 'prep', 'pro:dem']",CLI,ST
32674,1,14572087,19341,46.00094457791741,"['me', 'try', 'that']","['pro:obj', 'v', 'pro:dem']",CHI,RP
32674,1,14572104,19341,46.00094457791741,"['you', 'try', 'that']","['pro:per', 'v', 'pro:dem']",CLI,YQ
32674,1,14572141,19341,46.00094457791741,['yep'],['co'],CHI,AA
32674,1,14572149,19341,46.00094457791741,"['here', ""I'm"", 'going', 'to', 'build', ""art's"", 'house']","['adv', 'pro:sub', 'part', 'inf', 'v', 'adj', 'n']",CLI,ST
32674,1,14572162,19341,46.00094457791741,"['this', 'is']","['pro:dem', 'cop']",CLI,ST
32674,1,14572179,19341,46.00094457791741,"['can', 'I', 'build', ""art's"", 'house']","['mod', 'pro:sub', 'v', 'adj', 'n']",CLI,ST
32674,1,14572196,19341,46.00094457791741,"['far', 'away']","['adv', 'adv']",CHI,YY
32674,1,14572211,19341,46.00094457791741,['huh'],['co'],CLI,RR
32674,1,14572225,19341,46.00094457791741,"['far', 'away']","['adv', 'adv']",CHI,SA
32674,1,14572239,19341,46.00094457791741,"['far', 'away']","['adv', 'adv']",CLI,AP
32674,1,14572251,19341,46.00094457791741,"['here', 'does', 'it', 'look', 'like', 'this']","['adv', 'mod', 'pro:per', 'co', 'co', 'pro:dem']",CLI,RP
32674,1,14572262,19341,46.00094457791741,['no'],['co'],CHI,RD
32674,1,14572277,19341,46.00094457791741,"['okay', 'what', 'does', 'it', 'look', 'like']","['co', 'pro:int', 'mod', 'pro:per', 'v', 'conj']",CLI,GI
32674,1,14572287,19341,46.00094457791741,"['xxx', 'clock']","['', 'n']",CHI,YY
32674,1,14572300,19341,46.00094457791741,['time'],['n'],CHI,YY
32674,1,14572317,19341,46.00094457791741,['time'],['n'],CHI,YY
32674,1,14572328,19341,46.00094457791741,"['oh', 'yeah', 'clock', 'and', 'time']","['co', 'co', 'n', 'coord', 'n']",CLI,AC
32674,1,14572347,19341,46.00094457791741,"['no', 'door', 'there']","['qn', 'n', 'adv']",CHI,YY
32674,1,14572361,19341,46.00094457791741,"['door', 'there']","['n', 'adv']",CHI,YY
32674,1,14572378,19341,46.00094457791741,['door'],['n'],CHI,YY
32674,1,14572389,19341,46.00094457791741,"[""there's"", 'a', 'door', 'there']","['pro:exist', 'det:art', 'n', 'adv']",CLI,ST
32674,1,14572407,19341,46.00094457791741,['yeah'],['co'],CHI,AA
32674,1,14572422,19341,46.00094457791741,['yeah'],['co'],CHI,AA
32674,1,14572436,19341,46.00094457791741,"[""that's"", 'how', 'it', 'should', 'be']","['pro:dem', 'pro:int', 'pro:per', 'mod', 'cop']",CLI,ST
32674,1,14572447,19341,46.00094457791741,"[""I'll"", 'bet']","['pro:sub', 'v']",CLI,ST
32674,1,14572458,19341,46.00094457791741,"['you', 'know', 'what', ""I'll"", 'bet', 'these', 'are']","['pro:per', 'v', 'pro:int', 'pro:sub', 'v', 'pro:dem', 'cop']",CLI,ST
32674,1,14572464,19341,46.00094457791741,"['know', 'what', 'that', 'is']","['v', 'pro:int', 'adv', 'cop']",CLI,QN
32674,1,14572468,19341,46.00094457791741,"['blue', 'block']","['adj', 'n']",CHI,SA
32674,1,14572471,19341,46.00094457791741,"['yep', ""they're"", 'blue', 'blocs', 'and', 'blue', 'block', 'roof']","['co', 'pro:sub', 'n', 'n', 'coord', 'adj', 'n', 'n']",CLI,CT
32674,1,14572475,19341,46.00094457791741,['yeah'],['co'],CHI,AC
32674,1,14572478,19341,46.00094457791741,"['like', 'that']","['prep', 'pro:dem']",CLI,YQ
32674,1,14572480,19341,46.00094457791741,['yeah'],['co'],CHI,AA
32674,1,14572483,19341,46.00094457791741,"['is', 'that', 'right']","['cop', 'comp', 'co']",CLI,AP
32674,1,14572486,19341,46.00094457791741,"['it', 'looks', 'right', ""doesn't"", 'it']","['pro:per', 'v', 'adv', 'mod', 'pro:per']",CLI,ST
32674,1,14572489,19341,46.00094457791741,"['knock', 'down']","['n', 'adv']",CHI,ST
32674,1,14572491,19341,46.00094457791741,['yeah'],['co'],CLI,AP
32675,1,14571811,19341,48.00098564652252,['can'],['mod'],CHI,YY
32675,1,14571825,19341,48.00098564652252,"['what', 'did', 'you']","['pro:int', 'mod', 'pro:per']",CLI,QN
32675,1,14571836,19341,48.00098564652252,"['knock', 'block', 'off']","['n', 'n', 'adv']",CHI,SA
32675,1,14571850,19341,48.00098564652252,"['good', 'job', 'yeah', 'right']","['adj', 'n', 'co', 'co']",CLI,AP
32675,1,14571867,19341,48.00098564652252,"['car', 'xxx']","['n', '']",CHI,YY
32675,1,14571880,19341,48.00098564652252,"['do', 'you', 'wanna', 'play', 'watch']","['mod', 'pro:per', 'v', 'n', 'n']",CLI,RP
32675,1,14571895,19341,48.00098564652252,['no'],['co'],CHI,RD
32675,1,14571910,19341,48.00098564652252,"['too', 'big']","['adv', 'adj']",CHI,ST
32675,1,14571925,19341,48.00098564652252,"['it', 'is']","['pro:per', 'cop']",CLI,AP
32675,1,14571941,19341,48.00098564652252,['xxx'],[''],CLI,YY
32675,1,14571953,19341,48.00098564652252,"['sound', 'effects']","['', '']",CHI,YY
32675,1,14571963,19341,48.00098564652252,"['can', 'it', 'go', 'in', 'there']","['mod', 'pro:per', 'v', 'prep', 'n']",CLI,RP
32675,1,14571979,19341,48.00098564652252,"['yeah', 'right', 'now']","['co', 'adv', 'adv']",CHI,AD
32675,1,14571994,19341,48.00098564652252,"['can', 'it', 'go', 'in', 'there']","['mod', 'pro:per', 'v', 'prep', 'n']",CLI,RP
32675,1,14572010,19341,48.00098564652252,['xxx'],[''],CLI,YY
32675,1,14572022,19341,48.00098564652252,"['now', 'it', 'xxx']","['adv', 'pro:per', '']",CHI,YY
32675,1,14572036,19341,48.00098564652252,"['sound', 'effects']","['', '']",CHI,YY
32675,1,14572051,19341,48.00098564652252,"['oh', 'okay']","['co', 'co']",CLI,MK
32675,1,14572066,19341,48.00098564652252,"['oh', ""that's"", 'the', 'dog']","['co', 'pro:dem', 'det:art', 'n']",CLI,MK
32675,1,14572078,19341,48.00098564652252,"['it', 'fell', 'over']","['pro:per', 'v', 'adv']",CLI,ST
32675,1,14572091,19341,48.00098564652252,['xxx'],[''],CHI,YY
32675,1,14572106,19341,48.00098564652252,"['can', 'you', 'make', 'it', 'do', 'that', 'again']","['mod', 'pro:per', 'v', 'pro:per', 'v', 'pro:dem', 'adv']",CLI,RP
32675,1,14572120,19341,48.00098564652252,"['sound', 'effects']","['', '']",CHI,YY
32675,1,14572130,19341,48.00098564652252,['xxx'],[''],CHI,YY
32675,1,14572145,19341,48.00098564652252,"['he', 'ice']","['pro:sub', 'v']",CLI,ST
32675,1,14572164,19341,48.00098564652252,"['are', 'dogs', 'sposta', 'be', 'on', 'roofs']","['cop', 'n', 'part', 'cop', 'prep', 'n']",CLI,ST
32675,1,14572181,19341,48.00098564652252,"['that', 'dog']","['pro:dem', 'n']",CHI,ST
32675,1,14572195,19341,48.00098564652252,"['oh', 'okay']","['co', 'co']",CLI,MK
32675,1,14572213,19341,48.00098564652252,"['he', 'jumps', 'all', 'over']","['pro:sub', 'v', 'adv', 'adv']",CLI,ST
32675,1,14572230,19341,48.00098564652252,"['just', 'jumping', 'back', 'and', 'forth']","['adv', 'part', 'adv', 'coord', 'adv']",CLI,ST
32675,1,14572245,19341,48.00098564652252,"['I', 'wonder', 'where', 'that', 'is']","['pro:sub', 'v', 'pro:int', 'pro:dem', 'cop']",CLI,ST
32675,1,14572257,19341,48.00098564652252,['carwash'],[''],CHI,YY
32675,1,14572271,19341,48.00098564652252,"['nobody', 'get', 'in', 'there']","['pro:indef', 'v', 'prep', 'n']",CHI,RP
32675,1,14572284,19341,48.00098564652252,"['nobody', 'get', 'in', 'there']","['pro:indef', 'v', 'prep', 'n']",CHI,RP
32675,1,14572296,19341,48.00098564652252,"['they', ""can't""]","['pro:sub', 'mod']",CLI,ST
32675,1,14572309,19341,48.00098564652252,"['why', 'not']","['pro:int', 'neg']",CLI,QN
32675,1,14572321,19341,48.00098564652252,['lock'],['n'],CHI,SA
32675,1,14572337,19341,48.00098564652252,"['right', 'I', 'know', 'its', 'locked', 'now']","['adv', 'pro:sub', 'v', 'det:poss', 'part', 'adv']",CLI,AP
32675,1,14572354,19341,48.00098564652252,"['can', 'they', 'get', 'up', 'in', 'here']","['mod', 'pro:sub', 'v', 'adv', 'prep', 'adv']",CLI,RP
32675,1,14572373,19341,48.00098564652252,"['not', 'right', 'now']","['neg', 'adv', 'adv']",CHI,RD
32675,1,14572383,19341,48.00098564652252,"['shut', 'now']","['v', 'adv']",CHI,ST
32675,1,14572395,19341,48.00098564652252,"['yeah', 'right']","['co', 'co']",CLI,AP
32675,1,14572403,19341,48.00098564652252,"['uh', 'oh', ""can't"", 'get', 'it', 'now']","['', 'co', 'mod', 'v', 'pro:per', 'adv']",CLI,RP
32675,1,14572421,19341,48.00098564652252,"['I', 'wanna', 'get', 'in', 'there']","['pro:sub', 'v', 'v', 'prep', 'n']",CLI,RQ
32675,1,14572432,19341,48.00098564652252,"['can', 'she']","['mod', 'pro:sub']",CLI,AD
32675,1,14572446,19341,48.00098564652252,"['sound', 'effects']","['', '']",CHI,YY
32675,1,14572457,19341,48.00098564652252,"['oh', 'please', 'art', 'let', 'me', 'in']","['co', 'co', 'n', 'v', 'pro:obj', 'adv']",CLI,RP
32676,1,14572493,19341,51.00104724943017,"['a', 'big', 'one']","['det:art', 'adj', 'pro:indef']",CHI,SA
32676,1,14572494,19341,51.00104724943017,"['oh', 'a', 'big', 'one']","['co', 'det:art', 'adj', 'pro:indef']",CLI,YQ
32676,1,14572495,19341,51.00104724943017,"['thank', 'you', 'for', 'putting', 'them', 'there']","['v', 'pro:per', 'prep', 'n:gerund', 'pro:obj', 'adv']",CLI,MK
32676,1,14572496,19341,51.00104724943017,"['dump', 'truck']","['n', 'n']",CHI,ST
32676,1,14572497,19341,51.00104724943017,"['a', 'dump', 'truck']","['det:art', 'n', 'n']",CLI,CT
32676,1,14572498,19341,51.00104724943017,"['me', 'got', 'dump', 'truck', 'too']","['pro:obj', 'v', 'n', 'n', 'post']",CHI,RT
32676,1,14572499,19341,51.00104724943017,['xxx'],[''],CHI,YY
32676,1,14572500,19341,51.00104724943017,"['you', 'have', 'a', 'dump', 'truck']","['pro:per', 'v', 'det:art', 'n', 'n']",CLI,YQ
32676,1,14572502,19341,51.00104724943017,"['yeah', 'not', 'brand', 'new']","['co', 'neg', 'adj', 'adj']",CHI,AA
32676,1,14572504,19341,51.00104724943017,['no'],['co'],CHI,RD
32676,1,14572505,19341,51.00104724943017,"['oh', 'not', 'brand', 'new']","['co', 'neg', 'adj', 'adj']",CLI,DS
32676,1,14572507,19341,51.00104724943017,"['yeah', 'not', 'brand', 'new']","['co', 'neg', 'adj', 'adj']",CHI,DS
32676,1,14572509,19341,51.00104724943017,['old'],['adj'],CHI,YY
32676,1,14572511,19341,51.00104724943017,['old'],['adj'],CLI,EI
32676,1,14572513,19341,51.00104724943017,"['say', 'where', 'are', 'you', 'going']","['v', 'pro:int', 'aux', 'pro:per', 'part']",CLI,EI
32676,1,14572514,19341,51.00104724943017,['block'],['n'],CHI,YY
32676,1,14572516,19341,51.00104724943017,"['put', 'dump', 'truck', 'in', 'blocks']","['v', 'n', 'n', 'prep', 'n']",CHI,SI
32676,1,14572518,19341,51.00104724943017,"['put', 'dump', 'truck', 'in', 'blocks']","['v', 'n', 'n', 'prep', 'n']",CLI,SI
32676,1,14572520,19341,51.00104724943017,['wow'],['co'],CLI,ET
32676,1,14572522,19341,51.00104724943017,['xxx'],[''],CHI,YY
32676,1,14572524,19341,51.00104724943017,"['put', 'all', 'blue', 'one', 'in']","['v', 'adv', 'adj', 'pro:indef', 'adv']",CHI,RP
32676,1,14572526,19341,51.00104724943017,"['put', 'a', 'blue', 'one', 'in']","['v', 'det:art', 'n', 'det:num', 'adv']",CLI,YQ
32676,1,14572528,19341,51.00104724943017,"['you', 'sure', 'did']","['pro:per', 'adj', 'v']",CLI,YY
32676,1,14572529,19341,51.00104724943017,['all'],['post'],CHI,YY
32676,1,14572531,19341,51.00104724943017,"['all', 'blue']","['qn', 'n']",CHI,ST
32676,1,14572533,19341,51.00104724943017,"['all', 'blue', 'one']","['qn', 'n', 'pro:indef']",CLI,AP
32676,1,14572536,19341,51.00104724943017,"['dump', 'whole', 'pail', 'out']","['n', 'adj', 'n', 'adv']",CHI,ST
32676,1,14572538,19341,51.00104724943017,"['more', 'blue']","['qn', 'n']",CLI,CT
32676,1,14572541,19341,51.00104724943017,"['more', 'blue']","['qn', 'n']",CLI,TQ
32676,1,14572545,19341,51.00104724943017,"['more', 'blue']","['qn', 'n']",CHI,TA
32676,1,14572548,19341,51.00104724943017,"['sound', 'effects']","['adj', 'n']",CHI,YY
32676,1,14572551,19341,51.00104724943017,['xxx'],[''],CHI,YY
32676,1,14572556,19341,51.00104724943017,"['have', 'green']","['v', 'n']",CHI,YY
32676,1,14572561,19341,51.00104724943017,"['sound', 'effects']","['', '']",CHI,YY
32676,1,14572576,19341,51.00104724943017,"['junk', 'in', 'junk', 'pile']","['n', 'prep', 'n', 'n']",CHI,ST
32676,1,14572583,19341,51.00104724943017,"['here', 'junk', 'pile']","['adv', 'n', 'n']",CHI,ST
32676,1,14572587,19341,51.00104724943017,"['drive', 'to', 'junk', 'pile']","['n', 'prep', 'n', 'n']",CLI,CT
32676,1,14572593,19341,51.00104724943017,"['sound', 'effects']","['', '']",CHI,YY
32676,1,14572597,19341,51.00104724943017,['wow'],['co'],CLI,ET
32676,1,14572602,19341,51.00104724943017,"['sound', 'effects']","['', '']",CHI,YY
32676,1,14572607,19341,51.00104724943017,['xxx'],[''],CHI,YY
32676,1,14572611,19341,51.00104724943017,"['oh', ""what's"", 'art', 'doing', 'now']","['co', 'pro:int', 'n', 'part', 'adv']",CLI,QN
32676,1,14572615,19341,51.00104724943017,"['put', 'all', 'those', 'block', 'in', 'dump', 'truck']","['v', 'qn', 'det:dem', 'n', 'prep', 'n', 'n']",CHI,SA
32676,1,14572621,19341,51.00104724943017,"['pick', 'them', 'up', 'and', 'put', 'them', 'in', 'the', 'dump', 'truck']","['v', 'pro:obj', 'adv', 'coord', 'v', 'pro:obj', 'prep', 'det:art', 'n', 'n']",CLI,AP
32676,1,14572625,19341,51.00104724943017,"['well', 'I', 'think', ""I'll""]","['co', 'pro:sub', 'v', 'pro:sub']",CLI,PR
32676,1,14572629,19341,51.00104724943017,['hey'],['co'],CHI,YY
32676,1,14572632,19341,51.00104724943017,['acorn'],['n'],CHI,YY
32676,1,14572637,19341,51.00104724943017,['acorn'],['n'],CHI,YY
32676,1,14572641,19341,51.00104724943017,"['I', ""don't"", 'know', 'what']","['pro:sub', 'mod', 'v', 'pro:int']",CLI,AC
32676,1,14572647,19341,51.00104724943017,"['I', ""don't"", 'know', 'what', 'that', 'is', 'but', 'I', 'like', 'the', 'color']","['pro:sub', 'mod', 'v', 'pro:int', 'adv', 'cop', 'conj', 'pro:sub', 'co', 'det:art', 'n']",CLI,ST
32676,1,14572653,19341,51.00104724943017,"['I', ""don't"", 'know']","['pro:sub', 'mod', 'v']",CHI,RT
32676,1,14572658,19341,51.00104724943017,['water'],['n'],CHI,YY
32676,1,14572664,19341,51.00104724943017,"['what', 'do', 'we', 'call', 'that']","['pro:int', 'mod', 'pro:sub', 'v', 'pro:dem']",CLI,QN
32676,1,14572667,19341,51.00104724943017,"['oh', 'water']","['co', 'n']",CLI,MK
32676,1,14572671,19341,51.00104724943017,"['maybe', 'it', 'sprays', 'water']","['adv', 'pro:per', 'v', 'n']",CLI,ST
32676,1,14572675,19341,51.00104724943017,['xxx'],[''],CHI,YY
32676,1,14572680,19341,51.00104724943017,"['maybe', 'it', 'is', 'a', 'sprinkler', 'huh']","['adv', 'pro:per', 'cop', 'det:art', 'n', 'co']",CLI,ST
32676,1,14572685,19341,51.00104724943017,['yeah'],['co'],CHI,AC
32676,1,14572691,19341,51.00104724943017,['sprinkler'],['n'],CLI,TX
32676,1,14572695,19341,51.00104724943017,"['shall', 'we', 'call', 'it', 'sprinkler']","['mod', 'pro:sub', 'v', 'pro:per', 'n']",CLI,RQ
32676,1,14572700,19341,51.00104724943017,['xxx'],[''],CHI,YY
32676,1,14572707,19341,51.00104724943017,"['sound', 'effects']","['', '']",CHI,YY
32676,1,14572712,19341,51.00104724943017,"['what', 'did', 'you', 'do']","['pro:int', 'mod', 'pro:per', 'v']",CLI,QN
32676,1,14572716,19341,51.00104724943017,"['knock', 'down', 'your', 'building']","['n', 'prep', 'det:poss', 'n']",CHI,SA
32676,1,14572722,19341,51.00104724943017,['hey'],['co'],CHI,YY
32676,1,14572730,19341,51.00104724943017,"['one', 'can']","['det:num', 'mod']",CHI,YY
32676,1,14572737,19341,51.00104724943017,"['what', 'is', 'that']","['pro:int', 'cop', 'pro:dem']",CLI,QN
32676,1,14572743,19341,51.00104724943017,"['one', 'can']","['det:num', 'mod']",CHI,CN
32676,1,14572748,19341,51.00104724943017,"['one', 'can']","['det:num', 'mod']",CHI,CN
32676,1,14572754,19341,51.00104724943017,"['one', 'can']","['det:num', 'mod']",CLI,CN
32676,1,14572759,19341,51.00104724943017,"['had', 'two', 'can']","['v', 'det:num', 'mod']",CHI,CN
32676,1,14572764,19341,51.00104724943017,"['do', 'we', 'have', 'two', 'cans']","['mod', 'pro:sub', 'v', 'det:num', 'n']",CLI,ST
32676,1,14572769,19341,51.00104724943017,"['in', 'other', 'door']","['prep', 'qn', 'n']",CHI,RP
32676,1,14572771,19341,51.00104724943017,"['I', ""don't"", 'know']","['pro:sub', 'mod', 'v']",CLI,ST
32676,1,14572775,19341,51.00104724943017,"['you', 'check']","['pro:per', 'v']",CHI,ST
32676,1,14572780,19341,51.00104724943017,"['I', ""don't"", 'know']","['pro:sub', 'mod', 'v']",CLI,ST
32676,1,14572786,19341,51.00104724943017,"['you', 'check']","['pro:per', 'v']",CLI,RP
32676,1,14572790,19341,51.00104724943017,['okay'],['co'],CHI,AD
32676,1,14572795,19341,51.00104724943017,"['what', 'do', 'you', 'see']","['pro:int', 'mod', 'pro:per', 'v']",CLI,QN
32676,1,14572800,19341,51.00104724943017,"['not', 'in', 'that', 'end']","['neg', 'prep', 'det:dem', 'n']",CHI,SA
32676,1,14572805,19341,51.00104724943017,['ah'],['co'],CLI,DW
32676,1,14572811,19341,51.00104724943017,"['check', 'other', 'end']","['n', 'qn', 'n']",CHI,SA
32676,1,14572815,19341,51.00104724943017,"['check', 'other', 'end']","['n', 'qn', 'n']",CLI,CT
32676,1,14572820,19341,51.00104724943017,['yeah'],['co'],CHI,AC
32676,1,14572824,19341,51.00104724943017,"['try', 'build', 'this']","['v', 'v', 'det:dem']",CHI,RP
32676,1,14572828,19341,51.00104724943017,"['try', 'build', 'this']","['v', 'v', 'det:dem']",CHI,RP
32676,1,14572833,19341,51.00104724943017,"['try', 'to', 'build', 'that', 'oh']","['v', 'inf', 'v', 'comp', 'co']",CLI,YQ
32676,1,14572837,19341,51.00104724943017,['boy'],['co'],CHI,AA
32676,1,14572841,19341,51.00104724943017,"['the', 'boy', 'builds', 'it']","['det:art', 'n', 'v', 'pro:per']",CLI,ST
32676,1,14572845,19341,51.00104724943017,"['do', 'you', 'think', 'we', 'could', 'build', 'it']","['mod', 'pro:per', 'v', 'pro:sub', 'mod', 'v', 'pro:per']",CLI,RQ
32676,1,14572850,19341,51.00104724943017,['yeah'],['co'],CHI,AD
32676,1,14572855,19341,51.00104724943017,"['I', ""don't"", 'know']","['pro:sub', 'mod', 'v']",CLI,ST
32676,1,14572859,19341,51.00104724943017,['okay'],['co'],CLI,MK
32676,1,14572863,19341,51.00104724943017,"['take', 'one', 'of', 'these', 'block']","['v', 'det:num', 'prep', 'det:dem', 'n']",CHI,ST
32676,1,14572867,19341,51.00104724943017,"['take', 'one', 'of', 'these', 'blocks']","['v', 'det:num', 'prep', 'det:dem', 'n']",CLI,AP
32676,1,14572872,19341,51.00104724943017,"['one', 'these', 'one']","['det:num', 'det:dem', 'pro:indef']",CHI,CN
32676,1,14572876,19341,51.00104724943017,"['how', 'about', 'one']","['pro:int', 'adv', 'det:num']",CLI,CN
32676,1,14572880,19341,51.00104724943017,"['yeah', 'that']","['co', 'pro:dem']",CHI,AA
32676,1,14572884,19341,51.00104724943017,['yeah'],['co'],CHI,AA
32676,1,14572888,19341,51.00104724943017,['that'],['comp'],CLI,YY
32676,1,14572892,19341,51.00104724943017,"['and', 'then']","['coord', 'adv:tem']",CLI,YY
32676,1,14572896,19341,51.00104724943017,['these'],['pro:dem'],CHI,YY
32676,1,14572899,19341,51.00104724943017,"['which', 'one']","['pro:rel', 'pro:indef']",CLI,QN
32676,1,14572902,19341,51.00104724943017,"['these', 'kind']","['det:dem', 'n']",CHI,SA
32676,1,14572906,19341,51.00104724943017,['here'],['adv'],CHI,TO
32676,1,14572909,19341,51.00104724943017,"['these', 'kind']","['det:dem', 'n']",CLI,RP
32676,1,14572911,19341,51.00104724943017,"['where', 'is', 'that', 'kind']","['pro:int', 'cop', 'pro:dem', 'adj']",CLI,QN
32676,1,14572914,19341,51.00104724943017,['here'],['adv'],CHI,TO
32676,1,14572917,19341,51.00104724943017,"['oh', 'oh']","['co', 'co']",CLI,MK
32676,1,14572920,19341,51.00104724943017,"['well', 'well', 'now', 'what', 'should', 'I', 'do']","['co', 'adv', 'adv', 'pro:int', 'mod', 'pro:sub', 'v']",CLI,QN
32676,1,14572923,19341,51.00104724943017,['triangle'],['n'],CHI,SA
32676,1,14572925,19341,51.00104724943017,['triangle'],['n'],CLI,CT
32676,1,14572927,19341,51.00104724943017,"['we', 'got', 'a', 'triangle']","['pro:sub', 'v', 'det:art', 'n']",CLI,ST
32676,1,14572930,19341,51.00104724943017,"['all', 'right']","['post', 'co']",CLI,AP
32676,1,14572933,19341,51.00104724943017,"['who', 'that']","['pro:int', 'pro:dem']",CLI,QN
32676,1,14572935,19341,51.00104724943017,"['that', 'that', 'tall']","['pro:dem', '', 'adj']",CHI,RT
32676,1,14572938,19341,51.00104724943017,"['that', 'tall']","['pro:dem', 'adj']",CHI,YY
32676,1,14572941,19341,51.00104724943017,"['mm', 'well', 'well']","['', 'co', 'adv']",CLI,YY
32676,1,14572943,19341,51.00104724943017,['tower'],['n'],CHI,YY
32677,1,14572501,19341,51.00104724943017,"['one', 'puzzle', 'dog']","['det:num', 'n', 'n']",CHI,ST
32677,1,14572503,19341,51.00104724943017,"['oh', 'you', 'call', 'that', 'a', 'puzzle', 'dog']","['co', 'pro:per', 'v', 'comp', 'det:art', 'n', 'n']",CLI,YQ
32677,1,14572506,19341,51.00104724943017,['yeah'],['co'],CHI,AA
32677,1,14572508,19341,51.00104724943017,"['do', 'you', 'have', 'soap', 'on', 'your', ""hand's"", 'too']","['mod', 'pro:per', 'v', 'n', 'prep', 'det:poss', 'n', 'adv']",CLI,ST
32677,1,14572510,19341,51.00104724943017,"['you', 'wanna', 'get', 'them', 'rubbed', 'off']","['pro:per', 'v', 'v', 'pro:obj', 'v', 'adv']",CLI,ST
32677,1,14572512,19341,51.00104724943017,"['the', 'soap', 'is', 'sticky']","['det:art', 'n', 'cop', 'n']",CLI,YQ
32677,1,14572515,19341,51.00104724943017,['yeah'],['co'],CHI,AA
32677,1,14572517,19341,51.00104724943017,"['what', 'else']","['pro:int', 'post']",CLI,RR
32677,1,14572519,19341,51.00104724943017,['xxx'],[''],CHI,YY
32677,1,14572521,19341,51.00104724943017,"['that', 'again']","['pro:dem', 'adv']",CLI,RP
32677,1,14572523,19341,51.00104724943017,"['put', 'all', 'these', 'block', 'on', 'top', 'guy']","['v', 'qn', 'det:dem', 'n', 'prep', 'adj', 'n']",CHI,RP
32677,1,14572525,19341,51.00104724943017,"['put', 'all', 'the', 'blocks', 'on', 'top', 'of', 'the', 'guy']","['v', 'qn', 'det:art', 'n', 'prep', 'n', 'prep', 'det:art', 'n']",CLI,RP
32677,1,14572527,19341,51.00104724943017,['yep'],['co'],CHI,AD
32677,1,14572530,19341,51.00104724943017,"['what', 'do', 'you', 'think', 'the', 'guy', 'would', 'say', 'about', 'that']","['pro:int', 'mod', 'pro:per', 'v', 'det:art', 'n', 'mod', 'v', 'prep', 'pro:dem']",CLI,QN
32677,1,14572532,19341,51.00104724943017,"['too', 'heavy']","['adv', 'adj']",CHI,SA
32677,1,14572534,19341,51.00104724943017,"['too', 'heavy']","['adv', 'adj']",CHI,ST
32677,1,14572535,19341,51.00104724943017,"[""he'd"", 'say', 'what']","['pro:sub', 'v', 'pro:int']",CLI,AC
32677,1,14572537,19341,51.00104724943017,"['too', 'heavy']","['adv', 'adj']",CHI,ST
32677,1,14572539,19341,51.00104724943017,"['too', 'tight']","['adv', 'adv']",CLI,AP
32677,1,14572540,19341,51.00104724943017,"['too', 'heavy']","['adv', 'adj']",CHI,AP
32677,1,14572542,19341,51.00104724943017,"['too', 'heavy']","['adv', 'adj']",CLI,AP
32677,1,14572543,19341,51.00104724943017,"[""he'd"", 'say', 'ouch', 'let', 'me', 'out']","['pro:sub', 'v', 'n', 'v', 'pro:obj', 'adv']",CLI,EI
32677,1,14572546,19341,51.00104724943017,"['me', ""can't""]","['pro:obj', 'mod']",CHI,RT
32677,1,14572550,19341,51.00104724943017,"['me', 'drive', 'truck', 'away']","['pro:obj', 'v', 'n', 'adv']",CHI,SI
32677,1,14572553,19341,51.00104724943017,"['I', 'think', ""I'd"", 'better', 'get', 'out_of', 'the', 'way']","['pro:sub', 'v', 'pro:sub', 'adj', 'v', 'prep', 'det:art', 'n']",CLI,SI
32677,1,14572557,19341,51.00104724943017,"['sound', 'effects']","['', '']",CHI,YY
32677,1,14572566,19341,51.00104724943017,"['say', ""you're"", 'driving', 'on', 'a', 'line', 'there']","['co', 'pro:per', 'part', 'prep', 'det:art', 'n', 'adv']",CLI,EI
32677,1,14572577,19341,51.00104724943017,"['I', 'know', 'that']","['pro:sub', 'v', 'pro:dem']",CHI,ST
32677,1,14572582,19341,51.00104724943017,"['you', 'know', 'that']","['pro:per', 'v', 'pro:dem']",CLI,YQ
32677,1,14572589,19341,51.00104724943017,"['here', 'comes', 'a', 'big', 'load']","['adv', 'v', 'det:art', 'adj', 'n']",CLI,ST
32677,1,14572594,19341,51.00104724943017,"['block', 'it', 'up']","['v', 'pro:per', 'adv']",CLI,ST
32677,1,14572598,19341,51.00104724943017,"[""it's"", 'hard', 'to', 'back', 'a', 'big', 'truck', 'up']","['pro:per', 'adj', 'inf', 'adv', 'det:art', 'adj', 'n', 'adv']",CLI,ST
32677,1,14572604,19341,51.00104724943017,"[""where's"", 'art', 'going']","['pro:int', 'n', 'part']",CLI,QN
32677,1,14572609,19341,51.00104724943017,"['the', 'boy', 'and', 'guy', 'are', 'out', 'there']","['det:art', 'n', 'coord', 'n', 'cop', 'prep', 'n']",CLI,SA
32677,1,14572616,19341,51.00104724943017,['xxx'],[''],CHI,YY
32677,1,14572619,19341,51.00104724943017,"['did', 'they', 'get', 'hurt']","['mod', 'pro:sub', 'v', 'part']",CLI,PD
32677,1,14572624,19341,51.00104724943017,"['try', 'to', 'build', 'that']","['v', 'inf', 'v', 'pro:dem']",CHI,RP
32677,1,14572628,19341,51.00104724943017,"['mm', 'try', 'to', 'build', 'that']","['', 'v', 'inf', 'v', 'pro:dem']",CLI,YQ
32677,1,14572633,19341,51.00104724943017,"['that', 'looks', 'hard']","['pro:rel', 'v', 'adv']",CLI,ST
32677,1,14572638,19341,51.00104724943017,"['sound', 'effects']","['', '']",CHI,YY
32677,1,14572642,19341,51.00104724943017,"['have', 'dump', 'truck']","['v', 'n', 'n']",CHI,ST
32677,1,14572646,19341,51.00104724943017,"['have', 'a', 'dump', 'truck']","['v', 'det:art', 'n', 'n']",CLI,AP
32677,1,14572650,19341,51.00104724943017,['xxx'],[''],CHI,YY
32677,1,14572655,19341,51.00104724943017,['wow'],['co'],CLI,ET
32677,1,14572659,19341,51.00104724943017,"['you', 'have', 'a', 'lot']","['pro:per', 'v', 'det:art', 'n']",CLI,ST
32677,1,14572663,19341,51.00104724943017,"['should', 'I', 'help', 'you']","['mod', 'pro:sub', 'v', 'pro:per']",CLI,RQ
32677,1,14572666,19341,51.00104724943017,"['should', 'I', 'help', 'you', 'do', 'it']","['mod', 'pro:sub', 'v', 'pro:per', 'v', 'pro:per']",CLI,RP
32677,1,14572672,19341,51.00104724943017,"['xxx', 'a', 'dog']","['', 'det:art', 'n']",CLI,ST
32677,1,14572676,19341,51.00104724943017,"['xxx', 'some', 'more']","['', 'qn', 'pro:indef']",CLI,RP
32677,1,14572681,19341,51.00104724943017,"['here', 'comes', 'a', 'green', 'one']","['adv', 'v', 'det:art', 'n', 'pro:indef']",CLI,PD
32677,1,14572686,19341,51.00104724943017,"['here', 'comes', 'a', 'donut']","['adv', 'v', 'det:art', 'n']",CLI,PD
32677,1,14572689,19341,51.00104724943017,['donut'],['n'],CHI,YY
32677,1,14572694,19341,51.00104724943017,['donut'],['n'],CHI,YY
32677,1,14572699,19341,51.00104724943017,"['now', 'is', 'that', 'donut']","['adv', 'cop', 'comp', 'n']",CLI,QN
32677,1,14572704,19341,51.00104724943017,['cold'],['n'],CHI,SA
32677,1,14572708,19341,51.00104724943017,"[""it's"", 'cold']","['pro:per', 'n']",CLI,AP
32677,1,14572713,19341,51.00104724943017,"['do', 'you', 'like', 'it']","['mod', 'pro:per', 'v', 'pro:per']",CLI,ST
32677,1,14572718,19341,51.00104724943017,['no'],['co'],CHI,DW
32677,1,14572724,19341,51.00104724943017,"['no', 'like', 'cold']","['co', 'prep', 'n']",CHI,DW
32677,1,14572727,19341,51.00104724943017,"['here', 'comes', 'a', 'bead']","['adv', 'v', 'det:art', 'n']",CLI,CT
32677,1,14572732,19341,51.00104724943017,['bead'],['n'],CHI,RT
32677,1,14572736,19341,51.00104724943017,"['do', 'you', 'call', 'it', 'a', 'bead']","['mod', 'pro:per', 'v', 'pro:per', 'det:art', 'n']",CLI,ST
32677,1,14572741,19341,51.00104724943017,"['no', 'I', 'make', 'h']","['co', 'pro:sub', 'v', 'n:let']",CHI,SI
32677,1,14572746,19341,51.00104724943017,"['I', 'make', 'h']","['pro:sub', 'v', 'n:let']",CHI,SI
32677,1,14572751,19341,51.00104724943017,"['I', 'make', 'h']","['pro:sub', 'v', 'n:let']",CHI,SI
32677,1,14572757,19341,51.00104724943017,"['oh', ""art's"", 'making', 'a', 'again']","['co', 'n', 'part', 'n:let', 'adv']",CLI,ST
32677,1,14572761,19341,51.00104724943017,['h'],['n:let'],CHI,YY
32677,1,14572765,19341,51.00104724943017,['a'],['n:let'],CLI,YY
32677,1,14572766,19341,51.00104724943017,['h'],['n:let'],CHI,YY
32677,1,14572770,19341,51.00104724943017,"[""I'll"", 'bet', 'you', 'mean', 'h']","['pro:sub', 'v', 'pro:per', 'v', 'n:let']",CLI,ST
32677,1,14572774,19341,51.00104724943017,"['is', 'that', 'what', 'you', 'mean']","['cop', 'pro:dem', 'pro:int', 'pro:per', 'adj']",CLI,YQ
32677,1,14572778,19341,51.00104724943017,['yeah'],['co'],CHI,AA
32677,1,14572781,19341,51.00104724943017,['it'],['pro:per'],CLI,QN
32677,1,14572784,19341,51.00104724943017,"['a', 'green']","['det:art', 'n']",CLI,SA
32677,1,14572788,19341,51.00104724943017,['h'],['n:let'],CHI,SA
32677,1,14572792,19341,51.00104724943017,"['a', 'green', 'h']","['n:let', 'adj', 'n:let']",CLI,CT
32677,1,14572796,19341,51.00104724943017,"['hold', 'that', 'my']","['n', 'pro:rel', 'co']",CHI,YY
32677,1,14572799,19341,51.00104724943017,['my'],['det:poss'],CHI,YY
32677,1,14572803,19341,51.00104724943017,"['now', 'you', 'broke', 'it']","['adv', 'pro:per', 'v', 'pro:per']",CLI,ST
32677,1,14572807,19341,51.00104724943017,"['hold', 'that', 'mine']","['n', 'pro:rel', 'pro:poss']",CHI,ST
32677,1,14572810,19341,51.00104724943017,"['hold', 'that']","['v', 'pro:dem']",CLI,CT
32677,1,14572814,19341,51.00104724943017,"['hold', 'that', 'mine']","['n', 'pro:rel', 'pro:poss']",CHI,RT
32677,1,14572818,19341,51.00104724943017,"['have', 'over', 'there']","['v', 'prep', 'n']",CHI,RP
32677,1,14572822,19341,51.00104724943017,"['there', 'have', 'over', 'there']","['adv', 'v', 'prep', 'n']",CHI,RP
32677,1,14572827,19341,51.00104724943017,['oh'],['co'],CLI,MK
32677,1,14572830,19341,51.00104724943017,"['have', 'them', 'over', 'there']","['v', 'pro:obj', 'prep', 'n']",CLI,RP
32677,1,14572835,19341,51.00104724943017,['okay'],['co'],CLI,AD
32677,1,14572838,19341,51.00104724943017,"['I', 'think', ""I'll"", 'make', 'steps']","['pro:sub', 'v', 'pro:sub', 'v', 'n']",CLI,PR
32677,1,14572843,19341,51.00104724943017,"['oh', 'somebody', 'took', 'my', ""step's""]","['co', 'pro:indef', 'v', 'det:poss', 'adj']",CLI,ST
32677,1,14572847,19341,51.00104724943017,"['me', 'did']","['pro:obj', 'v']",CHI,YY
32677,1,14572851,19341,51.00104724943017,"['you', 'did']","['pro:per', 'v']",CLI,YQ
32677,1,14572854,19341,51.00104724943017,"['come', 'back', 'here']","['v', 'adv', 'adv']",CHI,RP
32677,1,14572858,19341,51.00104724943017,"['where', 'you', 'gonna', 'take', 'them']","['pro:int', 'pro:per', 'part', 'v', 'pro:obj']",CLI,QN
32677,1,14572862,19341,51.00104724943017,"['sound', 'effects']","['', '']",CHI,SA
32677,1,14572866,19341,51.00104724943017,"['think', 'he', 'goes']","['v', 'pro:sub', 'v']",CLI,AP
32677,1,14572870,19341,51.00104724943017,"['wonder', 'where', ""he's"", 'gonna', 'go']","['adj', 'pro:rel', 'pro:sub', 'part', 'v']",CLI,ST
32677,1,14572874,19341,51.00104724943017,"['to', 'the', 'junk', 'pile', 'again']","['prep', 'det:art', 'n', 'n', 'adv']",CLI,ST
32677,1,14572878,19341,51.00104724943017,['oh_my_goodness'],['co'],CLI,ET
32677,1,14572883,19341,51.00104724943017,"['turn', 'around', 'backwards']","['n', 'adv', 'adv']",CHI,RP
32677,1,14572887,19341,51.00104724943017,"['turn', 'around', 'backwards']","['n', 'adv', 'adv']",CLI,RP
32677,1,14572891,19341,51.00104724943017,"['sound', 'effects']","['', '']",CHI,YY
32677,1,14572895,19341,51.00104724943017,"['say', 'mister', 'you', 'ran', 'over', 'something']","['v', 'n', 'pro:per', 'v', 'adv', 'pro:indef']",CLI,EI
32678,1,14572555,19341,52.00106778373272,"['that', 'that', 'looked', 'like', 'a', 'boy']","['pro:rel', '', 'v', 'prep', 'det:art', 'n']",CLI,ST
32678,1,14572558,19341,52.00106778373272,"['oh', 'you', 'mean', 'that', 'yellow', 'one']","['co', 'pro:per', 'adj', 'adv', 'adj', 'pro:indef']",CLI,ST
32678,1,14572570,19341,52.00106778373272,"['that', 'trailor', 'that', 'trailor']","['det:dem', 'n', '', '']",CHI,RT
32678,1,14572579,19341,52.00106778373272,"['something', 'pulls', 'it']","['pro:indef', 'v', 'pro:per']",CHI,ST
32678,1,14572584,19341,52.00106778373272,"['well', 'I', ""can't"", 'find', 'the', 'thing']","['co', 'pro:sub', 'mod', 'v', 'det:art', 'n']",CLI,ST
32678,1,14572588,19341,52.00106778373272,"['I', 'can']","['pro:sub', 'mod']",CHI,RT
32678,1,14572592,19341,52.00106778373272,"['you', 'think', 'it', 'would', 'hold', 'on', 'there']","['pro:per', 'v', 'pro:per', 'mod', 'v', 'prep', 'n']",CLI,RP
32678,1,14572596,19341,52.00106778373272,"['yeah', 'and', 'that', 'yellow', 'thing', 'and', 'that', 'orange', 'thing']","['co', 'coord', 'adv', 'adj', 'n', 'coord', 'pro:dem', 'adj', 'n']",CHI,ST
32678,1,14572601,19341,52.00106778373272,"['is', 'it', 'orange']","['aux', 'pro:per', 'n']",CLI,YQ
32678,1,14572606,19341,52.00106778373272,['yeah'],['co'],CHI,AA
32678,1,14572610,19341,52.00106778373272,"['that', 'tank', 'and', 'that', 'tank', 'car', 'thing']","['det:dem', 'n', 'coord', 'pro:dem', 'n', 'n', 'n']",CHI,ST
32678,1,14572614,19341,52.00106778373272,"['pull', 'it']","['v', 'pro:per']",CHI,RP
32678,1,14572618,19341,52.00106778373272,"['tank', 'car', 'thing', 'I', ""don't"", 'know']","['n', 'n', 'n', 'pro:sub', 'mod', 'v']",CLI,ST
32678,1,14572623,19341,52.00106778373272,"['but', 'if', 'we', 'find', 'it', ""we're"", 'gonna', 'put', 'it', 'our', 'shelf']","['conj', 'conj', 'pro:sub', 'v', 'pro:per', 'pro:sub', 'part', 'v', 'pro:per', 'det:poss', 'n']",CLI,RP
32678,1,14572627,19341,52.00106778373272,"['so_that', 'is', 'we', 'get', 'xxx']","['conj', 'cop', 'pro:sub', 'v', '']",CLI,GR
32678,1,14572636,19341,52.00106778373272,"['blow', 'soap', 'bubbles']","['n', 'n', 'n']",CHI,ST
32678,1,14572643,19341,52.00106778373272,"['you', 'got', 'a', 'whole', 'pile']","['pro:per', 'v', 'det:art', 'adj', 'n']",CLI,ST
32678,1,14572649,19341,52.00106778373272,"[""bubble's""]",['n'],CLI,PR
32678,1,14572654,19341,52.00106778373272,"['is', 'that', 'what', ""you're"", 'talking', 'about']","['cop', 'pro:dem', 'pro:int', 'pro:per', 'part', 'adv']",CLI,ST
32678,1,14572660,19341,52.00106778373272,"['soap', 'bubbles']","['n', 'v']",CHI,ST
32678,1,14572665,19341,52.00106778373272,"['well', 'you', 'did', 'good', 'work', 'today']","['co', 'pro:per', 'v', 'adj', 'n', 'adv:tem']",CLI,PM
32678,1,14572670,19341,52.00106778373272,"['we', 'can', 'blow', 'a', 'few', 'bubbles', 'but', 'we', ""won't"", 'take', 'the', 'toys', 'out', 'for', 'a', 'little', 'while']","['pro:sub', 'mod', 'v', 'det:art', 'n', 'n', 'conj', 'pro:sub', 'mod', 'v', 'det:art', 'n', 'adv', 'prep', 'det:art', 'adj', 'n']",CLI,PD
32678,1,14572678,19341,52.00106778373272,"['do', 'you', 'hafta', 'go', 'potty']","['mod', 'pro:per', 'mod', 'v', 'adj']",CLI,PD
32678,1,14572683,19341,52.00106778373272,"['then', 'we', 'wanna', 'move', 'the', 'trailor']","['adv:tem', 'pro:sub', 'v', 'v', 'det:art', 'n']",CLI,RQ
32678,1,14572688,19341,52.00106778373272,['xxx'],[''],CHI,YY
32678,1,14572692,19341,52.00106778373272,"[""let's"", 'move', 'the', 'trailor', 'out_of', 'the', 'way']","['v', 'v', 'det:art', 'n', 'prep', 'det:art', 'n']",CLI,RP
32678,1,14572696,19341,52.00106778373272,"['and', 'the', 'car', 'because', 'they', 'might', 'get', 'kinda']","['coord', 'det:art', 'n', 'conj', 'pro:sub', 'mod', 'aux', 'adv']",CLI,GR
32678,1,14572701,19341,52.00106778373272,"['got', 'two', 'those']","['v', 'det:num', 'pro:dem']",CHI,ST
32678,1,14572705,19341,52.00106778373272,"['I', 'wonder', 'how', 'many', ""you're"", 'gonna', 'get']","['pro:sub', 'v', 'pro:int', 'qn', 'pro:per', 'part', 'v']",CLI,ST
32678,1,14572710,19341,52.00106778373272,"['me', 'catch', 'one']","['pro:obj', 'v', 'det:num']",CHI,RP
32678,1,14572714,19341,52.00106778373272,"['well', 'look', 'at', 'this', 'one']","['co', 'v', 'prep', 'det:dem', 'pro:indef']",CLI,RP
32678,1,14572719,19341,52.00106778373272,"['that', 'one']","['det:dem', 'pro:indef']",CHI,YQ
32678,1,14572723,19341,52.00106778373272,"['me', 'catch', 'one']","['pro:obj', 'v', 'det:num']",CHI,RP
32678,1,14572726,19341,52.00106778373272,"['caught', 'it']","['v', 'pro:per']",CLI,ST
32678,1,14572731,19341,52.00106778373272,"['you', 'got', 'a', 'bigger', 'one']","['pro:per', 'v', 'det:art', 'adj', 'pro:indef']",CLI,ST
32678,1,14572735,19341,52.00106778373272,"['that', 'caught', 'on', 'bottom']","['pro:rel', 'v', 'prep', 'n']",CHI,ST
32678,1,14572740,19341,52.00106778373272,"['how', 'could', 'you', 'catch', 'it', 'on', 'the', 'bottom']","['pro:int', 'mod', 'pro:per', 'v', 'pro:per', 'prep', 'det:art', 'n']",CLI,RP
32678,1,14572745,19341,52.00106778373272,"['me', 'can']","['pro:obj', 'mod']",CHI,AD
32678,1,14572750,19341,52.00106778373272,"['I', ""didn't"", 'know', 'you', 'could', 'do', 'that']","['pro:sub', 'mod', 'v', 'pro:per', 'mod', 'v', 'pro:dem']",CLI,ST
32678,1,14572755,19341,52.00106778373272,"['I', 'never', 'saw', 'anybody', 'do', 'that']","['pro:sub', 'adv', 'v', 'pro:indef', 'v', 'pro:dem']",CLI,ST
32678,1,14572758,19341,52.00106778373272,"['get', 'your', 'hands', 'kinda', 'sticky', 'when', 'you', 'that', ""don't"", 'you']","['v', 'det:poss', 'n', 'adv', 'n', 'conj', 'pro:per', 'pro:rel', 'mod', 'pro:per']",CLI,ST
32678,1,14572762,19341,52.00106778373272,"['me', 'like', 'the', 'other', 'bottle']","['pro:obj', 'prep', 'det:art', 'qn', 'n']",CHI,ST
32678,1,14572768,19341,52.00106778373272,"['me', 'like', 'xxx']","['pro:obj', 'prep', '']",CHI,ST
32678,1,14572772,19341,52.00106778373272,"['is', 'there', 'another', 'bottle']","['cop', 'adv', 'qn', 'n']",CLI,AP
32678,1,14572776,19341,52.00106778373272,"['a', 'little', 'one']","['det:art', 'adj', 'pro:indef']",CLI,ST
32678,1,14572779,19341,52.00106778373272,['yeah'],['co'],CHI,AC
32678,1,14572783,19341,52.00106778373272,['oh'],['co'],CLI,MK
32678,1,14572787,19341,52.00106778373272,"['me', 'like', 'the', 'other', 'one']","['pro:obj', 'prep', 'det:art', 'qn', 'pro:indef']",CHI,TO
32678,1,14572791,19341,52.00106778373272,"['oh', 'well']","['co', 'co']",CLI,MK
32678,1,14572794,19341,52.00106778373272,"['maybe', 'we', 'can', 'look', 'for', 'that', 'another', 'time']","['adv', 'pro:sub', 'mod', 'v', 'prep', 'det:dem', 'qn', 'n']",CLI,RP
32678,1,14572798,19341,52.00106778373272,"['but', 'I', 'think', 'we', 'wanna', 'see', 'what', ""we've"", 'got', 'here', ""don't"", 'you']","['conj', 'pro:sub', 'v', 'pro:sub', 'v', 'v', 'pro:int', 'pro:sub', 'part', 'adv', 'mod', 'pro:per']",CLI,ST
32678,1,14572802,19341,52.00106778373272,['pail'],['n'],CHI,YY
32678,1,14572804,19341,52.00106778373272,"['pail', 'full', 'of', 'xxx']","['n', 'adj', 'prep', '']",CLI,ST
32678,1,14572808,19341,52.00106778373272,['block'],['n'],CHI,YY
32678,1,14572812,19341,52.00106778373272,['yeah'],['co'],CLI,AC
32678,1,14572816,19341,52.00106778373272,['xxx'],[''],CHI,YY
32678,1,14572819,19341,52.00106778373272,"['shall', 'we', 'make', 'something', 'for', 'the', 'car', 'with', 'that']","['mod', 'pro:sub', 'v', 'pro:indef', 'prep', 'det:art', 'n', 'prep', 'pro:dem']",CLI,RQ
32678,1,14572823,19341,52.00106778373272,"['something', 'for', 'the', 'new', 'car']","['pro:indef', 'prep', 'det:art', 'adj', 'n']",CLI,ST
32678,1,14572826,19341,52.00106778373272,"['car', 'wash']","['n', 'n']",CHI,RT
32678,1,14572831,19341,52.00106778373272,"['car', 'wash']","['n', 'n']",CLI,CT
32678,1,14572834,19341,52.00106778373272,"['oh', ""you're"", 'good', 'at', 'that']","['co', 'pro:per', 'adj', 'prep', 'pro:dem']",CLI,AB
32678,1,14572840,19341,52.00106778373272,"['you', 'are', 'good', 'at', 'that']","['pro:per', 'cop', 'adj', 'prep', 'pro:dem']",CLI,AB
32678,1,14572844,19341,52.00106778373272,"['yeah', 'race', 'car']","['co', 'n', 'n']",CHI,AA
32678,1,14572848,19341,52.00106778373272,['red'],['adj'],CLI,AC
32678,1,14572852,19341,52.00106778373272,"['race', 'car', 'race', 'car']","['n', 'n', '', '']",CLI,ST
32678,1,14572856,19341,52.00106778373272,"['I', ""don't"", ""don't"", 'know', 'if', 'race', 'cars', 'go', 'go', 'in', 'car', 'washes', 'do', 'they']","['pro:sub', '', 'mod', 'v', 'comp', 'n', 'n', 'v', '', 'prep', 'n', 'v', 'mod', 'pro:sub']",CLI,ST
32678,1,14572860,19341,52.00106778373272,"['yeah', 'little', 'one']","['co', 'adj', 'pro:indef']",CHI,AA
32678,1,14572864,19341,52.00106778373272,"['I', ""don't"", 'call', 'that', 'a', 'car', 'wash']","['pro:sub', 'mod', 'v', 'comp', 'det:art', 'n', 'n']",CLI,ST
32678,1,14572868,19341,52.00106778373272,['xxx'],[''],CHI,YY
32678,1,14572871,19341,52.00106778373272,"['well', 'just', 'a', 'minute', 'here']","['co', 'adv', 'det:art', 'n', 'adv']",CLI,RP
32678,1,14572875,19341,52.00106778373272,"['these', 'are', 'mine']","['pro:dem', 'cop', 'pro:poss']",CLI,ST
32678,1,14572879,19341,52.00106778373272,"['you', 'make', 'something', 'else']","['pro:per', 'v', 'pro:indef', 'post']",CLI,RP
32678,1,14572882,19341,52.00106778373272,"['I', 'wanna', 'make', 'something', 'for', 'this', 'new', 'car', 'here']","['pro:sub', 'v', 'v', 'pro:indef', 'prep', 'det:dem', 'adj', 'n', 'adv']",CLI,ST
32678,1,14572886,19341,52.00106778373272,"['not', 'car', 'wash']","['neg', 'n', 'n']",CHI,DW
32678,1,14572889,19341,52.00106778373272,['no'],['co'],CLI,DW
32678,1,14572894,19341,52.00106778373272,"['what', 'is', 'that']","['pro:int', 'cop', 'pro:dem']",CHI,QN
32678,1,14572898,19341,52.00106778373272,"['well', 'that', 'looks', 'like', 'a', 'car', 'wash', 'to', 'me']","['co', 'pro:rel', 'v', 'prep', 'det:art', 'n', 'n', 'prep', 'pro:obj']",CLI,ST
32678,1,14572901,19341,52.00106778373272,"['that', 'what', 'you', 'call', 'it']","['pro:dem', 'pro:int', 'pro:per', 'v', 'pro:per']",CLI,ST
32678,1,14572904,19341,52.00106778373272,"['oh', 'oh', 'is', 'that', 'getting', 'sprayed', 'water', 'on', 'it']","['', 'co', 'cop', 'comp', 'part', 'part', 'n', 'prep', 'pro:per']",CLI,ST
32678,1,14572907,19341,52.00106778373272,"['knock', 'your', 'down']","['v', 'det:poss', 'adv']",CHI,RP
32678,1,14572912,19341,52.00106778373272,"['oh', 'it', 'knocked', 'mine', 'down']","['co', 'pro:per', 'v', 'n', 'adv']",CLI,ST
32678,1,14572915,19341,52.00106778373272,"['hold', 'these', ""block's""]","['v', 'det:dem', 'n']",CHI,YY
32678,1,14572918,19341,52.00106778373272,"[""that's"", 'something', ""I've"", 'seen', 'before']","['pro:dem', 'pro:indef', 'pro:sub', 'part', 'adv']",CLI,ST
32678,1,14572921,19341,52.00106778373272,"['you', 'built', 'one']","['pro:per', 'v', 'pro:indef']",CHI,ST
32678,1,14572926,19341,52.00106778373272,"['yeah', 'right']","['co', 'co']",CLI,AP
32678,1,14572929,19341,52.00106778373272,"['I', 'guess', 'you', 'like', 'that']","['pro:sub', 'v', 'pro:per', 'co', 'pro:dem']",CLI,ST
32678,1,14572932,19341,52.00106778373272,"['that', 'water', 'tower']","['pro:dem', 'n', 'n']",CHI,RT
32678,1,14572936,19341,52.00106778373272,"['that', 'race', 'car']","['pro:dem', 'n', 'n']",CLI,CT
32678,1,14572940,19341,52.00106778373272,"['fall', 'down', 'and', 'before', 'it']","['v', 'adv', 'coord', 'conj', 'pro:per']",CHI,ST
32678,1,14572944,19341,52.00106778373272,"['fall', 'down', 'and', 'broke', 'it']","['v', 'adv', 'coord', 'v', 'pro:per']",CHI,ST
32678,1,14572946,19341,52.00106778373272,"['it', 'broke', 'it']","['pro:per', 'v', 'pro:per']",CLI,AP
32678,1,14572948,19341,52.00106778373272,"['no', 'fall', 'down']","['co', 'v', 'adv']",CHI,AP
32678,1,14572950,19341,52.00106778373272,"['all', 'down']","['post', 'adv']",CLI,AP
32678,1,14572952,19341,52.00106778373272,"['this', 'one', 'car', 'wash']","['pro:dem', 'pro:indef', 'n', 'n']",CHI,ST
32678,1,14572955,19341,52.00106778373272,"['gonna', 'get', 'clean']","['part', 'v', 'adj']",CLI,RP
32678,1,14572958,19341,52.00106778373272,"['inside', 'too']","['prep', 'adv']",CHI,RP
32678,1,14572961,19341,52.00106778373272,"['has', 'no', 'window']","['v', 'qn', 'n']",CHI,PF
32678,1,14572964,19341,52.00106778373272,['inside'],['adj'],CLI,PF
32678,1,14572967,19341,52.00106778373272,"['no', 'not', 'on', 'here']","['co', 'neg', 'prep', 'n']",CHI,PF
32678,1,14572970,19341,52.00106778373272,"['not', 'on', 'here']","['neg', 'prep', 'n']",CHI,PF
32678,1,14572973,19341,52.00106778373272,"['not', 'on', 'there']","['neg', 'prep', 'n']",CLI,PF
32679,1,14572554,19341,52.00106778373272,"['that', 'it', 'was', 'going', 'to', 'drive', 'on', 'the', 'road', 'that', 'you', 'build']","['comp', 'pro:per', 'aux', 'part', 'inf', 'v', 'prep', 'det:art', 'n', 'pro:rel', 'pro:per', 'v']",CLI,QN
32679,1,14572559,19341,52.00106778373272,"['it', 'come', 'to', 'make', 'concrete']","['pro:per', 'v', 'inf', 'v', 'n']",CHI,SA
32679,1,14572572,19341,52.00106778373272,"['is', 'the', 'concrete', 'wet']","['cop', 'det:art', 'n', 'adj']",CLI,CT
32679,1,14572580,19341,52.00106778373272,['yet'],['adv'],CLI,ST
32679,1,14572585,19341,52.00106778373272,"['me', 'spray', 'hot', 'water']","['pro:obj', 'n', 'adj', 'n']",CHI,ST
32679,1,14572590,19341,52.00106778373272,"['oh', 'and', 'the', 'water', 'okay']","['co', 'coord', 'det:art', 'n', 'adj']",CLI,ST
32679,1,14572595,19341,52.00106778373272,"[""I'm"", 'gonna', 'just', 'let', 'you', 'do', 'most', 'of', 'the', 'talking', 'right', 'now']","['pro:sub', 'part', 'adv', 'v', 'pro:per', 'v', 'qn', 'prep', 'det:art', 'n:gerund', 'adv', 'adv']",CLI,RP
32679,1,14572600,19341,52.00106778373272,"['tell', 'me', 'what', ""you're"", 'doing']","['v', 'pro:obj', 'pro:int', 'pro:per', 'part']",CLI,RP
32679,1,14572603,19341,52.00106778373272,"['wonder', 'what', 'xxx']","['v', 'pro:int', '']",CLI,QN
32679,1,14572608,19341,52.00106778373272,"['the', 'truck', 'whistled', ""it's"", 'done']","['det:art', 'n', 'v', 'pro:per', 'part']",CLI,SA
32679,1,14572612,19341,52.00106778373272,"['that', 'dry']","['pro:dem', 'adj']",CHI,SA
32679,1,14572617,19341,52.00106778373272,"[""it's"", 'dry']","['pro:per', 'adj']",CLI,AP
32679,1,14572620,19341,52.00106778373272,"['no', 'drying']","['co', 'part']",CHI,DW
32679,1,14572626,19341,52.00106778373272,['drying'],['part'],CLI,DW
32679,1,14572631,19341,52.00106778373272,"['that', 'breath', 'fire']","['det:dem', 'n', 'n']",CHI,SA
32679,1,14572635,19341,52.00106778373272,"['breathes', 'fire']","['v', 'n']",CLI,AP
32679,1,14572640,19341,52.00106778373272,"['do', 'you', 'think', 'so']","['mod', 'pro:per', 'v', 'co']",CLI,AP
32679,1,14572645,19341,52.00106778373272,"['how', 'can', 'it', 'do', 'that']","['pro:int', 'mod', 'pro:per', 'v', 'pro:dem']",CLI,QN
32679,1,14572651,19341,52.00106778373272,"['do', 'you', 'know', 'what', 'those', 'are', 'called']","['mod', 'pro:per', 'v', 'pro:int', 'det:dem', 'aux', 'part']",CLI,SA
32679,1,14572657,19341,52.00106778373272,['no'],['co'],CHI,DW
32679,1,14572661,19341,52.00106778373272,['dragons'],['n'],CLI,CT
32679,1,14572668,19341,52.00106778373272,['dragon'],['n'],CHI,YY
32679,1,14572673,19341,52.00106778373272,"['in', 'storybooks']","['prep', '']",CLI,AC
32679,1,14572677,19341,52.00106778373272,"['just', 'in', 'storybooks', 'dragons', 'breath', 'or', 'spit', 'fire', 'but', 'not', 'really']","['adv', 'prep', '', 'n', 'n', 'coord', 'n', 'n', 'conj', 'neg', 'adv']",CLI,TX
32679,1,14572682,19341,52.00106778373272,"[""there's"", 'no', 'real', 'xxx']","['pro:exist', 'qn', 'adj', '']",CLI,ST
32679,1,14572687,19341,52.00106778373272,"['some', 'fire', 'on', 'tv']","['qn', 'n', 'prep', 'n']",CHI,ST
32679,1,14572693,19341,52.00106778373272,"['oh', 'tv']","['co', 'n']",CLI,AP
32679,1,14572697,19341,52.00106778373272,"['oh', 'on', 'tv']","['co', 'prep', 'n']",CLI,ST
32679,1,14572702,19341,52.00106778373272,['okay'],['co'],CLI,MK
32679,1,14572706,19341,52.00106778373272,"['but', 'dragons', 'are', 'make', 'believe']","['conj', 'n', 'cop', 'v', 'v']",CLI,RP
32679,1,14572711,19341,52.00106778373272,"['there', 'are', 'no', 'real', ""dragon's"", 'art']","['pro:exist', 'cop', 'qn', 'adj', 'adj', 'n']",CLI,ST
32679,1,14572715,19341,52.00106778373272,"[""what's"", 'he', 'doing']","['pro:int', 'pro:sub', 'part']",CLI,QN
32679,1,14572720,19341,52.00106778373272,"['breath', 'fire']","['n', 'n']",CHI,SA
32679,1,14572725,19341,52.00106778373272,"['breathing', 'fire', 'on', 'my', 'leg']","['part', 'n', 'prep', 'det:poss', 'n']",CLI,DW
32679,1,14572729,19341,52.00106778373272,['oh'],['co'],CLI,MK
32679,1,14572733,19341,52.00106778373272,"['oh_my_goodness', 'my', 'leg', 'is', 'all', 'hot']","['co', 'det:poss', 'n', 'cop', 'adv', 'adj']",CLI,ST
32679,1,14572738,19341,52.00106778373272,"[""where's"", 'he', 'gonna', 'go']","['pro:int', 'pro:sub', 'part', 'v']",CLI,QN
32679,1,14572742,19341,52.00106778373272,['cow'],['n'],CHI,SA
32679,1,14572747,19341,52.00106778373272,"['who', 'said', 'that']","['pro:rel', 'v', 'pro:dem']",CLI,QN
32679,1,14572752,19341,52.00106778373272,"['this', 'cow']","['det:dem', 'n']",CHI,SA
32679,1,14572756,19341,52.00106778373272,['oh'],['co'],CLI,MK
32679,1,14572760,19341,52.00106778373272,"['build', 'this', 'again']","['v', 'det:dem', 'adv']",CHI,RP
32679,1,14572763,19341,52.00106778373272,"['build', 'again']","['v', 'adv']",CLI,YQ
32679,1,14572767,19341,52.00106778373272,['uhhuh'],['co'],CHI,AA
32679,1,14572773,19341,52.00106778373272,"['I', ""don't"", 'know']","['pro:sub', 'mod', 'v']",CLI,ST
32679,1,14572777,19341,52.00106778373272,"['you', 'try', 'build', 'one', 'last', 'time']","['pro:per', 'v', 'v', 'det:num', 'adj', 'n']",CHI,RP
32679,1,14572782,19341,52.00106778373272,"['try', 'to', 'build', 'one', 'that', 'time']","['v', 'inf', 'v', 'det:num', 'adv', 'n']",CLI,YQ
32679,1,14572785,19341,52.00106778373272,"['last', 'time']","['adj', 'n']",CHI,AA
32679,1,14572789,19341,52.00106778373272,"['these', 'got', 'two']","['pro:dem', 'v', 'det:num']",CHI,ST
32679,1,14572793,19341,52.00106778373272,"['two', 'xxx']","['det:num', '']",CLI,AP
32679,1,14572797,19341,52.00106778373272,"['these', 'thing']","['det:dem', 'n']",CHI,YY
32679,1,14572801,19341,52.00106778373272,"['two', 'of', 'those', 'things']","['det:num', 'prep', 'det:dem', 'n']",CLI,QN
32679,1,14572806,19341,52.00106778373272,"['two', 'sore', 'feet']","['det:num', 'adj', 'n']",CLI,SA
32679,1,14572809,19341,52.00106778373272,"[""he's"", 'really', 'a', 'crippled', 'cow']","['pro:sub', 'adv', 'det:art', 'part', 'n']",CLI,ST
32679,1,14572813,19341,52.00106778373272,"[""what's"", 'he', 'doing']","['pro:int', 'pro:sub', 'part']",CLI,QN
32679,1,14572817,19341,52.00106778373272,"[""what's"", 'that', 'cow', 'doing']","['pro:int', 'pro:dem', 'n', 'part']",CLI,QN
32679,1,14572821,19341,52.00106778373272,"[""can't"", 'walk']","['mod', 'v']",CHI,SA
32679,1,14572825,19341,52.00106778373272,"['he', ""can't"", 'walk']","['pro:sub', 'mod', 'v']",CLI,AP
32679,1,14572829,19341,52.00106778373272,"[""can't"", 'stand', 'up']","['mod', 'v', 'adv']",CHI,RT
32679,1,14572832,19341,52.00106778373272,"['find', 'another', 'one']","['v', 'qn', 'pro:indef']",CLI,RP
32679,1,14572836,19341,52.00106778373272,['dog'],['v'],CHI,YY
32679,1,14572839,19341,52.00106778373272,"[""who's"", 'that']","['pro:int', 'pro:dem']",CLI,QN
32679,1,14572842,19341,52.00106778373272,"['that', 'dog']","['pro:dem', 'n']",CHI,SA
32679,1,14572846,19341,52.00106778373272,"['is', 'xxx']","['cop', '']",CLI,AP
32679,1,14572849,19341,52.00106778373272,"['that', 'nice', 'dog']","['pro:dem', 'adj', 'n']",CHI,ST
32679,1,14572853,19341,52.00106778373272,"['is', 'he', 'a', 'nice', 'dog']","['cop', 'pro:sub', 'det:art', 'adj', 'n']",CLI,ST
32679,1,14572857,19341,52.00106778373272,"['find', 'ear', 'this', 'time']","['v', 'n', 'det:dem', 'n']",CHI,RP
32679,1,14572861,19341,52.00106778373272,"['one', 'ear', 'xxx']","['det:num', 'n', '']",CLI,CN
32679,1,14572865,19341,52.00106778373272,"['two', 'ear']","['det:num', 'n']",CHI,CN
32679,1,14572869,19341,52.00106778373272,"['two', 'ears']","['det:num', 'n']",CLI,CN
32679,1,14572873,19341,52.00106778373272,"['one', 'hang', 'threes', 'down']","['det:num', 'v', 'det:num', 'adv']",CHI,CN
32679,1,14572877,19341,52.00106778373272,"['one', 'lays', 'down']","['det:num', 'v', 'adv']",CLI,CN
32679,1,14572881,19341,52.00106778373272,"['I', ""didn't"", 'know', 'his', 'ears', 'moved', 'like', 'that']","['pro:sub', 'mod', 'v', 'det:poss', 'n', 'part', 'co', 'pro:dem']",CLI,ST
32679,1,14572885,19341,52.00106778373272,"['now', 'what', 'did', 'you', 'do', 'with', 'his', 'ears']","['adv', 'pro:int', 'mod', 'pro:per', 'v', 'prep', 'det:poss', 'n']",CLI,QN
32679,1,14572890,19341,52.00106778373272,"['say', 'what', 'are', 'you', 'doing', 'there', 'dog']","['v', 'pro:int', 'aux', 'pro:per', 'part', 'adv', 'n']",CLI,QN
32679,1,14572893,19341,52.00106778373272,"['knock', 'your', 'building', 'down', 'and', 'drive', 'on', 'road']","['v', 'det:poss', 'n', 'adv', 'coord', 'n', 'prep', 'n']",CHI,SA
32679,1,14572897,19341,52.00106778373272,"['knocking', 'building', 'down']","['part', 'n', 'adv']",CLI,AP
32679,1,14572900,19341,52.00106778373272,"['I', 'think', ""I'm"", 'going', 'to', 'hafta', 'build', 'it', 'again']","['pro:sub', 'v', 'pro:sub', 'part', 'inf', 'mod', 'v', 'pro:per', 'adv']",CLI,SI
32679,1,14572903,19341,52.00106778373272,"['I', 'know', 'me', 'make', 'need', 'two', 'these']","['pro:sub', 'v', 'pro:obj', 'v', 'n', 'det:num', 'pro:dem']",CHI,SI
32679,1,14572905,19341,52.00106778373272,"['need', 'two', 'of', 'those']","['v', 'det:num', 'prep', 'pro:dem']",CLI,AP
32679,1,14572908,19341,52.00106778373272,"['gee', 'I', 'thought', 'I', 'needed', 'that']","['co', 'pro:sub', 'v', 'pro:sub', 'v', 'pro:dem']",CLI,ST
32679,1,14572910,19341,52.00106778373272,"['I', 'think', 'I', 'need', 'one']","['pro:sub', 'v', 'pro:sub', 'v', 'pro:indef']",CLI,ST
32679,1,14572913,19341,52.00106778373272,"['the', 'xxx', 'car']","['det:art', '', 'n']",CHI,YY
32679,1,14572916,19341,52.00106778373272,"['oh', 'here', 'comes', 'that', 'race', 'car']","['co', 'adv', 'v', 'adv', 'n', 'n']",CLI,ST
32679,1,14572919,19341,52.00106778373272,"['oh', 'what', 'did', 'he', 'do']","['co', 'pro:int', 'mod', 'pro:sub', 'v']",CLI,QN
32679,1,14572922,19341,52.00106778373272,"['knock', 'down', 'whole', 'xxx']","['n', 'prep', 'n', '']",CHI,SA
32679,1,14572924,19341,52.00106778373272,"['knock', 'down', 'the', 'whole', 'house']","['n', 'prep', 'det:art', 'adj', 'n']",CLI,AP
32679,1,14572928,19341,52.00106778373272,"['no', 'xxx']","['co', '']",CHI,YQ
32679,1,14572931,19341,52.00106778373272,"[""art's"", 'making', 'his', 'road', 'bigger', 'and', 'bigger']","['n', 'part', 'det:poss', 'n', 'adj', 'coord', 'adj']",CLI,AN
32679,1,14572934,19341,52.00106778373272,"['make', 'car', 'wash', 'again']","['v', 'n', 'n', 'adv']",CHI,RP
32679,1,14572937,19341,52.00106778373272,"['car', 'wash']","['n', 'n']",CLI,CT
32679,1,14572939,19341,52.00106778373272,"['that', 'other', 'one', 'last', 'time']","['comp', 'qn', 'pro:indef', 'adj', 'n']",CHI,ST
32679,1,14572942,19341,52.00106778373272,"['one', 'of', 'these', 'kind']","['det:num', 'prep', 'det:dem', 'adj']",CHI,CN
32679,1,14572945,19341,52.00106778373272,"['one', 'of', 'these', 'kind', 'and', 'one', 'of', 'these', 'kind']","['det:num', 'prep', 'det:dem', 'adj', 'coord', 'det:num', 'prep', 'det:dem', 'adj']",CLI,CN
32679,1,14572947,19341,52.00106778373272,"['seems', 'like', ""I've"", 'seen', 'that', 'before']","['cop', 'conj', 'pro:sub', 'part', 'pro:dem', 'adv']",CLI,ST
32679,1,14572949,19341,52.00106778373272,"['last', 'time']","['adj', 'n']",CHI,ST
32679,1,14572951,19341,52.00106778373272,"['last', 'time', 'see', 'if', 'I', 'can', 'make', 'one', 'of', 'these', 'a', 'little', 'different']","['adj', 'n', 'v', 'conj', 'pro:sub', 'mod', 'v', 'det:num', 'prep', 'det:dem', 'det:art', 'adj', 'adj']",CLI,RP
32679,1,14572953,19341,52.00106778373272,"['now', 'me', 'need', 'that', 'kind']","['adv', 'pro:obj', 'v', 'det:dem', 'adj']",CHI,RP
32679,1,14572954,19341,52.00106778373272,"['I', 'kind', 'of', 'like', 'this', 'kind']","['pro:sub', 'n', 'prep', 'co', 'det:dem', 'n']",CLI,ST
32679,1,14572957,19341,52.00106778373272,['xxx'],[''],CHI,YY
32679,1,14572960,19341,52.00106778373272,['say'],['co'],CLI,EI
32679,1,14572962,19341,52.00106778373272,['yeah'],['co'],CHI,AA
32679,1,14572966,19341,52.00106778373272,"[""what's"", 'going', 'on', 'here']","['pro:int', 'part', 'prep', 'n']",CLI,QN
32679,1,14572969,19341,52.00106778373272,"['bang', 'your', 'car', 'wash']","['v', 'det:poss', 'n', 'n']",CHI,SA
32679,1,14572972,19341,52.00106778373272,"['you', 'broke', 'my', 'car', 'wash']","['pro:per', 'v', 'det:poss', 'n', 'n']",CLI,YQ
32679,1,14572975,19341,52.00106778373272,['yes'],['co'],CHI,AA
32679,1,14572977,19341,52.00106778373272,['well'],['co'],CLI,OO
32679,1,14572979,19341,52.00106778373272,"['build', 'another', 'car', 'wash']","['v', 'qn', 'n', 'n']",CHI,SI
32680,1,14572544,19341,52.00106778373272,"['where', 'car']","['pro:int', 'n']",CHI,QN
32680,1,14572547,19341,52.00106778373272,"['where', 'is', 'car']","['pro:int', 'cop', 'n']",CLI,QN
32680,1,14572549,19341,52.00106778373272,"['under', 'stuff']","['adv', 'n']",CHI,SA
32680,1,14572552,19341,52.00106778373272,"['under', 'all', 'that', 'stuff', 'huh']","['adv', 'qn', 'pro:dem', 'v', 'co']",CLI,AP
32680,1,14572560,19341,52.00106778373272,"['I', 'wonder', 'where', ""he's"", 'going']","['pro:sub', 'v', 'pro:rel', 'pro:sub', 'part']",CLI,ST
32680,1,14572575,19341,52.00106778373272,"['over', 'by', 'that', 'door']","['adv', 'prep', 'det:dem', 'n']",CHI,RP
32680,1,14572581,19341,52.00106778373272,"['oh', 'by', 'the', 'door']","['co', 'prep', 'det:art', 'n']",CLI,YQ
32680,1,14572586,19341,52.00106778373272,"['that', 'door']","['det:dem', 'n']",CHI,AA
32680,1,14572591,19341,52.00106778373272,"['the', 'track', 'is', 'going', 'by', 'the', 'door']","['det:art', 'n', 'aux', 'part', 'prep', 'det:art', 'n']",CLI,ST
32680,1,14572599,19341,52.00106778373272,"['no', 'over', 'there', 'just', 'rolling']","['co', 'prep', 'n', 'adv', 'part']",CHI,DW
32680,1,14572605,19341,52.00106778373272,"['rolling', 'over', 'there']","['part', 'prep', 'n']",CLI,CT
32680,1,14572613,19341,52.00106778373272,"['say', ""there's"", 'a', 'truck', 'coming', 'pretty', 'close', 'to', 'me']","['co', 'pro:exist', 'det:art', 'n', 'part', 'adv', 'adj', 'prep', 'pro:obj']",CLI,ST
32680,1,14572622,19341,52.00106778373272,"['what', 'happened']","['pro:int', 'v']",CLI,QN
32680,1,14572630,19341,52.00106778373272,"['tree', 'log']","['n', 'n']",CHI,SA
32680,1,14572634,19341,52.00106778373272,['tree'],['n'],CLI,CT
32680,1,14572639,19341,52.00106778373272,"['tree', 'log']","['n', 'n']",CHI,RT
32680,1,14572644,19341,52.00106778373272,"['say', 'what', 'are', 'you', 'doing', 'there']","['v', 'pro:int', 'aux', 'pro:per', 'part', 'adv']",CLI,EI
32680,1,14572648,19341,52.00106778373272,"['tree', 'log']","['n', 'n']",CHI,RT
32680,1,14572652,19341,52.00106778373272,"['my', 'knock', 'those']","['det:poss', 'co', 'pro:dem']",CHI,YY
32680,1,14572656,19341,52.00106778373272,"['you', 'knocked', 'those', ""didn't"", 'you']","['pro:per', 'v', 'det:dem', 'mod', 'pro:per']",CLI,ST
32680,1,14572662,19341,52.00106778373272,"['me', 'make', 'house']","['pro:obj', 'v', 'n']",CHI,RP
32680,1,14572669,19341,52.00106778373272,"['what', 'are', 'you', 'gonna', 'make']","['pro:int', 'aux', 'pro:per', 'part', 'v']",CLI,QN
32680,1,14572674,19341,52.00106778373272,['hm'],[''],CLI,EQ
32680,1,14572679,19341,52.00106778373272,"['what', 'are', 'you', 'doing', 'art']","['pro:int', 'aux', 'pro:per', 'part', 'n']",CLI,QN
32680,1,14572684,19341,52.00106778373272,"['broke', 'car', 'wash']","['v', 'n', 'n']",CHI,SA
32680,1,14572690,19341,52.00106778373272,"['you', 'broke', 'the', 'car', 'wash']","['pro:per', 'v', 'det:art', 'n', 'n']",CLI,AP
32680,1,14572698,19341,52.00106778373272,"[""that's"", 'a', 'pretty', 'one', 'too']","['pro:dem', 'det:art', 'adj', 'pro:indef', 'adv']",CLI,ST
32680,1,14572703,19341,52.00106778373272,"[""what's"", 'happening']","['pro:int', 'part']",CLI,QN
32680,1,14572709,19341,52.00106778373272,"['what', 'happened', 'to', 'that', 'race', 'car']","['pro:int', 'v', 'prep', 'det:dem', 'n', 'n']",CLI,QN
32680,1,14572717,19341,52.00106778373272,"['it', 'get', 'wet']","['pro:per', 'v', 'adj']",CHI,SA
32680,1,14572721,19341,52.00106778373272,"['it', 'got', 'wet']","['pro:per', 'v', 'adj']",CLI,AP
32680,1,14572728,19341,52.00106778373272,"['build', 'big', 'one']","['v', 'adj', 'pro:indef']",CHI,SI
32680,1,14572734,19341,52.00106778373272,"['this', 'one']","['pro:dem', 'pro:indef']",CHI,SI
32680,1,14572739,19341,52.00106778373272,"['better', 'build', 'big', 'one']","['adv', 'v', 'adj', 'pro:indef']",CHI,SI
32680,1,14572744,19341,52.00106778373272,"['better', 'build', 'a', 'big', 'one']","['adv', 'v', 'det:art', 'adj', 'pro:indef']",CLI,YQ
32680,1,14572749,19341,52.00106778373272,"['because', 'the', 'truck', 'is', 'big', ""isn't"", 'it']","['conj', 'det:art', 'n', 'cop', 'adj', 'cop', 'pro:per']",CLI,GR
32680,1,14572753,19341,52.00106778373272,"['hm', ""how's"", 'he', 'gonna', 'do', 'that']","['co', 'pro:rel', 'pro:sub', 'part', 'v', 'pro:dem']",CLI,GR
32681,1,14572956,19341,52.00106778373272,"['well', 'what', 'do', 'know', 'xxx']","['co', 'pro:int', 'mod', 'v', '']",CLI,QN
32681,1,14572959,19341,52.00106778373272,"['me', 'play', 'that', 'block']","['pro:obj', 'v', 'det:dem', 'n']",CHI,SA
32681,1,14572963,19341,52.00106778373272,['ladder'],['n'],CHI,SA
32681,1,14572965,19341,52.00106778373272,"[""that's"", 'a', 'ladder']","['pro:dem', 'det:art', 'n']",CLI,CT
32681,1,14572968,19341,52.00106778373272,"[""that's"", 'what', 'you', 'call', 'it']","['pro:dem', 'pro:int', 'pro:per', 'v', 'pro:per']",CLI,ST
32681,1,14572971,19341,52.00106778373272,"['two', 'sock']","['det:num', 'n']",CHI,ST
32681,1,14572974,19341,52.00106778373272,"['what', 'in', 'there']","['pro:int', 'prep', 'n']",CHI,QN
32681,1,14572976,19341,52.00106778373272,"['well', 'you', 'asked', 'me', ""what's"", 'in', 'there']","['co', 'pro:per', 'v', 'pro:obj', 'pro:int', 'prep', 'n']",CLI,QN
32681,1,14572978,19341,52.00106778373272,"[""I'd"", 'better', 'show', 'you']","['pro:sub', 'adj', 'v', 'pro:per']",CLI,SA
32681,1,14572980,19341,52.00106778373272,"['dump', 'truck']","['n', 'n']",CHI,SA
32681,1,14572981,19341,52.00106778373272,"['my_goodness', 'anything', 'else']","['co', 'pro:indef', 'post']",CLI,AP
32681,1,14572982,19341,52.00106778373272,"['does', 'that', 'roll']","['mod', 'pro:dem', 'v']",CLI,AP
32681,1,14572983,19341,52.00106778373272,"['it', 'does']","['pro:per', 'mod']",CLI,AP
32681,1,14572984,19341,52.00106778373272,"['two', 'ladders', 'have', 'build']","['det:num', 'n', 'v', 'v']",CHI,ST
32681,1,14572985,19341,52.00106778373272,"['me', 'make', 'roadblock']","['pro:obj', 'v', 'n']",CHI,RP
32681,1,14572986,19341,52.00106778373272,"['how', 'do', 'you', 'make', 'a', 'roadblock']","['pro:int', 'mod', 'pro:per', 'v', 'det:art', 'n']",CLI,RP
32681,1,14572987,19341,52.00106778373272,"['I', 'wonder']","['pro:sub', 'v']",CLI,ST
32681,1,14572988,19341,52.00106778373272,"['here', 'that', 'green', 'thing']","['adv', 'adv', 'adj', 'n']",CHI,ST
32681,1,14572989,19341,52.00106778373272,['that'],['comp'],CLI,CT
32681,1,14572990,19341,52.00106778373272,"['that', 'roadblock']","['det:dem', 'n']",CHI,RT
32681,1,14572991,19341,52.00106778373272,"['that', 'roadblock', 'is', 'mm', 'driving']","['det:dem', 'n', 'aux', '', 'part']",CLI,YQ
32681,1,14572992,19341,52.00106778373272,"['got', 'that', 'race+car']","['v', 'det:dem', '']",CHI,AA
32681,1,14572993,19341,52.00106778373272,"['well', 'if', 'you', 'wanna', 'know', 'where', 'it', 'is', 'what', 'do', 'you', 'say']","['co', 'conj', 'pro:per', 'v', 'v', 'pro:int', 'pro:per', 'cop', 'pro:int', 'mod', 'pro:per', 'v']",CLI,QN
32681,1,14572994,19341,52.00106778373272,"['where', 'that', 'race+car']","['pro:int', 'comp', '']",CHI,QN
32681,1,14572995,19341,52.00106778373272,"['in', 'my', 'hand']","['prep', 'det:poss', 'n']",CLI,SA
32681,1,14572996,19341,52.00106778373272,"['what', 'is', 'that', 'truck', 'doing']","['pro:int', 'cop', 'pro:dem', 'v', 'part']",CLI,QN
32681,1,14572997,19341,52.00106778373272,"['haul', 'away']","['n', 'adv']",CHI,SA
32681,1,14572998,19341,52.00106778373272,"['haul', 'away']","['n', 'adv']",CLI,CT
32681,1,14572999,19341,52.00106778373272,['log'],['n'],CHI,YY
32681,1,14573000,19341,52.00106778373272,['log'],['n'],CHI,YY
32681,1,14573001,19341,52.00106778373272,['wall'],['n'],CLI,YY
32681,1,14573002,19341,52.00106778373272,"['log', 'cut', 'down', 'tree']","['n', 'n', 'prep', 'n']",CHI,ST
32681,1,14573003,19341,52.00106778373272,"['oh', 'a', 'log', 'mm']","['co', 'det:art', 'n', '']",CLI,ST
32681,1,14573004,19341,52.00106778373272,"['now', 'I', 'wonder', 'what', ""he's"", 'gonna', 'do']","['adv', 'pro:sub', 'v', 'pro:int', 'pro:sub', 'part', 'v']",CLI,ST
32681,1,14573005,19341,52.00106778373272,"['pick', 'up', 'more', 'log']","['v', 'adv', 'qn', 'n']",CHI,RP
32681,1,14573006,19341,52.00106778373272,"['what', 'xxx', 'doing']","['pro:int', '', 'n:gerund']",CLI,RR
32681,1,14573011,19341,52.00106778373272,['dump'],['n'],CHI,YY
32681,1,14573020,19341,52.00106778373272,"['but', 'not', 'car', 'go', 'on', 'there', 'only', 'dump+truck']","['conj', 'neg', 'n', 'v', 'prep', 'n', 'adv', '']",CHI,ST
32681,1,14573032,19341,52.00106778373272,"['only', 'dump', 'trucks', 'go', 'on', 'there']","['adv', 'n', 'v', 'v', 'prep', 'n']",CHI,RP
32681,1,14573043,19341,52.00106778373272,['yeah'],['co'],CHI,AD
32681,1,14573051,19341,52.00106778373272,['well'],['co'],CLI,MK
32681,1,14573060,19341,52.00106778373272,"['clean', 'up', 'this', 'mess']","['v', 'prep', 'det:dem', 'n']",CHI,RP
32681,1,14573067,19341,52.00106778373272,"['clean', 'up', 'the', 'mess']","['v', 'prep', 'det:art', 'n']",CLI,RT
32681,1,14573076,19341,52.00106778373272,"['monkey', 'not', 'monkey', 'go', 'in', 'there', 'either']","['n', 'neg', 'n', 'v', 'prep', 'n', 'adv']",CHI,DW
32681,1,14573080,19341,52.00106778373272,"['monkeys', ""don't"", 'go', 'in', 'there', 'either']","['n', 'mod', 'v', 'prep', 'n', 'adv']",CLI,YQ
32681,1,14573086,19341,52.00106778373272,"['no', 'just', 'working']","['co', 'adv', 'part']",CHI,AN
32681,1,14573093,19341,52.00106778373272,"['just', 'working']","['adv', 'part']",CLI,SA
32681,1,14573101,19341,52.00106778373272,"['not', 'cow', 'either']","['neg', 'n', 'adv']",CHI,DW
32681,1,14573110,19341,52.00106778373272,"['no', 'a', 'cow', 'either', 'well']","['qn', 'det:art', 'n', 'coord', 'adv']",CLI,DW
32681,1,14573119,19341,52.00106778373272,"['now', 'whatcha', 'gonna', 'pick', 'up']","['adv', 'pro:int', 'part', 'v', 'adv']",CLI,QN
32681,1,14573129,19341,52.00106778373272,"['some', 'more', 'log']","['qn', 'qn', 'n']",CHI,SA
32681,1,14573137,19341,52.00106778373272,"['more', 'logs']","['qn', 'n']",CLI,AP
32681,1,14573145,19341,52.00106778373272,"['that', 'truck', 'is', 'really', 'working']","['det:dem', 'n', 'aux', 'adv', 'part']",CLI,ST
32681,1,14573157,19341,52.00106778373272,"['look', 'at', 'that']","['v', 'prep', 'pro:dem']",CHI,RP
32681,1,14573168,19341,52.00106778373272,"[""I'm"", 'gonna', 'start', 'cleaning', 'up', 'an', 'putting', 'these', 'in', 'here']","['pro:sub', 'part', 'v', 'part', 'prep', 'det:art', 'n:gerund', 'pro:dem', 'prep', 'n']",CLI,SI
32681,1,14573176,19341,52.00106778373272,"['about', 'time', 'to', 'xxx']","['prep', 'n', 'inf', '']",CLI,RQ
32681,1,14573184,19341,52.00106778373272,"['knock', 'down']","['n', 'adv']",CHI,RP
32681,1,14573194,19341,52.00106778373272,"[""what's"", 'it', 'doing']","['pro:int', 'pro:per', 'part']",CLI,QN
32681,1,14573203,19341,52.00106778373272,"['haul', 'away']","['n', 'adv']",CHI,SA
32682,1,14573323,19341,52.00106778373272,"[""that's"", 'where', 'the', 'trailer', 'hooks', 'on']","['pro:dem', 'pro:int', 'det:art', 'n', 'v', 'adv']",CLI,QN
32682,1,14573335,19341,52.00106778373272,"['it', 'come', 'with', 'it']","['pro:per', 'v', 'prep', 'pro:per']",CHI,SA
32682,1,14573349,19341,52.00106778373272,"['does', 'it', 'come', 'with', 'it']","['mod', 'pro:per', 'v', 'prep', 'pro:per']",CLI,AP
32682,1,14573358,19341,52.00106778373272,"['for', 'a', 'long', 'time', 'I', ""couldn't"", 'find', 'that', 'and', 'then', 'I', 'found', 'it']","['prep', 'det:art', 'adj', 'n', 'pro:sub', 'mod', 'v', 'pro:dem', 'coord', 'adv:tem', 'pro:sub', 'v', 'pro:per']",CLI,ST
32682,1,14573467,19341,52.00106778373272,"['well', 'I', 'wonder', 'what', 'else']","['co', 'pro:sub', 'v', 'pro:int', 'post']",CLI,ST
32682,1,14573548,19341,52.00106778373272,"['where', 'more', 'toy']","['pro:int', 'qn', 'n']",CHI,QN
32682,1,14573563,19341,52.00106778373272,"['more', 'toys']","['qn', 'n']",CLI,SA
32682,1,14573580,19341,52.00106778373272,"[""where's"", 'more', 'toys']","['pro:int', 'qn', 'n']",CLI,QN
32682,1,14573597,19341,52.00106778373272,"['well', ""let's"", 'look', 'in', 'there']","['co', 'v', 'v', 'prep', 'n']",CLI,RP
32682,1,14573620,19341,52.00106778373272,"['and', 'that', 'dump', 'truck']","['coord', 'det:dem', 'n', 'n']",CHI,ST
32682,1,14573635,19341,52.00106778373272,"['oh', 'the', 'dump', 'truck', 'well']","['co', 'det:art', 'n', 'n', 'adv']",CLI,CT
32682,1,14573653,19341,52.00106778373272,"['where', 'dump', 'truck']","['pro:int', 'n', 'n']",CHI,RT
32682,1,14573668,19341,52.00106778373272,"[""where's"", 'dump', 'truck']","['pro:int', 'n', 'n']",CLI,RT
32682,1,14573692,19341,52.00106778373272,"[""let's"", 'look', 'under', 'the', 'box']","['v', 'v', 'prep', 'det:art', 'n']",CLI,RP
32682,1,14573707,19341,52.00106778373272,"[""I'm"", 'not', 'sure', 'art']","['pro:sub', 'neg', 'adj', 'n']",CLI,ST
32682,1,14573718,19341,52.00106778373272,"['take', 'a', 'look', 'yes']","['v', 'det:art', 'v', 'co']",CLI,RP
32682,1,14573730,19341,52.00106778373272,"['there', 'they', 'go']","['adv', 'pro:sub', 'v']",CLI,SS
32682,1,14573745,19341,52.00106778373272,"[""what's"", 'art', 'building']","['pro:int', 'n', 'n']",CLI,QN
32682,1,14573764,19341,52.00106778373272,"['a', 'dry', 'car', 'wash']","['det:art', 'adj', 'n', 'n']",CHI,SA
32682,1,14573778,19341,52.00106778373272,['wash'],['n'],CHI,SA
32682,1,14573798,19341,52.00106778373272,"['a', 'dry', 'car', 'wash']","['det:art', 'adj', 'n', 'n']",CLI,CT
32682,1,14573813,19341,52.00106778373272,"['that', 'car', 'wash']","['det:dem', 'n', 'n']",CHI,RT
32682,1,14573839,19341,52.00106778373272,['oh'],['co'],CLI,MK
32682,1,14573854,19341,52.00106778373272,['no'],['co'],CHI,RD
32682,1,14573864,19341,52.00106778373272,['no'],['co'],CLI,RD
32682,1,14573881,19341,52.00106778373272,"['what', 'can', 'we', 'do', 'with', 'that', 'I', 'wonder']","['pro:int', 'mod', 'pro:sub', 'v', 'prep', 'det:dem', 'pro:sub', 'v']",CLI,QN
32682,1,14573901,19341,52.00106778373272,"['oh', 'oh']","['co', '']",CLI,MK
32682,1,14573925,19341,52.00106778373272,"['what', 'does', 'that', 'do']","['pro:int', 'mod', 'pro:dem', 'v']",CLI,QN
32682,1,14573948,19341,52.00106778373272,"['oh', ""what's"", 'going', 'on', 'in', 'there']","['co', 'pro:int', 'part', 'adv', 'prep', 'adv']",CLI,QN
32682,1,14573966,19341,52.00106778373272,['xxx'],[''],CHI,YY
32682,1,14573980,19341,52.00106778373272,"['make', 'car', 'go']","['v', 'n', 'v']",CHI,RP
32682,1,14573996,19341,52.00106778373272,"[""that's"", 'where', 'what', 'goes']","['pro:dem', 'pro:int', 'pro:int', 'v']",CLI,QN
32682,1,14574009,19341,52.00106778373272,"['me', 'take', 'apart']","['pro:obj', 'v', 'adv']",CHI,SA
32682,1,14574033,19341,52.00106778373272,"['on', 'we', 'need', 'that']","['adv', 'pro:sub', 'v', 'pro:dem']",CLI,AP
32682,1,14574050,19341,52.00106778373272,"['where', 'that', 'thing', 'go', 'down']","['pro:int', 'comp', 'n', 'v', 'adv']",CHI,QN
32682,1,14574074,19341,52.00106778373272,"['is', 'there', 'a', 'thing', 'that', 'makes', 'it', 'is', 'it', 'this', 'thing']","['cop', 'adv', 'det:art', 'n', 'pro:rel', 'v', 'pro:per', 'aux', 'pro:per', 'det:dem', 'n']",CHI,SA
32682,1,14574097,19341,52.00106778373272,['yeah'],['co'],CHI,AA
32682,1,14574112,19341,52.00106778373272,"['goes', 'like', 'that', ""doesn't"", 'it']","['v', 'prep', 'pro:dem', 'mod', 'pro:per']",CLI,ST
32682,1,14574130,19341,52.00106778373272,"['make', 'go', 'with', 'it']","['v', 'v', 'prep', 'pro:per']",CHI,RP
32682,1,14574144,19341,52.00106778373272,"['that', 'goes', 'with', 'it']","['pro:rel', 'v', 'prep', 'pro:per']",CLI,YQ
32682,1,14574160,19341,52.00106778373272,"['I', ""didn't"", 'know', 'what', 'went', 'with', 'it']","['pro:sub', 'mod', 'v', 'pro:int', 'v', 'prep', 'pro:per']",CLI,ST
32682,1,14574177,19341,52.00106778373272,"['and', 'we', 'found', 'it']","['coord', 'pro:sub', 'v', 'pro:per']",CLI,ST
32682,1,14574193,19341,52.00106778373272,"['oh', ""what's"", 'that', 'for']","['co', 'pro:int', 'pro:dem', 'prep']",CLI,QN
32682,1,14574209,19341,52.00106778373272,"['now', 'what', 'do', 'they', 'do']","['adv', 'pro:int', 'mod', 'pro:sub', 'v']",CLI,QN
32682,1,14574224,19341,52.00106778373272,"['what', 'are', 'they', 'for', 'I', 'wonder']","['pro:int', 'cop', 'pro:sub', 'prep', 'pro:sub', 'v']",CLI,QN
32682,1,14574237,19341,52.00106778373272,"['is', 'it', 'getting', 'gas']","['aux', 'pro:per', 'part', 'n']",CLI,SA
32682,1,14574250,19341,52.00106778373272,['no'],['co'],CHI,DW
32682,1,14574267,19341,52.00106778373272,"['what', 'is', 'it', 'for']","['pro:int', 'cop', 'pro:per', 'prep']",CLI,QN
32682,1,14574284,19341,52.00106778373272,"['getting', 'gas', 'in', 'here']","['part', 'n', 'prep', 'n']",CHI,SA
32683,1,14573671,19341,52.00106778373272,"['where', 'that', 'match', 'box', 'car', 'dump', 'truck']","['pro:int', 'det:dem', 'n', 'n', 'n', 'n', 'n']",CHI,ST
32683,1,14573698,19341,52.00106778373272,"['okay', ""that's"", 'a', 'good', 'question']","['co', 'pro:dem', 'det:art', 'adj', 'n']",CLI,AP
32683,1,14573715,19341,52.00106778373272,"['where', 'is', 'it']","['pro:int', 'cop', 'pro:per']",CLI,QN
32683,1,14573736,19341,52.00106778373272,"[""let's"", 'see']","['v', 'v']",CLI,RP
32683,1,14573755,19341,52.00106778373272,"['you', 'asked', 'me', 'where', 'it', 'is', 'and', 'I', 'better', 'find', 'it', 'then']","['pro:per', 'v', 'pro:obj', 'pro:int', 'pro:per', 'cop', 'coord', 'pro:sub', 'adv', 'v', 'pro:per', 'adv:tem']",CLI,RP
32683,1,14573768,19341,52.00106778373272,"[""that's"", 'not', 'it', 'is', 'this', 'it']","['pro:dem', 'neg', 'pro:per', 'aux', 'det:dem', 'pro:per']",CLI,DS
32683,1,14573784,19341,52.00106778373272,"['where', 'are', 'you']","['pro:int', 'cop', 'pro:per']",CLI,QN
32683,1,14573800,19341,52.00106778373272,"['you', 'like', 'little', 'trucks']","['pro:per', 'v', 'adj', 'n']",CLI,YQ
32683,1,14573815,19341,52.00106778373272,['yeah'],['co'],CHI,AA
32683,1,14573829,19341,52.00106778373272,"['more', 'than', 'big', 'trucks']","['qn', 'prep', 'adj', 'n']",CLI,ST
32683,1,14573848,19341,52.00106778373272,"['big', 'truck', 'too']","['adj', 'n', 'adv']",CHI,ST
32683,1,14573861,19341,52.00106778373272,"['oh', 'little', 'trucks', 'and', 'big', 'trucks']","['co', 'adj', 'n', 'coord', 'adj', 'n']",CLI,ST
32683,1,14573875,19341,52.00106778373272,['yep'],['co'],CHI,YY
32683,1,14573891,19341,52.00106778373272,"['this', 'come', 'with', 'it']","['pro:dem', 'v', 'prep', 'pro:per']",CHI,RP
32683,1,14573907,19341,52.00106778373272,"['it', 'does', 'come', 'with', 'that']","['pro:per', 'mod', 'v', 'prep', 'pro:dem']",CLI,YQ
32683,1,14573929,19341,52.00106778373272,"['I', 'wonder', 'why', 'that', 'comes', 'with', 'it']","['pro:sub', 'v', 'pro:int', 'pro:dem', 'v', 'prep', 'pro:per']",CLI,ST
32683,1,14573955,19341,52.00106778373272,"['and', 'this', 'thing', 'water']","['coord', 'det:dem', 'n', 'n']",CHI,ST
32683,1,14573970,19341,52.00106778373272,"['and', 'this', 'has', 'these', 'thing']","['coord', 'pro:dem', 'aux', 'det:dem', 'n']",CHI,ST
32683,1,14573992,19341,52.00106778373272,"['does', 'it', 'have', 'water', 'in', 'it']","['mod', 'pro:per', 'v', 'n', 'prep', 'pro:per']",CLI,ST
32683,1,14574012,19341,52.00106778373272,"['what', 'does', 'it', 'have', 'in', 'there']","['pro:int', 'mod', 'pro:per', 'v', 'prep', 'n']",CLI,QN
32683,1,14574031,19341,52.00106778373272,['gas'],['n'],CHI,SA
32683,1,14574042,19341,52.00106778373272,"['oh', 'gas', 'well', 'what', 'do', 'you', 'know']","['co', 'n', 'adv', 'pro:int', 'mod', 'pro:per', 'v']",CLI,QN
32683,1,14574056,19341,52.00106778373272,['dump'],['n'],CHI,SA
32683,1,14574071,19341,52.00106778373272,"['dump', 'right']","['n', 'co']",CLI,AP
32683,1,14574090,19341,52.00106778373272,"['you', 'really', 'did']","['pro:per', 'adv', 'v']",CLI,ST
32683,1,14574108,19341,52.00106778373272,"['and', 'these', 'tree', 'log']","['coord', 'pro:dem', 'n', 'n']",CHI,ST
32683,1,14574119,19341,52.00106778373272,"['tree', 'logs']","['n', 'v']",CLI,AP
32683,1,14574135,19341,52.00106778373272,"['what', 'do', 'you', 'know']","['pro:int', 'mod', 'pro:per', 'v']",CLI,QN
32683,1,14574149,19341,52.00106778373272,"['and', 'they', 'fit', 'in', 'that', 'little', 'truck']","['coord', 'pro:sub', 'v', 'adv', 'det:dem', 'adj', 'n']",CLI,SI
32683,1,14574164,19341,52.00106778373272,"['I', 'thought', ""I'd"", 'make', 'a', 'garage']","['pro:sub', 'v', 'pro:sub', 'v', 'det:art', 'n']",CLI,SI
32683,1,14574186,19341,52.00106778373272,"['shall', 'I', 'make', 'a', 'garage']","['mod', 'pro:sub', 'v', 'det:art', 'n']",CLI,SI
32683,1,14574206,19341,52.00106778373272,"['out_of', 'this']","['prep', 'pro:dem']",CLI,SI
32683,1,14574221,19341,52.00106778373272,"['where', 'should', 'I', 'cut', 'a', 'door']","['pro:int', 'mod', 'pro:sub', 'v', 'det:art', 'n']",CLI,QN
32683,1,14574238,19341,52.00106778373272,"['out', 'this', 'stuff']","['prep', 'det:dem', 'n']",CHI,SA
32683,1,14574251,19341,52.00106778373272,"['oh', ""there's"", 'something', 'in', 'the', 'way', 'there']","['co', 'pro:exist', 'pro:indef', 'prep', 'det:art', 'n', 'adv']",CLI,ST
32683,1,14574263,19341,52.00106778373272,"[""we'll"", 'get', 'this', 'out_of', 'the', 'way']","['pro:sub', 'v', 'det:dem', 'prep', 'det:art', 'n']",CLI,SI
32683,1,14574275,19341,52.00106778373272,"[""how's"", 'that']","['pro:int', 'pro:dem']",CLI,QN
32683,1,14574301,19341,52.00106778373272,"['like', 'right', 'there']","['prep', 'adv', 'adv']",CLI,SA
32683,1,14574325,19341,52.00106778373272,"['that', 'hard']","['pro:rel', 'adv']",CHI,SA
32683,1,14574337,19341,52.00106778373272,"['that', 'hard']","['pro:rel', 'adv']",CLI,AP
32683,1,14574349,19341,52.00106778373272,"['yes', 'it', 'is']","['co', 'pro:per', 'cop']",CLI,AP
32683,1,14574377,19341,52.00106778373272,"[""what's"", 'it', 'look', 'like']","['pro:int', 'pro:per', 'v', 'conj']",CLI,RP
32683,1,14574392,19341,52.00106778373272,"['will', 'that', 'work']","['mod', 'pro:dem', 'v']",CLI,RP
32683,1,14574406,19341,52.00106778373272,"[""let's"", 'see', 'if', 'that', 'will', 'work', 'for', 'a', 'garage']","['v', 'v', 'comp', 'pro:dem', 'mod', 'v', 'prep', 'det:art', 'n']",CLI,RP
32683,1,14574420,19341,52.00106778373272,"['lot', 'car', 'go', 'in', 'there']","['n', 'n', 'v', 'prep', 'n']",CHI,RP
32683,1,14574440,19341,52.00106778373272,"['okay', 'a_lot_of', 'them']","['co', 'qn', 'pro:obj']",CLI,AD
32683,1,14574454,19341,52.00106778373272,"['I', ""don't"", 'know']","['pro:sub', 'mod', 'v']",CLI,ST
32683,1,14574467,19341,52.00106778373272,"['will', 'they', 'fit']","['mod', 'pro:sub', 'v']",CLI,ST
32683,1,14574482,19341,52.00106778373272,"['get', 'in', 'there', 'car']","['v', 'prep', 'n', 'n']",CLI,RP
32683,1,14574494,19341,52.00106778373272,"['get', 'in', 'there', 'car']","['v', 'prep', 'n', 'n']",CLI,RP
32683,1,14574506,19341,52.00106778373272,"[""can't""]",['mod'],CHI,YY
32683,1,14574520,19341,52.00106778373272,"[""can't"", 'huh']","['mod', 'co']",CLI,AC
32683,1,14574530,19341,52.00106778373272,"['this', 'haul', 'tree', 'log', 'too']","['det:dem', 'n', 'n', 'n', 'post']",CHI,TX
32683,1,14574546,19341,52.00106778373272,"['that', 'hxs', 'xxx', 'tree', 'log', 'too']","['det:dem', '', '', 'n', 'n', 'adv']",CLI,TX
32683,1,14574550,19341,52.00106778373272,"['it', 'sure', 'does']","['pro:per', 'adj', 'v']",CLI,ST
32683,1,14574554,19341,52.00106778373272,"['haul', 'all', 'these']","['n', 'adv', 'det:dem']",CHI,ST
32683,1,14574558,19341,52.00106778373272,"['is', 'this', 'a', 'tree', 'log', 'I', 'wonder']","['cop', 'pro:dem', 'det:art', 'n', 'n', 'pro:sub', 'v']",CLI,ST
32683,1,14574563,19341,52.00106778373272,['no'],['co'],CHI,DW
32683,1,14574566,19341,52.00106778373272,"['it', ""isn't""]","['pro:per', 'cop']",CLI,CT
32683,1,14574568,19341,52.00106778373272,"[""isn't"", 'a', 'tree', 'log', 'for', 'this', 'one']","['cop', 'det:art', 'n', 'n', 'prep', 'det:dem', 'pro:indef']",CLI,ST
32683,1,14574571,19341,52.00106778373272,"['there', 'old', 'garage', 'put', 'a', 'tree', 'log', 'in']","['adv', 'adj', 'n', 'v', 'det:art', 'n', 'n', 'adv']",CHI,SI
32683,1,14574573,19341,52.00106778373272,"['old', 'car', 'garage', 'put', 'a', 'tree', 'log', 'in']","['adj', 'n', 'n', 'v', 'det:art', 'n', 'n', 'adv']",CHI,SI
32683,1,14574575,19341,52.00106778373272,"['tree', 'log', 'in', 'there']","['n', 'n', 'prep', 'n']",CLI,RT
32683,1,14574577,19341,52.00106778373272,"['this', 'old', 'garage', 'put', 'a', 'tree', 'log', 'in']","['pro:dem', 'adj', 'n', 'v', 'det:art', 'n', 'n', 'adv']",CHI,SI
32683,1,14574579,19341,52.00106778373272,"['old', 'garage']","['adj', 'n']",CHI,SI
32683,1,14574582,19341,52.00106778373272,"['say', 'he', 'dumped', 'his', 'tree', 'log']","['v', 'pro:sub', 'v', 'det:poss', 'n', 'n']",CLI,TX
32683,1,14574585,19341,52.00106778373272,"[""didn't"", 'he']","['mod', 'pro:sub']",CLI,ST
32683,1,14574587,19341,52.00106778373272,"['I', 'guess', 'he', 'wants', 'to', 'put', 'them', 'in', 'that', 'garage', 'huh']","['pro:sub', 'v', 'pro:sub', 'v', 'inf', 'v', 'pro:obj', 'prep', 'det:dem', 'n', 'co']",CLI,ST
32683,1,14574589,19341,52.00106778373272,"['that', 'old', 'garage']","['pro:dem', 'adj', 'n']",CHI,RT
32683,1,14574591,19341,52.00106778373272,"['is', 'it', 'an', 'old', 'garage']","['aux', 'pro:per', 'det:art', 'adj', 'n']",CLI,AP
32684,1,14573612,19341,57.001170455245486,"['does', 'he', 'look', 'like', 'a', 'scarecrow']","['mod', 'pro:sub', 'v', 'conj', 'det:art', '']",CLI,YQ
32684,1,14573625,19341,57.001170455245486,"['yeah', 'scarecrow']","['co', '']",CHI,AA
32684,1,14573638,19341,57.001170455245486,"['you', 'dumped', 'it', 'out', ""didn't"", 'you']","['pro:per', 'v', 'pro:per', 'adv', 'mod', 'pro:per']",CLI,ST
32684,1,14573647,19341,57.001170455245486,"['dump', 'this', 'truck', 'out']","['v', 'det:dem', 'n', 'adv']",CHI,SI
32684,1,14573662,19341,57.001170455245486,['xxx'],[''],CHI,YY
32684,1,14573699,19341,57.001170455245486,['yeah'],['co'],CLI,AC
32684,1,14573716,19341,57.001170455245486,"['smash', 'it']","['v', 'pro:per']",CLI,ST
32684,1,14573737,19341,57.001170455245486,"['that', 'in', 'there']","['pro:dem', 'prep', 'n']",CHI,ST
32684,1,14573752,19341,57.001170455245486,['yeah'],['co'],CLI,AC
32684,1,14573771,19341,57.001170455245486,"['now', 'it', 'dump']","['adv', 'pro:per', 'v']",CHI,RP
32684,1,14573794,19341,57.001170455245486,"['me', 'make', 'something']","['pro:obj', 'v', 'pro:indef']",CHI,RP
32684,1,14573810,19341,57.001170455245486,"['oh', 'I', 'got', 'to', 'get', 'the', 'man', ""don't"", 'I']","['co', 'pro:sub', 'v', 'inf', 'v', 'det:art', 'n', 'mod', 'pro:sub']",CLI,YQ
32684,1,14573834,19341,57.001170455245486,"['out', 'man']","['prep', 'n']",CHI,AA
32684,1,14573852,19341,57.001170455245486,['drive'],['n'],CHI,YY
32684,1,14573866,19341,57.001170455245486,"['yep', ""he's"", 'going', 'to', 'drive']","['co', 'pro:sub', 'part', 'prep', 'n']",CLI,ST
32684,1,14573879,19341,57.001170455245486,"[""don't"", ""don't"", 'do', 'that']","['', 'mod', 'v', 'pro:dem']",CHI,PF
32684,1,14573895,19341,57.001170455245486,"['we', 'need', 'that', 'up']","['pro:sub', 'v', 'adv', 'adv']",CHI,ST
32684,1,14573909,19341,57.001170455245486,"['we', 'need', 'that']","['pro:sub', 'v', 'pro:dem']",CLI,AP
32684,1,14573928,19341,57.001170455245486,"['what', 'do', 'need', 'that', 'for']","['pro:int', 'mod', 'v', 'pro:dem', 'prep']",CLI,QN
32684,1,14573944,19341,57.001170455245486,"['rolling', 'stuff']","['part', 'n']",CHI,SA
32684,1,14573962,19341,57.001170455245486,"['making', 'worm']","['part', 'n']",CHI,SA
32684,1,14573984,19341,57.001170455245486,"['look', 'at', 'mine']","['v', 'prep', 'pro:poss']",CHI,RP
32684,1,14574006,19341,57.001170455245486,"['my', 'fell', 'off']","['det:poss', 'v', 'adv']",CHI,RP
32684,1,14574024,19341,57.001170455245486,"['me', 'make', 'something', 'else']","['pro:obj', 'v', 'pro:indef', 'post']",CHI,RP
32684,1,14574047,19341,57.001170455245486,"['okay', ""let's"", 'take', 'something', 'else']","['co', 'v', 'v', 'pro:indef', 'post']",CLI,AD
32684,1,14574067,19341,57.001170455245486,"['this', 'be', 'mine', 'piece']","['pro:dem', 'cop', 'n', 'n']",CHI,ST
32684,1,14574089,19341,57.001170455245486,"['that', 'be', 'your', 'piece']","['pro:dem', 'cop', 'det:poss', 'n']",CHI,ST
32684,1,14574110,19341,57.001170455245486,"['me', 'got', 'bigger', 'piece']","['pro:obj', 'v', 'adj', 'n']",CHI,ST
32684,1,14574134,19341,57.001170455245486,"['yeah', 'you', 'do', 'have', 'a', 'bigger', 'piece']","['co', 'pro:per', 'v', 'v', 'det:art', 'adj', 'n']",CLI,AP
32684,1,14574156,19341,57.001170455245486,"['two', 'room', 'here', 'both', 'the', 'same', 'size']","['det:num', 'n', 'adv', 'qn', 'det:art', 'adj', 'n']",CLI,ST
32684,1,14574170,19341,57.001170455245486,"['me', 'making', 'something', 'bigger']","['pro:obj', 'part', 'pro:indef', 'adj']",CHI,ST
32684,1,14574184,19341,57.001170455245486,"[""you're"", 'gonna', 'make', 'something', 'bigger']","['pro:per', 'part', 'v', 'pro:indef', 'adj']",CLI,AP
32684,1,14574202,19341,57.001170455245486,"['xxx', 'man']","['', 'n']",CHI,ST
32684,1,14574218,19341,57.001170455245486,"['is', 'it', 'xxx', 'man']","['aux', 'pro:per', '', 'v']",CLI,AP
32684,1,14574232,19341,57.001170455245486,"['he', 'can', 'drive', 'the', 'truck']","['pro:sub', 'mod', 'v', 'det:art', 'n']",CLI,ST
32684,1,14574249,19341,57.001170455245486,"['in', 'pressing', 'it']","['prep', 'part', 'pro:per']",CHI,ST
32684,1,14574265,19341,57.001170455245486,"['me', 'got', 'to', 'make', 'worm', 'add', 'to', 'it', 'that', 'sucker']","['pro:obj', 'v', 'inf', 'v', 'n', 'v', 'prep', 'pro:per', 'adv', 'n']",CHI,RP
32684,1,14574283,19341,57.001170455245486,"['okay', 'the', 'worm']","['co', 'det:art', 'n']",CLI,AD
32684,1,14574294,19341,57.001170455245486,"['that', 'sucker']","['pro:dem', 'n']",CHI,YY
32684,1,14574312,19341,57.001170455245486,"[""it's"", 'a', 'what']","['pro:per', 'det:art', 'pro:int']",CLI,RR
32684,1,14574329,19341,57.001170455245486,['sucker'],['n'],CHI,YY
32685,1,14573673,19341,57.001170455245486,['xxx'],[''],CHI,YY
32685,1,14573700,19341,57.001170455245486,['xxx'],[''],CHI,YY
32685,1,14573723,19341,57.001170455245486,"['you', 'got', 'what']","['pro:per', 'v', 'pro:int']",CLI,QN
32685,1,14573739,19341,57.001170455245486,"['xxx', 'my', 'first', 'one']","['', 'det:poss', 'adj', 'pro:indef']",CHI,SA
32685,1,14573753,19341,57.001170455245486,"['broke', 'right', 'away']","['v', 'adv', 'adv']",CHI,ST
32685,1,14573770,19341,57.001170455245486,"['oh', 'it', 'did']","['co', 'pro:per', 'v']",CLI,AC
32685,1,14573788,19341,57.001170455245486,"['and', 'we', 'had', 'try', 'my', 'other', 'one', 'and', 'go', 'brand', 'new', 'one']","['coord', 'pro:sub', 'v', 'v', 'det:poss', 'qn', 'pro:indef', 'coord', 'v', 'adj', 'adj', 'pro:indef']",CHI,RP
32685,1,14573806,19341,57.001170455245486,['boy'],['co'],CLI,ET
32685,1,14573819,19341,57.001170455245486,"['that', 'one', 'last', 'a', 'whole', 'month']","['det:dem', 'pro:indef', 'adv', 'det:art', 'adj', 'n']",CHI,ST
32685,1,14573836,19341,57.001170455245486,"['me', 'making', 'jump']","['pro:obj', 'part', 'n']",CHI,ST
32685,1,14573850,19341,57.001170455245486,"['no', 'me', 'need', 'the', 'other', 'piece', 'like', 'this']","['co', 'pro:obj', 'v', 'det:art', 'qn', 'n', 'prep', 'pro:dem']",CHI,ST
32685,1,14573863,19341,57.001170455245486,"['oh', 'you', 'are', 'taking', 'a', 'good', 'jump']","['co', 'pro:per', 'aux', 'part', 'det:art', 'adj', 'n']",CLI,ST
32685,1,14573884,19341,57.001170455245486,"['that', 'one', 'is', 'mine']","['det:dem', 'pro:indef', 'cop', 'pro:poss']",CHI,ST
32685,1,14573902,19341,57.001170455245486,"['now', 'try', 'it']","['adv', 'v', 'pro:per']",CHI,RP
32685,1,14573920,19341,57.001170455245486,"['oops', 'still', 'fall', 'down']","['co', 'adv', 'v', 'adv']",CLI,RP
32685,1,14573936,19341,57.001170455245486,"['nope', 'need', 'man']","['co', 'n', 'n']",CHI,RP
32685,1,14573956,19341,57.001170455245486,"['need', 'a', 'man', 'does', 'he', 'fit', 'in', 'there']","['v', 'det:art', 'n', 'v', 'pro:sub', 'v', 'prep', 'n']",CLI,RP
32685,1,14573975,19341,57.001170455245486,"['me', 'need', 'that', 'pieces']","['pro:obj', 'n', 'pro:rel', 'v']",CHI,RP
32685,1,14573995,19341,57.001170455245486,"['oh', 'you', 'wrecked', 'my', 'building']","['co', 'pro:per', 'v', 'det:poss', 'n']",CLI,YQ
32685,1,14574017,19341,57.001170455245486,"['no', 'need', 'this']","['co', 'v', 'pro:dem']",CHI,AN
32685,1,14574034,19341,57.001170455245486,['oh'],['co'],CLI,MK
32685,1,14574052,19341,57.001170455245486,"['that', 'bridge']","['pro:dem', 'n']",CHI,SA
32685,1,14574070,19341,57.001170455245486,"['yeah', 'that', 'is', 'a', 'bridge', ""isn't"", 'it']","['co', 'pro:dem', 'cop', 'det:art', 'n', 'cop', 'pro:per']",CLI,AP
32685,1,14574086,19341,57.001170455245486,"['now', 'car', 'go', 'on']","['adv', 'n', 'v', 'adv']",CHI,RP
32685,1,14574105,19341,57.001170455245486,"['me', 'got', 'cement', 'it', 'yet']","['pro:obj', 'v', 'v', 'pro:per', 'adv']",CHI,RP
32685,1,14574127,19341,57.001170455245486,"['you', 'got', 'to', 'cement', 'it']","['pro:per', 'v', 'inf', 'v', 'pro:per']",CLI,YQ
32685,1,14574150,19341,57.001170455245486,"['yep', 'me', 'making', 'tow', 'block', 'one', 'highway']","['co', 'pro:obj', 'part', 'n', 'n', 'det:num', 'n']",CHI,AA
32685,1,14574169,19341,57.001170455245486,"['I', 'start', 'building', 'my', 'house']","['pro:sub', 'v', 'part', 'det:poss', 'n']",CLI,YQ
32685,1,14574185,19341,57.001170455245486,"['yep', 'with', 'these']","['co', 'prep', 'pro:dem']",CHI,AA
32685,1,14574205,19341,57.001170455245486,"['and', 'then', 'you', 'break', 'it', 'down']","['coord', 'adv:tem', 'pro:per', 'v', 'pro:per', 'adv']",CLI,RP
32685,1,14574213,19341,57.001170455245486,['no'],['co'],CHI,RD
32685,1,14574230,19341,57.001170455245486,"['here', 'come', 'cement', 'truck']","['adv', 'v', 'n', 'n']",CHI,RP
32685,1,14574245,19341,57.001170455245486,"['oh', 'a', 'cement', 'truck']","['co', 'det:art', 'n', 'n']",CLI,YQ
32685,1,14574259,19341,57.001170455245486,"['hey', 'take', 'all', 'these', 'block', 'away']","['co', 'v', 'qn', 'det:dem', 'n', 'adv']",CHI,AA
32685,1,14574278,19341,57.001170455245486,"['dump', 'truck']","['n', 'n']",CHI,ST
32685,1,14574299,19341,57.001170455245486,"['making', 'some', 'people', 'not', 'want', 'go', 'on', 'bridge']","['part', 'qn', 'n', 'neg', 'v', 'v', 'prep', 'n']",CHI,ST
32685,1,14574313,19341,57.001170455245486,"['oh', 'some', 'people', ""don't"", 'wanna', 'go', 'on', 'the', 'bridge']","['co', 'qn', 'n', 'mod', 'v', 'v', 'prep', 'det:art', 'n']",CLI,YQ
32685,1,14574334,19341,57.001170455245486,"['some', 'people', 'wanna', 'go', 'on', 'straight']","['qn', 'n', 'v', 'v', 'prep', 'n']",CHI,AA
32685,1,14574357,19341,57.001170455245486,"['nice', 'road']","['adj', 'n']",CHI,ST
32685,1,14574368,19341,57.001170455245486,"['that', 'is', 'a', 'nice', 'road']","['pro:dem', 'cop', 'det:art', 'adj', 'n']",CLI,AP
32685,1,14574386,19341,57.001170455245486,"['what', 'are', 'those', 'going', 'to', 'be', 'for']","['pro:int', 'cop', 'det:dem', 'part', 'inf', 'cop', 'prep']",CLI,QN
32685,1,14574405,19341,57.001170455245486,"['holding', 'up', 'bridge']","['part', 'adv', 'n']",CHI,SA
32685,1,14574425,19341,57.001170455245486,"['holding', 'up', 'bridge', 'okay']","['part', 'adv', 'n', 'adj']",CLI,AP
32685,1,14574439,19341,57.001170455245486,"['pretend', 'water', 'going', 'under', 'here']","['adj', 'n', 'part', 'prep', 'n']",CHI,RP
32685,1,14574457,19341,57.001170455245486,['xxx'],[''],CHI,YY
32685,1,14574468,19341,57.001170455245486,"['mom', 'walk', 'across', 'that', 'bridge']","['n', 'n', 'prep', 'det:dem', 'n']",CLI,ST
32685,1,14574485,19341,57.001170455245486,"['xxx', 'light', 'pole', 'real', 'tall']","['', 'n', 'n', 'adj', 'adj']",CHI,ST
32685,1,14574500,19341,57.001170455245486,"['really', 'tall', 'huh']","['adv', 'adj', 'co']",CLI,AP
32685,1,14574517,19341,57.001170455245486,"['we', 'went', 'to', 'train']","['pro:sub', 'v', 'prep', 'n']",CHI,ST
32685,1,14574532,19341,57.001170455245486,"['that', 'bridge', 'got', 'train', 'track', 'going', 'under']","['det:dem', 'n', 'part', 'n', 'n', 'part', 'prep']",CHI,ST
32685,1,14574544,19341,57.001170455245486,"['did', 'you', 'see', 'the', 'train', 'then', 'too', 'underneath']","['mod', 'pro:per', 'v', 'det:art', 'n', 'adv:tem', 'adv', 'adv']",CLI,ST
32685,1,14574547,19341,57.001170455245486,"['no', 'no', 'train', 'going']","['co', '', 'n', 'part']",CHI,DW
32685,1,14574552,19341,57.001170455245486,"['it', 'just', 'has', 'tracks', 'underneath', 'huh']","['pro:per', 'adv', 'aux', 'v', 'adv', 'co']",CLI,ST
32685,1,14574556,19341,57.001170455245486,"['yeah', 'some', 'train', 'go', 'under', 'one', 'train']","['co', 'qn', 'n', 'v', 'prep', 'det:num', 'n']",CHI,ST
32686,1,14573683,19341,57.001170455245486,"[""what's"", 'under', 'there']","['pro:int', 'prep', 'n']",CLI,QN
32686,1,14573701,19341,57.001170455245486,"['oh', 'some', 'blocks']","['co', 'qn', 'n']",CLI,SA
32686,1,14573721,19341,57.001170455245486,"['do', 'you', 'think', ""that's"", 'from', 'when', 'we', 'played', 'before']","['mod', 'pro:per', 'v', 'comp', 'prep', 'conj', 'pro:sub', 'part', 'adv']",CLI,DW
32686,1,14573740,19341,57.001170455245486,['yep'],['co'],CHI,AA
32686,1,14573749,19341,57.001170455245486,"['we', 'forgot', 'to', 'put', 'them', 'away', ""didn't"", 'we']","['pro:sub', 'v', 'inf', 'v', 'pro:obj', 'adv', 'mod', 'pro:sub']",CLI,ST
32686,1,14573766,19341,57.001170455245486,"['I', ""don't"", 'know', 'if', ""they're"", 'in', 'here']","['pro:sub', 'mod', 'v', 'comp', 'pro:sub', 'prep', 'n']",CLI,ST
32686,1,14573777,19341,57.001170455245486,"['yeah', 'there', 'they', 'are']","['co', 'adv', 'pro:sub', 'cop']",CLI,AP
32686,1,14573802,19341,57.001170455245486,"['would', 'you', 'like', 'to', 'play', 'with', 'the', 'blocks']","['mod', 'pro:per', 'v', 'inf', 'v', 'prep', 'det:art', 'n']",CLI,RQ
32686,1,14573822,19341,57.001170455245486,['yep'],['co'],CHI,AD
32686,1,14573837,19341,57.001170455245486,"['me', 'want', 'build', 'that', 'bridge']","['pro:obj', 'v', 'v', 'pro:dem', 'v']",CHI,RP
32686,1,14573857,19341,57.001170455245486,"['oh', 'you', 'wanna', 'build', 'a', 'bridge']","['co', 'pro:per', 'v', 'v', 'det:art', 'n']",CLI,ST
32686,1,14573873,19341,57.001170455245486,"['dump', 'them', 'all', 'out']","['v', 'pro:obj', 'post', 'adv']",CLI,ST
32686,1,14573890,19341,57.001170455245486,"['there', 'they', 'are']","['adv', 'pro:sub', 'cop']",CLI,ST
32686,1,14573906,19341,57.001170455245486,"['there', 'were', 'some', 'animals', 'in', 'there', 'again']","['pro:exist', 'cop', 'qn', 'n', 'prep', 'n', 'adv']",CLI,TX
32686,1,14573924,19341,57.001170455245486,"['see', 'it', 'xxx', 'last', 'time']","['v', 'pro:per', '', 'adj', 'n']",CHI,RP
32686,1,14573937,19341,57.001170455245486,['okay'],['co'],CLI,AD
32686,1,14573953,19341,57.001170455245486,"['you', 'making', 'road']","['pro:per', 'part', 'n']",CHI,ST
32686,1,14573968,19341,57.001170455245486,"['yep', ""I'm"", 'gonna', 'make', 'a', 'road']","['co', 'pro:sub', 'part', 'v', 'det:art', 'n']",CLI,AP
32686,1,14573993,19341,57.001170455245486,"['me', 'too']","['pro:obj', 'adv']",CHI,RP
32686,1,14574008,19341,57.001170455245486,['okay'],['co'],CLI,AD
32686,1,14574026,19341,57.001170455245486,"['xxx', 'make', 'something', 'hold', 'that', 'up']","['', 'v', 'pro:indef', 'v', 'comp', 'adv']",CHI,RP
32686,1,14574044,19341,57.001170455245486,['there'],['adv'],CHI,MK
32686,1,14574063,19341,57.001170455245486,"['wow', 'it', 'fell', 'right', 'over']","['co', 'pro:per', 'v', 'adj', 'adv']",CLI,ST
32686,1,14574080,19341,57.001170455245486,"['me', 'know', 'what', 'me', 'making']","['pro:obj', 'v', 'pro:int', 'pro:obj', 'part']",CHI,RR
32686,1,14574093,19341,57.001170455245486,['that'],['comp'],CHI,YY
32686,1,14574122,19341,57.001170455245486,"['what', 'is', 'that']","['pro:int', 'cop', 'pro:dem']",CLI,QN
32686,1,14574132,19341,57.001170455245486,"['car', 'wash']","['n', 'n']",CHI,SA
32686,1,14574145,19341,57.001170455245486,"[""it's"", 'a', 'what']","['pro:per', 'det:art', 'pro:int']",CLI,QN
32686,1,14574161,19341,57.001170455245486,"['car', 'wash']","['n', 'n']",CHI,SA
32686,1,14574178,19341,57.001170455245486,"['car', 'wash']","['n', 'n']",CLI,CT
32686,1,14574196,19341,57.001170455245486,"['yep', 'make', 'two', 'xxx']","['co', 'v', 'det:num', '']",CHI,AP
32686,1,14574212,19341,57.001170455245486,"['yeah', 'you', 'are', 'making', 'it', 'bigger']","['co', 'pro:per', 'aux', 'part', 'pro:per', 'adj']",CLI,AP
32686,1,14574231,19341,57.001170455245486,"['make', 'it', 'bigger']","['v', 'pro:per', 'adj']",CHI,RT
32686,1,14574246,19341,57.001170455245486,"['gotta', 'take', 'that']","['mod', 'v', 'pro:dem']",CHI,RP
32686,1,14574268,19341,57.001170455245486,"['need', 'something', 'hold', 'up', 'this', 'end']","['v', 'pro:indef', 'v', 'prep', 'det:dem', 'n']",CHI,RP
32686,1,14574289,19341,57.001170455245486,"['yeah', 'you', 'do', 'need', 'something', 'to', 'hold', 'up', 'that', 'end']","['co', 'pro:per', 'v', 'n', 'pro:indef', 'inf', 'v', 'adv', 'det:dem', 'n']",CLI,YQ
32686,1,14574306,19341,57.001170455245486,"['what', 'would', 'work']","['pro:int', 'mod', 'v']",CLI,QN
32686,1,14574327,19341,57.001170455245486,['this'],['pro:dem'],CHI,YY
32686,1,14574342,19341,57.001170455245486,"['okay', 'there', 'you', 'go']","['co', 'adv', 'pro:per', 'v']",CLI,MK
32686,1,14574360,19341,57.001170455245486,['okay'],['co'],CLI,MK
32686,1,14574372,19341,57.001170455245486,"['and', 'car', 'come', 'here']","['coord', 'n', 'v', 'adv']",CHI,RP
32686,1,14574385,19341,57.001170455245486,['here'],['adv'],CHI,TO
32686,1,14574407,19341,57.001170455245486,"['oh', 'and', 'it', 'falls', 'over']","['co', 'coord', 'pro:per', 'v', 'adv']",CLI,ST
32686,1,14574422,19341,57.001170455245486,"[""here's"", 'a', 'car', 'see']","['pro:exist', 'det:art', 'n', 'v']",CLI,ST
32686,1,14574430,19341,57.001170455245486,"['me', 'build', 'it', 'different', 'this', 'time']","['pro:obj', 'v', 'pro:per', 'adj', 'det:dem', 'n']",CHI,ST
32686,1,14574447,19341,57.001170455245486,"['give', 'me', 'all', 'these']","['v', 'pro:obj', 'adv', 'det:dem']",CHI,RP
32686,1,14574460,19341,57.001170455245486,"['all', 'these', 'here', 'xxx']","['qn', 'det:dem', 'adv', '']",CHI,TO
32686,1,14574475,19341,57.001170455245486,"['see', 'my', 'road']","['v', 'det:poss', 'n']",CLI,YQ
32686,1,14574490,19341,57.001170455245486,"['nope', 'me', 'building', 'bridge']","['co', 'pro:obj', 'part', 'n']",CHI,AN
32686,1,14574503,19341,57.001170455245486,"['your', 'going', 'to', 'build', 'a', 'bridge']","['det:poss', 'part', 'inf', 'v', 'det:art', 'n']",CLI,ST
32686,1,14574519,19341,57.001170455245486,"['yep', 'with', 'train', 'track', 'going', 'under']","['co', 'prep', 'n', 'n', 'part', 'prep']",CHI,ST
32686,1,14574534,19341,57.001170455245486,"['yeah', ""that's"", 'what', 'you', 'built', 'last', 'time', ""wasn't"", 'it']","['co', 'pro:dem', 'pro:int', 'pro:per', 'v', 'adj', 'n', 'cop', 'pro:per']",CLI,AP
32686,1,14574543,19341,57.001170455245486,"['not', 'train', 'track']","['neg', 'n', 'n']",CHI,ST
32686,1,14574548,19341,57.001170455245486,['xxx'],[''],CHI,YY
32686,1,14574551,19341,57.001170455245486,"['in', 'to', 'xxx']","['adv', 'inf', '']",CHI,YY
32686,1,14574555,19341,57.001170455245486,"['we', 'went', 'to', 'brand', 'new', 'bridge']","['pro:sub', 'v', 'inf', 'adj', 'adj', 'n']",CHI,ST
32686,1,14574559,19341,57.001170455245486,"['xxx', 'out', 'light', 'pole']","['', 'prep', 'n', 'n']",CHI,ST
32686,1,14574562,19341,57.001170455245486,"['xxx', 'daddy', 'go', 'to', 'trailer', 'with', 'light', 'pole']","['', 'n', 'v', 'prep', 'n', 'prep', 'n', 'n']",CHI,ST
32686,1,14574565,19341,57.001170455245486,"['was', 'it', 'a', 'big', 'light', 'pole']","['cop', 'pro:per', 'det:art', 'adj', 'n', 'n']",CLI,ST
32687,1,14573825,19341,57.001170455245486,"[""what's"", 'that']","['pro:int', 'pro:dem']",CLI,QN
32687,1,14573841,19341,57.001170455245486,"['do', 'not', 'enter']","['mod', 'neg', 'v']",CHI,SA
32687,1,14573860,19341,57.001170455245486,"['oh', 'where', 'are', 'you', 'going', 'to', 'put', 'that']","['co', 'pro:rel', 'aux', 'pro:per', 'part', 'inf', 'v', 'pro:dem']",CLI,QN
32687,1,14573876,19341,57.001170455245486,"['right', 'there']","['adv', 'adv']",CLI,SA
32687,1,14573908,19341,57.001170455245486,"['where', 'do', 'you', 'wanna', 'put', 'that', 'sign']","['pro:int', 'mod', 'pro:per', 'v', 'v', 'pro:dem', 'v']",CLI,QN
32687,1,14573926,19341,57.001170455245486,"['right', 'there']","['adv', 'adv']",CHI,SA
32687,1,14573943,19341,57.001170455245486,"['we', ""can't"", 'make', 'it', 'stand', 'up', 'but', 'we', 'can', 'put', 'it', 'like', 'that']","['pro:sub', 'mod', 'v', 'pro:per', 'v', 'adv', 'conj', 'pro:sub', 'mod', 'v', 'pro:per', 'co', 'pro:dem']",CLI,AP
32687,1,14573963,19341,57.001170455245486,"['how', 'do', 'you', 'wanna', 'put', 'it']","['pro:int', 'mod', 'pro:per', 'v', 'v', 'pro:per']",CLI,QN
32687,1,14573989,19341,57.001170455245486,"['like', 'that']","['prep', 'pro:dem']",CHI,SA
32687,1,14574005,19341,57.001170455245486,"['okay', 'now', 'just', 'take', 'the', 'sign', 'and', 'put', 'it', 'where', 'you', 'want', 'it']","['co', 'adv', 'adv', 'v', 'det:art', 'n', 'coord', 'v', 'pro:per', 'pro:int', 'pro:per', 'v', 'pro:per']",CLI,RP
32687,1,14574021,19341,57.001170455245486,"['do', 'you', 'know', 'what', 'that', 'sign', 'says']","['mod', 'pro:per', 'v', 'pro:int', 'det:dem', 'n', 'v']",CLI,ST
32687,1,14574040,19341,57.001170455245486,"['do', 'not', 'enter']","['mod', 'neg', 'v']",CHI,DW
32687,1,14574057,19341,57.001170455245486,"['no', 'it', 'says', 'no', 'parking']","['co', 'pro:per', 'v', 'co', 'part']",CLI,DW
32687,1,14574075,19341,57.001170455245486,"['can', 'you', 'say', 'that']","['mod', 'pro:per', 'v', 'comp']",CLI,EI
32687,1,14574092,19341,57.001170455245486,"['no', ""don't""]","['co', 'mod']",CHI,PF
32687,1,14574124,19341,57.001170455245486,"['it', 'means', 'you', ""can't"", 'park', 'here']","['pro:per', 'v', 'pro:per', 'mod', 'n', 'adv']",CLI,PF
32687,1,14574151,19341,57.001170455245486,"['do', 'not', 'park']","['mod', 'neg', 'v']",CHI,PF
32687,1,14574165,19341,57.001170455245486,"['this', 'is', 'the', 'bus', 'stop']","['pro:dem', 'cop', 'det:art', 'n', 'n']",CHI,PF
32687,1,14574187,19341,57.001170455245486,"['bus', 'stop']","['n', 'n']",CHI,PF
32687,1,14574219,19341,57.001170455245486,"['and', 'where', 'do', 'you', 'want', 'the', 'bus', 'to', 'go']","['coord', 'pro:int', 'mod', 'pro:per', 'v', 'det:art', 'n', 'inf', 'v']",CLI,QN
32687,1,14574235,19341,57.001170455245486,"['where', 'do', 'you', 'want', 'the', 'bus', 'to', 'stop']","['pro:int', 'mod', 'pro:per', 'v', 'det:art', 'n', 'inf', 'v']",CLI,QN
32687,1,14574252,19341,57.001170455245486,"['you', ""can't"", 'have', 'the', 'bus', 'stop', 'there', 'because', 'it', 'hasta', 'park', 'to', 'stop']","['pro:per', 'mod', 'v', 'det:art', 'n', 'n', 'adv', 'conj', 'pro:per', 'mod', 'n', 'prep', 'n']",CLI,PF
32687,1,14574270,19341,57.001170455245486,"['where', 'do', 'you', 'wanna', 'put', 'the', 'school']","['pro:int', 'mod', 'pro:per', 'v', 'v', 'det:art', 'n']",CLI,QN
32687,1,14574288,19341,57.001170455245486,['there'],['adv'],CLI,MK
32687,1,14574304,19341,57.001170455245486,"['do', 'you', 'go', 'to', 'school']","['mod', 'pro:per', 'v', 'prep', 'n']",CLI,TX
32687,1,14574322,19341,57.001170455245486,"['you', 'go', 'to', 'sunday', 'school', 'right']","['pro:per', 'v', 'prep', 'n', 'n', 'co']",CLI,TX
32687,1,14574339,19341,57.001170455245486,"['what', 'do', 'you', 'talk', 'about', 'in', 'sunday', 'school']","['pro:int', 'mod', 'pro:per', 'v', 'adv', 'prep', 'n', 'n']",CLI,QN
32687,1,14574350,19341,57.001170455245486,"['about', 'god']","['prep', 'n']",CHI,SA
32687,1,14574365,19341,57.001170455245486,"['are', 'you', 'going', 'to', 'put', 'the', 'school', 'upside', 'down']","['cop', 'pro:per', 'part', 'inf', 'v', 'det:art', 'n', 'adv', 'adv']",CLI,AP
32687,1,14574387,19341,57.001170455245486,"['it', 'might', 'be', 'kind', 'of', 'hard', 'to', 'go', 'to', 'a', 'school', 'that', 'was', 'upside', 'down']","['pro:per', 'mod', 'cop', 'n', 'prep', 'adj', 'inf', 'v', 'prep', 'det:art', 'n', 'pro:rel', 'cop', 'adv', 'adv']",CLI,ST
32687,1,14574408,19341,57.001170455245486,"['where', 'would', 'you', 'walk']","['pro:int', 'mod', 'pro:per', 'v']",CLI,QN
32687,1,14574421,19341,57.001170455245486,"['on', 'top', 'roof']","['prep', 'n', 'n']",CHI,SA
32687,1,14574429,19341,57.001170455245486,"['where', 'do', 'wanna', 'put', 'the', 'Mcdonalds']","['pro:int', 'mod', 'v', 'v', 'det:art', 'n:prop']",CLI,QN
32687,1,14574451,19341,57.001170455245486,"['does', 'your', 'mom', 'take', 'you', 'to', 'Mcdonalds']","['mod', 'det:poss', 'n', 'v', 'pro:per', 'prep', 'n:prop']",CLI,YA
32687,1,14574465,19341,57.001170455245486,['yeah'],['co'],CHI,AA
32687,1,14574480,19341,57.001170455245486,"['what', 'do', 'you', 'get', 'when', 'you', 'go', 'to', 'Mcdonalds']","['pro:int', 'mod', 'pro:per', 'v', 'conj', 'pro:per', 'v', 'prep', 'n:prop']",CLI,QN
32687,1,14574497,19341,57.001170455245486,['sundae'],['n'],CHI,SA
32687,1,14574510,19341,57.001170455245486,['sundae'],['n'],CLI,AQ
32687,1,14574528,19341,57.001170455245486,"['yep', 'and', 'cone']","['co', 'coord', 'n']",CHI,AA
32688,1,14573919,19343,32.000657097681675,"['pour', 'it', 'out']","['v', 'pro:per', 'adv']",CLI,RP
32688,1,14573935,19343,32.000657097681675,['more'],['pro:indef'],CHI,YY
32688,1,14573951,19343,32.000657097681675,['more'],['pro:indef'],CLI,YY
32688,1,14573967,19343,32.000657097681675,"['good', 'talking']","['adj', 'n:gerund']",CLI,PM
32688,1,14573981,19343,32.000657097681675,"['get', 'more', 'water']","['v', 'qn', 'n']",CLI,RP
32688,1,14573999,19343,32.000657097681675,['more'],['pro:indef'],CHI,RD
32688,1,14574013,19343,32.000657097681675,"['more', 'what']","['adv', 'pro:int']",CLI,EC
32688,1,14574027,19343,32.000657097681675,['more'],['pro:indef'],CHI,SC
32688,1,14574049,19343,32.000657097681675,"['more', 'water']","['qn', 'n']",CLI,SC
32688,1,14574066,19343,32.000657097681675,"['play', 'boom']","['n', 'co']",CHI,SC
32688,1,14574084,19343,32.000657097681675,"['play', 'boom']","['n', 'co']",CLI,SC
32688,1,14574098,19343,32.000657097681675,"['play', 'later']","['n', 'adv']",CLI,SC
32688,1,14574121,19343,32.000657097681675,"['a', 'few', 'minutes']","['det:art', 'n', 'n']",CLI,SC
32688,1,14574146,19343,32.000657097681675,"['play', 'boom']","['n', 'co']",CHI,SC
32688,1,14574175,19343,32.000657097681675,"['play', 'boom', 'good']","['n', 'n', 'adj']",CLI,AP
32688,1,14574189,19343,32.000657097681675,['paper'],['n'],CHI,OO
32688,1,14574200,19343,32.000657097681675,['paper'],['n'],CLI,OO
32688,1,14574215,19343,32.000657097681675,['boom'],['co'],CHI,MK
32688,1,14574229,19343,32.000657097681675,"['paper', 'boom']","['n', 'co']",CHI,MK
32688,1,14574244,19343,32.000657097681675,"['good', 'talking', 'Doug']","['adj', 'n:gerund', 'n:prop']",CLI,PM
32688,1,14574260,19343,32.000657097681675,"['more', 'water']","['qn', 'n']",CLI,RP
32688,1,14574274,19343,32.000657097681675,['drink'],['n'],CHI,YY
32688,1,14574291,19343,32.000657097681675,"['Gert', 'drink']","['n:prop', 'n']",CLI,RT
32688,1,14574308,19343,32.000657097681675,"['Doug', 'drink', 'more', 'water']","['n:prop', 'n', 'qn', 'n']",CLI,ST
32688,1,14574319,19343,32.000657097681675,"['pour', 'water']","['v', 'n']",CLI,ST
32688,1,14574338,19343,32.000657097681675,"['pour', 'it', 'out']","['v', 'pro:per', 'adv']",CLI,RP
32688,1,14574354,19343,32.000657097681675,"['pour', 'out']","['v', 'adv']",CLI,RP
32688,1,14574369,19343,32.000657097681675,"['pour', 'out']","['v', 'adv']",CLI,RP
32688,1,14574381,19343,32.000657097681675,"['more', 'cup']","['qn', 'n']",CLI,RP
32688,1,14574397,19343,32.000657097681675,['wet'],['adj'],CLI,TX
32688,1,14574411,19343,32.000657097681675,['wet'],['adj'],CLI,TX
32688,1,14574424,19343,32.000657097681675,"['pour', 'water']","['v', 'n']",CLI,TX
32688,1,14574438,19343,32.000657097681675,"['Doug', 'drink']","['n:prop', 'n']",CLI,TX
32688,1,14574455,19343,32.000657097681675,"['get', 'more', 'water']","['v', 'qn', 'n']",CLI,RP
32688,1,14574473,19343,32.000657097681675,"['Doug', 'drink', 'water']","['n:prop', 'n', 'n']",CLI,ST
32688,1,14574484,19343,32.000657097681675,"['oh', 'boy']","['co', 'n']",CLI,MK
32688,1,14574501,19343,32.000657097681675,"['more', 'water']","['qn', 'n']",CLI,RP
32688,1,14574522,19343,32.000657097681675,"['where', 'cup']","['pro:int', 'v']",CLI,QN
32688,1,14574537,19343,32.000657097681675,['in'],['adv'],CHI,SA
32688,1,14574545,19343,32.000657097681675,"['cup', 'in']","['n', 'adv']",CLI,AP
32688,1,14574549,19343,32.000657097681675,"['good', 'talking']","['adj', 'n:gerund']",CLI,PM
32688,1,14574553,19343,32.000657097681675,['t'],['n:let'],CHI,YY
32688,1,14574557,19343,32.000657097681675,['t'],['n:let'],CHI,YY
32688,1,14574560,19343,32.000657097681675,['cup'],['n'],CHI,YY
32688,1,14574561,19343,32.000657097681675,"['where', 'cup']","['pro:int', 'v']",CLI,QN
32688,1,14574564,19343,32.000657097681675,"['cup', 'boom']","['n', 'co']",CHI,SA
32688,1,14574567,19343,32.000657097681675,"['cup', 'boom']","['n', 'co']",CLI,AP
32688,1,14574569,19343,32.000657097681675,['cup'],['n'],CLI,ST
32688,1,14574570,19343,32.000657097681675,"['pour', 'water']","['v', 'n']",CLI,ST
32688,1,14574572,19343,32.000657097681675,"['pour', 'water']","['v', 'n']",CLI,ST
32688,1,14574574,19343,32.000657097681675,"['more', 'pour']","['adv', 'v']",CLI,RP
32688,1,14574576,19343,32.000657097681675,"['pour', 'water']","['v', 'n']",CLI,ST
32688,1,14574578,19343,32.000657097681675,"['more', 'drink']","['qn', 'n']",CHI,ST
32688,1,14574580,19343,32.000657097681675,"['more', 'drink']","['qn', 'n']",CLI,AP
32688,1,14574581,19343,32.000657097681675,"['good', 'talking']","['adj', 'n:gerund']",CLI,PM
32688,1,14574583,19343,32.000657097681675,"['pour', 'water']","['v', 'n']",CLI,ST
32688,1,14574584,19343,32.000657097681675,['more'],['pro:indef'],CHI,YY
32688,1,14574586,19343,32.000657097681675,['more'],['pro:indef'],CLI,YY
32688,1,14574588,19343,32.000657097681675,"['good', 'talking', 'Doug']","['adj', 'n:gerund', 'n:prop']",CLI,PM
32688,1,14574590,19343,32.000657097681675,"['xxx', 'boom']","['', 'co']",CHI,MK
32688,1,14574592,19343,32.000657097681675,"['cup', 'down', 'there']","['n', 'prep', 'n']",CLI,RP
32688,1,14574593,19343,32.000657097681675,['cup'],['n'],CHI,RD
32688,1,14574594,19343,32.000657097681675,"['cup', 'in']","['n', 'adv']",CLI,YQ
32688,1,14574595,19343,32.000657097681675,"['cup', 'boom']","['n', 'co']",CHI,AA
32688,1,14574596,19343,32.000657097681675,"['pour', 'water']","['v', 'n']",CLI,ST
32688,1,14574597,19343,32.000657097681675,"['pour', 'water']","['v', 'n']",CLI,ST
32688,1,14574598,19343,32.000657097681675,"['more', 'in']","['adv', 'adv']",CHI,RP
32688,1,14574599,19343,32.000657097681675,['all_gone'],['co'],CLI,PR
32688,1,14574600,19343,32.000657097681675,['drink'],['n'],CHI,YY
32688,1,14574601,19343,32.000657097681675,"['water', 'all_gone']","['n', 'adj']",CLI,DC
32688,1,14574602,19343,32.000657097681675,['all_gone'],['co'],CLI,DC
32688,1,14574603,19343,32.000657097681675,"['there', 'water']","['adv', 'v']",CLI,MK
32688,1,14574604,19343,32.000657097681675,['water'],['n'],CHI,TQ
32688,1,14574605,19343,32.000657097681675,['water'],['n'],CLI,TA
32688,1,14574606,19343,32.000657097681675,"['good', 'talking']","['adj', 'n:gerund']",CLI,PM
32688,1,14574607,19343,32.000657097681675,"['pour', 'water']","['v', 'n']",CLI,ST
32688,1,14574608,19343,32.000657097681675,['all_gone'],['co'],CLI,DC
32688,1,14574609,19343,32.000657097681675,"['more', 'water']","['qn', 'n']",CLI,RP
32688,1,14574610,19343,32.000657097681675,"['more', 'water']","['qn', 'n']",CLI,RP
32688,1,14574611,19343,32.000657097681675,"['more', 'water']","['qn', 'n']",CLI,RP
32688,1,14574612,19343,32.000657097681675,"['good', 'talking']","['adj', 'n:gerund']",CLI,PM
32688,1,14574613,19343,32.000657097681675,"['more', 'water']","['qn', 'n']",CLI,RP
32688,1,14574614,19343,32.000657097681675,['pour'],['v'],CLI,RP
32688,1,14574615,19343,32.000657097681675,"['can', 'I', 'help']","['mod', 'pro:sub', 'co']",CLI,MK
32688,1,14574616,19343,32.000657097681675,"['pour', 'water']","['v', 'n']",CLI,ST
32688,1,14574617,19343,32.000657097681675,['oops'],['co'],CLI,MK
32688,1,14574618,19343,32.000657097681675,['wet'],['adj'],CLI,MK
32688,1,14574628,19343,32.000657097681675,"['water', 'all_gone']","['n', 'adj']",CLI,ST
32688,1,14574642,19343,32.000657097681675,"['water', 'all_gone']","['n', 'adj']",CLI,ST
32688,1,14574651,19343,32.000657097681675,['boom'],['co'],CHI,MK
32688,1,14574663,19343,32.000657097681675,"['spill', 'out']","['v', 'adv']",CLI,RP
32688,1,14574675,19343,32.000657097681675,"['water', 'all_gone']","['n', 'adj']",CLI,ST
32688,1,14574684,19343,32.000657097681675,['wait'],['co'],CLI,PF
32688,1,14574696,19343,32.000657097681675,"['get', 'up']","['v', 'adv']",CLI,RP
32688,1,14574706,19343,32.000657097681675,"[""let's"", 'put', 'our', 'sleeve', 'up']","['v', 'v', 'det:poss', 'n', 'adv']",CLI,RP
32688,1,14574722,19343,32.000657097681675,['there'],['adv'],CLI,MK
32688,1,14574733,19343,32.000657097681675,"['can', 'I', 'have', 'a', 'drink', 'Doug']","['mod', 'pro:sub', 'v', 'det:art', 'n', 'n:prop']",CLI,TX
32688,1,14574746,19343,32.000657097681675,"['Doug', 'can', 'Gert', 'have', 'a', 'drink']","['n:prop', 'n', 'n:prop', 'v', 'det:art', 'n']",CLI,TX
32688,1,14574757,19343,32.000657097681675,"['put', 'it', 'down']","['v', 'pro:per', 'adv']",CLI,RP
32688,1,14574766,19343,32.000657097681675,"['I', 'her', 'a', 'bell']","['pro:sub', 'pro:obj', 'det:art', 'n']",CLI,ST
32688,1,14574778,19343,32.000657097681675,"['I', 'hear', 'a', 'bell']","['pro:sub', 'v', 'det:art', 'n']",CLI,ST
32689,1,14574941,19343,33.00067763198423,"['I', 'have', 'cars']","['pro:sub', 'v', 'n']",CLI,ST
32689,1,14575055,19343,33.00067763198423,"['car', 'go']","['n', 'v']",CHI,SI
32689,1,14575084,19343,33.00067763198423,"[""I'm"", 'going', 'to', 'put', 'this', 'lady', 'in', 'the', 'car']","['pro:sub', 'part', 'inf', 'v', 'det:dem', 'n', 'prep', 'det:art', 'n']",CLI,SI
32689,1,14575098,19343,33.00067763198423,"[""she's"", 'going', 'to', 'be', 'a', 'policeman', 'police', 'lady']","['pro:sub', 'part', 'inf', 'cop', 'det:art', '', 'n', 'n']",CLI,DP
32689,1,14575111,19343,33.00067763198423,"['car', 'go']","['n', 'v']",CHI,YD
32689,1,14575123,19343,33.00067763198423,"['car', 'go']","['n', 'v']",CHI,SI
32689,1,14575133,19343,33.00067763198423,"['zing', 'boom']","['on', 'co']",CHI,MK
32689,1,14575140,19343,33.00067763198423,"['went', 'boom']","['v', 'co']",CLI,MK
32689,1,14575145,19343,33.00067763198423,"['went', 'boom']","['v', 'co']",CHI,MK
32689,1,14575150,19343,33.00067763198423,"['went', 'boom']","['v', 'co']",CLI,MK
32689,1,14575154,19343,33.00067763198423,['boom'],['co'],CHI,MK
32689,1,14575157,19343,33.00067763198423,"['he', 'fell', 'off']","['pro:sub', 'v', 'adv']",CLI,ST
32689,1,14575161,19343,33.00067763198423,['boom'],['co'],CHI,MK
32689,1,14575168,19343,33.00067763198423,"['build', 'it', 'up']","['v', 'pro:per', 'adv']",CLI,RP
32689,1,14575172,19343,33.00067763198423,['boom'],['co'],CHI,MK
32689,1,14575176,19343,33.00067763198423,"['oh', 'no']","['co', 'co']",CLI,PF
32689,1,14575179,19343,33.00067763198423,"['fell', 'boom']","['v', 'co']",CHI,MK
32689,1,14575185,19343,33.00067763198423,['t'],['n:let'],CHI,YY
32689,1,14575190,19343,33.00067763198423,"['go', 'ahead']","['v', 'adv']",CLI,SS
32689,1,14575193,19343,33.00067763198423,"['would', 'you', 'like', 'to', 'have', 'my', 'blocks']","['mod', 'pro:per', 'v', 'inf', 'v', 'det:poss', 'n']",CLI,RQ
32689,1,14575197,19343,33.00067763198423,['boom'],['co'],CHI,YY
32689,1,14575201,19343,33.00067763198423,['mommy'],['n'],CHI,YY
32689,1,14575204,19343,33.00067763198423,['hi'],['co'],CLI,MK
32689,1,14575208,19343,33.00067763198423,"['my', 'name', 'is', 'Sally']","['det:poss', 'n', 'cop', 'n:prop']",CLI,TX
32689,1,14575213,19343,33.00067763198423,"['my', 'name', 'xxx']","['det:poss', 'n', '']",CHI,RT
32689,1,14575217,19343,33.00067763198423,"['where', 'is', 'Sally', 'going']","['pro:int', 'aux', 'n:prop', 'part']",CLI,QN
32689,1,14575222,19343,33.00067763198423,"['where', 'is', 'Sally', 'going']","['pro:int', 'aux', 'n:prop', 'part']",CLI,QN
32689,1,14575227,19343,33.00067763198423,['xxing'],['v'],CHI,YY
32689,1,14575232,19343,33.00067763198423,['boom'],['co'],CHI,MK
32689,1,14575234,19343,33.00067763198423,"['what', 'is', 'this']","['pro:int', 'cop', 'pro:dem']",CLI,QN
32689,1,14575240,19343,33.00067763198423,['boom'],['co'],CHI,MK
32689,1,14575245,19343,33.00067763198423,['boom'],['co'],CHI,MK
32689,1,14575249,19343,33.00067763198423,['pig'],['n'],CHI,YY
32689,1,14575254,19343,33.00067763198423,"['right', 'this', 'is', 'a', 'pig']","['adv', 'pro:dem', 'cop', 'det:art', 'n']",CLI,ST
32689,1,14575259,19343,33.00067763198423,['xxx'],[''],CLI,QN
32689,1,14575263,19343,33.00067763198423,['horse'],['n'],CHI,SA
32689,1,14575268,19343,33.00067763198423,"['two', 'horses']","['det:num', 'n']",CLI,CT
32689,1,14575273,19343,33.00067763198423,"['car', 'in']","['n', 'adv']",CHI,YY
32689,1,14575277,19343,33.00067763198423,"['car', 'in']","['n', 'adv']",CHI,YY
32689,1,14575282,19343,33.00067763198423,"['car', 'in']","['n', 'adv']",CHI,YY
32690,1,14574701,19343,33.00067763198423,"['I', 'hear', 'a', 'bell']","['pro:sub', 'v', 'det:art', 'n']",CLI,ST
32690,1,14574712,19343,33.00067763198423,"['take', 'it', 'big']","['v', 'pro:per', 'adj']",CLI,RP
32690,1,14574721,19343,33.00067763198423,"['take', 'it', 'again']","['v', 'pro:per', 'adv']",CLI,RP
32690,1,14574730,19343,33.00067763198423,"['car', 'go']","['n', 'v']",CHI,ST
32690,1,14574740,19343,33.00067763198423,"['car', 'go']","['n', 'v']",CLI,AP
32690,1,14574751,19343,33.00067763198423,"['where', 'car', 'go']","['pro:rel', 'n', 'v']",CLI,QN
32690,1,14574760,19343,33.00067763198423,"['where', 'car', 'go']","['pro:rel', 'n', 'v']",CLI,QN
32690,1,14574767,19343,33.00067763198423,['boom'],['co'],CHI,MK
32690,1,14574776,19343,33.00067763198423,"['crash', 'again']","['adj', 'adv']",CLI,SI
32690,1,14574785,19343,33.00067763198423,"['car', 'is', 'gone']","['n', 'aux', 'part']",CLI,ST
32690,1,14574793,19343,33.00067763198423,"['car', 'bye']","['n', 'co']",CHI,AP
32690,1,14574805,19343,33.00067763198423,"['car', 'gone']","['n', 'part']",CLI,AP
32690,1,14574815,19343,33.00067763198423,"['there', 'car']","['adv', 'n']",CLI,ST
32690,1,14574822,19343,33.00067763198423,"['there', 'car']","['adv', 'n']",CLI,ST
32690,1,14574829,19343,33.00067763198423,"['car', 'go']","['n', 'v']",CHI,AP
32690,1,14574839,19343,33.00067763198423,"['car', 'go']","['n', 'v']",CLI,AP
32690,1,14574850,19343,33.00067763198423,['oh'],['co'],CHI,YY
32690,1,14574860,19343,33.00067763198423,"['car', 'on']","['n', 'adv']",CLI,ST
32690,1,14574871,19343,33.00067763198423,"['man', 'go']","['n', 'v']",CHI,ST
32690,1,14574882,19343,33.00067763198423,"['car', 'go']","['n', 'v']",CLI,AP
32690,1,14574892,19343,33.00067763198423,"['man', 'in']","['n', 'adv']",CLI,ST
32690,1,14574903,19343,33.00067763198423,"['car', 'fell']","['n', 'v']",CLI,ST
32690,1,14574912,19343,33.00067763198423,"['car', 'fell']","['n', 'v']",CLI,ST
32690,1,14574920,19343,33.00067763198423,['oh'],['co'],CLI,MK
32690,1,14574931,19343,33.00067763198423,"['Doug', 'making', 'tower']","['n:prop', 'part', 'n']",CLI,ST
32690,1,14575051,19343,33.00067763198423,"['fell', 'down']","['v', 'adv']",CLI,ST
32690,1,14575061,19343,33.00067763198423,"['fell', 'down']","['v', 'adv']",CLI,ST
32690,1,14575082,19343,33.00067763198423,['mommy'],['n'],CHI,YY
32690,1,14575108,19343,33.00067763198423,"['my', 'man']","['det:poss', 'n']",CLI,YY
32690,1,14575119,19343,33.00067763198423,"['my', 'man']","['det:poss', 'n']",CLI,YY
32690,1,14575132,19343,33.00067763198423,['mommy'],['n'],CHI,YY
32690,1,14575138,19343,33.00067763198423,['fell'],['v'],CLI,ST
32690,1,14575142,19343,33.00067763198423,"['Doug', 'take', 'it', 'a', 'gain']","['n:prop', 'v', 'pro:per', 'det:art', 'n']",CLI,ST
32690,1,14575146,19343,33.00067763198423,"['more', 'tower']","['qn', 'n']",CLI,ST
32690,1,14575151,19343,33.00067763198423,"['where', 'should', 'I', 'put', 'this', 'one']","['pro:int', 'mod', 'pro:sub', 'v', 'pro:dem', 'pro:indef']",CLI,QN
32690,1,14575155,19343,33.00067763198423,['up'],['adv'],CHI,SA
32690,1,14575159,19343,33.00067763198423,"['right', 'here']","['adv', 'adv']",CLI,AP
32690,1,14575162,19343,33.00067763198423,"['right', 'there']","['adv', 'adv']",CLI,AP
32690,1,14575165,19343,33.00067763198423,"['where', 'should', 'I', 'put', 'this', 'one']","['pro:int', 'mod', 'pro:sub', 'v', 'pro:dem', 'pro:indef']",CLI,QN
32690,1,14575169,19343,33.00067763198423,"['right', 'there']","['adv', 'adv']",CHI,SA
32690,1,14575173,19343,33.00067763198423,['there'],['adv'],CLI,AP
32690,1,14575177,19343,33.00067763198423,"['where', 'should', 'I', 'put', 'this', 'one']","['pro:int', 'mod', 'pro:sub', 'v', 'pro:dem', 'pro:indef']",CLI,QN
32690,1,14575181,19343,33.00067763198423,['there'],['adv'],CLI,MK
32690,1,14575183,19343,33.00067763198423,['there'],['adv'],CLI,MK
32690,1,14575187,19343,33.00067763198423,['go'],['v'],CHI,YY
32690,1,14575191,19343,33.00067763198423,['go'],['v'],CLI,AC
32690,1,14575196,19343,33.00067763198423,"['fell', 'down']","['v', 'adv']",CLI,ST
32690,1,14575200,19343,33.00067763198423,['on'],['adv'],CLI,RP
32690,1,14575206,19343,33.00067763198423,"['more', 'on']","['adv', 'adv']",CLI,RP
32690,1,14575210,19343,33.00067763198423,"['fell', 'down']","['v', 'adv']",CLI,ST
32690,1,14575215,19343,33.00067763198423,"['where', 'cars', 'go']","['pro:int', 'n', 'v']",CLI,QN
32690,1,14575219,19343,33.00067763198423,"['Doug', 'where', 'car']","['n:prop', 'pro:rel', 'n']",CLI,QN
32690,1,14575224,19343,33.00067763198423,"['car', 'go']","['n', 'v']",CHI,SA
32690,1,14575229,19343,33.00067763198423,"['where', 'car', 'go']","['pro:rel', 'n', 'v']",CLI,AP
32690,1,14575236,19343,33.00067763198423,"['car', 'bye']","['n', 'co']",CHI,AP
32690,1,14575241,19343,33.00067763198423,"[""can't"", 'find', 'car']","['mod', 'v', 'n']",CLI,AP
32690,1,14575247,19343,33.00067763198423,"[""can't"", 'find', 'car']","['mod', 'v', 'n']",CLI,ST
32690,1,14575253,19343,33.00067763198423,"['where', 'car', 'go']","['pro:rel', 'n', 'v']",CLI,QN
32690,1,14575257,19343,33.00067763198423,"['car', 'go']","['n', 'v']",CHI,SA
32690,1,14575261,19343,33.00067763198423,"['where', 'car', 'go']","['pro:rel', 'n', 'v']",CLI,AP
32690,1,14575267,19343,33.00067763198423,"['car', 'is', 'gone']","['n', 'aux', 'part']",CLI,EC
32690,1,14575272,19343,33.00067763198423,"['car', 'gone']","['n', 'part']",CHI,SC
32690,1,14575276,19343,33.00067763198423,"['car', 'gone']","['n', 'part']",CLI,SC
32690,1,14575281,19343,33.00067763198423,"['here', 'car']","['adv', 'n']",CLI,SC
32690,1,14575286,19343,33.00067763198423,['car'],['n'],CHI,SC
32690,1,14575290,19343,33.00067763198423,"['here', 'car']","['adv', 'n']",CLI,AP
32690,1,14575293,19343,33.00067763198423,"['put', 'man', 'in', 'car']","['v', 'n', 'prep', 'n']",CLI,RP
32690,1,14575297,19343,33.00067763198423,"['Doug', 'put', 'man', 'in', 'car']","['n:prop', 'v', 'n', 'prep', 'n']",CLI,RP
32690,1,14575301,19343,33.00067763198423,"['put', 'this', 'man', 'in', 'car']","['v', 'det:dem', 'n', 'prep', 'n']",CLI,RP
32690,1,14575306,19343,33.00067763198423,"['in', 'car']","['prep', 'n']",CLI,RP
32690,1,14575310,19343,33.00067763198423,"['man', 'in', 'car']","['n', 'prep', 'n']",CLI,ST
32690,1,14575314,19343,33.00067763198423,"['fell', 'down']","['v', 'adv']",CLI,ST
32690,1,14575319,19343,33.00067763198423,['car'],['n'],CHI,ST
32690,1,14575325,19343,33.00067763198423,"['car', 'go']","['n', 'v']",CLI,AP
32690,1,14575329,19343,33.00067763198423,"[""Doug's"", 'car', 'go']","['adj', 'n', 'v']",CLI,ST
32690,1,14575336,19343,33.00067763198423,"['make', ""Doug's"", 'car', 'go']","['v', 'adj', 'n', 'v']",CLI,RP
32690,1,14575342,19343,33.00067763198423,"['make', ""Doug's"", 'car', 'go']","['v', 'adj', 'n', 'v']",CLI,RP
32690,1,14575347,19343,33.00067763198423,"['Doug', 'sit', 'there']","['n:prop', 'v', 'adv']",CLI,RP
32690,1,14575352,19343,33.00067763198423,"['sit', 'there']","['v', 'adv']",CLI,RP
32690,1,14575357,19343,33.00067763198423,['sit'],['v'],CLI,RP
32690,1,14575362,19343,33.00067763198423,"['there', 'goes', 'car']","['adv', 'v', 'n']",CLI,ST
32690,1,14575367,19343,33.00067763198423,['go'],['v'],CHI,YY
32690,1,14575372,19343,33.00067763198423,"[""Doug's"", 'car', 'go']","['adj', 'n', 'v']",CLI,YQ
32690,1,14575377,19343,33.00067763198423,['go'],['v'],CHI,AA
32690,1,14575383,19343,33.00067763198423,"['go', 'this', 'way']","['v', 'det:dem', 'adv']",CLI,YQ
32690,1,14575388,19343,33.00067763198423,"['drive', 'me', 'car']","['v', 'pro:obj', 'n']",CLI,RP
32690,1,14575391,19343,33.00067763198423,"['Doug', 'gimme', 'car']","['n:prop', 'v', 'n']",CLI,RP
32690,1,14575396,19343,33.00067763198423,"['push', 'car']","['n', 'n']",CLI,RP
32690,1,14575400,19343,33.00067763198423,['to'],['inf'],CLI,MK
32690,1,14575405,19343,33.00067763198423,"['okay', 'Doug', 'here']","['co', 'n:prop', 'adv']",CLI,MK
32690,1,14575410,19343,33.00067763198423,"['get', 'car']","['v', 'n']",CLI,RP
32690,1,14575415,19343,33.00067763198423,"['push', 'car']","['n', 'n']",CLI,RP
32690,1,14575421,19343,33.00067763198423,['good'],['adj'],CLI,AB
32690,1,14575426,19343,33.00067763198423,"['get', 'car']","['v', 'n']",CLI,RP
32690,1,14575431,19343,33.00067763198423,"['push', 'it']","['v', 'pro:per']",CLI,RP
32690,1,14575436,19343,33.00067763198423,['push'],['n'],CLI,RP
32690,1,14575441,19343,33.00067763198423,"['car', 'go']","['n', 'v']",CLI,RP
32690,1,14575444,19343,33.00067763198423,"['Doug', 'make', 'car', 'go']","['n:prop', 'v', 'n', 'v']",CLI,RP
32690,1,14575448,19343,33.00067763198423,['yeah'],['co'],CLI,XA
32690,1,14575452,19343,33.00067763198423,"['Gert', 'make', 'car', 'go']","['n:prop', 'v', 'n', 'v']",CLI,RP
32690,1,14575458,19343,33.00067763198423,['go'],['v'],CHI,RD
32690,1,14575462,19343,33.00067763198423,"['car', 'under', 'table']","['n', 'adv', 'n']",CLI,ST
32690,1,14575467,19343,33.00067763198423,"['push', 'car']","['n', 'n']",CLI,RP
32690,1,14575472,19343,33.00067763198423,['stop'],['n'],CLI,PF
32690,1,14575476,19343,33.00067763198423,"['car', 'goes']","['n', 'v']",CLI,PF
32690,1,14575481,19343,33.00067763198423,['stop'],['n'],CLI,PF
32690,1,14575485,19343,33.00067763198423,"['Doug', 'make', 'car', 'go']","['n:prop', 'v', 'n', 'v']",CLI,RP
32690,1,14575490,19343,33.00067763198423,"['Doug', 'I', 'hear', 'bell', 'again']","['n:prop', 'pro:sub', 'v', 'n', 'adv']",CLI,ST
32691,1,14574798,19343,33.00067763198423,['xxx'],[''],CHI,YY
32691,1,14574809,19343,33.00067763198423,"['what', 'should', 'I', 'do', 'with', 'the', 'light']","['pro:int', 'mod', 'pro:sub', 'v', 'prep', 'det:art', 'n']",CLI,QN
32691,1,14574821,19343,33.00067763198423,['light'],['n'],CHI,SA
32691,1,14574827,19343,33.00067763198423,"['light', 'off']","['n', 'adv']",CLI,AP
32691,1,14574837,19343,33.00067763198423,"['light', 'off']","['n', 'adv']",CHI,ST
32691,1,14574848,19343,33.00067763198423,"['say', 'Gert', 'light', 'on']","['v', 'n:prop', 'n', 'adv']",CLI,EI
32691,1,14574858,19343,33.00067763198423,"['light', 'on']","['n', 'adv']",CHI,RT
32691,1,14574864,19343,33.00067763198423,"['good', 'talking']","['adj', 'n:gerund']",CLI,AP
32691,1,14574874,19343,33.00067763198423,['huh'],['co'],CLI,EC
32691,1,14574884,19343,33.00067763198423,['bell'],['n'],CLI,SC
32691,1,14574898,19343,33.00067763198423,"['hear', 'bell']","['v', 'n']",CLI,SC
32691,1,14574914,19343,33.00067763198423,['bell'],['n'],CHI,SC
32691,1,14574928,19343,33.00067763198423,['bell'],['n'],CLI,SC
32691,1,14575049,19343,33.00067763198423,"['car', 'bye']","['n', 'co']",CHI,SC
32691,1,14575065,19343,33.00067763198423,['huh'],['co'],CLI,AP
32691,1,14575085,19343,33.00067763198423,"['Doug', 'gimme', 'that']","['n:prop', 'v', 'pro:dem']",CLI,ST
32691,1,14575096,19343,33.00067763198423,['here'],['adv'],CLI,TO
32691,1,14575110,19343,33.00067763198423,"['this', 'xxx']","['pro:dem', '']",CLI,YY
32691,1,14575118,19343,33.00067763198423,['mm'],[''],CLI,YY
32691,1,14575126,19343,33.00067763198423,"['oh', ""you're"", 'not', 'gonna', 'miss', 'a', 'drop', 'are', 'you']","['co', 'pro:per', 'neg', 'part', 'v', 'det:art', 'n', 'aux', 'pro:per']",CLI,ST
32691,1,14575136,19343,33.00067763198423,"['like', 'a', 'baby']","['prep', 'det:art', 'n']",CLI,ST
32691,1,14575141,19343,33.00067763198423,['xxx'],[''],CLI,PR
32691,1,14575144,19343,33.00067763198423,"['the', 'garbage']","['det:art', 'n']",CLI,ST
32691,1,14575149,19343,33.00067763198423,"['no', ""that's"", 'alright']","['co', 'pro:dem', 'adj']",CLI,CM
32691,1,14575153,19343,33.00067763198423,"['oh', 'a', 'skirt']","['co', 'det:art', 'n']",CLI,CM
32691,1,14575158,19343,33.00067763198423,"[""it's"", 'okay']","['pro:per', 'adj']",CLI,CM
32691,1,14575163,19343,33.00067763198423,"['you', 'want', 'a', 'kleenex']","['pro:per', 'v', 'det:art', 'n']",CLI,ST
32691,1,14575167,19343,33.00067763198423,"['dirty', 'but']","['v', 'conj']",CLI,ST
32691,1,14575170,19343,33.00067763198423,"['dirty', 'hands']","['v', 'n']",CLI,ST
32691,1,14575174,19343,33.00067763198423,"['wipe', 'hands']","['n', 'v']",CLI,ST
32691,1,14575178,19343,33.00067763198423,"['not', 'interested', 'in', 'that', 'huh']","['neg', 'part', 'prep', 'adv', 'co']",CLI,ST
32691,1,14575182,19343,33.00067763198423,"['push', 'car']","['n', 'n']",CLI,RP
32691,1,14575186,19343,33.00067763198423,"['push', 'car']","['n', 'n']",CLI,RP
32691,1,14575188,19343,33.00067763198423,['car'],['n'],CLI,OO
32691,1,14575192,19343,33.00067763198423,"['car', 'crash']","['n', 'n']",CLI,SI
32691,1,14575195,19343,33.00067763198423,['crash'],['n'],CLI,SI
32691,1,14575199,19343,33.00067763198423,"['car', 'fall']","['n', 'v']",CLI,WD
32691,1,14575203,19343,33.00067763198423,"['car', 'fall']","['n', 'v']",CLI,WD
32691,1,14575207,19343,33.00067763198423,"['car', 'fall']","['n', 'v']",CHI,WD
32691,1,14575211,19343,33.00067763198423,"['good', 'talking']","['adj', 'n:gerund']",CLI,PM
32691,1,14575214,19343,33.00067763198423,['open'],['adj'],CHI,YY
32691,1,14575218,19343,33.00067763198423,['open'],['adj'],CLI,AC
32691,1,14575223,19343,33.00067763198423,"['car', 'home']","['n', 'adv']",CHI,ST
32691,1,14575228,19343,33.00067763198423,"['car', 'home']","['n', 'adv']",CLI,AP
32691,1,14575233,19343,33.00067763198423,"['car', 'bye']","['n', 'co']",CHI,AP
32691,1,14575238,19343,33.00067763198423,"['car', 'bye']","['n', 'co']",CLI,AP
32691,1,14575243,19343,33.00067763198423,['open'],['adj'],CHI,YY
32691,1,14575248,19343,33.00067763198423,['open'],['adj'],CLI,AC
32691,1,14575252,19343,33.00067763198423,"['it', 'is', 'a', 'good', 'idea', 'I', 'take', 'it', 'to', 'imitate', 'everything', 'he', 'says']","['pro:per', 'cop', 'det:art', 'adj', 'n', 'pro:sub', 'v', 'pro:per', 'inf', 'v', 'pro:indef', 'pro:sub', 'v']",CLI,ST
32691,1,14575260,19343,33.00067763198423,['xxx'],[''],CHI,YY
32691,1,14575264,19343,33.00067763198423,"['for', 'a', 'while', 'if', 'he', 'catches', 'to', 'you', 'repeating', 'him']","['prep', 'det:art', 'n', 'conj', 'pro:sub', 'v', 'prep', 'pro:per', 'part', 'pro:obj']",CLI,ST
32691,1,14575269,19343,33.00067763198423,"['some', 'some', 'kids', 'really', 'pick', 'up', 'on', 'that', 'where', 'if', 'you', 'repeat', 'what', 'they', 'say', 'it', 'when', 't', 'kind', 'of', 'tells', 'the', 'language', 'xxx', 'is', 'back', 'and', 'forth', 'and', 'xxx', 'imitate', 'you', 'later']","['qn', '', 'n', 'adv', 'v', 'adv', 'prep', 'det:dem', 'pro:rel', 'conj', 'pro:per', 'v', 'pro:int', 'pro:sub', 'v', 'pro:per', 'pro:int', 'n:let', 'n', 'prep', 'v', 'det:art', 'n', '', 'cop', 'adv', 'coord', 'adv', 'coord', '', 'v', 'pro:per', 'adv']",CLI,QN
32691,1,14575278,19343,33.00067763198423,['cow'],['n'],CHI,SA
32691,1,14575284,19343,33.00067763198423,"['cow', 'home']","['n', 'adv']",CHI,SA
32691,1,14575289,19343,33.00067763198423,"['sometimes', ""it's"", 'just', 'confirmation', 'that', 'you', 'are', 'understanding', 'what', 'he', 'says', 'and', 'if', ""it's"", 'not', 'what', 'he', 'wants', 'then', 'he', 'has', 'a', 'chance', 'to', 'say', 'it', 'over']","['adv', 'pro:per', 'adj', 'n', 'comp', 'pro:per', 'aux', 'part', 'pro:int', 'pro:sub', 'v', 'coord', 'conj', 'pro:per', 'neg', 'pro:int', 'pro:sub', 'v', 'adv:tem', 'pro:sub', 'v', 'det:art', 'n', 'inf', 'v', 'pro:per', 'adv']",CLI,SA
32691,1,14575296,19343,33.00067763198423,"['or', 'show', 'it', 'to', 'you', 'with', 'action', 'or', 'something', 'he', 'does', 'that', 'might', 'clarify', 'it', 'for', 'you']","['coord', 'v', 'pro:per', 'prep', 'pro:per', 'prep', 'n', 'coord', 'pro:indef', 'pro:sub', 'mod', 'adv', 'mod', 'v', 'pro:per', 'prep', 'pro:per']",CLI,TQ
32691,1,14575304,19343,33.00067763198423,['okay'],['co'],CLI,MK
32691,1,14575309,19343,33.00067763198423,['light'],['n'],CHI,YY
32691,1,14575315,19343,33.00067763198423,['light'],['n'],CLI,RT
32691,1,14575320,19343,33.00067763198423,"[""I'm"", 'surprised', 'he', 'has', 'called', 'light', 'nye', 'or', 'however', 'he', 'says', 'it']","['pro:sub', 'part', 'pro:sub', 'aux', 'part', 'n', 'chi', 'coord', 'co', 'pro:sub', 'v', 'pro:per']",CLI,ST
32691,1,14575324,19343,33.00067763198423,['cow'],['n'],CHI,YY
32691,1,14575330,19343,33.00067763198423,['cow'],['n'],CHI,YY
32691,1,14575337,19343,33.00067763198423,['light'],['n'],CHI,YY
32691,1,14575343,19343,33.00067763198423,"['he', 'will', 'not', 'say', 'it', 'the', 'right', 'way']","['pro:sub', 'mod', 'neg', 'v', 'pro:per', 'det:art', 'adj', 'n']",CLI,ST
32691,1,14575348,19343,33.00067763198423,"[""doesn't"", 'xxx']","['mod', '']",CLI,ST
32691,1,14575353,19343,33.00067763198423,"['car', 'hand']","['n', 'n']",CHI,ST
32691,1,14575358,19343,33.00067763198423,"['is', 'that', 'a', 'hard', 'one', 'to', 'say']","['cop', 'comp', 'det:art', 'adj', 'det:num', 'inf', 'v']",CLI,AP
32691,1,14575361,19343,33.00067763198423,"['develop', 'really', 'early']","['v', 'adv', 'adv']",CLI,ST
32691,1,14575366,19343,33.00067763198423,"['I', 'have', 'a', 'six', 'year', 'old']","['pro:sub', 'v', 'det:art', 'det:num', 'n', 'adj']",CLI,ST
32691,1,14575371,19343,33.00067763198423,"['it', 'was', 'just', 'light', 'until', 'xxx']","['pro:per', 'cop', 'adj', 'n', 'prep', '']",CLI,ST
32691,1,14575376,19343,33.00067763198423,['open'],['adj'],CHI,YY
32691,1,14575380,19343,33.00067763198423,"['oh', 'really', 'I', 'wondered', 'because', 'he', 'says', 'it', 'a', 'lot']","['co', 'adv', 'pro:sub', 'v', 'conj', 'pro:sub', 'v', 'pro:per', 'det:art', 'n']",CLI,SA
32691,1,14575385,19343,33.00067763198423,['cow'],['n'],CHI,DW
32691,1,14575392,19343,33.00067763198423,"['and', 'he', 'might', 'be', 'able', 'to', 'say', 'l', 'in', 'certain', 'contexts']","['coord', 'pro:sub', 'mod', 'cop', 'adj', 'inf', 'v', 'n:let', 'prep', 'adj', 'n']",CLI,SA
32691,1,14575398,19343,33.00067763198423,"['you', 'know', 'sometimes', 'in', 'the', 'middle']","['pro:per', 'v', 'adv', 'prep', 'det:art', 'n']",CLI,SA
32691,1,14575403,19343,33.00067763198423,['yeah'],['co'],CLI,AP
32691,1,14575407,19343,33.00067763198423,"['or', 'the', 'middle', 'of', 'the', 'word', 'towards', 'the', 'end', 'or', 'with', 'different', 'sounds', 'before', 'and', 'after']","['coord', 'det:art', 'n', 'prep', 'det:art', 'n', 'prep', 'det:art', 'n', 'coord', 'prep', 'adj', 'n', 'adv', 'coord', 'prep']",CLI,TQ
32691,1,14575414,19343,33.00067763198423,"['but', 'in', 'the', 'very', 'beginning', 'it', 'can', 'be', 'difficult', 'for', 'him', 'to', 'pick', 'up']","['conj', 'prep', 'det:art', 'adv', 'part', 'pro:per', 'mod', 'cop', 'adj', 'prep', 'pro:obj', 'inf', 'v', 'adv']",CLI,PD
32691,1,14575417,19343,33.00067763198423,"['I', 'thought', 'maybe', 'it', 'was', 'because', 'uh', 'when', 'he', 'was', 'little', 'he', 'had', 'a', 'night', 'light', 'and', 'he', 'was', 'just', 'crazy', 'about', 'this', 'night', 'light']","['pro:sub', 'v', 'adv', 'pro:per', 'cop', 'conj', '', 'conj', 'pro:sub', 'cop', 'adj', 'pro:sub', 'v', 'det:art', 'n', 'n', 'coord', 'pro:sub', 'cop', 'adj', 'adj', 'prep', 'det:dem', 'n', 'n']",CLI,SA
32691,1,14575424,19343,33.00067763198423,['boom'],['co'],CHI,MK
32691,1,14575429,19343,33.00067763198423,['light'],['n'],CHI,YY
32691,1,14575433,19343,33.00067763198423,['light'],['n'],CHI,YY
32691,1,14575437,19343,33.00067763198423,"['and', 'it', 'was', 'always', 'ye', 'and', 'I', 'thought', 'well', 'maybe', 'that', 'was', 'why']","['coord', 'pro:per', 'cop', 'adv', 'pro:sub', 'coord', 'pro:sub', 'v', 'adv', 'adv', 'pro:rel', 'cop', 'pro:rel']",CLI,ST
32691,1,14575443,19343,33.00067763198423,"['but', 'he', ""doesn't"", 'see', 'a', 'night', 'light', 'anymore', 'and', 'it', 'is', 'still', 'nye']","['conj', 'pro:sub', 'mod', 'v', 'det:art', 'n', 'adj', 'adv', 'coord', 'pro:per', 'cop', 'adv', 'chi']",CLI,ST
32691,1,14575447,19343,33.00067763198423,['open'],['adj'],CHI,YY
32691,1,14575455,19343,33.00067763198423,['open'],['adj'],CHI,YY
32691,1,14575460,19343,33.00067763198423,['open'],['adj'],CHI,YY
32691,1,14575466,19343,33.00067763198423,['open'],['adj'],CLI,AC
32691,1,14575471,19343,33.00067763198423,"['car', 'in']","['n', 'adv']",CHI,ST
32691,1,14575477,19343,33.00067763198423,"['car', 'in']","['n', 'adv']",CLI,AP
32691,1,14575482,19343,33.00067763198423,"['car', 'bye']","['n', 'co']",CHI,AP
32691,1,14575488,19343,33.00067763198423,"['car', 'bye']","['n', 'co']",CLI,AP
32691,1,14575494,19343,33.00067763198423,"['car', 'xxx']","['n', '']",CHI,AP
32691,1,14575499,19343,33.00067763198423,"['car', 'what']","['n', 'pro:int']",CLI,AP
32691,1,14575502,19343,33.00067763198423,"['car', 'open']","['n', 'adj']",CHI,AP
32691,1,14575506,19343,33.00067763198423,"['car', 'open']","['n', 'adj']",CLI,AP
32691,1,14575512,19343,33.00067763198423,['laughs'],[''],CHI,YY
32691,1,14575517,19343,33.00067763198423,['oh'],['co'],CLI,AC
32691,1,14575521,19343,33.00067763198423,['garage'],['n'],CHI,YY
32691,1,14575525,19343,33.00067763198423,['garage'],['n'],CLI,RT
32691,1,14575529,19343,33.00067763198423,['laughs'],[''],CLI,PR
32691,1,14575535,19343,33.00067763198423,"[""what's"", 'that']","['pro:int', 'pro:dem']",CLI,QN
32691,1,14575539,19343,33.00067763198423,['pencil'],['n'],CHI,SA
32691,1,14575543,19343,33.00067763198423,['pencil'],['n'],CLI,CT
32691,1,14575547,19343,33.00067763198423,"[""Gert's"", 'pencil']","['adj', 'n']",CLI,ST
32691,1,14575552,19343,33.00067763198423,['open'],['adj'],CHI,YY
32691,1,14575556,19343,33.00067763198423,"['does', 'he', 'get', 'open', 'and', 'closed', 'confused']","['mod', 'pro:sub', 'v', 'adj', 'coord', 'part', 'v']",CLI,ST
32691,1,14575560,19343,33.00067763198423,['mhm'],['co'],CLI,XA
32691,1,14575565,19343,33.00067763198423,['open'],['adj'],CHI,YY
32691,1,14575568,19343,33.00067763198423,['open'],['adj'],CLI,AC
32691,1,14575571,19343,33.00067763198423,['open'],['adj'],CHI,YY
32691,1,14575575,19343,33.00067763198423,['more'],['pro:indef'],CHI,YY
32691,1,14575578,19343,33.00067763198423,"['more', 'what']","['adv', 'pro:int']",CLI,QN
32691,1,14575581,19343,33.00067763198423,"['more', 'xxx']","['pro:indef', '']",CHI,SA
32691,1,14575586,19343,33.00067763198423,"['more', 'candy']","['qn', 'n']",CLI,AP
32691,1,14575590,19343,33.00067763198423,['hand'],['n'],CHI,YY
32691,1,14575595,19343,33.00067763198423,['hand'],['n'],CLI,RT
32691,1,14575600,19343,33.00067763198423,"['draw', 'hand']","['v', 'n']",CLI,RP
32691,1,14575604,19343,33.00067763198423,['xxx'],[''],CHI,YY
32691,1,14575609,19343,33.00067763198423,"[""Doug's"", 'hand']","['adj', 'n']",CLI,EC
32691,1,14575614,19343,33.00067763198423,['hand'],['n'],CHI,SC
32691,1,14575618,19343,33.00067763198423,"['draw', 'hand']","['v', 'n']",CLI,SC
32691,1,14575623,19343,33.00067763198423,"['draw', 'hand']","['v', 'n']",CHI,SC
32691,1,14575634,19343,33.00067763198423,['more'],['pro:indef'],CHI,SC
32691,1,14575646,19343,33.00067763198423,"['more', 'candy']","['qn', 'n']",CLI,AP
32691,1,14575663,19343,33.00067763198423,['hand'],['n'],CHI,YY
32691,1,14575674,19343,33.00067763198423,"[""Doug's"", 'hand']","['adj', 'n']",CLI,RT
32691,1,14575685,19343,33.00067763198423,['more'],['pro:indef'],CHI,YY
32691,1,14575696,19343,33.00067763198423,['open'],['adj'],CLI,YY
32691,1,14575707,19343,33.00067763198423,['garage'],['n'],CHI,YY
32691,1,14575715,19343,33.00067763198423,['garage'],['n'],CHI,YY
32691,1,14575724,19343,33.00067763198423,"['the', 'garage']","['det:art', 'n']",CLI,RT
32691,1,14575736,19343,33.00067763198423,['garage'],['n'],CHI,YY
32691,1,14575745,19343,33.00067763198423,"['good', 'talking']","['adj', 'n:gerund']",CLI,PM
32691,1,14575752,19343,33.00067763198423,"['car', 'in']","['n', 'adv']",CHI,ST
32691,1,14575760,19343,33.00067763198423,"['car', 'in']","['n', 'adv']",CLI,CT
32691,1,14575766,19343,33.00067763198423,['home'],['adv'],CHI,YY
32691,1,14575775,19343,33.00067763198423,"['car', 'home']","['n', 'adv']",CHI,YY
32691,1,14575782,19343,33.00067763198423,"['car', 'bye']","['n', 'co']",CHI,YY
32691,1,14575788,19343,33.00067763198423,"['in', 'garage']","['prep', 'n']",CLI,YY
32691,1,14575798,19343,33.00067763198423,"['car', 'home']","['n', 'adv']",CHI,YY
32691,1,14575807,19343,33.00067763198423,"['at', 'the', 'end', 'of', 'each', 'session', 'Doctor_Hargrove', 'xxx', 'to', 'keep', 'track', 'of', 'progress', 'we', 'tape', 'the', 'last', 'five', 'minutes', 'of', 'each', 'session', ""we're"", 'with', 'him', 'individually']","['prep', 'det:art', 'n', 'prep', 'qn', 'n', 'n:prop', '', 'inf', 'v', 'n', 'prep', 'n', 'pro:sub', 'v', 'det:art', 'adj', 'det:num', 'n', 'prep', 'qn', 'n', 'pro:sub', 'prep', 'pro:obj', 'adv']",CLI,ST
32691,1,14575816,19343,33.00067763198423,"['so_that', 'kind', 'of', 'gives', 'us', 'a', 'sample', 'of', 'what', 'he', 'says', 'each', 'time']","['conj', 'n', 'prep', 'v', 'pro:obj', 'det:art', 'n', 'prep', 'pro:int', 'pro:sub', 'v', 'qn', 'n']",CLI,ST
32691,1,14575823,19343,33.00067763198423,"['oh', 'I', 'see']","['co', 'pro:sub', 'v']",CLI,MK
32691,1,14575833,19343,33.00067763198423,"['car', 'home']","['n', 'adv']",CHI,ST
32691,1,14575842,19343,33.00067763198423,"['xxx', 'then', 'we', 'can', 'compare', 'it', 'from', 'session', 'to', 'session']","['', 'adv:tem', 'pro:sub', 'mod', 'v', 'pro:per', 'prep', 'n', 'prep', 'n']",CLI,ST
32691,1,14575852,19343,33.00067763198423,"['last', 'time', 'when', 'we', 'tracked', 'them']","['adj', 'n', 'conj', 'pro:sub', 'v', 'pro:obj']",CLI,ST
32691,1,14575865,19343,33.00067763198423,['open'],['adj'],CHI,YY
32691,1,14575876,19343,33.00067763198423,['open'],['adj'],CLI,PM
32691,1,14575883,19343,33.00067763198423,"['good', 'talking']","['adj', 'n:gerund']",CLI,PM
32691,1,14575894,19343,33.00067763198423,"['and', 'Wendy', 'wrote', 'down']","['coord', 'n:prop', 'v', 'adv']",CLI,RP
32691,1,14575906,19343,33.00067763198423,['more'],['pro:indef'],CHI,YY
32691,1,14575915,19343,33.00067763198423,"['xxx', 'sixty', 'seven', 'different', 'times']","['', 'det:num', 'det:num', 'adj', 'n']",CLI,ST
32691,1,14575923,19343,33.00067763198423,"['I', ""didn't"", 'think', 'he', 'talked']","['pro:sub', 'mod', 'v', 'pro:sub', 'v']",CLI,ST
32691,1,14575931,19343,33.00067763198423,"['you', 'mean', 'last', 'time']","['pro:per', 'v', 'adj', 'n']",CLI,ST
32691,1,14575943,19343,33.00067763198423,"['the', 'last', 'time', 'he', 'was', 'here']","['det:art', 'adj', 'n', 'pro:sub', 'cop', 'adv']",CLI,ST
32691,1,14575955,19343,33.00067763198423,"['yeah', ""that's"", 'the', 'first', 'time', 'Wendy']","['co', 'pro:dem', 'det:art', 'adj', 'n', 'n:prop']",CLI,ST
32691,1,14575965,19343,33.00067763198423,['open'],['adj'],CHI,YY
32691,1,14575972,19343,33.00067763198423,"['she', 'followed', 'xxx']","['pro:sub', 'v', '']",CLI,ST
32691,1,14575984,19343,33.00067763198423,['hand'],['n'],CHI,YY
32691,1,14575998,19343,33.00067763198423,"['draw', 'hand']","['v', 'n']",CLI,TQ
32691,1,14576008,19343,33.00067763198423,['hand'],['n'],CHI,TA
32691,1,14576020,19343,33.00067763198423,['hand'],['n'],CLI,TX
32691,1,14576029,19343,33.00067763198423,"['I', 'hear', 'a', 'bell', 'Doug']","['pro:sub', 'v', 'det:art', 'n', 'n:prop']",CLI,TX
32692,1,14574863,19343,35.00071870058933,"['mommy', 'hasta', 'go', 'to', 'the', 'store']","['n', 'mod', 'v', 'prep', 'det:art', 'n']",CLI,ST
32692,1,14574880,19343,35.00071870058933,"['this', 'mommy', 'hasta', 'go', 'to', 'the', 'store']","['det:dem', 'n', 'mod', 'v', 'prep', 'det:art', 'n']",CLI,ST
32692,1,14574896,19343,35.00071870058933,"['she', 'hasta', 'buy', 'milk']","['pro:sub', 'mod', 'n', 'n']",CLI,ST
32692,1,14574921,19343,35.00071870058933,"['here', 'she', 'goes']","['adv', 'pro:sub', 'v']",CLI,ST
32692,1,14574937,19343,35.00071870058933,"[""she's"", 'gonna', 'stop', 'at', 'the', 'store']","['pro:sub', 'part', 'v', 'prep', 'det:art', 'n']",CLI,PD
32692,1,14575050,19343,35.00071870058933,"[""she's"", 'gonna', 'go', 'in']","['pro:sub', 'part', 'v', 'adv']",CLI,PD
32692,1,14575066,19343,35.00071870058933,['xxx'],[''],CHI,YY
32692,1,14575083,19343,35.00071870058933,"['buy', 'the', 'milk']","['v', 'det:art', 'n']",CLI,RP
32692,1,14575092,19343,35.00071870058933,"['please', 'gimme', 'car']","['co', 'v', 'n']",CHI,RP
32692,1,14575103,19343,35.00071870058933,"['gimme', 'car']","['v', 'n']",CLI,EC
32692,1,14575120,19343,35.00071870058933,['garage'],['n'],CHI,SC
32692,1,14575129,19343,35.00071870058933,"[""that's"", 'the', 'roof']","['pro:dem', 'det:art', 'n']",CLI,EC
32692,1,14575135,19343,35.00071870058933,['roof'],['n'],CHI,SC
32692,1,14575139,19343,35.00071870058933,['roof'],['n'],CLI,SC
32692,1,14575143,19343,35.00071870058933,"['the', 'house', 'has', 'a', 'roof']","['det:art', 'n', 'v', 'det:art', 'n']",CLI,EC
32692,1,14575147,19343,35.00071870058933,"['house', 'window']","['n', 'n']",CHI,SC
32692,1,14575152,19343,35.00071870058933,"['house', 'has', 'windows']","['n', 'aux', 'n']",CLI,SC
32692,1,14575156,19343,35.00071870058933,"['window', 'light']","['n', 'n']",CHI,SC
32692,1,14575160,19343,35.00071870058933,"['more', 'windows']","['qn', 'n']",CLI,AP
32692,1,14575164,19343,35.00071870058933,"['light', 'on']","['n', 'adv']",CHI,ST
32692,1,14575166,19343,35.00071870058933,"['is', 'there', 'a', 'light', 'in', 'the', 'house']","['cop', 'adv', 'det:art', 'n', 'prep', 'det:art', 'n']",CLI,ST
32692,1,14575171,19343,35.00071870058933,['light'],['n'],CHI,DW
32692,1,14575175,19343,35.00071870058933,"['the', 'house', 'has', 'a', 'bell', 'a', 'door', 'bell']","['det:art', 'n', 'v', 'det:art', 'n', 'det:art', 'n', 'n']",CLI,CT
32692,1,14575180,19343,35.00071870058933,"['light', 'broke']","['n', 'adj']",CHI,ST
32692,1,14575184,19343,35.00071870058933,"[""that's"", 'how', 'that', 'works']","['pro:dem', 'pro:rel', 'adv', 'n']",CLI,AP
32692,1,14575189,19343,35.00071870058933,"[""what's"", 'broke']","['pro:int', 'adj']",CLI,QN
32692,1,14575194,19343,35.00071870058933,['broke'],['adj'],CHI,SA
32692,1,14575198,19343,35.00071870058933,"[""what's"", 'broke']","['pro:int', 'adj']",CLI,AP
32692,1,14575202,19343,35.00071870058933,"['Gert', ""doesn't"", 'know']","['n:prop', 'mod', 'v']",CLI,ST
32692,1,14575205,19343,35.00071870058933,"['door', 'open']","['n', 'adj']",CHI,RP
32692,1,14575209,19343,35.00071870058933,['in'],['adv'],CHI,YY
32692,1,14575212,19343,35.00071870058933,"['put', 'the', 'steps', 'in']","['v', 'det:art', 'n', 'adv']",CLI,RP
32692,1,14575216,19343,35.00071870058933,"['close', 'the', 'house']","['v', 'det:art', 'n']",CLI,RP
32692,1,14575221,19343,35.00071870058933,"[""mommy's"", 'home']","['adj', 'n']",CLI,ST
32692,1,14575226,19343,35.00071870058933,['xxx'],[''],CHI,YY
32692,1,14575231,19343,35.00071870058933,"['she', 'wants', 'to', 'go', 'in', 'the', 'house', 'and', 'cook', 'dinner']","['pro:sub', 'v', 'inf', 'v', 'prep', 'det:art', 'n', 'coord', 'n', 'n']",CLI,ST
32692,1,14575237,19343,35.00071870058933,['xxx'],[''],CHI,YY
32692,1,14575242,19343,35.00071870058933,"['open', 'the', 'house']","['v', 'det:art', 'n']",CLI,RP
32692,1,14575246,19343,35.00071870058933,['xxx'],[''],CHI,YY
32692,1,14575251,19343,35.00071870058933,"['please', 'gimme', 'mommy']","['co', 'v', 'n']",CHI,RP
32692,1,14575256,19343,35.00071870058933,"['okay', 'you', 'can', 'have', 'the', 'mommy']","['co', 'pro:per', 'mod', 'v', 'det:art', 'n']",CLI,AD
32692,1,14575265,19343,35.00071870058933,"['puppy', 'woof', 'woof']","['n', '', '']",CHI,ST
32692,1,14575270,19343,35.00071870058933,"['puppy', 'says', 'woof', 'woof']","['n', 'v', '', '']",CLI,AP
32692,1,14575274,19343,35.00071870058933,"['and', 'the', 'kitty', 'says', 'meow']","['coord', 'det:art', 'n', 'v', '']",CLI,ST
32692,1,14575279,19343,35.00071870058933,"['byebye', 'mommy']","['co', 'n']",CHI,RP
32692,1,14575283,19343,35.00071870058933,"['go', 'mommy', 'home']","['v', 'n', 'adv']",CHI,RP
32692,1,14575287,19343,35.00071870058933,"['mommy', ""doesn't"", 'wanna', 'be', 'in', 'the', 'garage']","['n', 'mod', 'v', 'cop', 'prep', 'det:art', 'n']",CLI,ST
32692,1,14575291,19343,35.00071870058933,"['mommy', 'wants', 'to', 'go', 'in', 'the', 'house']","['n', 'v', 'inf', 'v', 'prep', 'det:art', 'n']",CLI,RP
32692,1,14575294,19343,35.00071870058933,['no'],['co'],CHI,RD
32692,1,14575299,19343,35.00071870058933,"['she', ""can't""]","['pro:sub', 'mod']",CLI,ST
32692,1,14575302,19343,35.00071870058933,['broke'],['adj'],CHI,YY
32692,1,14575307,19343,35.00071870058933,"['broke', 'too']","['v', 'adv']",CHI,ST
32692,1,14575312,19343,35.00071870058933,"['no', ""that's"", 'not', 'broken']","['co', 'pro:dem', 'neg', 'part']",CLI,DW
32692,1,14575317,19343,35.00071870058933,"['it', 'works']","['pro:per', 'v']",CLI,ST
32692,1,14575321,19343,35.00071870058933,"['it', 'works']","['pro:per', 'v']",CLI,ST
32692,1,14575326,19343,35.00071870058933,"['mommy', 'go', 'in', 'there']","['n', 'v', 'prep', 'n']",CHI,RP
32692,1,14575331,19343,35.00071870058933,['roof'],['n'],CHI,YY
32692,1,14575335,19343,35.00071870058933,"['roof', 'a', 'little', 'roof']","['v', 'det:art', 'adj', 'n']",CLI,RT
32692,1,14575340,19343,35.00071870058933,"[""here's"", 'a', 'big', 'roof']","['pro:exist', 'det:art', 'adj', 'n']",CLI,EC
32692,1,14575345,19343,35.00071870058933,"['big', 'roof']","['adj', 'n']",CHI,SC
32692,1,14575350,19343,35.00071870058933,"['a', 'big', 'roof']","['det:art', 'adj', 'n']",CLI,AP
32692,1,14575355,19343,35.00071870058933,"[""here's"", 'a', 'chimney']","['pro:exist', 'det:art', 'n']",CLI,TO
32692,1,14575359,19343,35.00071870058933,['chimney'],['n'],CHI,YY
32692,1,14575365,19343,35.00071870058933,"[""here's"", 'some', 'flowers']","['pro:exist', 'qn', 'n']",CLI,ST
32692,1,14575370,19343,35.00071870058933,"['flowers', 'growing', 'in', 'the', 'yard']","['n', 'part', 'prep', 'det:art', 'n']",CLI,ST
32692,1,14575375,19343,35.00071870058933,"['and', 'some', 'more', 'flowers']","['coord', 'qn', 'qn', 'n']",CLI,ST
32692,1,14575381,19343,35.00071870058933,"[""here's"", 'a', 'bird', 'flying', 'by', 'the', 'house']","['pro:exist', 'det:art', 'n', 'part', 'prep', 'det:art', 'n']",CLI,ST
32692,1,14575386,19343,35.00071870058933,['flower'],['n'],CHI,YY
32692,1,14575390,19343,35.00071870058933,['chimney'],['n'],CLI,EC
32692,1,14575397,19343,35.00071870058933,['chimney'],['n'],CHI,SC
32692,1,14575402,19343,35.00071870058933,['chimney'],['n'],CLI,SC
32692,1,14575406,19343,35.00071870058933,['chimney'],['n'],CHI,SC
32692,1,14575411,19343,35.00071870058933,"['mommy', 'sit', 'down']","['n', 'v', 'adv']",CHI,SC
32692,1,14575418,19343,35.00071870058933,"['where', 'does', 'mommy', 'sit', 'down']","['pro:int', 'mod', 'n', 'v', 'adv']",CLI,AP
32692,1,14575423,19343,35.00071870058933,"['mommy', 'close', 'door']","['n', 'adj', 'n']",CHI,SI
32692,1,14575427,19343,35.00071870058933,"['mommy', 'close', 'door']","['n', 'adj', 'n']",CHI,SI
32692,1,14575432,19343,35.00071870058933,"['does', 'mommy', 'close', 'the', 'garage', 'door']","['mod', 'n', 'adj', 'det:art', 'n', 'n']",CLI,SI
32692,1,14575438,19343,35.00071870058933,"['mommy', 'home']","['n', 'adv']",CLI,RP
32692,1,14575442,19343,35.00071870058933,"['mommy', 'home']","['n', 'adv']",CHI,CS
32692,1,14575450,19343,35.00071870058933,['mommy'],['n'],CHI,CS
32692,1,14575456,19343,35.00071870058933,"['baby', 'go', 'out']","['n', 'v', 'adv']",CHI,RP
32692,1,14575461,19343,35.00071870058933,"['sit', 'down']","['v', 'adv']",CHI,RP
32692,1,14575465,19343,35.00071870058933,"['mommy', 'puppy', 'sit', 'down']","['n', 'n', 'v', 'adv']",CHI,RP
32692,1,14575470,19343,35.00071870058933,"['puppy', 'sit', 'down']","['n', 'v', 'adv']",CHI,RP
32692,1,14575474,19343,35.00071870058933,"['mommy', 'sit', 'down']","['n', 'v', 'adv']",CHI,RP
32692,1,14575479,19343,35.00071870058933,"['go', 'boom']","['v', 'co']",CHI,MK
32692,1,14575484,19343,35.00071870058933,"['mommy', 'fell', 'down']","['n', 'v', 'adv']",CLI,RP
32692,1,14575489,19343,35.00071870058933,['chimney'],['n'],CHI,YY
32692,1,14575493,19343,35.00071870058933,"['mommy', 'come', 'in']","['n', 'v', 'adv']",CHI,RP
32692,1,14575498,19343,35.00071870058933,"['sit', 'down', 'in', 'i', 'down']","['v', 'adv', 'prep', '', 'adv']",CHI,RP
32692,1,14575503,19343,35.00071870058933,['chimney'],['n'],CHI,YY
32692,1,14575507,19343,35.00071870058933,"[""mommy's"", 'sitting', 'in', 'the', 'chimney']","['n', 'part', 'prep', 'det:art', 'n']",CLI,ST
32692,1,14575511,19343,35.00071870058933,"['big', 'roof']","['adj', 'n']",CHI,ST
32692,1,14575514,19343,35.00071870058933,"['big', 'roof']","['adj', 'n']",CLI,AP
32692,1,14575518,19343,35.00071870058933,['wake'],['n'],CHI,YY
32692,1,14575522,19343,35.00071870058933,"['puppy', 'wake']","['n', 'n']",CHI,YY
32692,1,14575526,19343,35.00071870058933,['chimney'],['n'],CHI,YY
32692,1,14575530,19343,35.00071870058933,['chimney'],['n'],CHI,YY
32692,1,14575533,19343,35.00071870058933,"['door', 'open']","['n', 'adj']",CHI,YY
32692,1,14575536,19343,35.00071870058933,['car'],['n'],CHI,YY
32692,1,14575540,19343,35.00071870058933,['car'],['n'],CHI,YY
32692,1,14575545,19343,35.00071870058933,['chimney'],['n'],CHI,YY
32692,1,14575549,19343,35.00071870058933,"['come', 'chimney']","['v', 'n']",CHI,RP
32693,1,14575937,19343,35.00071870058933,"[""Doug's"", 'smashing', 'bubbles', 'and', 'throwing', 'balls']","['n:prop', 'part', 'n', 'coord', 'part', 'n']",CLI,ST
32693,1,14575947,19343,35.00071870058933,"['in', 'there']","['prep', 'n']",CHI,ST
32693,1,14575952,19343,35.00071870058933,"[""what's"", 'in', 'there']","['pro:int', 'prep', 'n']",CLI,QN
32693,1,14575959,19343,35.00071870058933,['dinner'],['n'],CHI,SA
32693,1,14575969,19343,35.00071870058933,['dinner'],['n'],CLI,CT
32693,1,14575979,19343,35.00071870058933,['no'],['co'],CHI,RD
32693,1,14575988,19343,35.00071870058933,"['no', 'no', 'dinner']","['qn', 'qn', 'n']",CLI,ST
32693,1,14575999,19343,35.00071870058933,"['throw', 'the', 'ball']","['v', 'det:art', 'n']",CLI,RP
32693,1,14576011,19343,35.00071870058933,"[""I'm"", 'blowing', 'bubbles']","['pro:sub', 'part', 'n']",CLI,ST
32693,1,14576023,19343,35.00071870058933,"['there', 'goes', 'my', 'bubbles']","['adv', 'v', 'det:poss', 'n']",CLI,ST
32693,1,14576035,19343,35.00071870058933,['look'],['co'],CHI,RP
32693,1,14576046,19343,35.00071870058933,['sit'],['v'],CHI,RP
32693,1,14576057,19343,35.00071870058933,"[""where's"", 'the', 'bubbles']","['pro:int', 'det:art', 'n']",CLI,QN
32693,1,14576084,19343,35.00071870058933,"['Doug', 'popped', 'it']","['n:prop', 'v', 'pro:per']",CLI,ST
32693,1,14576094,19343,35.00071870058933,"['more', 'bubbles']","['qn', 'n']",CHI,ST
32693,1,14576103,19343,35.00071870058933,['pop'],['n'],CHI,PR
32693,1,14576113,19343,35.00071870058933,"['oh', 'bumped', 'your', 'head']","['co', 'v', 'det:poss', 'n']",CLI,PR
32693,1,14576129,19343,35.00071870058933,['bubbles'],['n'],CHI,YY
32693,1,14576134,19343,35.00071870058933,['bubbles'],['n'],CLI,RT
32693,1,14576143,19343,35.00071870058933,"['go', 'boom']","['v', 'co']",CHI,MK
32693,1,14576151,19343,35.00071870058933,"['make', 'bubble']","['v', 'n']",CHI,RP
32693,1,14576164,19343,35.00071870058933,['bubble'],['n'],CLI,AD
32693,1,14576171,19343,35.00071870058933,"['look', 'at', 'the', 'bubbles']","['v', 'prep', 'det:art', 'n']",CLI,RP
32693,1,14576180,19343,35.00071870058933,"['oh', 'you', 'bumped', 'your', 'head', 'again']","['co', 'pro:per', 'v', 'det:poss', 'adj', 'adv']",CLI,RP
32693,1,14576189,19343,35.00071870058933,['no'],['co'],CHI,RD
32693,1,14576199,19343,35.00071870058933,['yes'],['co'],CLI,AC
32693,1,14576214,19343,35.00071870058933,"['look', 'at', 'the', 'tiny', 'bubble']","['v', 'prep', 'det:art', 'adj', 'n']",CLI,RP
32693,1,14576298,19343,35.00071870058933,"['look', 'at', 'the', 'tiny', 'bubble']","['v', 'prep', 'det:art', 'adj', 'n']",CLI,RP
32693,1,14576308,19343,35.00071870058933,"[""I'm"", 'gonna', 'take', 'a', 'big', 'bubble', 'now']","['pro:sub', 'part', 'v', 'det:art', 'adj', 'n', 'adv']",CLI,SI
32693,1,14576317,19343,35.00071870058933,['puppy'],['n'],CHI,YY
32693,1,14576324,19343,35.00071870058933,['puppy'],['n'],CLI,RT
32693,1,14576333,19343,35.00071870058933,"[""where's"", 'the', 'puppy']","['pro:int', 'det:art', 'n']",CLI,QN
32693,1,14576343,19343,35.00071870058933,"['did', 'you', 'see', 'a', 'puppy', 'outside']","['mod', 'pro:per', 'v', 'det:art', 'n', 'adv']",CLI,YQ
32693,1,14576355,19343,35.00071870058933,['puppy'],['n'],CHI,AA
32693,1,14576365,19343,35.00071870058933,"['see', 'puppy']","['v', 'n']",CHI,RP
32693,1,14576375,19343,35.00071870058933,"['did', 'Doug', 'see', 'a', 'puppy']","['v', 'n:prop', 'v', 'det:art', 'n']",CLI,YQ
32693,1,14576388,19343,35.00071870058933,['no'],['co'],CHI,AN
32693,1,14576399,19343,35.00071870058933,"['Doug', 'saw', 'a', 'fish']","['n:prop', 'v', 'det:art', 'n']",CLI,ST
32693,1,14576412,19343,35.00071870058933,"['saw', 'a', 'fish']","['v', 'det:art', 'n']",CHI,ST
32693,1,14576424,19343,35.00071870058933,"['you', 'saw', 'a', 'big', 'fish']","['pro:per', 'v', 'det:art', 'adj', 'n']",CLI,ST
32693,1,14576434,19343,35.00071870058933,"['big', 'fish', 'swimming']","['adj', 'n', 'part']",CHI,RT
32693,1,14576440,19343,35.00071870058933,['swimming'],['part'],CLI,RT
32693,1,14576451,19343,35.00071870058933,"['go', 'boom']","['v', 'co']",CHI,MK
32693,1,14576490,19343,35.00071870058933,"['did', 'it', 'go', 'boom']","['mod', 'pro:per', 'v', 'co']",CLI,YQ
32693,1,14576624,19343,35.00071870058933,['no'],['co'],CHI,AN
32693,1,14576638,19343,35.00071870058933,"['no', 'fish', 'swims', 'in', 'the', 'water']","['qn', 'n', 'n', 'prep', 'det:art', 'n']",CLI,ST
32693,1,14576648,19343,35.00071870058933,"['yeah', 'like', 'that']","['co', 'prep', 'pro:dem']",CLI,XA
32693,1,14576659,19343,35.00071870058933,"['goes', 'sh']","['v', '']",CLI,ST
32693,1,14576669,19343,35.00071870058933,['bubble'],['n'],CHI,YY
32693,1,14576679,19343,35.00071870058933,"['more', 'bubble']","['qn', 'n']",CHI,YY
32693,1,14576687,19343,35.00071870058933,"['what', 'should', 'Gert', 'do']","['pro:int', 'mod', 'n:prop', 'v']",CLI,QN
32693,1,14576695,19343,35.00071870058933,"['more', 'bubble']","['qn', 'n']",CHI,SA
32693,1,14576704,19343,35.00071870058933,"['blow', 'more', 'bubbles']","['v', 'qn', 'n']",CLI,AP
32693,1,14576713,19343,35.00071870058933,"['blow', 'more', 'bubble']","['v', 'qn', 'n']",CHI,RP
32693,1,14576722,19343,35.00071870058933,['okay'],['co'],CLI,AD
32693,1,14576731,19343,35.00071870058933,"['oh', 'look', 'at', 'that']","['co', 'v', 'prep', 'pro:dem']",CLI,RP
32693,1,14576742,19343,35.00071870058933,"[""there's"", 'my', 'bubbles']","['pro:exist', 'det:poss', 'n']",CLI,ST
32693,1,14576750,19343,35.00071870058933,"['you', 'broke', 'the', 'bubble', 'with', 'the', 'ball']","['pro:per', 'v', 'det:art', 'n', 'prep', 'det:art', 'n']",CLI,ST
32693,1,14576762,19343,35.00071870058933,"['here', 'we', 'go', 'again']","['adv', 'pro:sub', 'v', 'adv']",CLI,SS
32693,1,14576780,19343,35.00071870058933,"['are', 'you', 'going', 'to', 'do', 'it', 'again']","['cop', 'pro:per', 'part', 'inf', 'v', 'pro:per', 'adv']",CLI,ST
32693,1,14576791,19343,35.00071870058933,"['blow', 'again']","['n', 'adv']",CHI,RT
32693,1,14576800,19343,35.00071870058933,"['blow', 'again']","['n', 'adv']",CLI,RT
32693,1,14576811,19343,35.00071870058933,['oh'],['co'],CLI,MK
32693,1,14576823,19343,35.00071870058933,"['Doug', 'threw', 'the', 'ball', 'on', 'the', 'bubble']","['n:prop', 'v', 'det:art', 'n', 'prep', 'det:art', 'n']",CLI,ST
32693,1,14576836,19343,35.00071870058933,['hey'],['co'],CHI,YY
32693,1,14576847,19343,35.00071870058933,['what'],['pro:int'],CLI,QN
32693,1,14576857,19343,35.00071870058933,['broke'],['adj'],CHI,SA
32693,1,14576867,19343,35.00071870058933,"[""what's"", 'broke']","['pro:int', 'adj']",CLI,AP
32693,1,14576876,19343,35.00071870058933,"['more', 'bubble']","['qn', 'n']",CHI,QN
32693,1,14576889,19343,35.00071870058933,['treat'],['n'],CHI,SA
32693,1,14576900,19343,35.00071870058933,"[""that's"", 'a', 'treat']","['pro:dem', 'det:art', 'n']",CLI,CT
32693,1,14576912,19343,35.00071870058933,['treat'],['n'],CHI,RT
32693,1,14576932,19343,35.00071870058933,"['a', 'treat']","['det:art', 'n']",CLI,CT
32693,1,14576941,19343,35.00071870058933,"['throw', 'more', 'bubble']","['v', 'qn', 'n']",CHI,RP
32693,1,14576950,19343,35.00071870058933,"['blow', 'more', 'bubble']","['v', 'qn', 'n']",CLI,RP
32693,1,14576960,19343,35.00071870058933,"['more', 'blow', 'bubble']","['qn', 'n', 'n']",CHI,RP
32693,1,14576971,19343,35.00071870058933,"['more', 'blow']","['qn', 'n']",CLI,RP
32693,1,14576980,19343,35.00071870058933,"['oh', 'you', 'missed']","['co', 'pro:per', 'v']",CLI,ST
32693,1,14576992,19343,35.00071870058933,"['that', 'time', 'you', ""didn't"", 'break', 'any']","['det:dem', 'n', 'pro:per', 'mod', 'v', 'qn']",CLI,ST
32693,1,14577000,19343,35.00071870058933,"['more', 'bubble']","['qn', 'n']",CHI,RP
32693,1,14577007,19343,35.00071870058933,['okay'],['co'],CLI,AD
32693,1,14577013,19343,35.00071870058933,['ready'],['adj'],CLI,SS
32693,1,14577023,19343,35.00071870058933,"['ready', 'here', 'I', 'go', 'again']","['v', 'adv', 'pro:sub', 'v', 'adv']",CLI,SS
32693,1,14577032,19343,35.00071870058933,"['blow', 'more', 'again']","['n', 'adv', 'adv']",CHI,RP
32693,1,14577041,19343,35.00071870058933,"['here', 'I', 'go']","['adv', 'pro:sub', 'v']",CLI,SS
32693,1,14577051,19343,35.00071870058933,['go'],['v'],CHI,RD
32693,1,14577059,19343,35.00071870058933,"['more', 'bubbles']","['qn', 'n']",CHI,RP
32693,1,14577069,19343,35.00071870058933,"['more', 'blow', 'bubbles']","['qn', 'n', 'n']",CHI,RP
32693,1,14577077,19343,35.00071870058933,"[""didn't"", 'work']","['mod', 'v']",CLI,AD
32693,1,14577088,19343,35.00071870058933,"[""I'll"", 'try', 'again']","['pro:sub', 'v', 'adv']",CLI,RP
32693,1,14577103,19343,35.00071870058933,"['try', 'again']","['v', 'adv']",CHI,RP
32693,1,14577111,19343,35.00071870058933,['smash'],['n'],CLI,PR
32693,1,14577117,19343,35.00071870058933,"['smash', 'those', 'bubbles']","['v', 'det:dem', 'n']",CLI,ST
32693,1,14577124,19343,35.00071870058933,"['smash', 'those', 'bubbles']","['v', 'det:dem', 'n']",CLI,ST
32693,1,14577130,19343,35.00071870058933,"['here', 'we', 'go', 'again']","['adv', 'pro:sub', 'v', 'adv']",CLI,SS
32693,1,14577138,19343,35.00071870058933,"['are', 'you', 'ready']","['cop', 'pro:per', 'adj']",CLI,SS
32693,1,14577143,19343,35.00071870058933,"['oh', 'we', 'hafta', 'get', 'the', 'ball', 'first']","['co', 'pro:sub', 'mod', 'v', 'det:art', 'n', 'adv']",CLI,RP
32693,1,14577153,19343,35.00071870058933,"['are', 'you', 'ready']","['cop', 'pro:per', 'adj']",CLI,SS
32693,1,14577159,19343,35.00071870058933,['ready'],['adj'],CHI,SS
32693,1,14577165,19343,35.00071870058933,['set'],['v'],CLI,SS
32693,1,14577172,19343,35.00071870058933,['go'],['v'],CLI,SS
32693,1,14577178,19343,35.00071870058933,"[""you're"", 'trying', 'to', 'smash', 'my', 'bubbles']","['pro:per', 'part', 'inf', 'v', 'det:poss', 'n']",CLI,ST
32693,1,14577187,19343,35.00071870058933,"['more', 'bubbles']","['qn', 'n']",CHI,RT
32693,1,14577194,19343,35.00071870058933,"['bump', 'your', 'head']","['v', 'det:poss', 'n']",CLI,RP
32693,1,14577222,19343,35.00071870058933,['no'],['co'],CHI,RD
32693,1,14577227,19343,35.00071870058933,['table'],['n'],CLI,PR
32693,1,14577233,19343,35.00071870058933,['pillow'],['n'],CHI,YY
32693,1,14577240,19343,35.00071870058933,['table'],['n'],CHI,PR
32693,1,14577245,19343,35.00071870058933,"[""that's"", 'not', 'a', 'pillow']","['pro:dem', 'neg', 'det:art', 'n']",CLI,DW
32693,1,14577250,19343,35.00071870058933,"['a', 'pillow', 'is', 'soft']","['det:art', 'n', 'cop', 'adj']",CLI,ST
32693,1,14577255,19343,35.00071870058933,"['you', 'smashed', 'it']","['pro:per', 'v', 'pro:per']",CLI,ST
32693,1,14577263,19343,35.00071870058933,['oh'],['co'],CLI,MK
32693,1,14577269,19343,35.00071870058933,"['you', 'did', 'it']","['pro:per', 'v', 'pro:per']",CLI,ST
32693,1,14577274,19343,35.00071870058933,"['blow', 'bubbles']","['n', 'v']",CHI,RP
32693,1,14577280,19343,35.00071870058933,"['say', 'Gert', 'blow', 'bubbles']","['v', 'n:prop', 'n', 'n']",CLI,EI
32693,1,14577286,19343,35.00071870058933,"['blow', 'bubbles']","['n', 'v']",CHI,SC
32693,1,14577293,19343,35.00071870058933,['car'],['n'],CHI,SC
32693,1,14577299,19343,35.00071870058933,"[""there's"", 'no', 'car']","['pro:exist', 'qn', 'n']",CLI,AP
32693,1,14577306,19343,35.00071870058933,"['more', 'car', 'byebye']","['qn', 'n', 'co']",CHI,AP
32693,1,14577313,19343,35.00071870058933,"['car', 'all_gone']","['n', 'adj']",CLI,AP
32693,1,14577318,19343,35.00071870058933,"['car', 'byebye']","['n', 'co']",CHI,AP
32693,1,14577323,19343,35.00071870058933,"['here', 'we', 'go']","['adv', 'pro:sub', 'v']",CLI,SS
32694,1,14575956,19343,36.00073923489189,"['whose', 'car', 'is', 'it']","['pro:rel', 'n', 'cop', 'pro:per']",CLI,QN
32694,1,14575967,19343,36.00073923489189,['red'],['adj'],CHI,SA
32694,1,14575983,19343,36.00073923489189,"[""it's"", 'a', 'red', 'car']","['pro:per', 'det:art', 'adj', 'n']",CLI,CT
32694,1,14575996,19343,36.00073923489189,"[""let's"", 'see', 'who', 'could', 'drive', 'that', 'car']","['v', 'v', 'pro:rel', 'mod', 'v', 'det:dem', 'n']",CLI,RP
32694,1,14576007,19343,36.00073923489189,"['could', 'bobby', 'drive', 'the', 'car']","['mod', 'n', 'n', 'det:art', 'n']",CLI,RP
32694,1,14576016,19343,36.00073923489189,['no'],['co'],CHI,RD
32694,1,14576027,19343,36.00073923489189,"['could', 'mommy', 'drive', 'the', 'car']","['mod', 'n', 'n', 'det:art', 'n']",CLI,RP
32694,1,14576036,19343,36.00073923489189,['no'],['co'],CHI,RD
32694,1,14576043,19343,36.00073923489189,"['could', 'Andy', 'drive', 'the', 'car']","['mod', 'n:prop', 'n', 'det:art', 'n']",CLI,RP
32694,1,14576056,19343,36.00073923489189,['no'],['co'],CHI,RD
32694,1,14576067,19343,36.00073923489189,"['who', 'will', 'drive', 'the', 'car']","['pro:int', 'mod', 'v', 'det:art', 'n']",CLI,QN
32694,1,14576079,19343,36.00073923489189,"['gimme', 'car']","['v', 'n']",CHI,SA
32694,1,14576088,19343,36.00073923489189,"[""Doug's"", 'gonna', 'drive', 'the', 'car']","['adj', 'part', 'v', 'det:art', 'n']",CLI,ST
32694,1,14576098,19343,36.00073923489189,"['Doug', 'needs', 'a', 'garage']","['n:prop', 'v', 'det:art', 'n']",CLI,ST
32694,1,14576109,19343,36.00073923489189,"[""that's"", 'a', 'big', 'shiny', 'red', 'car']","['pro:dem', 'det:art', 'adj', 'adj', 'adj', 'n']",CLI,ST
32694,1,14576116,19343,36.00073923489189,['roof'],['n'],CHI,YY
32694,1,14576123,19343,36.00073923489189,['roof'],['n'],CHI,YY
32694,1,14576133,19343,36.00073923489189,"['that', 'must', 'be', 'the', 'roof']","['pro:dem', 'mod', 'cop', 'det:art', 'n']",CLI,ST
32694,1,14576145,19343,36.00073923489189,"['this', 'is', 'the', 'upstairs']","['pro:dem', 'cop', 'det:art', 'adj']",CLI,ST
32694,1,14576155,19343,36.00073923489189,['upstairs'],['adv'],CHI,YY
32694,1,14576161,19343,36.00073923489189,"['door', 'shut']","['n', 'v']",CHI,RP
32694,1,14576174,19343,36.00073923489189,"['that', 'door', 'is', 'shut']","['det:dem', 'n', 'aux', 'part']",CLI,YQ
32694,1,14576197,19343,36.00073923489189,"['how', 'can', 'the', 'car', 'go', 'in', 'there']","['pro:int', 'n', 'det:art', 'n', 'v', 'prep', 'n']",CLI,QN
32694,1,14576208,19343,36.00073923489189,"['car', 'go', 'in', 'there']","['n', 'v', 'prep', 'n']",CHI,SA
32694,1,14576217,19343,36.00073923489189,"['how', 'can', 'it', 'go', 'in']","['pro:int', 'mod', 'pro:per', 'v', 'adv']",CLI,QN
32694,1,14576294,19343,36.00073923489189,"['go', 'in']","['v', 'adv']",CHI,SA
32694,1,14576310,19343,36.00073923489189,"['I', ""don't"", 'think', 'it', 'can']","['pro:sub', 'mod', 'v', 'pro:per', 'mod']",CLI,DW
32694,1,14576318,19343,36.00073923489189,"['go', 'in', 'road']","['v', 'prep', 'n']",CHI,RP
32694,1,14576328,19343,36.00073923489189,"['go', 'up']","['v', 'adv']",CHI,RP
32694,1,14576339,19343,36.00073923489189,"['go', 'in', 'garage']","['v', 'prep', 'n']",CHI,RP
32694,1,14576349,19343,36.00073923489189,"['go', 'in', 'there']","['v', 'prep', 'n']",CHI,RP
32694,1,14576363,19343,36.00073923489189,"['mommy', 'car']","['n', 'n']",CHI,YY
32694,1,14576379,19343,36.00073923489189,['car'],['n'],CHI,YY
32694,1,14576391,19343,36.00073923489189,"['mommy', 'car']","['n', 'n']",CHI,YY
32694,1,14576400,19343,36.00073923489189,"['what', 'color', 'is', ""mommy's"", 'car', 'Doug']","['pro:int', 'n', 'cop', 'adj', 'n', 'n:prop']",CLI,QN
32694,1,14576411,19343,36.00073923489189,['red'],['adj'],CHI,SA
32694,1,14576420,19343,36.00073923489189,"['what', 'color', 'is', ""Doug's"", 'car']","['pro:int', 'n', 'cop', 'adj', 'n']",CLI,AP
32694,1,14576430,19343,36.00073923489189,['brown'],['adj'],CHI,YY
32694,1,14576441,19343,36.00073923489189,"['Doug', 'climb', 'out', 'car']","['n:prop', 'v', 'prep', 'n']",CHI,ST
32694,1,14576450,19343,36.00073923489189,"['Doug', 'ride', 'car']","['n:prop', 'n', 'n']",CHI,ST
32694,1,14576488,19343,36.00073923489189,"['did', 'you', 'ride', 'a', 'car', 'to', 'come', 'over', 'here', 'today']","['mod', 'pro:per', 'v', 'det:art', 'n', 'inf', 'v', 'prep', 'n', 'adv:tem']",CLI,RP
32694,1,14576623,19343,36.00073923489189,"['did', 'mommy', 'drive', 'you', 'here']","['v', 'n', 'n', 'pro:per', 'adv']",CLI,RP
32694,1,14576634,19343,36.00073923489189,['no'],['co'],CHI,RD
32694,1,14576645,19343,36.00073923489189,"['who', 'drove', 'you']","['pro:int', 'n', 'pro:per']",CLI,QN
32694,1,14576653,19343,36.00073923489189,"['who', 'drove', 'the', 'car']","['pro:int', 'n', 'det:art', 'n']",CLI,QN
32694,1,14576662,19343,36.00073923489189,"['Doug', 'ride', 'car']","['n:prop', 'n', 'n']",CHI,SA
32694,1,14576670,19343,36.00073923489189,"['who', 'drove', 'the', 'car']","['pro:int', 'n', 'det:art', 'n']",CLI,EC
32694,1,14576682,19343,36.00073923489189,"['drive', 'car']","['n', 'n']",CHI,SC
32694,1,14576691,19343,36.00073923489189,"['did', 'mommy', 'drive']","['v', 'n', 'n']",CLI,SC
32694,1,14576698,19343,36.00073923489189,"['mommy', 'drive']","['n', 'n']",CHI,SC
32694,1,14576706,19343,36.00073923489189,"['did', 'mommy', 'drive', 'the', 'truck']","['v', 'n', 'n', 'det:art', 'n']",CLI,SC
32694,1,14576712,19343,36.00073923489189,"['daddy', 'drive', 'truck']","['n', 'n', 'n']",CHI,SC
32694,1,14576723,19343,36.00073923489189,"['car', 'is', 'upside', 'down']","['n', 'cop', 'adv', 'adv']",CLI,AP
32694,1,14576733,19343,36.00073923489189,"['go', 'boom']","['v', 'co']",CHI,MK
32694,1,14576739,19343,36.00073923489189,"['it', 'can', 'stick', 'on', 'here']","['pro:per', 'mod', 'v', 'prep', 'n']",CLI,RP
32694,1,14576748,19343,36.00073923489189,"['it', 'can', 'stick']","['pro:per', 'mod', 'v']",CLI,RP
32694,1,14576756,19343,36.00073923489189,"['look', 'I', 'found', 'a', 'man', 'riding', 'a', 'horse']","['v', 'pro:sub', 'v', 'det:art', 'n', 'part', 'det:art', 'n']",CLI,ST
32694,1,14576767,19343,36.00073923489189,['horse'],['n'],CHI,YY
32694,1,14576775,19343,36.00073923489189,"['I', 'found', 'a', 'man', 'riding', 'a', 'horse']","['pro:sub', 'v', 'det:art', 'n', 'part', 'det:art', 'n']",CLI,ST
32694,1,14576784,19343,36.00073923489189,['open'],['adj'],CHI,YY
32694,1,14576793,19343,36.00073923489189,['open'],['adj'],CHI,YY
32694,1,14576799,19343,36.00073923489189,"['open', 'up']","['v', 'adv']",CHI,RP
32694,1,14576814,19343,36.00073923489189,"['that', ""can't"", 'open']","['pro:rel', 'mod', 'v']",CLI,QN
32694,1,14576829,19343,36.00073923489189,"[""it's"", 'just', 'a', 'picture']","['pro:per', 'adj', 'det:art', 'n']",CLI,SA
32694,1,14576839,19343,36.00073923489189,"['mommy', 'car', 'go', 'in', 'there']","['n', 'n', 'v', 'prep', 'n']",CHI,RP
32694,1,14576851,19343,36.00073923489189,"['car', 'go', 'in', 'there']","['n', 'v', 'prep', 'n']",CHI,RP
32694,1,14576862,19343,36.00073923489189,"['car', 'go', 'in', 'there']","['n', 'v', 'prep', 'n']",CHI,RP
32694,1,14576873,19343,36.00073923489189,"['will', 'it', 'fit']","['mod', 'pro:per', 'v']",CLI,AD
32694,1,14576884,19343,36.00073923489189,"['car', 'go', 'in', 'there']","['n', 'v', 'prep', 'n']",CHI,RP
32694,1,14576898,19343,36.00073923489189,"['I', ""don't"", 'think', 'it', 'can', 'fit', 'in', 'there']","['pro:sub', 'mod', 'v', 'pro:per', 'mod', 'v', 'prep', 'n']",CLI,GR
32694,1,14576910,19343,36.00073923489189,"['I', 'think', ""it's"", 'too', 'big']","['pro:sub', 'v', 'pro:per', 'adv', 'adj']",CLI,GR
32694,1,14576939,19343,36.00073923489189,['car'],['n'],CHI,YY
32694,1,14576952,19343,36.00073923489189,['car'],['n'],CHI,YY
32694,1,14576961,19343,36.00073923489189,['house'],['n'],CHI,YY
32694,1,14576967,19343,36.00073923489189,"['I', 'wonder', 'who', 'lives', 'in', 'that', 'house']","['pro:sub', 'v', 'pro:int', 'n', 'prep', 'det:dem', 'n']",CLI,QN
32694,1,14576981,19343,36.00073923489189,['house'],['n'],CHI,SA
32694,1,14576989,19343,36.00073923489189,['Mitzi'],['n:prop'],CHI,YY
32694,1,14576996,19343,36.00073923489189,['Mitzi'],['n:prop'],CHI,YY
32694,1,14577005,19343,36.00073923489189,"['who', 'is', 'Mitzi', 'again']","['pro:int', 'cop', 'n:prop', 'adv']",CLI,QN
32694,1,14577014,19343,36.00073923489189,"['where', 'is', 'Mitzi']","['pro:int', 'cop', 'n:prop']",CLI,QN
32694,1,14577021,19343,36.00073923489189,"['where', 'is', 'Mitzi']","['pro:int', 'cop', 'n:prop']",CLI,QN
32694,1,14577029,19343,36.00073923489189,"['Mitzi', 'go']","['n:prop', 'v']",CHI,SA
32694,1,14577036,19343,36.00073923489189,"['where', 'did', 'she', 'go']","['pro:int', 'mod', 'pro:sub', 'v']",CLI,QN
32694,1,14577042,19343,36.00073923489189,"['I', ""don't"", 'know']","['pro:sub', 'mod', 'v']",CLI,SA
32694,1,14577048,19343,36.00073923489189,['Mitzi'],['n:prop'],CHI,YY
32694,1,14577056,19343,36.00073923489189,"['tell', 'me', 'about', 'Mitzi']","['v', 'pro:obj', 'prep', 'n:prop']",CLI,RP
32694,1,14577064,19343,36.00073923489189,['Mitzi'],['n:prop'],CHI,YY
32694,1,14577072,19343,36.00073923489189,"['bobby', 'gimme', 'Mitzi']","['n', 'v', 'n:prop']",CHI,DP
32694,1,14577081,19343,36.00073923489189,"['does', 'Doug', 'have', 'a', 'kitty']","['mod', 'n:prop', 'v', 'det:art', 'n']",CLI,YQ
32694,1,14577091,19343,36.00073923489189,['kitty'],['n'],CHI,AA
32694,1,14577098,19343,36.00073923489189,"['do', 'you', 'have', 'a', 'kitty', 'Doug']","['mod', 'pro:per', 'v', 'det:art', 'n', 'n:prop']",CLI,TQ
32694,1,14577109,19343,36.00073923489189,"['kitty', 'home']","['n', 'adv']",CHI,TA
32694,1,14577119,19343,36.00073923489189,"[""what's"", 'the', ""kitty's"", 'name']","['pro:int', 'det:art', 'adj', 'n']",CLI,QN
32694,1,14577126,19343,36.00073923489189,['Mitzi'],['n:prop'],CHI,SA
32694,1,14577133,19343,36.00073923489189,"[""what's"", ""Doug's"", ""kitty's"", 'name']","['pro:int', 'adj', 'adj', 'n']",CLI,AP
32694,1,14577140,19343,36.00073923489189,"['ride', 'car']","['n', 'n']",CHI,ST
32694,1,14577147,19343,36.00073923489189,"['does', 'the', 'kitty', 'like', 'to', 'ride', 'in', 'the', 'car']","['mod', 'det:art', 'n', 'co', 'prep', 'n', 'prep', 'det:art', 'n']",CLI,ST
32694,1,14577151,19343,36.00073923489189,"['Doug', 'ride', 'car']","['n:prop', 'n', 'n']",CHI,RT
32694,1,14577156,19343,36.00073923489189,"['I', 'found', 'a', 'puppy', 'too']","['pro:sub', 'v', 'det:art', 'n', 'adv']",CLI,ST
32695,1,14575220,19343,36.00073923489189,"['new', 'thing']","['adj', 'n']",CHI,YY
32695,1,14575225,19343,36.00073923489189,"['do', 'you', 'know', 'what', 'that', 'is']","['mod', 'pro:per', 'v', 'pro:int', 'adv', 'cop']",CLI,QN
32695,1,14575230,19343,36.00073923489189,"['a', 'choo_choo']","['det:art', 'on']",CHI,SA
32695,1,14575235,19343,36.00073923489189,['camping'],['part'],CLI,AQ
32695,1,14575239,19343,36.00073923489189,['camping'],['part'],CHI,AA
32695,1,14575244,19343,36.00073923489189,['mhm'],['co'],CLI,AC
32695,1,14575250,19343,36.00073923489189,['camping'],['part'],CHI,YY
32695,1,14575255,19343,36.00073923489189,"['in', 'a', 'camper']","['prep', 'det:art', 'n']",CHI,YY
32695,1,14575258,19343,36.00073923489189,"['that', 'is', 'a', 'fire', 'station']","['pro:dem', 'cop', 'det:art', 'n', 'n']",CLI,ST
32695,1,14575262,19343,36.00073923489189,"['you', 'watch', 'for', 'fires']","['pro:per', 'v', 'prep', 'n']",CLI,RP
32695,1,14575266,19343,36.00073923489189,"['and', ""there's"", 'the', 'caboose']","['coord', 'pro:exist', 'det:art', 'n']",CHI,ST
32695,1,14575271,19343,36.00073923489189,"['those', 'are', 'motor', 'homes', 'campers']","['pro:dem', 'cop', 'n', 'n', 'n']",CLI,ST
32695,1,14575275,19343,36.00073923489189,"[""there's"", 'a', 'caboose']","['pro:exist', 'det:art', 'n']",CHI,ST
32695,1,14575280,19343,36.00073923489189,"['people', 'camp', 'in', 'them']","['n', 'v', 'adv', 'pro:obj']",CLI,ST
32695,1,14575285,19343,36.00073923489189,"['see', 'here']","['v', 'adv']",CLI,RP
32695,1,14575288,19343,36.00073923489189,"['these', 'are', 'tents']","['pro:dem', 'cop', 'n']",CLI,ST
32695,1,14575292,19343,36.00073923489189,"['people', 'sleep', 'in', 'the', 'tents']","['n', 'v', 'prep', 'det:art', 'n']",CLI,ST
32695,1,14575295,19343,36.00073923489189,"['see', 'like', 'the', 'lady', 'can', 'go', 'in', 'her', 'tent']","['v', 'prep', 'det:art', 'n', 'mod', 'v', 'prep', 'det:poss', 'n']",CLI,RP
32695,1,14575300,19343,36.00073923489189,"['oops', 'I', 'knocked', 'her', 'over']","['co', 'pro:sub', 'v', 'pro:obj', 'adv']",CLI,MK
32695,1,14575305,19343,36.00073923489189,"[""there's"", 'a', 'window']","['pro:exist', 'det:art', 'n']",CHI,ST
32695,1,14575308,19343,36.00073923489189,"[""there's"", 'a', 'window']","['pro:exist', 'det:art', 'n']",CLI,AP
32695,1,14575313,19343,36.00073923489189,"[""that's"", 'right']","['pro:dem', 'co']",CLI,AP
32695,1,14575318,19343,36.00073923489189,"[""I'll"", 'knock', 'him']","['pro:sub', 'v', 'pro:obj']",CHI,ST
32695,1,14575323,19343,36.00073923489189,['mhm'],['co'],CLI,AC
32695,1,14575328,19343,36.00073923489189,"['this', ""it's""]","['pro:dem', 'pro:per']",CHI,ST
32695,1,14575332,19343,36.00073923489189,['xxx'],[''],CHI,PR
32695,1,14575334,19343,36.00073923489189,"['the', 'tent', 'right']","['det:art', 'n', 'co']",CLI,AP
32695,1,14575339,19343,36.00073923489189,"['the', 'tent']","['det:art', 'n']",CHI,SA
32695,1,14575344,19343,36.00073923489189,"[""that's"", 'a', 'motor+home']","['pro:dem', 'det:art', '']",CLI,CT
32695,1,14575349,19343,36.00073923489189,['right'],['co'],CLI,AP
32695,1,14575354,19343,36.00073923489189,"[""that's"", ""there's"", 'a', 'truck']","['', 'pro:exist', 'det:art', 'n']",CHI,ST
32695,1,14575360,19343,36.00073923489189,"['the', 'truck']","['det:art', 'n']",CLI,AP
32695,1,14575364,19343,36.00073923489189,"['you', 'get']","['pro:per', 'v']",CHI,RP
32695,1,14575369,19343,36.00073923489189,"['see', 'all', 'the', 'animals']","['v', 'qn', 'det:art', 'n']",CLI,RP
32695,1,14575374,19343,36.00073923489189,"[""there's"", 'a', 'porcupine', 'and', 'a', 'squirrel']","['pro:exist', 'det:art', 'n', 'coord', 'det:art', 'n']",CLI,ST
32695,1,14575379,19343,36.00073923489189,['squirrel'],['n'],CHI,YY
32695,1,14575384,19343,36.00073923489189,"['can', 'you', 'find', 'the', 'bear']","['mod', 'pro:per', 'v', 'det:art', 'n']",CLI,RP
32695,1,14575389,19343,36.00073923489189,"['point', 'to', 'the', 'bear']","['n', 'prep', 'det:art', 'n']",CLI,ST
32695,1,14575394,19343,36.00073923489189,"[""where's"", 'the', 'bear']","['pro:int', 'det:art', 'n']",CLI,QN
32695,1,14575399,19343,36.00073923489189,"['down', 'there']","['prep', 'n']",CHI,SA
32695,1,14575404,19343,36.00073923489189,['bear'],['n'],CHI,SA
32695,1,14575409,19343,36.00073923489189,"['there', 'bear']","['adv', 'n']",CHI,SA
32695,1,14575412,19343,36.00073923489189,"[""what's"", 'this']","['pro:int', 'pro:dem']",CLI,QN
32695,1,14575416,19343,36.00073923489189,['chicken'],['n'],CHI,SA
32695,1,14575420,19343,36.00073923489189,['skunk'],['n'],CLI,CT
32695,1,14575425,19343,36.00073923489189,['skunk'],['n'],CHI,RT
32695,1,14575430,19343,36.00073923489189,['skunk'],['n'],CLI,CT
32695,1,14575435,19343,36.00073923489189,"['did', 'you', 'skunks', 'stink']","['mod', 'pro:per', 'v', 'n']",CLI,YQ
32695,1,14575440,19343,36.00073923489189,['yes'],['co'],CHI,AA
32695,1,14575446,19343,36.00073923489189,"['skunk', 'pew', 'pew']","['n', 'n', 'n']",CLI,CT
32695,1,14575451,19343,36.00073923489189,"['yuck', 'stinks', 'pew', 'pew']","['co', 'v', 'n', 'n']",CHI,RT
32695,1,14575454,19343,36.00073923489189,"['and', ""here's"", 'a', 'deer']","['coord', 'pro:exist', 'det:art', 'n']",CLI,ST
32695,1,14575459,19343,36.00073923489189,"[""he's"", 'going', 'poopy']","['pro:sub', 'part', 'adj']",CHI,ST
32695,1,14575464,19343,36.00073923489189,"['is', 'he', 'going', 'poopy']","['cop', 'pro:sub', 'n:gerund', 'adj']",CLI,AP
32695,1,14575469,19343,36.00073923489189,['no'],['co'],CLI,PF
32695,1,14575475,19343,36.00073923489189,"['is', 'looking']","['aux', 'part']",CHI,PF
32695,1,14575480,19343,36.00073923489189,"['there', 'the', 'other', 'house']","['adv', 'det:art', 'qn', 'n']",CHI,RP
32695,1,14575486,19343,36.00073923489189,"[""that's"", 'their', 'other', 'house']","['pro:dem', 'det:poss', 'qn', 'n']",CHI,ST
32695,1,14575491,19343,36.00073923489189,['tent'],['n'],CLI,CT
32695,1,14575495,19343,36.00073923489189,"[""that's"", 'their', 'other', 'tent']","['pro:dem', 'det:poss', 'qn', 'n']",CHI,ST
32695,1,14575497,19343,36.00073923489189,['mhm'],['co'],CLI,AC
32695,1,14575501,19343,36.00073923489189,"['this', 'is', 'a', 'motor+home']","['pro:dem', 'cop', 'det:art', '']",CHI,YY
32695,1,14575505,19343,36.00073923489189,['mhm'],['co'],CLI,AC
32695,1,14575509,19343,36.00073923489189,"['it', 'not', 'a', 'choo_choo', 'train']","['pro:per', 'neg', 'det:art', 'on', 'n']",CHI,ST
32695,1,14575513,19343,36.00073923489189,"['no', ""it's"", 'not', 'a', 'choo_choo', 'train']","['co', 'pro:per', 'neg', 'det:art', 'on', 'n']",CLI,DW
32695,1,14575516,19343,36.00073923489189,"['not', 'a', 'choo_choo', 'choo_choo', 'train']","['neg', 'det:art', 'on', 'on', 'n']",CHI,DW
32695,1,14575520,19343,36.00073923489189,"[""it's"", 'a', 'motor+home']","['pro:per', 'det:art', '']",CHI,SA
32695,1,14575524,19343,36.00073923489189,"['this', 'guy', 'is', 'gonna', 'look', 'at', 'the', 'bears', 'now']","['det:dem', 'n', 'aux', 'part', 'v', 'prep', 'det:art', 'n', 'adv']",CLI,RP
32695,1,14575528,19343,36.00073923489189,"[""he's"", 'pointing', 'at', 'the', 'bears']","['pro:sub', 'part', 'prep', 'det:art', 'n']",CLI,ST
32695,1,14575532,19343,36.00073923489189,"['and', 'now', ""he's"", 'looking', 'at', 'the', 'mountain', 'goat']","['coord', 'adv', 'pro:sub', 'part', 'prep', 'det:art', 'n', 'n']",CLI,ST
32695,1,14575538,19343,36.00073923489189,"['way', 'up', 'in', 'the', 'mountain']","['adv', 'adv', 'prep', 'det:art', 'n']",CLI,RP
32695,1,14575542,19343,36.00073923489189,"['see', 'that', 'mountain', 'goat']","['v', 'comp', 'n', 'n']",CLI,RP
32695,1,14575546,19343,36.00073923489189,"['do', 'you', 'see', 'him']","['mod', 'pro:per', 'v', 'pro:obj']",CLI,RP
32695,1,14575551,19343,36.00073923489189,['yep'],['co'],CHI,AD
32695,1,14575553,19343,36.00073923489189,"['get', 'this']","['v', 'pro:dem']",CHI,RP
32695,1,14575555,19343,36.00073923489189,"['get', 'what']","['v', 'pro:int']",CLI,QN
32695,1,14575558,19343,36.00073923489189,"['get', 'the', 'red', 'game']","['v', 'det:art', 'n', 'n']",CHI,SA
32695,1,14575561,19343,36.00073923489189,"['what', 'red', 'game']","['pro:int', 'n', 'n']",CLI,RT
32695,1,14575563,19343,36.00073923489189,"[""it's""]",['pro:per'],CHI,YY
32695,1,14575566,19343,36.00073923489189,"['oh', 'that']","['co', 'pro:dem']",CLI,AC
32695,1,14575569,19343,36.00073923489189,"[""we're"", 'not', 'gonna', 'play', 'with', 'that', 'today']","['pro:sub', 'neg', 'part', 'v', 'prep', 'det:dem', 'adv:tem']",CLI,RP
32695,1,14575573,19343,36.00073923489189,['yes'],['co'],CHI,AD
32695,1,14575577,19343,36.00073923489189,"['you', 'play', 'with', 'that', 'again']","['pro:per', 'v', 'prep', 'pro:dem', 'adv']",CHI,RP
32695,1,14575580,19343,36.00073923489189,"['this', 'this', 'is', 'a', 'mountain']","['pro:dem', 'pro:dem', 'cop', 'det:art', 'n']",CHI,ST
32695,1,14575585,19343,36.00073923489189,"['a', 'mountain', ""that's"", 'right']","['det:art', 'n', 'pro:rel', 'co']",CLI,AP
32695,1,14575589,19343,36.00073923489189,"['and', ""what's"", 'that']","['coord', 'pro:int', 'pro:dem']",CLI,QN
32695,1,14575594,19343,36.00073923489189,"['the', 'cow']","['det:art', 'n']",CHI,SA
32695,1,14575598,19343,36.00073923489189,"[""that's"", 'a', 'fox']","['pro:dem', 'det:art', 'n']",CLI,CT
32695,1,14575602,19343,36.00073923489189,['xxx'],[''],CHI,YY
32695,1,14575605,19343,36.00073923489189,"['you', 'blew', 'them', 'all', 'down', ""didn't"", 'you']","['pro:per', 'v', 'pro:obj', 'post', 'adv', 'mod', 'pro:per']",CLI,ST
32695,1,14575610,19343,36.00073923489189,"['big', 'storm']","['adj', 'n']",CLI,ST
32695,1,14575613,19343,36.00073923489189,"['now', ""we'll"", 'hafta', 'pick', 'it', 'all', 'up']","['adv', 'pro:sub', 'mod', 'v', 'pro:per', 'adv', 'adv']",CLI,RP
32695,1,14575617,19343,36.00073923489189,"['leave', 'it', 'up']","['v', 'pro:per', 'adv']",CHI,RP
32695,1,14575620,19343,36.00073923489189,"['leave', 'it', 'up']","['v', 'pro:per', 'adv']",CHI,RP
32695,1,14575632,19343,36.00073923489189,"[""that's"", 'the', 'chimney']","['pro:dem', 'det:art', 'n']",CHI,YY
32695,1,14575644,19343,36.00073923489189,"[""that's"", 'the', 'chimney']","['pro:dem', 'det:art', 'n']",CHI,YY
32695,1,14575654,19343,36.00073923489189,"['say', 'remember', 'what', 'that', 'is']","['co', 'v', 'pro:int', 'adv', 'cop']",CLI,QN
32695,1,14575665,19343,36.00073923489189,"[""it's"", 'a', 'fire', 'station']","['pro:per', 'det:art', 'n', 'n']",CLI,SA
32695,1,14575675,19343,36.00073923489189,"['fire', 'station']","['n', 'n']",CHI,SA
32695,1,14575690,19343,36.00073923489189,"['and', 'men', 'like', 'this', 'guy', 'here', 'he', 'sit', 'up', 'and', 'watches', 'for', 'fires', 'in', 'the', 'forest']","['coord', 'n', 'co', 'det:dem', 'n', 'adv', 'pro:sub', 'v', 'adv', 'coord', 'n', 'prep', 'n', 'prep', 'det:art', 'n']",CLI,ST
32695,1,14575705,19343,36.00073923489189,['yep'],['co'],CHI,AA
32695,1,14575713,19343,36.00073923489189,"['that', 'one', 'guy']","['pro:dem', 'det:num', 'n']",CHI,ST
32695,1,14575722,19343,36.00073923489189,"['oops', 'where', 'did', 'he', 'go']","['co', 'pro:int', 'mod', 'pro:sub', 'v']",CLI,QN
32695,1,14575732,19343,36.00073923489189,"['right', 'there']","['adv', 'adv']",CHI,SA
32695,1,14575753,19343,36.00073923489189,"['yeah', 'he', 'fell', 'down']","['co', 'pro:sub', 'v', 'adv']",CLI,AP
32695,1,14575763,19343,36.00073923489189,"['you', 'put', 'him', 'up', 'there']","['pro:per', 'v', 'pro:obj', 'prep', 'n']",CHI,RP
32695,1,14575770,19343,36.00073923489189,"['come', 'some', 'fire', 'come', 'up']","['v', 'qn', 'n', 'v', 'adv']",CHI,RP
32695,1,14575777,19343,36.00073923489189,"['he', 'look', 'out', 'to', 'let', 'the', 'fire', 'come']","['pro:sub', 'v', 'adv', 'inf', 'v', 'det:art', 'n', 'v']",CHI,RP
32695,1,14575786,19343,36.00073923489189,['mhm'],['co'],CLI,AC
32695,1,14575796,19343,36.00073923489189,"['this', 'is', 'a', 'motor+home']","['pro:dem', 'cop', 'det:art', '']",CLI,ST
32695,1,14575806,19343,36.00073923489189,"['what', 'do', 'people', 'do', 'in', 'a', 'motor+home']","['pro:int', 'mod', 'n', 'v', 'prep', 'det:art', '']",CLI,QN
32695,1,14575815,19343,36.00073923489189,['xxx'],[''],CHI,SA
32695,1,14575826,19343,36.00073923489189,"['what', 'do', 'people', 'do', 'in', 'a', 'motor+home']","['pro:int', 'mod', 'n', 'v', 'prep', 'det:art', '']",CLI,AQ
32695,1,14575838,19343,36.00073923489189,['yeah'],['co'],CHI,AA
32696,1,14575298,19343,36.00073923489189,"['stay', 'with', 'Gert']","['v', 'prep', 'n:prop']",CLI,RP
32696,1,14575303,19343,36.00073923489189,"[""we're"", 'gonna', 'play']","['pro:sub', 'part', 'v']",CLI,RP
32696,1,14575311,19343,36.00073923489189,"['mommy', 'see', 'you', 'later']","['n', 'v', 'pro:per', 'adv']",CLI,RP
32696,1,14575316,19343,36.00073923489189,"['mommy', 'coming']","['n', 'part']",CHI,YQ
32696,1,14575322,19343,36.00073923489189,"['yeah', 'mommy', 'come', 'back', 'later']","['co', 'n', 'v', 'adv', 'adv']",CLI,RP
32696,1,14575327,19343,36.00073923489189,"['look', 'what', ""I've"", 'got', 'here']","['v', 'pro:int', 'pro:sub', 'part', 'adv']",CLI,RP
32696,1,14575333,19343,36.00073923489189,"['gimme', 'garage']","['v', 'n']",CHI,RP
32696,1,14575338,19343,36.00073923489189,"['do', 'you', 'want', 'the', 'garage', 'again']","['mod', 'pro:per', 'v', 'det:art', 'n', 'adv']",CLI,RQ
32696,1,14575341,19343,36.00073923489189,"['garage', 'again']","['n', 'adv']",CHI,RT
32696,1,14575346,19343,36.00073923489189,"['shall', 'we', 'throw', 'this']","['mod', 'pro:sub', 'v', 'det:dem']",CLI,RQ
32696,1,14575351,19343,36.00073923489189,['no'],['co'],CHI,RD
32696,1,14575356,19343,36.00073923489189,"['you', ""don't"", 'wanna', 'do', 'that']","['pro:per', 'mod', 'v', 'v', 'pro:dem']",CLI,YQ
32696,1,14575363,19343,36.00073923489189,"['you', 'want', 'the', 'garage']","['pro:per', 'v', 'det:art', 'n']",CLI,ST
32696,1,14575368,19343,36.00073923489189,['well'],['co'],CLI,MK
32696,1,14575373,19343,36.00073923489189,"[""what's"", 'in', 'the']","['pro:int', 'prep', 'det:art']",CLI,QN
32696,1,14575378,19343,36.00073923489189,"[""there's"", 'nobody', 'home', 'in', 'the', 'house']","['pro:exist', 'pro:indef', 'adv', 'prep', 'det:art', 'n']",CLI,SA
32696,1,14575382,19343,36.00073923489189,"['body', 'home']","['n', 'adv']",CHI,RT
32696,1,14575387,19343,36.00073923489189,"['nobody', 'home']","['pro:indef', 'adv']",CLI,RT
32696,1,14575393,19343,36.00073923489189,"['body', 'home']","['n', 'adv']",CHI,RT
32696,1,14575395,19343,36.00073923489189,"['anybody', 'home']","['pro:indef', 'n']",CLI,RT
32696,1,14575401,19343,36.00073923489189,['no'],['co'],CHI,RD
32696,1,14575408,19343,36.00073923489189,"['where', 'did', 'they', 'go']","['pro:int', 'mod', 'pro:sub', 'v']",CLI,QN
32696,1,14575413,19343,36.00073923489189,"['cars', 'go']","['n', 'v']",CHI,SA
32696,1,14575419,19343,36.00073923489189,"['I', 'think', 'the', 'animals', 'are', 'going', 'to', 'live', 'in', 'this', 'house']","['pro:sub', 'v', 'det:art', 'n', 'aux', 'part', 'inf', 'v', 'prep', 'det:dem', 'n']",CLI,CT
32696,1,14575422,19343,36.00073923489189,['animals'],['n'],CHI,RT
32696,1,14575428,19343,36.00073923489189,"[""here's"", 'a', 'little', 'boy', 'and', ""he's"", 'coming']","['pro:exist', 'det:art', 'adj', 'n', 'coord', 'pro:sub', 'part']",CLI,ST
32696,1,14575434,19343,36.00073923489189,"[""he's"", 'going', 'to', 'walk', 'around', 'the', 'house']","['pro:sub', 'part', 'inf', 'v', 'prep', 'det:art', 'n']",CLI,ST
32696,1,14575439,19343,36.00073923489189,"['he', 'wants', 'to', 'go', 'inside']","['pro:sub', 'v', 'inf', 'v', 'adv']",CLI,ST
32696,1,14575445,19343,36.00073923489189,"['go', 'inside']","['v', 'adv']",CHI,RP
32696,1,14575449,19343,36.00073923489189,"['he', 'does']","['pro:sub', 'v']",CLI,YQ
32696,1,14575453,19343,36.00073923489189,['does'],['mod'],CHI,AA
32696,1,14575457,19343,36.00073923489189,"['camel', 'house']","['n', 'n']",CHI,ST
32696,1,14575463,19343,36.00073923489189,"[""here's"", 'a', 'teddy', 'bear']","['pro:exist', 'det:art', 'n', 'n']",CLI,ST
32696,1,14575468,19343,36.00073923489189,"['he', 'lives', 'on', 'top', 'of', 'the', 'chimney']","['pro:sub', 'v', 'prep', 'n', 'prep', 'det:art', 'n']",CLI,ST
32696,1,14575473,19343,36.00073923489189,"['go', 'boom']","['v', 'co']",CHI,MK
32696,1,14575478,19343,36.00073923489189,"['he', ""doesn't"", 'wanna', 'fall', 'down']","['pro:sub', 'mod', 'v', 'v', 'adv']",CLI,ST
32696,1,14575483,19343,36.00073923489189,"['he', 'wants', 'to', 'stay', 'up', 'here']","['pro:sub', 'v', 'inf', 'v', 'prep', 'n']",CLI,ST
32696,1,14575487,19343,36.00073923489189,"[""he's"", 'standing', 'on', 'his', 'head']","['pro:sub', 'part', 'prep', 'det:poss', 'n']",CLI,ST
32696,1,14575492,19343,36.00073923489189,['no'],['co'],CHI,RD
32696,1,14575496,19343,36.00073923489189,"['he', 'looks', 'funny', 'that', 'way']","['pro:sub', 'v', 'adj', 'det:dem', 'n']",CLI,ST
32696,1,14575500,19343,36.00073923489189,"['sit', 'down']","['v', 'adv']",CHI,RP
32696,1,14575504,19343,36.00073923489189,"['maybe', 'the', 'scarecrow', 'would', 'like', 'to', 'be', 'up', 'here']","['adv', 'det:art', '', 'mod', 'v', 'inf', 'cop', 'prep', 'n']",CLI,ST
32696,1,14575508,19343,36.00073923489189,"['go', 'boom']","['v', 'co']",CHI,MK
32696,1,14575510,19343,36.00073923489189,['car'],['n'],CHI,YY
32696,1,14575515,19343,36.00073923489189,['cars'],['n'],CHI,YY
32696,1,14575519,19343,36.00073923489189,"['I', ""don't"", 'think', 'we', 'have', 'any', 'cars', 'today']","['pro:sub', 'mod', 'v', 'pro:sub', 'v', 'qn', 'n', 'adv:tem']",CLI,ST
32696,1,14575523,19343,36.00073923489189,['later'],['adv'],CHI,YY
32696,1,14575527,19343,36.00073923489189,"[""there's"", 'a', 'whole', 'bunch', 'of', 'blocks', 'but', 'no', 'cars']","['pro:exist', 'det:art', 'adj', 'n', 'prep', 'n', 'conj', 'qn', 'n']",CLI,ST
32696,1,14575531,19343,36.00073923489189,"['pretty', 'soon']","['adv', 'adv']",CHI,ST
32696,1,14575534,19343,36.00073923489189,"['I', ""don't"", 'know']","['pro:sub', 'mod', 'v']",CLI,ST
32696,1,14575537,19343,36.00073923489189,"['open', 'door']","['adj', 'n']",CHI,SI
32696,1,14575541,19343,36.00073923489189,"['open', 'garage']","['adj', 'n']",CHI,SI
32696,1,14575544,19343,36.00073923489189,"['open', 'garage']","['adj', 'n']",CHI,SI
32696,1,14575548,19343,36.00073923489189,"['boy', 'cry']","['co', 'v']",CHI,ET
32696,1,14575550,19343,36.00073923489189,"['this', 'pig', 'wants', 'to', 'go', 'in', 'the', 'house']","['det:dem', 'n', 'v', 'inf', 'v', 'prep', 'det:art', 'n']",CLI,ST
32696,1,14575554,19343,36.00073923489189,['window'],['n'],CHI,YY
32696,1,14575557,19343,36.00073923489189,"['this', 'man', 'wants', 'to', 'go', 'in', 'the', 'house']","['det:dem', 'n', 'v', 'inf', 'v', 'prep', 'det:art', 'n']",CLI,RP
32696,1,14575559,19343,36.00073923489189,['no'],['co'],CHI,RD
32696,1,14575562,19343,36.00073923489189,"['go', 'in', 'house']","['v', 'prep', 'n']",CHI,RP
32696,1,14575564,19343,36.00073923489189,"['all', 'these', 'people', 'wanna', 'come', 'inside']","['qn', 'det:dem', 'n', 'v', 'v', 'adv']",CLI,RQ
32696,1,14575567,19343,36.00073923489189,"['come', 'inside']","['v', 'adv']",CHI,AD
32696,1,14575570,19343,36.00073923489189,"['all', 'these', 'animals', 'wanna', 'come', 'in', 'too']","['qn', 'det:dem', 'n', 'v', 'v', 'adv', 'post']",CLI,ST
32696,1,14575572,19343,36.00073923489189,"[""they're"", 'cold']","['pro:sub', 'adv']",CLI,ST
32696,1,14575574,19343,36.00073923489189,"['cold', 'out']","['n', 'adv']",CHI,RT
32696,1,14575576,19343,36.00073923489189,"['I', ""don't"", 'think', ""it's"", 'cold']","['pro:sub', 'mod', 'v', 'pro:per', 'n']",CLI,CT
32696,1,14575579,19343,36.00073923489189,"[""it's"", 'warm', 'today']","['pro:per', 'adj', 'adv:tem']",CLI,ST
32696,1,14575582,19343,36.00073923489189,"['look', 'at', 'the', 'monkey']","['v', 'prep', 'det:art', 'n']",CLI,RP
32696,1,14575584,19343,36.00073923489189,"['tiny', 'little', 'monkey']","['adj', 'adj', 'n']",CLI,ST
32696,1,14575588,19343,36.00073923489189,"['Doug', 'do', 'you', 'see', 'my', 'monkey']","['n:prop', 'v', 'pro:per', 'v', 'det:poss', 'n']",CLI,RP
32696,1,14575592,19343,36.00073923489189,"['see', 'monkey']","['v', 'n']",CHI,RP
32696,1,14575596,19343,36.00073923489189,"['I', 'like', 'this', 'monkey']","['pro:sub', 'v', 'det:dem', 'n']",CLI,ST
32696,1,14575599,19343,36.00073923489189,"['monkey', 'nice']","['n', 'adj']",CHI,ST
32696,1,14575603,19343,36.00073923489189,"['open', 'car']","['adj', 'n']",CHI,ST
32696,1,14575607,19343,36.00073923489189,"['here', 'comes', 'a', 'big', 'bear', 'and', ""he's"", 'growling']","['adv', 'v', 'det:art', 'adj', 'n', 'coord', 'pro:sub', 'part']",CLI,ST
32696,1,14575611,19343,36.00073923489189,"['garage', 'door', 'shut']","['n', 'n', 'part']",CHI,ST
32696,1,14575615,19343,36.00073923489189,"['here', 'comes', 'a', 'big', 'bad', 'dog', 'woof', 'woof']","['adv', 'v', 'det:art', 'adj', 'adj', 'n', '', '']",CLI,ST
32696,1,14575619,19343,36.00073923489189,"['mommy', 'coming']","['n', 'part']",CHI,ST
32696,1,14575621,19343,36.00073923489189,"['mommy', 'coming']","['n', 'part']",CHI,ST
32696,1,14575631,19343,36.00073923489189,['no'],['co'],CLI,DW
32696,1,14575643,19343,36.00073923489189,"['pretty', 'soon']","['adv', 'adv']",CHI,ST
32696,1,14575655,19343,36.00073923489189,"['I', ""don't"", 'think', 'so']","['pro:sub', 'mod', 'v', 'co']",CLI,DW
32696,1,14575667,19343,36.00073923489189,"[""I'm"", 'going', 'to', 'look', 'out', 'the', 'window', 'and', 'see']","['pro:sub', 'part', 'inf', 'v', 'prep', 'det:art', 'n', 'coord', 'v']",CLI,ST
32696,1,14575678,19343,36.00073923489189,"['I', 'think', ""I'd"", 'like', 'to', 'go', 'outside', 'and', 'play']","['pro:sub', 'v', 'pro:sub', 'v', 'inf', 'v', 'adv', 'coord', 'n']",CLI,ST
32696,1,14575687,19343,36.00073923489189,"['ball', 'go']","['n', 'v']",CHI,RT
32696,1,14575698,19343,36.00073923489189,"['do', 'you', 'wanna', 'take', 'the', 'ball', 'outside']","['mod', 'pro:per', 'v', 'v', 'det:art', 'n', 'adv']",CLI,RQ
32696,1,14575709,19343,36.00073923489189,"['ball', 'outside']","['n', 'adv']",CHI,RD
32696,1,14575718,19343,36.00073923489189,"['house', 'garage', 'out']","['n', 'n', 'adv']",CHI,RP
32696,1,14575728,19343,36.00073923489189,"['house', 'out']","['v', 'adv']",CHI,RP
32696,1,14575739,19343,36.00073923489189,"['no', 'the', 'house', ""can't"", 'go', 'outside']","['qn', 'det:art', 'n', 'mod', 'v', 'adv']",CLI,RD
32696,1,14575748,19343,36.00073923489189,"['the', 'house', 'hasta', 'stay', 'in', 'here']","['det:art', 'n', 'mod', 'v', 'prep', 'n']",CLI,RP
32696,1,14575762,19343,36.00073923489189,"['we', 'could', 'put', 'it', 'back', 'on', 'the', 'table']","['pro:sub', 'mod', 'v', 'pro:per', 'adv', 'prep', 'det:art', 'n']",CLI,RP
32696,1,14575769,19343,36.00073923489189,"['would', 'you', 'put', 'it', 'back', 'on', 'the', 'table', 'please']","['mod', 'pro:per', 'v', 'pro:per', 'adv', 'prep', 'det:art', 'n', 'co']",CLI,RP
32696,1,14575779,19343,36.00073923489189,"['back', 'on', 'table']","['adv', 'prep', 'n']",CHI,SI
32696,1,14575789,19343,36.00073923489189,"[""Gert's"", 'opening', 'the', 'window']","['n:prop', 'part', 'det:art', 'n']",CLI,DP
32696,1,14575800,19343,36.00073923489189,"['lock', 'at', 'this']","['n', 'prep', 'pro:dem']",CLI,YD
32696,1,14575812,19343,36.00073923489189,"['window', 'open']","['n', 'adj']",CHI,RP
32696,1,14575822,19343,36.00073923489189,"['it', 'sure', 'is']","['pro:per', 'adj', 'cop']",CLI,AD
32696,1,14575830,19343,36.00073923489189,['cold'],['n'],CHI,YY
32696,1,14575843,19343,36.00073923489189,"['I', ""don't"", 'think', ""it's"", 'cold', 'outside']","['pro:sub', 'mod', 'v', 'pro:per', 'adv', 'adv']",CLI,ST
32696,1,14575855,19343,36.00073923489189,"[""let's"", 'see', 'if', 'AJ', 'is', 'going', 'outside', 'with', 'us']","['v', 'v', 'conj', 'n:prop', 'aux', 'part', 'adv', 'prep', 'pro:obj']",CLI,RP
32696,1,14575867,19343,36.00073923489189,"['Doug', 'go']","['n:prop', 'v']",CHI,RP
32696,1,14575884,19343,36.00073923489189,"['touch', 'it', 'bike']","['v', 'pro:per', 'v']",CHI,RP
32696,1,14575893,19343,36.00073923489189,"[""let's"", 'turn', 'the', 'recorder', 'off']","['v', 'v', 'det:art', 'n', 'prep']",CLI,RP
32697,1,14575583,19343,37.00075976919444,"[""there's"", 'a', 'truck', 'in', 'here', 'too']","['pro:exist', 'det:art', 'n', 'prep', 'n', 'adv']",CLI,ST
32697,1,14575587,19343,37.00075976919444,"['more', 'puppy']","['qn', 'n']",CHI,ST
32697,1,14575591,19343,37.00075976919444,"['I', 'have', 'a', 'black', 'truck']","['pro:sub', 'v', 'det:art', 'adj', 'n']",CLI,ST
32697,1,14575593,19343,37.00075976919444,['no'],['co'],CHI,RD
32697,1,14575597,19343,37.00075976919444,"['and', 'I', 'have', 'a', 'red', 'car']","['coord', 'pro:sub', 'v', 'det:art', 'adj', 'n']",CLI,ST
32697,1,14575601,19343,37.00075976919444,"[""I'm"", 'gonna', 'put', 'the', 'car', 'in', 'the', 'truck']","['pro:sub', 'part', 'v', 'det:art', 'n', 'prep', 'det:art', 'n']",CLI,SI
32697,1,14575606,19343,37.00075976919444,"[""I'm"", 'gonna', 'drive', 'away']","['pro:sub', 'part', 'v', 'adv']",CLI,SI
32697,1,14575608,19343,37.00075976919444,['touch'],['n'],CHI,RP
32697,1,14575612,19343,37.00075976919444,"['touch', 'it']","['v', 'pro:per']",CHI,RP
32697,1,14575616,19343,37.00075976919444,"['touch', 'it', 'truck']","['v', 'pro:per', 'v']",CHI,RP
32697,1,14575640,19343,37.00075976919444,"['what', 'color', 'is', 'the', 'truck']","['pro:int', 'n', 'cop', 'det:art', 'n']",CLI,QN
32697,1,14575651,19343,37.00075976919444,['black'],['n'],CHI,YY
32697,1,14575660,19343,37.00075976919444,['car'],['n'],CHI,YY
32697,1,14575672,19343,37.00075976919444,"['shall', 'we', 'try', 'it', 'again']","['mod', 'pro:sub', 'v', 'pro:per', 'adv']",CLI,RQ
32697,1,14575682,19343,37.00075976919444,"['touch', 'it']","['v', 'pro:per']",CHI,AD
32697,1,14575697,19343,37.00075976919444,['motorcycle'],['n'],CHI,YY
32697,1,14575708,19343,37.00075976919444,"['what', 'happened']","['pro:int', 'v']",CLI,QN
32697,1,14575717,19343,37.00075976919444,"['go', 'boom']","['v', 'co']",CHI,MK
32697,1,14575727,19343,37.00075976919444,"['motorcycle', 'go', 'broke']","['n', 'v', 'adj']",CHI,ST
32697,1,14575738,19343,37.00075976919444,"['it', 'fell', 'over']","['pro:per', 'v', 'adv']",CLI,ST
32697,1,14575768,19343,37.00075976919444,['car'],['n'],CHI,YY
32697,1,14575776,19343,37.00075976919444,"['it', ""can't"", 'work']","['pro:per', 'mod', 'v']",CLI,ST
32697,1,14575785,19343,37.00075976919444,['broken'],['part'],CHI,YY
32697,1,14575795,19343,37.00075976919444,"['I', 'think', ""it's"", 'broken']","['pro:sub', 'v', 'pro:per', 'part']",CLI,ST
32697,1,14575802,19343,37.00075976919444,"['daddy', 'fix', 'it']","['n', 'v', 'pro:per']",CHI,SI
32697,1,14575810,19343,37.00075976919444,"['daddy', 'fix', 'it']","['n', 'v', 'pro:per']",CHI,SI
32697,1,14575818,19343,37.00075976919444,"['daddy', 'fix', 'it']","['n', 'v', 'pro:per']",CHI,SI
32697,1,14575825,19343,37.00075976919444,"['can', 'daddy', 'fix', 'toys', 'Doug']","['mod', 'n', 'v', 'n', 'n:prop']",CLI,SI
32697,1,14575835,19343,37.00075976919444,['daddy'],['n'],CHI,YY
32697,1,14575846,19343,37.00075976919444,['bicycle'],['n'],CHI,YY
32697,1,14575860,19343,37.00075976919444,"['daddy', 'fix', 'it', 'bicycle']","['n', 'v', 'pro:per', 'n']",CHI,SI
32697,1,14575871,19343,37.00075976919444,"['man', 'get', 'off']","['n', 'v', 'adv']",CHI,SI
32697,1,14575881,19343,37.00075976919444,"['man', 'ride', 'bicycle']","['n', 'n', 'n']",CHI,ST
32697,1,14575887,19343,37.00075976919444,['cars'],['n'],CHI,YY
32697,1,14575896,19343,37.00075976919444,"[""I'm"", 'going', 'to', 'take', 'him', 'off', 'the', 'bicycle']","['pro:sub', 'part', 'inf', 'v', 'pro:obj', 'prep', 'det:art', 'n']",CLI,SI
32697,1,14575913,19343,37.00075976919444,"['take', 'him', 'off']","['v', 'pro:obj', 'adv']",CLI,SI
32697,1,14575919,19343,37.00075976919444,"[""door's"", 'open']","['adj', 'adj']",CHI,SI
32697,1,14575929,19343,37.00075976919444,['close'],['adj'],CHI,SI
32697,1,14575944,19343,37.00075976919444,"['daddy', 'fix', 'it']","['n', 'v', 'pro:per']",CHI,SI
32697,1,14575954,19343,37.00075976919444,"['daddy', 'fix', 'it']","['n', 'v', 'pro:per']",CHI,SI
32697,1,14575962,19343,37.00075976919444,"['can', 'daddy', 'fix', 'it']","['mod', 'n', 'v', 'pro:per']",CLI,SI
32697,1,14575974,19343,37.00075976919444,['close'],['adj'],CHI,SI
32697,1,14575994,19343,37.00075976919444,"['Gert', 'can', 'fix', 'it']","['n:prop', 'mod', 'v', 'pro:per']",CLI,SI
32697,1,14576005,19343,37.00075976919444,"['Gert', 'fix', 'it']","['n:prop', 'v', 'pro:per']",CHI,SI
32697,1,14576013,19343,37.00075976919444,"['Gert', 'can', 'put', 'the', 'man', 'back', 'on', 'the', 'bicycle']","['n:prop', 'n', 'v', 'det:art', 'n', 'adv', 'prep', 'det:art', 'n']",CLI,SI
32697,1,14576025,19343,37.00075976919444,"['Gert', 'fix', 'it']","['n:prop', 'v', 'pro:per']",CHI,SI
32697,1,14576039,19343,37.00075976919444,"['does', 'Doug', 'have', 'a', 'bicycle']","['mod', 'n:prop', 'v', 'det:art', 'n']",CLI,DP
32697,1,14576050,19343,37.00075976919444,"['bicycle', 'closed']","['v', 'part']",CHI,YD
32697,1,14576060,19343,37.00075976919444,"['bicycle', 'at', 'home']","['v', 'prep', 'n']",CLI,RT
32697,1,14576089,19343,37.00075976919444,['home'],['adv'],CHI,RT
32697,1,14576099,19343,37.00075976919444,"['a', 'big', 'bicycle']","['det:art', 'adj', 'n']",CLI,CT
32697,1,14576108,19343,37.00075976919444,"['big', 'bicycle', 'home']","['adj', 'v', 'adv']",CHI,RT
32697,1,14576118,19343,37.00075976919444,"['what', 'color', 'is', 'your', 'bicycle']","['pro:int', 'n', 'cop', 'det:poss', 'n']",CLI,QN
32697,1,14576130,19343,37.00075976919444,['yellow'],['n'],CHI,SA
32697,1,14576140,19343,37.00075976919444,"['a', 'yellow', 'bicycle']","['det:art', 'n', 'n']",CLI,CT
32697,1,14576148,19343,37.00075976919444,"['bicycle', 'home']","['v', 'adv']",CHI,RT
32697,1,14576158,19343,37.00075976919444,"['does', 'Doug', 'ride', 'it']","['mod', 'n:prop', 'n', 'pro:per']",CLI,SA
32697,1,14576166,19343,37.00075976919444,"['Doug', 'ride', 'it']","['n:prop', 'n', 'pro:per']",CHI,SA
32697,1,14576176,19343,37.00075976919444,"['Doug', 'rides', 'the', 'bike']","['n:prop', 'v', 'det:art', 'n']",CLI,YQ
32697,1,14576186,19343,37.00075976919444,['yeah'],['co'],CHI,AA
32697,1,14576194,19343,37.00075976919444,['broke'],['adj'],CHI,YY
32697,1,14576203,19343,37.00075976919444,['crash'],['n'],CLI,YY
32697,1,14576209,19343,37.00075976919444,"[""I'm"", 'going', 'to', 'drive', 'the', 'yellow', 'car']","['pro:sub', 'part', 'inf', 'v', 'det:art', 'n', 'n']",CLI,ST
32697,1,14576219,19343,37.00075976919444,"['touch', 'it']","['v', 'pro:per']",CHI,RP
32697,1,14576291,19343,37.00075976919444,"['touch', 'it']","['v', 'pro:per']",CHI,RP
32697,1,14576301,19343,37.00075976919444,"[""it's"", 'smooth']","['pro:per', 'adj']",CLI,ST
32697,1,14576311,19343,37.00075976919444,['open'],['adj'],CHI,YY
32697,1,14576320,19343,37.00075976919444,"[""it's"", 'smooth']","['pro:per', 'adj']",CLI,DS
32697,1,14576329,19343,37.00075976919444,['smooth'],['adj'],CHI,DS
32697,1,14576341,19343,37.00075976919444,['smooth'],['adj'],CLI,DS
32697,1,14576351,19343,37.00075976919444,"['the', 'floor', 'is', 'rough']","['det:art', 'n', 'cop', 'adj']",CLI,DS
32697,1,14576366,19343,37.00075976919444,"[""floor's"", 'rough']","['adj', 'adj']",CHI,DS
32697,1,14576373,19343,37.00075976919444,"['rough', 'not', 'smooth']","['adj', 'neg', 'adj']",CLI,DS
32697,1,14576380,19343,37.00075976919444,['smooth'],['adj'],CHI,YY
32697,1,14576390,19343,37.00075976919444,"['this', 'is', 'my', 'truck']","['pro:dem', 'cop', 'det:poss', 'n']",CLI,ST
32697,1,14576401,19343,37.00075976919444,['broke'],['adj'],CHI,YY
32697,1,14576413,19343,37.00075976919444,"['put', 'the', 'then', 'in', 'the', 'truck']","['v', 'det:art', 'adv:tem', 'prep', 'det:art', 'n']",CLI,RP
32697,1,14576425,19343,37.00075976919444,"['then', 'in', 'mine', 'truck']","['adv:tem', 'prep', 'n', 'n']",CHI,RT
32697,1,14576433,19343,37.00075976919444,"['put', 'the', 'cycle', 'in', 'the', 'truck']","['v', 'det:art', 'n', 'prep', 'det:art', 'n']",CLI,RP
32697,1,14576446,19343,37.00075976919444,['no'],['co'],CHI,RD
32697,1,14576508,19343,37.00075976919444,"['put', 'the', 'car', 'in', 'the', 'truck']","['v', 'det:art', 'n', 'prep', 'det:art', 'n']",CLI,RP
32697,1,14576632,19343,37.00075976919444,['no'],['co'],CHI,RD
32697,1,14576640,19343,37.00075976919444,"['oh', 'I', 'wanna', 'carry', 'something', 'in', 'my', 'truck']","['co', 'pro:sub', 'v', 'v', 'pro:indef', 'prep', 'det:poss', 'n']",CLI,ST
32697,1,14576650,19343,37.00075976919444,['please'],['co'],CLI,MK
32697,1,14576661,19343,37.00075976919444,['there'],['adv'],CLI,MK
32697,1,14576671,19343,37.00075976919444,['squeak'],['n'],CLI,RP
32697,1,14576681,19343,37.00075976919444,['listen'],['v'],CLI,RP
32697,1,14576688,19343,37.00075976919444,"['I', 'hear', 'it', 'squeaking']","['pro:sub', 'v', 'pro:per', 'part']",CLI,ST
32697,1,14576699,19343,37.00075976919444,"['I', 'hear', 'it', 'squeaking']","['pro:sub', 'v', 'pro:per', 'part']",CLI,ST
32697,1,14576710,19343,37.00075976919444,"['I', 'have', 'two', 'men']","['pro:sub', 'v', 'det:num', 'n']",CLI,ST
32697,1,14576721,19343,37.00075976919444,['car'],['n'],CHI,YY
32697,1,14576732,19343,37.00075976919444,"['this', ""man's"", 'a', 'monster']","['pro:dem', 'n', 'det:art', 'n']",CLI,ST
32697,1,14576743,19343,37.00075976919444,"['look', 'it', 'has', 'a', 'funny', 'head']","['v', 'pro:per', 'aux', 'det:art', 'adj', 'n']",CLI,ST
32697,1,14576752,19343,37.00075976919444,"['this', 'man', 'can', 'stand', 'up']","['det:dem', 'n', 'n', 'v', 'adv']",CLI,RP
32697,1,14576763,19343,37.00075976919444,['broke'],['adj'],CHI,YY
32697,1,14576769,19343,37.00075976919444,['man'],['n'],CHI,YY
32697,1,14576785,19343,37.00075976919444,"['he', 'can', 'stand', 'up']","['pro:sub', 'mod', 'v', 'adv']",CLI,RP
32697,1,14576809,19343,37.00075976919444,"['he', 'can', 'walk']","['pro:sub', 'mod', 'v']",CLI,ST
32697,1,14576819,19343,37.00075976919444,"['here', 'he', 'comes']","['adv', 'pro:sub', 'v']",CLI,SS
32697,1,14576831,19343,37.00075976919444,"['here', 'he', 'comes']","['adv', 'pro:sub', 'v']",CLI,SS
32697,1,14576843,19343,37.00075976919444,['no'],['co'],CHI,RD
32697,1,14576854,19343,37.00075976919444,"['man', 'push', 'car']","['n', 'n', 'n']",CHI,RP
32697,1,14576863,19343,37.00075976919444,"['car', 'funny']","['n', 'adj']",CHI,YY
32697,1,14576874,19343,37.00075976919444,['car'],['n'],CHI,YY
32697,1,14576886,19343,37.00075976919444,['car'],['n'],CHI,YY
32697,1,14576896,19343,37.00075976919444,"[""that's"", 'a', 'car']","['pro:dem', 'det:art', 'n']",CLI,ST
32697,1,14576909,19343,37.00075976919444,"[""door's"", 'open']","['adj', 'adj']",CHI,ST
32698,1,14576795,19343,41.000841906404645,"['you', 'remember', 'that', ""don't"", 'you']","['pro:per', 'v', 'adv', 'mod', 'pro:per']",MOT,ST
32698,1,14576803,19343,41.000841906404645,"['in', 'here']","['prep', 'n']",CHI,RP
32698,1,14576812,19343,41.000841906404645,"['see', 'this', 'is', 'all', 'there', 'is']","['v', 'pro:dem', 'cop', 'adv', 'adv', 'cop']",MOT,ST
32698,1,14576826,19343,41.000841906404645,"['just', 'files']","['adv', 'v']",MOT,ST
32698,1,14576842,19343,41.000841906404645,"['what', 'is', 'this']","['pro:int', 'cop', 'pro:dem']",MOT,QN
32698,1,14576855,19343,41.000841906404645,"['did', 'you', 'play', 'with', 'this', 'last', 'year']","['mod', 'pro:per', 'v', 'prep', 'det:dem', 'adj', 'n']",MOT,SA
32698,1,14576868,19343,41.000841906404645,"['what', 'is', 'it']","['pro:int', 'cop', 'pro:per']",MOT,QN
32698,1,14576880,19343,41.000841906404645,['garage'],['n'],CHI,SA
32698,1,14576891,19343,41.000841906404645,"[""what's"", 'that']","['pro:int', 'pro:dem']",MOT,QN
32698,1,14576899,19343,41.000841906404645,"['is', 'that', 'an', 'elevator']","['cop', 'comp', 'det:art', 'n']",MOT,YA
32698,1,14576908,19343,41.000841906404645,['broke'],['adj'],CHI,SA
32698,1,14576931,19343,41.000841906404645,"['no', 'here', 'it', 'is']","['co', 'adv', 'pro:per', 'cop']",MOT,DW
32698,1,14576943,19343,41.000841906404645,"['what', 'goes', 'here']","['pro:int', 'v', 'adv']",MOT,QN
32698,1,14576951,19343,41.000841906404645,['stop'],['n'],CHI,SA
32698,1,14576959,19343,41.000841906404645,"['yes', 'stop']","['co', 'n']",MOT,AP
32698,1,14576970,19343,41.000841906404645,"['and', 'go']","['coord', 'v']",CHI,YY
32698,1,14576978,19343,41.000841906404645,"['stop', 'and', 'go']","['n', 'coord', 'v']",MOT,PF
32698,1,14576986,19343,41.000841906404645,"['stop', 'and', 'go']","['n', 'coord', 'v']",CHI,PF
32698,1,14576993,19343,41.000841906404645,"[""that's"", 'a', 'gas', 'pump']","['pro:dem', 'det:art', 'n', 'n']",MOT,ST
32698,1,14577002,19343,41.000841906404645,"['xxx', 'garage']","['', 'n']",CHI,YY
32698,1,14577011,19343,41.000841906404645,"['filled', 'up']","['part', 'adv']",CHI,ST
32698,1,14577019,19343,41.000841906404645,"['yes', 'fill', 'it', 'up', 'with', 'gas', 'just', 'like', 'mommy', 'does']","['co', 'v', 'pro:per', 'adv', 'prep', 'n', 'adv', 'co', 'n', 'mod']",MOT,AP
32698,1,14577030,19343,41.000841906404645,"['all', 'done']","['post', 'part']",CHI,DC
32698,1,14577040,19343,41.000841906404645,"['all', 'done']","['post', 'part']",MOT,DC
32698,1,14577049,19343,41.000841906404645,"['go', 'in']","['v', 'adv']",CHI,RP
32698,1,14577057,19343,41.000841906404645,"[""AJ's"", 'car']","['adj', 'n']",CHI,ST
32698,1,14577066,19343,41.000841906404645,"['is', 'that', ""AJ's"", 'car']","['cop', 'det:dem', 'adj', 'n']",MOT,AP
32698,1,14577076,19343,41.000841906404645,"['think', 'so']","['v', 'co']",MOT,MK
32698,1,14577085,19343,41.000841906404645,"['light', 'break']","['adj', 'n']",CHI,ST
32698,1,14577094,19343,41.000841906404645,"['yeah', 'the', 'lights', 'are', 'broken', ""aren't"", 'they']","['co', 'det:art', 'n', 'aux', 'part', 'aux', 'pro:sub']",MOT,AP
32698,1,14577105,19343,41.000841906404645,"['buy', 'some']","['v', 'qn']",CHI,ST
32698,1,14577114,19343,41.000841906404645,"['yeah', 'buy', 'some', 'more']","['co', 'n', 'qn', 'pro:indef']",MOT,AP
32698,1,14577121,19343,41.000841906404645,"['cars', 'go', 'up']","['n', 'v', 'adv']",CHI,RP
32698,1,14577129,19343,41.000841906404645,"['there', 'it', 'goes']","['adv', 'pro:per', 'v']",MOT,MK
32698,1,14577136,19343,41.000841906404645,"[""where's"", 'it', 'come', 'out']","['pro:int', 'pro:per', 'v', 'adv']",MOT,QN
32698,1,14577144,19343,41.000841906404645,"['car', 'go', 'in']","['n', 'v', 'adv']",CHI,SA
32698,1,14577154,19343,41.000841906404645,"[""where's"", 'the', 'elevator']","['pro:int', 'det:art', 'n']",MOT,QN
32698,1,14577161,19343,41.000841906404645,"['is', 'it', 'going', 'up', 'and', 'down']","['aux', 'pro:per', 'part', 'adv', 'coord', 'adv']",MOT,ST
32698,1,14577168,19343,41.000841906404645,"[""what's"", 'the', 'sound']","['pro:int', 'det:art', 'n']",MOT,QN
32698,1,14577177,19343,41.000841906404645,"['sound', 'effects']","['', '']",CHI,RT
32698,1,14577185,19343,41.000841906404645,['stop'],['n'],CHI,PF
32698,1,14577188,19343,41.000841906404645,"['makes', 'it', 'go']","['v', 'pro:per', 'v']",CHI,ST
32698,1,14577221,19343,41.000841906404645,"['there', 'it', 'is']","['adv', 'pro:per', 'cop']",MOT,AP
32698,1,14577231,19343,41.000841906404645,"[""there's"", 'the', 'elevator']","['pro:exist', 'det:art', 'n']",MOT,ST
32698,1,14577236,19343,41.000841906404645,"['go', 'get']","['v', 'v']",CHI,RP
32698,1,14577241,19343,41.000841906404645,['xxx'],[''],CHI,YY
32698,1,14577249,19343,41.000841906404645,"[""don't"", 'fit']","['mod', 'v']",CHI,YY
32698,1,14577256,19343,41.000841906404645,"[""won't"", 'it', 'fit']","['mod', 'pro:per', 'v']",MOT,RT
32698,1,14577261,19343,41.000841906404645,"['now', 'try', 'it']","['adv', 'v', 'pro:per']",MOT,RP
32698,1,14577268,19343,41.000841906404645,"['see', 'you', 'like', 'this']","['v', 'pro:per', 'v', 'pro:dem']",MOT,ST
32698,1,14577273,19343,41.000841906404645,"['like', 'garage']","['co', 'n']",CHI,RT
32698,1,14577279,19343,41.000841906404645,"[""where's"", 'it', 'come', 'from']","['pro:int', 'pro:per', 'v', 'prep']",MOT,QN
32698,1,14577284,19343,41.000841906404645,"['make', 'it', 'down']","['v', 'pro:per', 'adv']",CHI,SA
32698,1,14577290,19343,41.000841906404645,['elevator'],['n'],MOT,CT
32698,1,14577295,19343,41.000841906404645,['elevator'],['n'],CHI,RT
32698,1,14577300,19343,41.000841906404645,['green'],['n'],CHI,YY
32698,1,14577305,19343,41.000841906404645,"['green', 'elevator']","['n', 'n']",CHI,ST
32698,1,14577310,19343,41.000841906404645,"['uhhuh', 'green', 'elevator']","['co', 'adj', 'n']",MOT,AP
32699,1,14575987,19343,41.000841906404645,"['what', 'is', 'that', 'Doug']","['pro:int', 'cop', 'comp', 'n:prop']",CLI,QN
32699,1,14576000,19343,41.000841906404645,['swing'],['n'],CHI,YY
32699,1,14576009,19343,41.000841906404645,['swing'],['n'],CHI,YY
32699,1,14576018,19343,41.000841906404645,['swing'],['n'],CHI,YY
32699,1,14576030,19343,41.000841906404645,"['put', 'man', 'in', 'train']","['v', 'n', 'prep', 'n']",CLI,RP
32699,1,14576041,19343,41.000841906404645,"['swing', 'set']","['n', 'v']",CHI,RP
32699,1,14576053,19343,41.000841906404645,"[""what's"", 'this', 'Doug']","['pro:int', 'pro:dem', 'n:prop']",CHI,QN
32699,1,14576062,19343,41.000841906404645,"['that', 'a', 'swing', 'set']","['pro:dem', 'det:art', 'n', 'v']",CHI,SA
32699,1,14576070,19343,41.000841906404645,"['man', 'goes', 'swing']","['n', 'v', 'n']",CHI,ST
32699,1,14576075,19343,41.000841906404645,"['right', 'man', 'goes', 'swing']","['adv', 'n', 'v', 'n']",CLI,AP
32699,1,14576086,19343,41.000841906404645,"['push', 'swing']","['n', 'n']",CLI,RP
32699,1,14576093,19343,41.000841906404645,['bell'],['n'],CHI,YY
32699,1,14576102,19343,41.000841906404645,['door'],['n'],CHI,YY
32699,1,14576115,19343,41.000841906404645,"['train', 'in', 'there']","['n', 'prep', 'n']",CHI,ST
32699,1,14576125,19343,41.000841906404645,"['do', 'we', 'need', 'more', 'men']","['mod', 'pro:sub', 'v', 'qn', 'n']",CLI,ST
32699,1,14576137,19343,41.000841906404645,"['cho', 'cho', 'cho']","['', '', '']",CHI,YY
32699,1,14576150,19343,41.000841906404645,"['need', 'more', 'man']","['v', 'qn', 'n']",CHI,RP
32699,1,14576165,19343,41.000841906404645,"['need', 'two', 'men', 'to', 'swing']","['v', 'det:num', 'n', 'prep', 'n']",CLI,ST
32699,1,14576175,19343,41.000841906404645,"['should', 'we', 'open']","['mod', 'pro:sub', 'v']",CLI,RQ
32699,1,14576184,19343,41.000841906404645,['school'],['n'],CHI,YY
32699,1,14576190,19343,41.000841906404645,['train'],['n'],CHI,YY
32699,1,14576202,19343,41.000841906404645,"[""that's"", 'a', 'choo_choo', 'train']","['pro:dem', 'det:art', '', 'n']",CLI,ST
32699,1,14576210,19343,41.000841906404645,"['choo_choo', 'train']","['', 'n']",CHI,ST
32699,1,14576220,19343,41.000841906404645,"['man', 'go', 'for', 'ride']","['n', 'v', 'prep', 'n']",CLI,RP
32699,1,14576292,19343,41.000841906404645,['no'],['co'],CHI,RD
32699,1,14576303,19343,41.000841906404645,"['put', 'it', 'in', 'there']","['v', 'pro:per', 'prep', 'n']",CHI,RP
32699,1,14576313,19343,41.000841906404645,['shut'],['v'],CHI,YY
32699,1,14576323,19343,41.000841906404645,['house'],['n'],CHI,YY
32699,1,14576332,19343,41.000841906404645,['clock'],['n'],CHI,YY
32699,1,14576342,19343,41.000841906404645,"[""what's"", 'that']","['pro:int', 'pro:dem']",CLI,QN
32699,1,14576353,19343,41.000841906404645,"['oh', ""it's"", 'a', 'clock']","['co', 'pro:per', 'det:art', 'n']",CLI,SA
32699,1,14576360,19343,41.000841906404645,"['turn', 'the', 'clock', 'around', 'and', 'round']","['v', 'det:art', 'n', 'adv', 'coord', 'adv']",CLI,RP
32699,1,14576371,19343,41.000841906404645,"['round', 'and', 'round', 'and', 'round']","['adv', 'coord', 'adv', 'coord', 'adv']",CHI,SI
32699,1,14576383,19343,41.000841906404645,"['push', 'swing']","['n', 'n']",CLI,RP
32699,1,14576393,19343,41.000841906404645,"['yes', 'Doug', 'push', 'swing']","['co', 'n:prop', 'n', 'n']",CLI,RP
32699,1,14576405,19343,41.000841906404645,"['man', 'get', 'out']","['n', 'v', 'adv']",CHI,RP
32699,1,14576417,19343,41.000841906404645,"['man', 'get', 'in', 'there']","['n', 'v', 'prep', 'n']",CHI,RP
32699,1,14576428,19343,41.000841906404645,"['man', 'fell', 'down']","['n', 'v', 'adv']",CHI,ST
32699,1,14576439,19343,41.000841906404645,['train'],['n'],CHI,ST
32699,1,14576447,19343,41.000841906404645,"['man', 'go', 'in', 'school']","['n', 'v', 'prep', 'n']",CLI,RP
32699,1,14576493,19343,41.000841906404645,"['Doug', 'ring', 'bell']","['n:prop', 'n', 'n']",CLI,TX
32699,1,14576622,19343,41.000841906404645,"['man', 'ring', 'bell']","['n', 'n', 'n']",CLI,TX
32699,1,14576631,19343,41.000841906404645,"['man', 'ring', 'bell']","['n', 'n', 'n']",CHI,TX
32699,1,14576639,19343,41.000841906404645,"['help', 'man', 'ring', 'bell']","['co', 'n', 'n', 'n']",CLI,TX
32699,1,14576647,19343,41.000841906404645,"['get', 'up', 'in', 'house']","['v', 'adv', 'prep', 'n']",CHI,RP
32699,1,14576654,19343,41.000841906404645,"['boys', 'and', 'girls']","['n', 'coord', 'n']",CLI,ST
32699,1,14576667,19343,41.000841906404645,['boy'],['co'],CHI,YY
32699,1,14576677,19343,41.000841906404645,['girls'],['n'],CHI,YY
32699,1,14576686,19343,41.000841906404645,"['see', 'the', 'dog']","['v', 'det:art', 'n']",CLI,RP
32699,1,14576697,19343,41.000841906404645,"['see', 'dog']","['v', 'n']",CHI,RP
32699,1,14576708,19343,41.000841906404645,"['no', 'man', 'no', 'man', 'in', 'swing']","['qn', 'n', 'qn', 'n', 'prep', 'n']",CLI,RD
32699,1,14576717,19343,41.000841906404645,"['get', 'more', 'man']","['v', 'qn', 'n']",CHI,RP
32699,1,14576725,19343,41.000841906404645,"['I', 'needta', 'get', 'more', 'men']","['pro:sub', 'v', 'v', 'qn', 'n']",CLI,YQ
32700,1,14576019,19343,41.000841906404645,"['riding', 'pigs']","['part', 'n']",CHI,ST
32700,1,14576034,19343,41.000841906404645,"['man', 'riding', 'pigs']","['n', 'part', 'n']",CLI,AP
32700,1,14576044,19343,41.000841906404645,"['fell', 'down']","['v', 'adv']",CHI,ST
32700,1,14576052,19343,41.000841906404645,"['man', 'fell', 'down']","['n', 'v', 'adv']",CLI,AP
32700,1,14576063,19343,41.000841906404645,"['man', 'got', 'birdie']","['n', 'part', 'n']",CHI,AP
32700,1,14576073,19343,41.000841906404645,"['right', ""man's"", 'got', 'birdie']","['adv', 'adj', 'aux', 'n']",CLI,AP
32700,1,14576085,19343,41.000841906404645,"['Caroline', 'touch', 'birdie']","['n:prop', 'n', 'n']",CHI,RT
32700,1,14576095,19343,41.000841906404645,"['Doug', 'touch', 'birdie']","['n:prop', 'n', 'n']",CLI,RT
32700,1,14576105,19343,41.000841906404645,['bird'],['n'],CHI,YY
32700,1,14576112,19343,41.000841906404645,"['man', 'his', 'sheep']","['v', 'det:poss', 'n']",CLI,ST
32700,1,14576122,19343,41.000841906404645,"[""here's"", 'more', 'horsie']","['pro:exist', 'qn', 'n']",CLI,ST
32700,1,14576132,19343,41.000841906404645,"['horsie', 'go', 'in', 'barn']","['n', 'v', 'prep', 'n']",CLI,RP
32700,1,14576144,19343,41.000841906404645,"['horsie', 'eat', 'supper']","['n', 'v', 'n']",CLI,RP
32700,1,14576156,19343,41.000841906404645,['sheep'],['n'],CHI,YY
32700,1,14576167,19343,41.000841906404645,"[""what's"", 'horsie', 'doing']","['pro:int', 'n', 'part']",CLI,QN
32700,1,14576177,19343,41.000841906404645,"['eating', 'supper']","['part', 'n']",CHI,SA
32700,1,14576185,19343,41.000841906404645,"['horsie', 'eating', 'supper', 'too']","['n', 'part', 'n', 'adv']",CLI,AP
32700,1,14576191,19343,41.000841906404645,"['horsie', 'hungry']","['n', 'adj']",CLI,ST
32700,1,14576201,19343,41.000841906404645,"['ride', 'this', 'in', 'tunnel']","['v', 'det:dem', 'adv', 'n']",CHI,RP
32700,1,14576212,19343,41.000841906404645,"['horsie', 'is', 'drink', 'milk']","['n', 'cop', 'n', 'n']",CHI,ST
32700,1,14576293,19343,41.000841906404645,"['is', 'there', 'milk', 'in', 'there']","['cop', 'adv', 'n', 'prep', 'n']",CLI,YQ
32700,1,14576302,19343,41.000841906404645,"['milk', 'milk']","['', 'n']",CHI,AA
32700,1,14576307,19343,41.000841906404645,"['what', 'horsie', 'doing', 'now']","['pro:int', 'n', 'part', 'adv']",CLI,QN
32700,1,14576321,19343,41.000841906404645,"['my', 'horsie', 'run']","['det:poss', 'n', 'v']",CLI,EC
32700,1,14576330,19343,41.000841906404645,"['my', 'horsie', 'jump']","['det:poss', 'n', 'n']",CLI,SC
32700,1,14576340,19343,41.000841906404645,"['pick', 'up', 'xxx', 'barn']","['v', 'adv', '', 'n']",CHI,SC
32700,1,14576352,19343,41.000841906404645,"[""what's"", 'up', 'here']","['pro:int', 'prep', 'n']",CLI,AP
32700,1,14576364,19343,41.000841906404645,"['open', 'door']","['adj', 'n']",CLI,RP
32700,1,14576376,19343,41.000841906404645,['close'],['adj'],CHI,YY
32700,1,14576385,19343,41.000841906404645,"['close', 'door']","['adj', 'n']",CLI,RT
32700,1,14576396,19343,41.000841906404645,['open'],['adj'],CHI,YY
32700,1,14576407,19343,41.000841906404645,"['Caroline', 'open', 'door']","['n:prop', 'v', 'n']",CLI,RP
32700,1,14576418,19343,41.000841906404645,"['sleeps', 'in', 'there']","['n', 'prep', 'n']",CHI,RP
32700,1,14576429,19343,41.000841906404645,"['horsie', 'gets', 'in', 'there']","['n', 'aux', 'prep', 'n']",CLI,YQ
32700,1,14576455,19343,41.000841906404645,"['pig', 'gets', 'in', 'there']","['n', 'v', 'prep', 'n']",CLI,ST
32700,1,14576491,19343,41.000841906404645,"['mommy', 'get', 'in', 'there']","['n', 'aux', 'prep', 'n']",CHI,YQ
32700,1,14576627,19343,41.000841906404645,"['mommy', 'gets', 'in', 'there']","['n', 'v', 'prep', 'n']",CLI,YQ
32700,1,14576641,19343,41.000841906404645,"['xxx', 'go', 'home']","['', 'v', 'adv']",CHI,AA
32700,1,14576657,19343,41.000841906404645,"[""what's"", 'this']","['pro:int', 'pro:dem']",CLI,QN
32700,1,14576664,19343,41.000841906404645,['wheels'],['n'],CHI,SA
32700,1,14576673,19343,41.000841906404645,"[""what's"", 'this', 'for']","['pro:int', 'pro:dem', 'prep']",CLI,QN
32700,1,14576680,19343,41.000841906404645,"['xxx', 'no', 'wheels']","['', 'qn', 'n']",CHI,SA
32700,1,14576690,19343,41.000841906404645,"[""there's"", 'no', 'wheels', 'on', 'it']","['pro:exist', 'qn', 'n', 'prep', 'pro:per']",CLI,ST
32700,1,14576703,19343,41.000841906404645,"[""it's"", 'not', 'a', 'car']","['pro:per', 'neg', 'det:art', 'n']",CLI,DW
32700,1,14576714,19343,41.000841906404645,['trailer'],['n'],CHI,SA
32700,1,14576724,19343,41.000841906404645,"['that', 'must', 'be', 'a', 'trailer']","['pro:dem', 'mod', 'cop', 'det:art', 'n']",CLI,EC
32700,1,14576738,19343,41.000841906404645,['trailer'],['n'],CHI,SC
32700,1,14576747,19343,41.000841906404645,"['yes', 'this', 'is', 'a', 'trailer']","['co', 'pro:dem', 'cop', 'det:art', 'n']",CLI,AP
32700,1,14576755,19343,41.000841906404645,"['trailer', 'goes', 'on', 'car']","['n', 'v', 'prep', 'n']",CLI,ST
32700,1,14576766,19343,41.000841906404645,"['cow', 'go', 'in', 'trailer']","['n', 'v', 'prep', 'n']",CLI,RP
32700,1,14576774,19343,41.000841906404645,"['hook', 'it']","['v', 'pro:per']",CHI,RP
32700,1,14576783,19343,41.000841906404645,"['no', 'hook', 'for', 'trailer']","['qn', 'n', 'prep', 'n']",CLI,RD
32700,1,14576794,19343,41.000841906404645,['no'],['co'],CHI,RD
32700,1,14576801,19343,41.000841906404645,"['mama', 'talking']","['n', 'part']",CHI,ST
32700,1,14576810,19343,41.000841906404645,"['do', 'you', 'hear', 'mama', 'talking']","['mod', 'pro:per', 'v', 'n', 'part']",CLI,ST
32700,1,14576820,19343,41.000841906404645,"['pig', 'out']","['n', 'adv']",CHI,ST
32700,1,14576833,19343,41.000841906404645,"['that', 'looks', 'like', 'a', 'cow']","['pro:rel', 'v', 'conj', 'det:art', 'n']",CLI,ST
32700,1,14576846,19343,41.000841906404645,"['cow', 'out']","['n', 'adv']",CLI,ST
32700,1,14576859,19343,41.000841906404645,"['cow', 'out']","['n', 'adv']",CHI,RT
32700,1,14576869,19343,41.000841906404645,['man'],['n'],CHI,YY
32700,1,14576875,19343,41.000841906404645,"['what', 'about', 'these']","['pro:int', 'prep', 'pro:dem']",CLI,RR
32700,1,14576885,19343,41.000841906404645,"['where', 'do', 'they', 'go']","['pro:int', 'mod', 'pro:sub', 'v']",CLI,QN
32700,1,14576897,19343,41.000841906404645,['shut'],['v'],CHI,SA
32700,1,14576907,19343,41.000841906404645,"['horse', 'in', 'barn']","['n', 'prep', 'n']",CLI,CT
32700,1,14576929,19343,41.000841906404645,"['Doug', 'shut', 'door']","['n:prop', 'part', 'n']",CLI,ST
32700,1,14576938,19343,41.000841906404645,"['what', 'about', 'this']","['pro:int', 'prep', 'pro:dem']",CLI,RQ
32700,1,14576947,19343,41.000841906404645,"['we', 'have', 'a', 'car']","['pro:sub', 'v', 'det:art', 'n']",CLI,YY
32700,1,14576953,19343,41.000841906404645,"['we', 'have', 'a', 'trailer']","['pro:sub', 'v', 'det:art', 'n']",CLI,YY
32700,1,14576963,19343,41.000841906404645,"['hooks', 'up']","['n', 'adv']",CHI,YY
32700,1,14576972,19343,41.000841906404645,"['hook', 'it']","['v', 'pro:per']",CHI,YY
32700,1,14576982,19343,41.000841906404645,['help'],['n'],CHI,YY
32701,1,14580569,19343,41.000841906404645,"['I', 'play', 'with', 'doggie']","['pro:sub', 'v', 'prep', 'n']",CLI,ST
32701,1,14580577,19343,41.000841906404645,"['Bert', 'go', 'boom']","['n:prop', 'v', 'co']",CHI,MK
32701,1,14580584,19343,41.000841906404645,"['Bert', 'tip', 'over']","['n:prop', 'v', 'adv']",CHI,YY
32701,1,14580590,19343,41.000841906404645,"['I', 'shut']","['pro:sub', 'v']",CHI,YY
32701,1,14580597,19343,41.000841906404645,['door'],['n'],CHI,YY
32701,1,14580603,19343,41.000841906404645,['garage'],['n'],CHI,YY
32701,1,14580609,19343,41.000841906404645,"['what', 'did', 'you', 'do']","['pro:int', 'mod', 'pro:per', 'v']",CLI,QN
32701,1,14580615,19343,41.000841906404645,"['make', 'go', 'funny']","['v', 'v', 'adj']",CHI,RP
32701,1,14580622,19343,41.000841906404645,"['I', 'make', 'it', 'go', 'funny']","['pro:sub', 'v', 'pro:per', 'v', 'adj']",CLI,YQ
32701,1,14580629,19343,41.000841906404645,"['look', 'Doug']","['v', 'n:prop']",CLI,RP
32701,1,14580636,19343,41.000841906404645,['horsie'],['n'],CHI,YY
32701,1,14580642,19343,41.000841906404645,"[""that's"", 'horsie']","['pro:dem', 'n']",CLI,RT
32701,1,14580651,19343,41.000841906404645,"['horsie', 'up']","['n', 'adv']",CHI,YY
32701,1,14580657,19343,41.000841906404645,"['horsie', 'go', 'to', 'there']","['n', 'v', 'prep', 'n']",CHI,YY
32701,1,14580663,19343,41.000841906404645,['Ernie'],['n:prop'],CHI,YY
32701,1,14580668,19343,41.000841906404645,['Big_Bird'],['n:prop'],CHI,YY
32701,1,14580673,19343,41.000841906404645,"['Big_Bird', 'go', 'boom']","['n:prop', 'v', 'co']",CHI,MK
32701,1,14580676,19343,41.000841906404645,"['have', 'this', 'garage']","['v', 'det:dem', 'n']",CHI,RP
32701,1,14580680,19343,41.000841906404645,"['open', 'door']","['adj', 'n']",CLI,RP
32701,1,14580684,19343,41.000841906404645,"[""door's"", 'right', 'in', 'there']","['adj', 'n', 'prep', 'n']",CHI,SI
32701,1,14580689,19343,41.000841906404645,"['car', 'go', 'in']","['n', 'v', 'adv']",CHI,SI
32701,1,14580693,19343,41.000841906404645,"['car', 'in', 'garage']","['n', 'prep', 'n']",CHI,SI
32701,1,14580697,19343,41.000841906404645,"['get', 'it']","['v', 'pro:per']",CHI,SI
32701,1,14580700,19343,41.000841906404645,"['I', 'open', 'door']","['pro:sub', 'v', 'n']",CHI,SI
32701,1,14580705,19343,41.000841906404645,"['good', 'I', 'open', 'door']","['adj', 'pro:sub', 'adj', 'n']",CLI,AP
32701,1,14580710,19343,41.000841906404645,"['I', 'open', 'ss', 'shut', 'door']","['pro:sub', 'v', '', 'v', 'n']",CHI,ST
32701,1,14580714,19343,41.000841906404645,"['I', 'open', 'door']","['pro:sub', 'v', 'n']",CLI,CT
32701,1,14580719,19343,41.000841906404645,"['I', 'shut', 'door']","['pro:sub', 'v', 'n']",CHI,RT
32701,1,14580724,19343,41.000841906404645,"['open', 'door']","['adj', 'n']",CHI,RP
32701,1,14580728,19343,41.000841906404645,['I'],['pro:sub'],CLI,YY
32701,1,14580736,19343,41.000841906404645,['I'],['pro:sub'],CHI,YY
32701,1,14580740,19343,41.000841906404645,"['who', 'is', 'this', 'Doug']","['pro:int', 'cop', 'pro:dem', 'n:prop']",CLI,QN
32701,1,14580748,19343,41.000841906404645,['Bert'],['n:prop'],CHI,SA
32701,1,14580756,19343,41.000841906404645,"['who', 'is', 'this']","['pro:int', 'cop', 'pro:dem']",CLI,QN
32701,1,14580764,19343,41.000841906404645,"['Ernie', 'go', 'boom']","['n:prop', 'v', 'co']",CHI,MK
32701,1,14580772,19343,41.000841906404645,"['tip', 'over']","['v', 'adv']",CHI,RP
32701,1,14580799,19343,41.000841906404645,"[""Ernie's"", 'on', 'there']","['n:prop', 'prep', 'n']",CHI,RP
32701,1,14580805,19343,41.000841906404645,"['get', 'Bert', 'up']","['v', 'n:prop', 'adv']",CHI,RP
32702,1,14576350,19343,42.0008624407072,"['Big_Bird', 'fall', 'down']","['n:prop', 'v', 'adv']",CLI,RP
32702,1,14576362,19343,42.0008624407072,"['get', 'up', 'there', 'on', 'garage']","['v', 'prep', 'n', 'prep', 'n']",CHI,RP
32702,1,14576372,19343,42.0008624407072,"['Big_Bird', 'go', 'up']","['n:prop', 'v', 'adv']",CHI,RP
32702,1,14576386,19343,42.0008624407072,"['Big_Bird', 'on', 'house', 'sit']","['n:prop', 'prep', 'n', 'v']",CHI,RP
32702,1,14576392,19343,42.0008624407072,['Big_Bird'],['n:prop'],CHI,YY
32702,1,14576403,19343,42.0008624407072,['Big_Bird'],['n:prop'],CHI,YY
32702,1,14576408,19343,42.0008624407072,"['Big_Bird', 'go', 'boom']","['n:prop', 'v', 'co']",CHI,MK
32702,1,14576419,19343,42.0008624407072,"['Big_Bird', 'play', 'with', 'light']","['n:prop', 'n', 'prep', 'n']",CLI,TX
32702,1,14576432,19343,42.0008624407072,"['Big_Bird', 'ride', 'in', 'car']","['n:prop', 'n', 'prep', 'n']",CLI,TX
32702,1,14576443,19343,42.0008624407072,"['Big_Bird', 'crash', 'car']","['n:prop', 'n', 'n']",CLI,TX
32702,1,14576453,19343,42.0008624407072,"['Bert', 'in', 'car']","['n:prop', 'prep', 'n']",CHI,ST
32702,1,14576495,19343,42.0008624407072,"[""Bert's"", 'going', 'garage']","['n:prop', 'part', 'n']",CHI,ST
32702,1,14576628,19343,42.0008624407072,"['Big_Bird', 'is', 'going', 'in', 'garage']","['n:prop', 'aux', 'part', 'prep', 'n']",CLI,ST
32702,1,14576643,19343,42.0008624407072,['xxx'],[''],CHI,YY
32702,1,14576655,19343,42.0008624407072,"['Big_Bird', 'is', 'going', 'in', 'garage']","['n:prop', 'aux', 'part', 'prep', 'n']",CLI,SI
32702,1,14576663,19343,42.0008624407072,"['I', 'put', 'in', 'there', 'shut']","['pro:sub', 'v', 'prep', 'n', 'v']",CHI,SI
32702,1,14576674,19343,42.0008624407072,"['Big_Bird', 'come', 'out']","['n:prop', 'v', 'adv']",CHI,RP
32702,1,14576684,19343,42.0008624407072,"['Big_Bird', 'coming', 'out']","['n:prop', 'part', 'adv']",CLI,RT
32702,1,14576694,19343,42.0008624407072,"[""Big_Bird's"", 'driving', 'car']","['n:prop', 'part', 'n']",CLI,ST
32702,1,14576705,19343,42.0008624407072,"['see', 'Big_Bird', 'is', 'driving', 'car']","['v', 'n:prop', 'aux', 'part', 'n']",CLI,ST
32702,1,14576715,19343,42.0008624407072,"['park', 'it', 'right', 'there']","['v', 'pro:per', 'adv', 'adv']",CHI,ST
32702,1,14576727,19343,42.0008624407072,"['Big_Bird', 'is', 'parking', 'car']","['n:prop', 'aux', 'part', 'n']",CLI,ST
32702,1,14576736,19343,42.0008624407072,"['wagon', 'is', 'on', 'car']","['n', 'cop', 'prep', 'n']",CLI,ST
32702,1,14576746,19343,42.0008624407072,"['car', 'pull', 'wagon']","['n', 'v', 'n']",CLI,RP
32702,1,14576757,19343,42.0008624407072,"['fill', 'up', 'car']","['v', 'adv', 'n']",CLI,RP
32702,1,14576764,19343,42.0008624407072,"['all', 'done']","['post', 'part']",CLI,DC
32702,1,14576773,19343,42.0008624407072,"['I', 'me', 'have']","['pro:sub', '', 'v']",CHI,YY
32702,1,14576782,19343,42.0008624407072,"['I', 'xxx', 'lock', 'it']","['pro:sub', '', 'v', 'pro:per']",CHI,ST
32702,1,14576789,19343,42.0008624407072,"[""that's"", 'right', 'you', 'lock', 'garage']","['pro:dem', 'adj', 'pro:per', 'n', 'n']",CLI,AP
32702,1,14576805,19343,42.0008624407072,['xxx'],[''],CHI,YY
32702,1,14576815,19343,42.0008624407072,"['service', 'garage']","['n', 'n']",CHI,SI
32702,1,14576827,19343,42.0008624407072,"['I', 'shut', 'this']","['pro:sub', 'v', 'pro:dem']",CHI,SI
32702,1,14576840,19343,42.0008624407072,"['I', 'turn', 'it']","['pro:sub', 'v', 'pro:per']",CHI,SI
32702,1,14576850,19343,42.0008624407072,"['can', 'Caroline', 'turn', 'it']","['mod', 'n:prop', 'n', 'pro:per']",CLI,SI
32702,1,14576861,19343,42.0008624407072,"['garage', 'is', 'open']","['n', 'cop', 'adj']",CHI,SI
32702,1,14576872,19343,42.0008624407072,"['I', 'turn', 'it']","['pro:sub', 'v', 'pro:per']",CLI,RP
32702,1,14576881,19343,42.0008624407072,"['garage', 'is', 'open']","['n', 'cop', 'adj']",CHI,ST
32702,1,14576893,19343,42.0008624407072,"['garage', 'is', 'shut']","['n', 'aux', 'part']",CLI,AP
32702,1,14576902,19343,42.0008624407072,"['garage', 'is', 'goes', 'shut']","['n', 'cop', 'v', 'part']",CHI,AP
32702,1,14576916,19343,42.0008624407072,"['garage', 'is', 'open']","['n', 'cop', 'adj']",CLI,AP
32702,1,14576937,19343,42.0008624407072,['xxx'],[''],CHI,YY
32702,1,14576940,19343,42.0008624407072,"['door', 'is', 'open']","['n', 'cop', 'adj']",CLI,ST
32702,1,14576948,19343,42.0008624407072,['shut'],['v'],CHI,YY
32702,1,14576954,19343,42.0008624407072,"['other', 'door', 'is', 'open']","['qn', 'n', 'cop', 'adj']",CLI,RP
32702,1,14576962,19343,42.0008624407072,"['Bert', 'come', 'out']","['n:prop', 'v', 'adv']",CHI,RP
32702,1,14576968,19343,42.0008624407072,['stuck'],['v'],CHI,RP
32702,1,14576974,19343,42.0008624407072,"['Big_Bird', 'put', 'baby']","['n:prop', 'v', 'n']",CLI,RP
32702,1,14576988,19343,42.0008624407072,"['Bert', 'come', 'out']","['n:prop', 'v', 'adv']",CHI,RP
32702,1,14576999,19343,42.0008624407072,"['door', 'is', 'xxx']","['n', 'cop', '']",CHI,YY
32702,1,14577010,19343,42.0008624407072,"['I', 'shut']","['pro:sub', 'v']",CHI,SI
32702,1,14577017,19343,42.0008624407072,"['shut', 'it']","['v', 'pro:per']",CHI,SI
32702,1,14577027,19343,42.0008624407072,"['I', 'put', 'car', 'in']","['pro:sub', 'v', 'n', 'adv']",CHI,SI
32702,1,14577038,19343,42.0008624407072,"['garage', 'is', 'goes', 'shut']","['n', 'cop', 'v', 'part']",CHI,SI
32702,1,14577046,19343,42.0008624407072,['Ernie'],['n:prop'],CHI,YY
32702,1,14577054,19343,42.0008624407072,"['Ernie', 'is', 'in', 'car']","['n:prop', 'cop', 'prep', 'n']",CLI,ST
32702,1,14577061,19343,42.0008624407072,"['put', 'door', 'open']","['v', 'n', 'adj']",CHI,RP
32702,1,14577071,19343,42.0008624407072,"['garage', 'is', 'shut']","['n', 'aux', 'part']",CHI,YY
32702,1,14577080,19343,42.0008624407072,"['bi', 'Big_Bird', 'inside']","['', 'n:prop', 'adv']",CHI,YY
32702,1,14577089,19343,42.0008624407072,['bed'],['n'],CHI,YY
32702,1,14577101,19343,42.0008624407072,"['goes', 'up', 'here']","['v', 'prep', 'n']",CHI,SI
32702,1,14577112,19343,42.0008624407072,"['wagon', 'go', 'in', 'there']","['n', 'v', 'prep', 'n']",CHI,SI
32703,1,14581168,19343,42.0008624407072,"[""here's"", 'some', 'blocks']","['pro:exist', 'qn', 'n']",CLI,ST
32703,1,14581182,19343,42.0008624407072,['blocks'],['n'],CHI,YY
32703,1,14581188,19343,42.0008624407072,['car'],['n'],CHI,YY
32703,1,14581193,19343,42.0008624407072,"['animals', 'in', 'there']","['n', 'prep', 'n']",CHI,SI
32703,1,14581200,19343,42.0008624407072,"['build', 'some', 'blocks']","['v', 'qn', 'n']",CHI,SI
32703,1,14581207,19343,42.0008624407072,"['build', 't']","['v', 'n:let']",CHI,SI
32703,1,14581216,19343,42.0008624407072,"['build', 'another', 't']","['v', 'qn', 'n:let']",CHI,SI
32703,1,14581224,19343,42.0008624407072,"['build', 'house']","['v', 'n']",CHI,SI
32703,1,14581233,19343,42.0008624407072,"['gets', 'blocks', 'ride']","['v', 'n', 'v']",CHI,SI
32703,1,14581241,19343,42.0008624407072,"[""you're"", 'gonna', 'give', 'the', 'blocks', 'a', 'ride']","['pro:per', 'part', 'v', 'det:art', 'n', 'det:art', 'n']",CLI,YQ
32703,1,14581249,19343,42.0008624407072,['yeah'],['co'],CHI,AA
32703,1,14581256,19343,42.0008624407072,"['get', 'another', 'block']","['v', 'qn', 'n']",CHI,RP
32703,1,14581262,19343,42.0008624407072,"['get', 'ride']","['v', 'n']",CHI,RP
32703,1,14581271,19343,42.0008624407072,"[""policeman's"", 'gonna', 'ride', 'the', 'cow']","['', 'part', 'v', 'det:art', 'n']",CLI,ST
32703,1,14581279,19343,42.0008624407072,"[""silo's"", 'broke']","['adj', 'adj']",CHI,ST
32703,1,14581285,19343,42.0008624407072,"['yes', 'the', 'silo', 'is', 'broken']","['co', 'det:art', 'n', 'aux', 'part']",CLI,AP
32703,1,14581294,19343,42.0008624407072,"['get', 'some']","['v', 'qn']",CHI,RP
32703,1,14581302,19343,42.0008624407072,"['what', 'happened']","['pro:int', 'v']",CLI,RR
32703,1,14581313,19343,42.0008624407072,['cow'],['n'],CHI,YY
32703,1,14581322,19343,42.0008624407072,['moo'],[''],CHI,YY
32703,1,14581338,19343,42.0008624407072,['barn'],['n'],CHI,YY
32703,1,14581346,19343,42.0008624407072,"['this', 'is', 'a', 'big', 'red', 'barn']","['pro:dem', 'cop', 'det:art', 'adj', 'adj', 'n']",CLI,ST
32703,1,14581357,19343,42.0008624407072,['door'],['n'],CHI,YY
32703,1,14581367,19343,42.0008624407072,"['more', 'windows']","['qn', 'n']",CHI,YY
32703,1,14581380,19343,42.0008624407072,"['birdie', 'on', 'barn']","['n', 'prep', 'n']",CHI,YY
32703,1,14581389,19343,42.0008624407072,"['xxx', 'two', 'windows']","['', 'det:num', 'n']",CHI,YY
32703,1,14581397,19343,42.0008624407072,"['a', 'window']","['det:art', 'n']",CHI,YY
32703,1,14581408,19343,42.0008624407072,['superman'],['n'],CHI,YY
32703,1,14581417,19343,42.0008624407072,"['ride', 'horsie']","['n', 'n']",CHI,YY
32703,1,14581425,19343,42.0008624407072,"['policeman', 'ride', 'horsie']","['', 'n', 'n']",CLI,RT
32703,1,14581435,19343,42.0008624407072,"['horsie', 'relax']","['n', 'v']",CHI,RT
32703,1,14581444,19343,42.0008624407072,"['man', 'ride', 'white', 'horse']","['n', 'n', 'adj', 'n']",CLI,ST
32703,1,14581453,19343,42.0008624407072,['trucks'],['n'],CHI,YY
32703,1,14581462,19343,42.0008624407072,"['Doug', 'I', 'drive', 'it']","['n:prop', 'pro:sub', 'v', 'pro:per']",CHI,ST
32703,1,14581473,19343,42.0008624407072,"['I', 'drive', 'it']","['pro:sub', 'v', 'pro:per']",CHI,ST
32703,1,14581483,19343,42.0008624407072,"['Doug', 'wants', 'to', 'drive', 'the', 'truck']","['n:prop', 'v', 'inf', 'v', 'det:art', 'n']",CLI,ST
32703,1,14581495,19343,42.0008624407072,"['take', 'the', 'truck']","['v', 'det:art', 'n']",CLI,RP
32703,1,14581505,19343,42.0008624407072,"['move', 'it']","['v', 'pro:per']",CHI,SI
32703,1,14581514,19343,42.0008624407072,"['Doug', 'move', 'the', 'truck']","['n:prop', 'n', 'det:art', 'n']",CLI,SI
32703,1,14581524,19343,42.0008624407072,"['Doug', 'get', 'in', 'truck']","['n:prop', 'v', 'prep', 'n']",CHI,SI
32703,1,14581534,19343,42.0008624407072,['xxx'],[''],CLI,YY
32703,1,14581543,19343,42.0008624407072,"[""man's"", 'looking', 'in', 'the', 'truck']","['n', 'part', 'prep', 'det:art', 'n']",CHI,ST
32703,1,14581552,19343,42.0008624407072,"['he', 'is']","['pro:sub', 'cop']",CLI,AP
32703,1,14581558,19343,42.0008624407072,"['what', 'does', 'the', 'man', 'see']","['pro:int', 'v', 'det:art', 'n', 'v']",CLI,QN
32703,1,14581567,19343,42.0008624407072,"['looking', 'in', 'there']","['part', 'prep', 'n']",CHI,SA
32703,1,14581577,19343,42.0008624407072,"[""what's"", 'in', 'the', 'truck']","['pro:int', 'prep', 'det:art', 'n']",CLI,QN
32703,1,14581584,19343,42.0008624407072,"['man', 'in', 'truck']","['n', 'prep', 'n']",CHI,RT
32703,1,14581594,19343,42.0008624407072,"['man', 'see', 'the', 'steeping', 'wheel']","['n', 'v', 'det:art', 'n:gerund', 'n']",CLI,RP
32703,1,14581605,19343,42.0008624407072,"['man', 'see', 'the', 'steering', 'wheel']","['n', 'v', 'det:art', 'n:gerund', 'n']",CLI,RP
32703,1,14581619,19343,42.0008624407072,"['man', 'see', 'the', 'seats']","['n', 'v', 'det:art', 'n']",CLI,RP
32703,1,14581633,19343,42.0008624407072,"['what', 'does', 'the', 'man', 'see']","['pro:int', 'v', 'det:art', 'n', 'v']",CLI,QN
32703,1,14581647,19343,42.0008624407072,"['seat', 'in', 'there']","['n', 'prep', 'n']",CHI,SA
32703,1,14581660,19343,42.0008624407072,"[""what's"", 'in', 'there']","['pro:int', 'prep', 'n']",CLI,RT
32703,1,14581680,19343,42.0008624407072,"['seat', 'in', 'there']","['n', 'prep', 'n']",CHI,RT
32703,1,14581692,19343,42.0008624407072,"['man', 'see', 'seats']","['n', 'v', 'n']",CLI,RP
32703,1,14581706,19343,42.0008624407072,"['what', 'does', 'the', 'man', 'see']","['pro:int', 'v', 'det:art', 'n', 'v']",CLI,RP
32703,1,14581725,19343,42.0008624407072,"['man', 'sitting', 'on', 'truck']","['n', 'part', 'prep', 'n']",CHI,ST
32703,1,14581795,19343,42.0008624407072,"['man', 'rock']","['n', 'n']",CHI,YY
32703,1,14581807,19343,42.0008624407072,"['jump', 'down']","['n', 'adv']",CHI,YY
32703,1,14581821,19343,42.0008624407072,"['man', 'jump', 'down']","['n', 'n', 'adv']",CLI,RT
32703,1,14581836,19343,42.0008624407072,"['man', 'climb', 'up', 'truck']","['n', 'v', 'adv', 'n']",CHI,ST
32703,1,14581848,19343,42.0008624407072,"['man', 'rock', 'car', 'truck']","['n', 'n', 'n', 'n']",CHI,ST
32703,1,14581865,19343,42.0008624407072,"['jump', 'down', 'truck']","['n', 'adv', 'n']",CHI,ST
32703,1,14581878,19343,42.0008624407072,"['okay', 'we', 'hafta', 'put', 'the', 'toys', 'away']","['adj', 'pro:sub', 'mod', 'v', 'det:art', 'n', 'adv']",CLI,RP
32703,1,14581892,19343,42.0008624407072,"['go', 'see', 'mommy']","['v', 'v', 'n']",CHI,RP
32704,1,14576753,19343,42.0008624407072,['cars'],['n'],CHI,YY
32704,1,14576761,19343,42.0008624407072,"['we', 'have', 'cars', 'this', 'time']","['pro:sub', 'v', 'n', 'det:dem', 'n']",CLI,ST
32704,1,14576777,19343,42.0008624407072,"['we', 'have', 'a', 'blue', 'car']","['pro:sub', 'v', 'det:art', 'adj', 'n']",CLI,ST
32704,1,14576787,19343,42.0008624407072,"['we', 'have', 'a', 'green', 'car']","['pro:sub', 'v', 'det:art', 'n', 'n']",CLI,ST
32704,1,14576797,19343,42.0008624407072,"['have', 'Cookie_Monster', 'Ernie']","['v', 'n:prop', 'n:prop']",CHI,RT
32704,1,14576804,19343,42.0008624407072,"['in', 'my', 'car', 'go']","['prep', 'det:poss', 'n', 'v']",CHI,SI
32704,1,14576813,19343,42.0008624407072,"['in', 'car']","['prep', 'n']",CHI,SI
32704,1,14576825,19343,42.0008624407072,"['Ernie', 'Doug', 'car']","['n:prop', 'n:prop', 'n']",CHI,SI
32704,1,14576838,19343,42.0008624407072,"['put', 'cookie', 'monster', 'Doug', 'cap']","['v', 'n', 'n', 'n:prop', 'n']",CHI,SI
32704,1,14576849,19343,42.0008624407072,"[""Doug's"", 'putting', 'Big_Bird', 'in', 'car']","['n:prop', 'part', 'n:prop', 'prep', 'n']",CLI,TX
32704,1,14576860,19343,42.0008624407072,"['build', 'garage']","['v', 'n']",CHI,YY
32704,1,14576870,19343,42.0008624407072,"['who', 'builds', 'garage']","['pro:int', 'v', 'n']",CLI,RT
32704,1,14576882,19343,42.0008624407072,"['I', 'build', 'garage']","['pro:sub', 'v', 'n']",CHI,RT
32704,1,14576887,19343,42.0008624407072,"['dump', 'them', 'out']","['v', 'pro:obj', 'adv']",CHI,RP
32704,1,14576895,19343,42.0008624407072,"['who', 'dumps', 'them', 'out']","['pro:rel', 'v', 'pro:obj', 'adv']",CLI,QN
32704,1,14576905,19343,42.0008624407072,"['all', 'xxx', 'blocks']","['qn', '', 'n']",CHI,SA
32704,1,14576930,19343,42.0008624407072,"['no', 'cars', 'in', 'there']","['qn', 'n', 'prep', 'n']",CHI,DW
32704,1,14576942,19343,42.0008624407072,"[""here's"", 'the', 'cars']","['pro:exist', 'det:art', 'n']",CLI,CT
32704,1,14576955,19343,42.0008624407072,['chair'],['n'],CHI,YY
32704,1,14576965,19343,42.0008624407072,"['Doug', 'found', 'the', 'chair']","['n:prop', 'v', 'det:art', 'n']",CLI,ST
32704,1,14576979,19343,42.0008624407072,"['funny', 'another', 'funny', 'another', 'block']","['', '', 'adj', 'qn', 'n']",CHI,ST
32704,1,14576991,19343,42.0008624407072,"[""here's"", 'the', 'funny', 'block']","['pro:exist', 'det:art', 'adj', 'n']",CLI,ST
32704,1,14577001,19343,42.0008624407072,"[""here's"", 'funny', 'little', 'block']","['pro:exist', 'adj', 'adj', 'n']",CHI,ST
32704,1,14577009,19343,42.0008624407072,"['chair', 'two', 'chair']","['', 'det:num', 'n']",CHI,ST
32704,1,14577022,19343,42.0008624407072,"['Doug', 'has', 'two', 'chairs']","['n:prop', 'v', 'det:num', 'n']",CLI,ST
32704,1,14577031,19343,42.0008624407072,"['block', 'sit', 'in', 'chair']","['n', 'v', 'prep', 'n']",CHI,ST
32704,1,14577062,19343,42.0008624407072,"['Doug', 'put', 'the', 'block', 'the', 'blue', 'block', 'in', 'chair']","['n:prop', 'v', 'det:art', 'n', 'det:art', 'n', 'n', 'prep', 'n']",CLI,CT
32704,1,14577070,19343,42.0008624407072,"['Doug', 'tip', 'over', 'big', 'chair']","['n:prop', 'v', 'adv', 'adj', 'n']",CHI,ST
32704,1,14577078,19343,42.0008624407072,"['tip', 'over', 'ch', 'big', 'chair']","['v', 'adv', '', 'adj', 'n']",CHI,ST
32704,1,14577086,19343,42.0008624407072,"['chair', 'tipped', 'over']","['n', 'v', 'adv']",CHI,ST
32704,1,14577097,19343,42.0008624407072,"['right', 'Doug', 'tipped', 'over', 'the', 'chair']","['adv', 'n:prop', 'v', 'prep', 'det:art', 'n']",CLI,ST
32704,1,14577106,19343,42.0008624407072,"['lets', 'build', 'something']","['v', 'v', 'pro:indef']",CLI,ST
32704,1,14577116,19343,42.0008624407072,"['what', 'should', 'we', 'build']","['pro:int', 'mod', 'pro:sub', 'v']",CLI,QN
32704,1,14577127,19343,42.0008624407072,['garage'],['n'],CHI,YY
32704,1,14577134,19343,42.0008624407072,"['show', 'me', 'how', 'to', 'build', 'a', 'garage']","['v', 'pro:obj', 'pro:int', 'inf', 'v', 'det:art', 'n']",CLI,RP
32704,1,14577142,19343,42.0008624407072,"['I', 'build', 'garage']","['pro:sub', 'v', 'n']",CHI,RT
32704,1,14577152,19343,42.0008624407072,"['Doug', 'play', 'garage', 'gas', 'station']","['n:prop', 'n', '', 'n', 'n']",CHI,ST
32704,1,14577163,19343,42.0008624407072,"['we', ""don't"", 'have', 'a', 'gas', 'station']","['pro:sub', 'mod', 'v', 'det:art', 'n', 'n']",CLI,ST
32704,1,14577170,19343,42.0008624407072,['all_gone'],['co'],CHI,DC
32704,1,14577174,19343,42.0008624407072,"['the', 'gas', 'station', 'is', 'all_gone']","['det:art', 'n', 'n', 'cop', 'adj']",CLI,DC
32704,1,14577182,19343,42.0008624407072,"['go', 'get', 'some']","['v', 'v', 'qn']",CHI,RP
32704,1,14577191,19343,42.0008624407072,"['put', 'that', 'on', 'there']","['v', 'pro:dem', 'prep', 'n']",CHI,RP
32704,1,14577223,19343,42.0008624407072,"['put', 'that', 'one', 'on', 'there']","['part', 'adv', 'det:num', 'prep', 'n']",CHI,RP
32704,1,14577228,19343,42.0008624407072,"['building', 'big', 'tower']","['n', 'adj', 'n']",CHI,ST
32704,1,14577234,19343,42.0008624407072,"['yes', ""Doug's"", 'building', 'a', 'big', 'tower']","['co', 'adj', 'n', 'det:art', 'adj', 'n']",CLI,AP
32704,1,14577242,19343,42.0008624407072,"['build', 'that', 'house']","['v', 'pro:dem', 'v']",CHI,RP
32704,1,14577248,19343,42.0008624407072,"['Caroline', 'hold', 'it']","['n:prop', 'n', 'pro:per']",CHI,RP
32704,1,14577254,19343,42.0008624407072,"['you', 'want', 'Caroline', 'to', 'hold', 'that']","['pro:per', 'v', 'n:prop', 'inf', 'v', 'pro:dem']",CLI,YQ
32704,1,14577260,19343,42.0008624407072,"['a', 'put', 'in', 'another', 'blocks']","['det:art', 'part', 'prep', 'qn', 'n']",CHI,RP
32704,1,14577264,19343,42.0008624407072,"['putting', 'some', 'more', 'blocks', 'on', 'top']","['part', 'qn', 'qn', 'n', 'prep', 'n']",CLI,RP
32704,1,14577271,19343,42.0008624407072,"['some', 'yellow', 'block']","['qn', 'adj', 'n']",CLI,ST
32704,1,14577277,19343,42.0008624407072,"['some', 'blue', 'block']","['qn', 'n', 'n']",CLI,ST
32704,1,14577283,19343,42.0008624407072,"['another', 'blue', 'block']","['qn', 'n', 'n']",CLI,ST
32704,1,14577289,19343,42.0008624407072,"['more', 'purple', 'block']","['qn', 'n', 'n']",CLI,ST
32704,1,14577296,19343,42.0008624407072,"['build', 'more', 'block']","['v', 'qn', 'n']",CHI,RT
32704,1,14577302,19343,42.0008624407072,"['that', 'one', 'go', 'on', 'there']","['det:dem', 'pro:indef', 'v', 'prep', 'n']",CHI,RP
32704,1,14577309,19343,42.0008624407072,"['put', 'another', 'blocks', 'on']","['v', 'qn', 'n', 'prep']",CHI,RP
32704,1,14577314,19343,42.0008624407072,"['who', 'puts', 'another', 'block', 'on']","['pro:int', 'v', 'qn', 'n', 'adv']",CLI,QN
32704,1,14577319,19343,42.0008624407072,"['I', 'put', 'a_lot', 'blocks']","['pro:sub', 'v', 'adv', 'n']",CHI,SA
32704,1,14577322,19343,42.0008624407072,"[""here's"", 'a', 'round', 'block']","['pro:exist', 'det:art', 'adj', 'n']",CLI,ST
32704,1,14577327,19343,42.0008624407072,"['should', 'we', 'put', 'that', 'one', 'on', 'top']","['mod', 'pro:sub', 'part', 'adv', 'det:num', 'adv', 'n']",CLI,RQ
32704,1,14577331,19343,42.0008624407072,['no'],['co'],CHI,RD
32704,1,14577335,19343,42.0008624407072,"['put', 'that', 'one', 'blue']","['part', 'adv', 'det:num', 'n']",CHI,RP
32704,1,14577339,19343,42.0008624407072,['what'],['pro:int'],CLI,QN
32704,1,14577345,19343,42.0008624407072,"['put', 'that', 'one', 'on', 'triangle']","['part', 'adv', 'det:num', 'adv', 'n']",CHI,RP
32704,1,14577349,19343,42.0008624407072,"['put', 'circle', 'on', 'triangle']","['v', 'n', 'prep', 'n']",CLI,RP
32704,1,14577353,19343,42.0008624407072,"['put', 'wheel', 'on', 'triangle']","['v', 'n', 'prep', 'n']",CLI,RP
32704,1,14577356,19343,42.0008624407072,['yes'],['co'],CHI,AD
32704,1,14577360,19343,42.0008624407072,"['put', 'another', 'blocks']","['v', 'qn', 'n']",CHI,RP
32704,1,14577367,19343,42.0008624407072,['careful'],['co'],CHI,PF
32704,1,14577371,19343,42.0008624407072,['what'],['pro:int'],CLI,QN
32704,1,14577375,19343,42.0008624407072,"['more', 'no', 'blocks', 'build']","['adv', 'qn', 'n', 'v']",CHI,RP
32704,1,14577380,19343,42.0008624407072,"['no', 'more', 'block']","['qn', 'qn', 'n']",CHI,RP
32704,1,14577384,19343,42.0008624407072,"['we', 'have', 'more', 'blocks']","['pro:sub', 'v', 'qn', 'n']",CLI,ST
32704,1,14577392,19343,42.0008624407072,"['block', 'xxx']","['n', '']",CHI,ST
32704,1,14577398,19343,42.0008624407072,"['tip', 'over', 'ch', 'chair', 'tipped', 'over']","['', '', '', 'n', 'v', 'adv']",CHI,ST
32704,1,14577405,19343,42.0008624407072,"[""Doug's"", 'tipping', 'chair', 'over']","['n:prop', 'part', 'n', 'adv']",CHI,ST
32704,1,14577412,19343,42.0008624407072,"['the', ""doggie's"", 'climbing', 'the', 'tower']","['det:art', 'n', 'part', 'det:art', 'n']",CLI,ST
32704,1,14577420,19343,42.0008624407072,"[""what's"", 'this', 'doggie', 'doing']","['pro:int', 'pro:dem', 'n', 'part']",CLI,QN
32704,1,14577428,19343,42.0008624407072,"['climbing', 'up', 'tower']","['part', 'adv', 'n']",CHI,SA
32704,1,14577437,19343,42.0008624407072,"[""what's"", 'he', 'gonna', 'do', 'when', 'he', 'gets', 'on', 'the', 'top']","['pro:int', 'pro:sub', 'part', 'v', 'conj', 'pro:sub', 'v', 'adv', 'det:art', 'n']",CLI,QN
32704,1,14577446,19343,42.0008624407072,"['tip', 'over']","['v', 'adv']",CHI,SA
32704,1,14577455,19343,42.0008624407072,"['doggie', 'sits', 'on', 'the', 'tower']","['n', 'v', 'prep', 'det:art', 'n']",CLI,ST
32704,1,14577464,19343,42.0008624407072,['xxx'],[''],CLI,QN
32704,1,14577474,19343,42.0008624407072,"['red', 'coat']","['adj', 'n']",CHI,SA
32704,1,14577483,19343,42.0008624407072,"[""tree's"", 'broke']","['adj', 'adj']",CHI,ST
32704,1,14577492,19343,42.0008624407072,"['take', 'off', 'garage']","['v', 'prep', 'n']",CHI,RP
32705,1,14577461,19343,44.00090350931231,"['car', 'comes', 'down']","['n', 'v', 'adv']",CLI,YQ
32705,1,14577471,19343,44.00090350931231,['down'],['adv'],CHI,AA
32705,1,14577479,19343,44.00090350931231,"['I', 'want', 'that', 'elevator', 'down']","['pro:sub', 'v', 'comp', 'n', 'adv']",CHI,ST
32705,1,14577487,19343,44.00090350931231,"['okay', 'make', 'the', 'elevator', 'go', 'down']","['co', 'v', 'det:art', 'n', 'v', 'adv']",CLI,AP
32705,1,14577496,19343,44.00090350931231,"['I', 'make']","['pro:sub', 'v']",CLI,AP
32705,1,14577504,19343,44.00090350931231,"[""it's"", 'down']","['pro:per', 'adv']",CLI,ST
32705,1,14577511,19343,44.00090350931231,"['what', 'are', 'you', 'going', 'to', 'do', 'with', 'it']","['pro:int', 'aux', 'pro:per', 'part', 'inf', 'v', 'prep', 'pro:per']",CLI,QN
32705,1,14577518,19343,44.00090350931231,['xxx'],[''],CHI,SA
32705,1,14577522,19343,44.00090350931231,"[""what's"", 'Doug', 'doing']","['pro:int', 'n:prop', 'part']",CLI,QN
32705,1,14577530,19343,44.00090350931231,"['making', 'go', 'up']","['part', 'v', 'adv']",CHI,SA
32705,1,14577536,19343,44.00090350931231,"[""what's"", 'gonna', 'happen']","['pro:int', 'part', 'v']",CLI,QN
32705,1,14577542,19343,44.00090350931231,['xxx'],[''],CHI,SA
32705,1,14577548,19343,44.00090350931231,"['you', 'know', 'what', ""that's"", 'called']","['pro:per', 'v', 'pro:int', 'pro:rel', 'part']",CLI,QN
32705,1,14577555,19343,44.00090350931231,['organ'],['n'],CHI,SA
32705,1,14577562,19343,44.00090350931231,"['an', 'organ', 'right']","['det:art', 'n', 'adj']",CLI,AP
32705,1,14577571,19343,44.00090350931231,"['play', 'song']","['n', 'n']",CHI,RP
32705,1,14577578,19343,44.00090350931231,['xxx'],[''],CHI,YY
32705,1,14577587,19343,44.00090350931231,"['open', 'it']","['v', 'pro:per']",CHI,RP
32705,1,14577595,19343,44.00090350931231,['xxx'],[''],CHI,YY
32705,1,14577601,19343,44.00090350931231,"['see', 'what', 'happens']","['v', 'pro:int', 'v']",CLI,RP
32705,1,14577609,19343,44.00090350931231,['Mickey_Mouse'],['n:prop'],CHI,YY
32705,1,14577617,19343,44.00090350931231,"['want', 'that', 'open']","['v', 'adv', 'adj']",CHI,RP
32705,1,14577624,19343,44.00090350931231,"['is', 'it', 'shut']","['aux', 'pro:per', 'v']",CLI,YQ
32705,1,14577633,19343,44.00090350931231,['yes'],['co'],CHI,AA
32705,1,14577643,19343,44.00090350931231,"['okay', 'you', 'hafta', 'play', 'it']","['co', 'pro:per', 'mod', 'v', 'pro:per']",CLI,RP
32705,1,14577649,19343,44.00090350931231,"['open', 'it']","['v', 'pro:per']",CHI,RP
32705,1,14577669,19343,44.00090350931231,"['you', 'hafta', 'turn', 'the', 'crank']","['pro:per', 'mod', 'v', 'det:art', 'n']",CLI,RP
32705,1,14577687,19343,44.00090350931231,"[""Doug's"", 'turning', 'the', 'crank', 'the', 'wrong', 'way']","['n:prop', 'part', 'det:art', 'n', 'det:art', 'adj', 'n']",CLI,CR
32705,1,14577697,19343,44.00090350931231,"['turn', 'it', 'the', 'other', 'way']","['v', 'pro:per', 'det:art', 'qn', 'n']",CLI,RP
32705,1,14577707,19343,44.00090350931231,"[""Doug's"", 'making', 'music']","['n:prop', 'part', 'n']",CLI,ST
32705,1,14577717,19343,44.00090350931231,"['I', 'open', 'it']","['pro:sub', 'v', 'pro:per']",CHI,RP
32705,1,14577724,19343,44.00090350931231,"['open', 'it']","['v', 'pro:per']",CHI,RP
32705,1,14577734,19343,44.00090350931231,"['you', 'hafta', 'turn', 'it']","['pro:per', 'mod', 'v', 'pro:per']",CLI,RP
32705,1,14577740,19343,44.00090350931231,['watch'],['n'],CLI,RP
32705,1,14577749,19343,44.00090350931231,"[""there's"", 'Mickey_Mouse']","['pro:exist', 'n:prop']",CLI,ST
32705,1,14577756,19343,44.00090350931231,['xxx'],[''],CHI,YY
32705,1,14577763,19343,44.00090350931231,"['open', 'it']","['v', 'pro:per']",CHI,RP
32705,1,14577771,19343,44.00090350931231,"['this', 'is', 'what', 'color', 'is', 'this', 'piano']","['pro:dem', 'cop', 'pro:int', 'n', 'cop', 'det:dem', 'n']",CLI,QN
32705,1,14577775,19343,44.00090350931231,"['yellow', 'piano']","['n', 'n']",CHI,SA
32705,1,14577785,19343,44.00090350931231,"['play', 'with', 'your', 'cars']","['n', 'prep', 'det:poss', 'n']",CLI,RP
32705,1,14577794,19343,44.00090350931231,['no'],['co'],CHI,RD
32705,1,14577802,19343,44.00090350931231,"['what', 'are', 'you', 'doing', 'Doug']","['pro:int', 'aux', 'pro:per', 'part', 'n:prop']",CLI,QN
32705,1,14577811,19343,44.00090350931231,"['making', 'open']","['part', 'adj']",CHI,SA
32705,1,14577822,19343,44.00090350931231,['okay'],['co'],CLI,AD
32705,1,14577830,19343,44.00090350931231,['open'],['adj'],CHI,YY
32705,1,14577840,19343,44.00090350931231,"[""what's"", 'Mickey_Mouse', 'doing']","['pro:int', 'n:prop', 'part']",CLI,QN
32705,1,14577850,19343,44.00090350931231,"['doing', 'up', 'there']","['part', 'prep', 'n']",CHI,SA
32705,1,14577861,19343,44.00090350931231,"[""what's"", 'he', 'doing', 'up', 'there']","['pro:int', 'pro:sub', 'n:gerund', 'prep', 'n']",CLI,AP
32705,1,14577871,19343,44.00090350931231,"['he', 'up', 'there']","['pro:sub', 'prep', 'n']",CHI,AP
32705,1,14577882,19343,44.00090350931231,"[""he's"", 'up', 'there']","['pro:sub', 'prep', 'n']",CLI,AP
32705,1,14577891,19343,44.00090350931231,"[""he's"", 'playing', 'the', 'piano']","['pro:sub', 'part', 'det:art', 'n']",CLI,ST
32705,1,14577900,19343,44.00090350931231,['yeah'],['co'],CHI,AC
32705,1,14577905,19343,44.00090350931231,"['whats', 'Mickey_Mouse', 'wearing']","['n:pt', 'n:prop', 'part']",CLI,ST
32705,1,14577916,19343,44.00090350931231,['clothes'],['n:pt'],CHI,YY
32705,1,14577925,19343,44.00090350931231,"['he', 'has', 'on', 'a', 'blue', 'jacket', 'red', 'tie']","['pro:sub', 'aux', 'prep', 'det:art', 'adj', 'n', 'n', 'n']",CLI,ST
32705,1,14577936,19343,44.00090350931231,"['can', 'the', 'man', 'go', 'in', 'there']","['mod', 'det:art', 'n', 'v', 'prep', 'n']",CLI,RP
32705,1,14577946,19343,44.00090350931231,['no'],['co'],CHI,RD
32705,1,14577955,19343,44.00090350931231,"['put', 'the', 'man', 'in', 'there']","['v', 'det:art', 'n', 'prep', 'n']",CLI,RP
32705,1,14577963,19343,44.00090350931231,"['no', 'he', ""won't"", 'fit']","['co', 'pro:sub', 'mod', 'v']",CLI,GR
32705,1,14577972,19343,44.00090350931231,"['now', ""Caroline's"", 'turning', 'the', 'music', 'box']","['adv', 'n:prop', 'part', 'det:art', 'n', 'n']",CLI,ST
32705,1,14577982,19343,44.00090350931231,"[""don't"", 'hold', 'it']","['mod', 'v', 'pro:per']",CLI,RP
32705,1,14577990,19343,44.00090350931231,"['I', 'have', 'this']","['pro:sub', 'v', 'pro:dem']",CHI,YY
32705,1,14577998,19343,44.00090350931231,"['you', 'have']","['pro:per', 'v']",CHI,YY
32705,1,14578004,19343,44.00090350931231,"[""that's"", 'right', 'Caroline', 'has', 'it']","['pro:dem', 'adj', 'n:prop', 'aux', 'pro:per']",CLI,PM
32705,1,14578011,19343,44.00090350931231,"['Doug', 'wants', 'it']","['n:prop', 'v', 'pro:per']",CLI,YQ
32705,1,14578017,19343,44.00090350931231,['yeah'],['co'],CHI,AA
32705,1,14578024,19343,44.00090350931231,"['I', 'have', 'it']","['pro:sub', 'v', 'pro:per']",CHI,ST
32705,1,14578029,19343,44.00090350931231,"['do', 'you', 'wanna', 'play', 'with', 'the', 'garage']","['mod', 'pro:per', 'v', 'v', 'prep', 'det:art', 'n']",CLI,RQ
32705,1,14578035,19343,44.00090350931231,['no'],['co'],CHI,RD
32705,1,14578042,19343,44.00090350931231,"['want', 'play', 'piano']","['v', 'n', 'n']",CHI,RP
32705,1,14578049,19343,44.00090350931231,"['what', 'do', 'you', 'want']","['pro:int', 'mod', 'pro:per', 'v']",CLI,QN
32705,1,14578055,19343,44.00090350931231,['what'],['pro:int'],CLI,QN
32705,1,14578062,19343,44.00090350931231,"['play', 'play', 'piano']","['', 'n', 'n']",CHI,SA
32705,1,14578069,19343,44.00090350931231,"['you', 'wanna', 'play', 'the', 'piano']","['pro:per', 'v', 'v', 'det:art', 'n']",CLI,YQ
32705,1,14578077,19343,44.00090350931231,['yeah'],['co'],CHI,AA
32705,1,14578083,19343,44.00090350931231,"['okay', 'what', 'are', 'you', 'going', 'to', 'do', 'with', 'the', 'piano']","['co', 'pro:int', 'aux', 'pro:per', 'part', 'inf', 'v', 'prep', 'det:art', 'n']",CLI,QN
32705,1,14578092,19343,44.00090350931231,"['make', 'it', 'go', 'up']","['v', 'pro:per', 'v', 'adv']",CHI,RP
32705,1,14578100,19343,44.00090350931231,['okay'],['co'],CLI,AD
32705,1,14578104,19343,44.00090350931231,"['man', 'there']","['n', 'adv']",CHI,YY
32705,1,14578111,19343,44.00090350931231,['what'],['pro:int'],CLI,QN
32705,1,14578129,19343,44.00090350931231,"[""man's"", 'in', 'there']","['n', 'prep', 'n']",CHI,SA
32705,1,14578140,19343,44.00090350931231,"['no', 'I', 'have', 'the', 'man']","['co', 'pro:sub', 'v', 'det:art', 'n']",CLI,DW
32705,1,14578149,19343,44.00090350931231,"[""here's"", 'the', 'man']","['pro:exist', 'det:art', 'n']",CLI,ST
32705,1,14578155,19343,44.00090350931231,"['we', 'took', 'the', 'man', 'out']","['pro:sub', 'v', 'det:art', 'n', 'adv']",CLI,ST
32705,1,14578163,19343,44.00090350931231,['yeah'],['co'],CHI,AA
32705,1,14578172,19343,44.00090350931231,"[""who's"", 'in', 'there']","['pro:int', 'prep', 'n']",CLI,QN
32705,1,14578179,19343,44.00090350931231,"['Mickey_Mouse', 'in', 'there']","['n:prop', 'prep', 'n']",CHI,SA
32705,1,14578192,19343,44.00090350931231,"['and', ""what's"", 'Mickey_Mouse', 'doing']","['coord', 'pro:int', 'n:prop', 'part']",CLI,QN
32705,1,14578201,19343,44.00090350931231,"[""he's"", 'out']","['pro:sub', 'adv']",CHI,SA
32705,1,14578210,19343,44.00090350931231,"[""he's"", 'out', 'now']","['pro:sub', 'adv', 'adv']",CLI,AP
32705,1,14578219,19343,44.00090350931231,"['I', 'get', 'finger', 'off']","['pro:sub', 'v', 'n', 'adv']",CHI,SI
32705,1,14578228,19343,44.00090350931231,"['okay', ""what's"", 'Mickey_Mouse', 'doing', 'there']","['co', 'pro:int', 'n:prop', 'part', 'adv']",CLI,QN
32705,1,14578236,19343,44.00090350931231,"[""he's"", 'up']","['pro:sub', 'adv']",CHI,SA
32705,1,14578244,19343,44.00090350931231,"['now', ""where's"", 'he']","['adv', 'pro:rel', 'pro:sub']",CLI,QN
32705,1,14578254,19343,44.00090350931231,"['open', 'it']","['v', 'pro:per']",CHI,RP
32705,1,14578262,19343,44.00090350931231,"['open', 'it']","['v', 'pro:per']",CHI,RP
32705,1,14578270,19343,44.00090350931231,"['Mickey_Mouse', 'goes', 'down']","['n:prop', 'v', 'adv']",CLI,ST
32705,1,14578280,19343,44.00090350931231,"['pops', 'up']","['n', 'adv']",CLI,ST
32705,1,14578289,19343,44.00090350931231,"[""what's"", 'he', 'gonna', 'do']","['pro:int', 'pro:sub', 'part', 'v']",CLI,QN
32705,1,14578299,19343,44.00090350931231,"[""he's"", 'pop', 'up']","['pro:sub', 'v', 'adv']",CHI,SA
32706,1,14576975,19343,44.00090350931231,"['sit', 'this', 'right', 'there']","['v', 'det:dem', 'adv', 'adv']",CHI,RP
32706,1,14576983,19343,44.00090350931231,['okay'],['co'],CLI,AD
32706,1,14576990,19343,44.00090350931231,"[""that's"", 'another', 'chair']","['pro:dem', 'qn', 'n']",CHI,ST
32706,1,14576998,19343,44.00090350931231,"['what', 'color', 'is', 'that', 'chair']","['pro:int', 'n', 'cop', 'comp', 'n']",CLI,QN
32706,1,14577003,19343,44.00090350931231,"['red', 'chair']","['adj', 'n']",CHI,SA
32706,1,14577012,19343,44.00090350931231,"[""that's"", 'a', 'red', 'chair']","['pro:dem', 'det:art', 'adj', 'n']",CLI,CT
32706,1,14577018,19343,44.00090350931231,"[""that's"", 'another', 'table']","['pro:dem', 'qn', 'n']",CHI,AP
32706,1,14577025,19343,44.00090350931231,"[""what's"", 'that', 'table', 'have', 'on', 'it']","['pro:int', 'det:dem', 'n', 'v', 'prep', 'pro:per']",CLI,QN
32706,1,14577033,19343,44.00090350931231,['games'],['n'],CHI,SA
32706,1,14577039,19343,44.00090350931231,"['right', 'Doug', 'has', 'the', 'table', 'with', 'games']","['adv', 'n:prop', 'v', 'det:art', 'n', 'prep', 'n']",CLI,ST
32706,1,14577047,19343,44.00090350931231,"[""that's"", 'goes', 'there']","['pro:dem', 'v', 'adv']",CHI,ST
32706,1,14577052,19343,44.00090350931231,"['Doug', 'put', 'the', 'table', 'down']","['n:prop', 'v', 'det:art', 'n', 'adv']",CLI,RP
32706,1,14577060,19343,44.00090350931231,"['xxx', 'that', 'xxx', 'there']","['', 'comp', '', 'adv']",CHI,YY
32706,1,14577068,19343,44.00090350931231,"['Doug', 'what', 'color', 'is', ""Caroline's"", 'sweater']","['n:prop', 'pro:int', 'n', 'cop', 'adj', 'n']",CLI,QN
32706,1,14577079,19343,44.00090350931231,"['white', 'sweater']","['adj', 'n']",CHI,SA
32706,1,14577087,19343,44.00090350931231,"['who', 'has', 'on', 'a', 'white', 'sweater']","['pro:rel', 'aux', 'prep', 'det:art', 'adj', 'n']",CLI,QN
32706,1,14577100,19343,44.00090350931231,"['Doug', 'have', 'got', 'blue', 'seda', 'sweater']","['n:prop', 'aux', 'part', 'adj', '', 'n']",CHI,SA
32706,1,14577113,19343,44.00090350931231,"[""that's"", 'right', 'Doug', 'has', 'on', 'a', 'blue', 'sweater']","['pro:dem', 'adv', 'n:prop', 'aux', 'prep', 'det:art', 'adj', 'n']",CLI,AP
32706,1,14577122,19343,44.00090350931231,"['who', 'has', 'on', 'a', 'white', 'sweater']","['pro:rel', 'aux', 'prep', 'det:art', 'adj', 'n']",CLI,QN
32706,1,14577131,19343,44.00090350931231,"['Caroline', 'got', 'nice', 'white', 'sweater']","['n:prop', 'v', 'adj', 'adj', 'n']",CHI,SA
32706,1,14577139,19343,44.00090350931231,"['a', 'nice', 'white', 'sweater']","['det:art', 'adj', 'adj', 'n']",CLI,AP
32706,1,14577146,19343,44.00090350931231,"[""Doug's"", 'swinging', 'the', 'boys']","['n:prop', 'part', 'det:art', 'n']",CLI,DP
32706,1,14577150,19343,44.00090350931231,"['careful', 'they', ""don't"", 'tip', 'over']","['co', 'pro:sub', 'mod', 'v', 'adv']",CLI,PF
32706,1,14577157,19343,44.00090350931231,"['those', 'get', 'tipped', 'over']","['pro:dem', 'v', 'part', 'adv']",CHI,RP
32706,1,14577164,19343,44.00090350931231,"['those', 'go']","['pro:dem', 'v']",CHI,RP
32706,1,14577171,19343,44.00090350931231,"['what', 'happened']","['pro:int', 'v']",CLI,QN
32706,1,14577180,19343,44.00090350931231,"['xxx', 'broke']","['', 'adj']",CHI,SA
32706,1,14577190,19343,44.00090350931231,"['that', ""didn't"", 'break']","['comp', 'mod', 'v']",CLI,AP
32706,1,14577224,19343,44.00090350931231,"['they', 'fell', 'out']","['pro:sub', 'v', 'adv']",CLI,ST
32706,1,14577229,19343,44.00090350931231,"['they', 'went', 'too', 'high']","['pro:sub', 'v', 'adv', 'adj']",CLI,ST
32706,1,14577235,19343,44.00090350931231,"['they', 'swing', 'too', 'high', 'and', 'fall', 'out']","['pro:sub', 'v', 'adv', 'adj', 'coord', 'v', 'adv']",CLI,ST
32706,1,14577238,19343,44.00090350931231,"['no', 'more', 'boys', 'in', 'swings']","['qn', 'qn', 'n', 'prep', 'n']",CLI,ST
32706,1,14577246,19343,44.00090350931231,"['nice', 'boy']","['adj', 'n']",CHI,ST
32706,1,14577251,19343,44.00090350931231,"['do', 'the', ""boy's"", 'wanna', 'swing', 'some', 'more']","['v', 'det:art', 'n', 'v', 'v', 'qn', 'pro:indef']",CLI,RP
32706,1,14577259,19343,44.00090350931231,['yes'],['co'],CHI,AD
32706,1,14577266,19343,44.00090350931231,"['they', ""can't"", 'swing', 'too', 'high']","['pro:sub', 'mod', 'v', 'adv', 'adj']",CLI,ST
32706,1,14577272,19343,44.00090350931231,"['they', 'swing', 'low']","['pro:sub', 'n', 'n']",CHI,RT
32706,1,14577278,19343,44.00090350931231,"['if', 'they', 'swing', 'low', ""they'll"", 'be', 'okay']","['conj', 'pro:sub', 'n', 'adj', 'pro:sub', 'cop', 'adj']",CLI,AP
32706,1,14577285,19343,44.00090350931231,"['put', 'these', 'there']","['v', 'pro:dem', 'adv']",CHI,YY
32706,1,14577291,19343,44.00090350931231,"['what', 'does', 'the', 'snow+mobile', 'do']","['pro:int', 'v', 'det:art', '', 'v']",CLI,QN
32706,1,14577297,19343,44.00090350931231,"['another', 'snow+mobile']","['qn', '']",CHI,
32706,1,14577303,19343,44.00090350931231,"['goes', 'push', 'in', 'dirt']","['v', 'n', 'prep', 'n']",CHI,SI
32706,1,14577308,19343,44.00090350931231,"['it', 'goes', 'in', 'the', 'snow']","['pro:per', 'v', 'adv', 'det:art', 'n']",CLI,SI
32706,1,14577315,19343,44.00090350931231,"['it', 'goes', 'in', 'the', 'snow', 'when', 'the', 'cars', ""can't"", 'get', 'it']","['pro:per', 'v', 'adv', 'det:art', 'n', 'conj', 'det:art', 'n', 'mod', 'v', 'pro:per']",CLI,SI
32706,1,14577321,19343,44.00090350931231,"['when', 'cars', 'get', 'stuck', 'you', 'use', 'your', 'snow+mobile']","['pro:int', 'n', 'v', 'v', 'pro:per', 'v', 'det:poss', '']",CLI,RP
32706,1,14577326,19343,44.00090350931231,"['king', 'fff', 'Freddie', 'that', 'King_Freddie']","['n', '', 'n:prop', 'pro:rel', 'n:prop']",CHI,DP
32706,1,14577330,19343,44.00090350931231,"['who', 'is', 'that']","['pro:int', 'cop', 'pro:dem']",CLI,QN
32706,1,14577333,19343,44.00090350931231,['King_Freddie'],['n:prop'],CHI,SA
32706,1,14577337,19343,44.00090350931231,"[""King_Freddie's"", 'in', 'the', 'snow+mobile']","['n:prop', 'prep', 'det:art', '']",CLI,SA
32706,1,14577341,19343,44.00090350931231,"['and', 'who', 'is', 'with', 'him']","['coord', 'pro:int', 'cop', 'prep', 'pro:obj']",CLI,QN
32706,1,14577343,19343,44.00090350931231,"['mommy', 'driving']","['n', 'part']",CHI,SA
32706,1,14577347,19343,44.00090350931231,"['are', 'they', 'gonna', 'go', 'to', 'the', 'garage']","['cop', 'pro:sub', 'part', 'v', 'prep', 'det:art', 'n']",CLI,AP
32706,1,14577352,19343,44.00090350931231,"['goes', 'up', 'down']","['v', 'prep', 'adv']",CHI,SI
32706,1,14577358,19343,44.00090350931231,"['they', 'probably', 'need', 'more', 'gas']","['pro:sub', 'adv', 'v', 'qn', 'n']",CLI,ST
32706,1,14577364,19343,44.00090350931231,"['take', 'them', 'over', 'and', 'give', 'them', 'gas']","['v', 'pro:obj', 'adv', 'coord', 'v', 'pro:obj', 'n']",CLI,RP
32706,1,14577373,19343,44.00090350931231,['hole'],['n'],CHI,YY
32706,1,14577379,19343,44.00090350931231,"['got', 'that', 'big', 'hole']","['v', 'det:dem', 'adj', 'n']",CHI,ST
32706,1,14577385,19343,44.00090350931231,"[""where's"", 'the', 'hole']","['pro:int', 'det:art', 'n']",CLI,QN
32706,1,14577388,19343,44.00090350931231,"['on', 'there']","['prep', 'n']",CHI,SA
32706,1,14577395,19343,44.00090350931231,['xxx'],[''],CHI,YY
32706,1,14577400,19343,44.00090350931231,"[""Doug's"", 'gonna', 'hit', 'the', 'chair']","['adj', 'part', 'v', 'det:art', 'n']",CLI,RP
32706,1,14577409,19343,44.00090350931231,['no'],['co'],CHI,RD
32706,1,14577417,19343,44.00090350931231,"[""Doug's"", 'gonna', 'to', 'get', 'gas']","['adj', 'part', 'inf', 'v', 'n']",CLI,GR
32706,1,14577427,19343,44.00090350931231,"['you', 'go', 'get', 'gas']","['pro:per', 'v', 'v', 'n']",CLI,RP
32706,1,14577435,19343,44.00090350931231,"['what', 'did', 'you', 'do']","['pro:int', 'mod', 'pro:per', 'v']",CLI,QN
32706,1,14577442,19343,44.00090350931231,"['filled', 'up', 'gas']","['v', 'adv', 'n']",CHI,SA
32706,1,14577451,19343,44.00090350931231,"['filled', 'up', 'the', 'gas']","['v', 'prep', 'det:art', 'n']",CLI,AP
32706,1,14577460,19343,44.00090350931231,"['that', 'chair', 'all', 'done']","['det:dem', 'n', 'adv', 'part']",CHI,DC
32706,1,14577470,19343,44.00090350931231,"['now', 'they', 'can', 'go']","['adv', 'pro:sub', 'mod', 'v']",CLI,RP
32706,1,14577478,19343,44.00090350931231,"['chairs', 'goes', 'there']","['n', 'v', 'adv']",CHI,ST
32706,1,14577488,19343,44.00090350931231,"['chair', 'goes', 'at', 'the', 'table']","['n', 'v', 'prep', 'det:art', 'n']",CLI,ST
32706,1,14577498,19343,44.00090350931231,"['no', 'snow+mobile', 'in', 'park']","['qn', '', 'prep', 'n']",CHI,DW
32706,1,14577506,19343,44.00090350931231,"[""they're"", 'going', 'to', 'the', 'park', 'in', 'the', 'snow+mobile']","['pro:sub', 'part', 'prep', 'det:art', 'n', 'prep', 'det:art', '']",CLI,CT
32706,1,14577517,19343,44.00090350931231,['snow+mobile'],[''],CHI,RT
32706,1,14577521,19343,44.00090350931231,"[""that's"", 'rocking', 'chair']","['pro:rel', 'part', 'n']",CHI,ST
32706,1,14577528,19343,44.00090350931231,"['what', 'do', 'you', 'do', 'in', 'the', 'rocking', 'chair']","['pro:int', 'mod', 'pro:per', 'v', 'prep', 'det:art', 'n:gerund', 'n']",CLI,QN
32706,1,14577533,19343,44.00090350931231,"['sits', 'in', 'there']","['v', 'prep', 'n']",CHI,SA
32706,1,14577539,19343,44.00090350931231,"['king', ""what's"", 'his', 'name']","['n', 'pro:int', 'det:poss', 'n']",CLI,QN
32706,1,14577545,19343,44.00090350931231,['King_Freddie'],['n:prop'],CHI,SA
32706,1,14577552,19343,44.00090350931231,"[""King_Freddie's"", 'sitting', 'in', 'the', 'rocking', 'chair']","['n:prop', 'part', 'prep', 'det:art', 'n:gerund', 'n']",CLI,DW
32706,1,14577561,19343,44.00090350931231,"['he', 'wa', 'get', 'up']","['pro:sub', '', 'v', 'adv']",CHI,SI
32706,1,14577570,19343,44.00090350931231,"['tipped', 'over', 'him']","['v', 'prep', 'pro:obj']",CHI,SI
32706,1,14577579,19343,44.00090350931231,"['King_Freddie', 'likes', 'oh', 'he', 'must', 'not', 'like', 'the', 'rocking', 'chair']","['n:prop', 'v', 'co', 'pro:sub', 'mod', 'neg', 'prep', 'det:art', 'n:gerund', 'n']",CLI,ST
32706,1,14577586,19343,44.00090350931231,"['he', 'falls', 'out']","['pro:sub', 'v', 'adv']",CLI,ST
32706,1,14577594,19343,44.00090350931231,"[""he's"", 'too', 'big', 'for', 'it']","['pro:sub', 'adv', 'adj', 'prep', 'pro:per']",CLI,ST
32706,1,14577602,19343,44.00090350931231,"['that', ""King_Freddie's"", 'chair']","['pro:dem', 'adj', 'n']",CHI,ST
32706,1,14577608,19343,44.00090350931231,"['oh', ""that's"", ""King_Freddie's"", 'chair']","['co', 'pro:dem', 'adj', 'n']",CLI,AP
32706,1,14577618,19343,44.00090350931231,"['whose', 'chair', 'is', 'this']","['pro:rel', 'n', 'cop', 'pro:dem']",CLI,QN
32706,1,14577630,19343,44.00090350931231,"[""mommy's"", 'chair']","['adj', 'n']",CHI,SA
32706,1,14577638,19343,44.00090350931231,"['put', 'mommy', 'in', 'the', 'chair']","['v', 'n', 'prep', 'det:art', 'n']",CLI,RP
32706,1,14577645,19343,44.00090350931231,"['mommy', 'gets', 'up']","['n', 'v', 'adv']",CHI,RP
32706,1,14577674,19343,44.00090350931231,"['mommy', 'fell', 'down', 'too']","['n', 'v', 'adv', 'adv']",CLI,RP
32706,1,14577684,19343,44.00090350931231,"['mommy', 'gets', 'in', 'back']","['n', 'v', 'prep', 'n']",CHI,RP
32706,1,14577696,19343,44.00090350931231,"['chair', 'tipped', 'over']","['n', 'v', 'adv']",CHI,RP
32706,1,14577703,19343,44.00090350931231,"['xxx', 'sits', 'in']","['', 'v', 'adv']",CHI,RP
32706,1,14577712,19343,44.00090350931231,"['what', 'are', 'they', 'gonna', 'do']","['pro:int', 'cop', 'pro:sub', 'part', 'v']",CLI,QN
32706,1,14577722,19343,44.00090350931231,"['gets', 'out']","['v', 'adv']",CHI,SA
32706,1,14577730,19343,44.00090350931231,"['gets', 'out_of', 'what']","['v', 'prep', 'pro:int']",CLI,QN
32706,1,14577738,19343,44.00090350931231,['swing'],['n'],CHI,SA
32706,1,14577746,19343,44.00090350931231,"['he', 'gets', 'out_of', 'the', 'swing', 'and', 'does', 'what']","['pro:sub', 'v', 'prep', 'det:art', 'n', 'coord', 'mod', 'pro:int']",CLI,QN
32706,1,14577757,19343,44.00090350931231,['what'],['pro:int'],CLI,QN
32706,1,14577765,19343,44.00090350931231,"['what', 'is', 'he', 'doing']","['pro:int', 'cop', 'pro:sub', 'part']",CLI,QN
32706,1,14577774,19343,44.00090350931231,"['tell', 'me', 'what', 'happened']","['v', 'pro:obj', 'pro:int', 'v']",CLI,QN
32706,1,14577782,19343,44.00090350931231,"['gets', 'in', 'there']","['v', 'prep', 'n']",CHI,SA
32706,1,14577790,19343,44.00090350931231,"[""he's"", 'drop']","['pro:sub', 'n']",CHI,ST
32706,1,14577798,19343,44.00090350931231,"[""he's"", 'gets', 'in', 'there']","['pro:sub', 'aux', 'prep', 'n']",CHI,ST
32706,1,14577809,19343,44.00090350931231,"['Cookie_Monster', 'get', 'in', 'snowman']","['n:prop', 'v', 'prep', '']",CHI,SI
32706,1,14577821,19343,44.00090350931231,"['build', 'man', 'snowman']","['v', 'n', '']",CHI,SI
32706,1,14577833,19343,44.00090350931231,"[""they're"", 'gonna', 'build', 'a', 'snowman']","['pro:sub', 'part', 'v', 'det:art', '']",CLI,DP
32706,1,14577844,19343,44.00090350931231,"['xxx', 'hook']","['', 'n']",CHI,YD
32706,1,14577852,19343,44.00090350931231,"['what', 'should', 'we', 'put', 'on', 'the', 'hook']","['pro:int', 'mod', 'pro:sub', 'v', 'prep', 'det:art', 'n']",CLI,QN
32706,1,14577863,19343,44.00090350931231,"['what', 'do', 'we', 'hafta', 'go', 'on', 'the', 'hook']","['pro:int', 'mod', 'pro:sub', 'mod', 'v', 'prep', 'det:art', 'n']",CLI,QN
32706,1,14577874,19343,44.00090350931231,"[""that's"", 'lock']","['pro:dem', 'n']",CHI,SA
32706,1,14577883,19343,44.00090350931231,"['does', 'the', 'bed', 'go', 'on', 'the', 'hook']","['mod', 'det:art', 'n', 'v', 'prep', 'det:art', 'n']",CLI,YQ
32706,1,14577894,19343,44.00090350931231,['no'],['co'],CHI,AN
32706,1,14577903,19343,44.00090350931231,"['xxx', 'cookie']","['', 'n']",CHI,SI
32706,1,14577912,19343,44.00090350931231,"['Cookie_Monster', 'go', 'down', 'slide']","['n:prop', 'v', 'adv', 'n']",CHI,SI
32706,1,14577921,19343,44.00090350931231,['down'],['adv'],CHI,YY
32706,1,14577928,19343,44.00090350931231,"[""he's"", 'go', 'up', 'or', 'down']","['pro:sub', 'v', 'adv', 'coord', 'adv']",CHI,ST
32706,1,14577938,19343,44.00090350931231,['right'],['co'],CLI,AP
32706,1,14577947,19343,44.00090350931231,"['got', 'that', 'big', 'ladder']","['v', 'det:dem', 'adj', 'n']",CHI,ST
32706,1,14577954,19343,44.00090350931231,"[""here's"", 'the', 'ladder']","['pro:exist', 'det:art', 'n']",CLI,AP
32706,1,14577962,19343,44.00090350931231,"['what', 'are', 'you', 'going', 'to', 'do', 'with', 'the', 'ladder']","['pro:int', 'aux', 'pro:per', 'part', 'inf', 'v', 'prep', 'det:art', 'n']",CLI,QN
32706,1,14577968,19343,44.00090350931231,"['Cookie_Monster', 'climb', 'up', 'ladder', 'go', 'down']","['n:prop', 'v', 'adv', 'n', 'v', 'adv']",CHI,RP
32706,1,14577975,19343,44.00090350931231,['okay'],['co'],CLI,AD
32706,1,14577985,19343,44.00090350931231,"['sit', 'this', 'here']","['v', 'det:dem', 'adv']",CHI,RP
32706,1,14577996,19343,44.00090350931231,"[""Cookie_Monster's"", 'going', 'up', 'slide']","['n:prop', 'part', 'adv', 'n']",CLI,ST
32706,1,14578002,19343,44.00090350931231,"[""he's"", 'going', 'down', 'the', 'slide']","['pro:sub', 'part', 'prep', 'det:art', 'n']",CLI,ST
32706,1,14578008,19343,44.00090350931231,"['is', 'he', 'gonna', 'fall']","['cop', 'pro:sub', 'part', 'v']",CLI,YQ
32706,1,14578013,19343,44.00090350931231,['no'],['co'],CHI,AN
32706,1,14578019,19343,44.00090350931231,"[""he's"", 'go', 'down', 'slide']","['pro:sub', 'v', 'adv', 'n']",CHI,ST
32706,1,14578026,19343,44.00090350931231,"['he', 'hasta', 'be', 'careful']","['pro:sub', 'mod', 'aux', 'co']",CLI,WD
32706,1,14578034,19343,44.00090350931231,"[""he's"", 'going', 'down']","['pro:sub', 'part', 'adv']",CHI,YY
32706,1,14578039,19343,44.00090350931231,"['that', 'one']","['det:dem', 'pro:indef']",CHI,YY
32706,1,14578046,19343,44.00090350931231,"['look', 'at', 'them']","['v', 'prep', 'pro:obj']",CLI,RP
32706,1,14578053,19343,44.00090350931231,"[""they're"", 'all', 'on', 'the', 'slide']","['pro:sub', 'adv', 'prep', 'det:art', 'n']",CLI,ST
32706,1,14578058,19343,44.00090350931231,"['everybody', 'is', 'on', 'the', 'slide']","['pro:indef', 'cop', 'prep', 'det:art', 'n']",CLI,ST
32706,1,14578064,19343,44.00090350931231,"['a', 'King_Freddie']","['det:art', 'n:prop']",CHI,YY
32706,1,14578070,19343,44.00090350931231,"['is', 'he', 'gonna', 'push', 'them']","['cop', 'pro:sub', 'part', 'v', 'pro:obj']",CLI,RP
32706,1,14578078,19343,44.00090350931231,['no'],['co'],CHI,RD
32706,1,14578086,19343,44.00090350931231,"['is', 'he', 'just', 'gonna', 'sit', 'there']","['cop', 'pro:sub', 'adv', 'part', 'v', 'adv']",CLI,YQ
32706,1,14578096,19343,44.00090350931231,['yes'],['co'],CHI,AA
32706,1,14578106,19343,44.00090350931231,"[""that's"", 'slide']","['pro:dem', 'n']",CHI,ST
32706,1,14578113,19343,44.00090350931231,"[""let's"", 'put', 'the', 'toys', 'away', 'and', 'see', 'what', 'else', 'we', 'hafta', 'play', 'with']","['v', 'v', 'det:art', 'n', 'adv', 'coord', 'v', 'pro:int', 'post', 'pro:sub', 'mod', 'v', 'prep']",CLI,RP
32706,1,14578121,19343,44.00090350931231,"[""car's""]",['n'],CHI,YY
32706,1,14578126,19343,44.00090350931231,"[""let's"", 'put', 'these', 'away', 'and', 'see', 'if', 'we', 'can', 'find', 'the', 'cars']","['v', 'v', 'pro:dem', 'adv', 'coord', 'v', 'conj', 'pro:sub', 'mod', 'v', 'det:art', 'n']",CLI,RP
32706,1,14578144,19343,44.00090350931231,"['two', 'cars']","['det:num', 'n']",CHI,RT
32706,1,14578152,19343,44.00090350931231,"[""what's"", 'Doug', 'doing']","['pro:int', 'n:prop', 'part']",CLI,QN
32706,1,14578161,19343,44.00090350931231,"[""that's"", 'snow+mobile']","['pro:dem', '']",CHI,SA
32706,1,14578170,19343,44.00090350931231,"[""Doug's"", 'putting', 'away', 'the', 'toys']","['n:prop', 'part', 'adv', 'det:art', 'n']",CLI,CT
32706,1,14578183,19343,44.00090350931231,"['my', 'toys']","['det:poss', 'n']",CHI,RT
32706,1,14578190,19343,44.00090350931231,"['put', 'away', 'all', 'the', 'toys']","['v', 'adv', 'qn', 'det:art', 'n']",CLI,RP
32706,1,14578198,19343,44.00090350931231,"['put', 'cover', 'on']","['v', 'n', 'adv']",CHI,RP
32706,1,14578207,19343,44.00090350931231,"['okay', 'you', 'can', 'put', 'the', 'cover', 'on']","['co', 'pro:per', 'mod', 'v', 'det:art', 'n', 'adv']",CLI,RP
32706,1,14578216,19343,44.00090350931231,"['go', 'find', 'car']","['v', 'v', 'n']",CHI,RP
32706,1,14578227,19343,44.00090350931231,"[""who's"", 'gonna', 'find', 'the', 'cars']","['pro:int', 'part', 'v', 'det:art', 'n']",CLI,QN
32706,1,14578234,19343,44.00090350931231,"['I', 'find', 'car']","['pro:sub', 'v', 'n']",CHI,SA
32706,1,14578243,19343,44.00090350931231,"['cars', 'out', 'there']","['n', 'prep', 'n']",CHI,SA
32706,1,14578255,19343,44.00090350931231,"['wanna', 'play', 'with', 'smurf']","['v', 'v', 'prep', 'n']",CLI,RQ
32706,1,14578265,19343,44.00090350931231,['yeah'],['co'],CHI,AD
32706,1,14578274,19343,44.00090350931231,"['okay', ""we'll"", 'bring', 'smurf', 'in', 'there']","['co', 'pro:sub', 'v', 'n', 'prep', 'n']",CLI,PR
32706,1,14578286,19343,44.00090350931231,"['that', 'smurf']","['det:dem', 'n']",CHI,RT
32706,1,14578295,19343,44.00090350931231,"['bring', 'it', 'in', 'there']","['v', 'pro:per', 'prep', 'n']",CHI,RP
32706,1,14578307,19343,44.00090350931231,"['set', 'that', 'right', 'there']","['v', 'pro:dem', 'adv', 'adv']",CHI,RP
32706,1,14578318,19343,44.00090350931231,"['okay', ""we'll"", 'put', 'him', 'over', 'there', 'on', 'the', 'wall']","['co', 'pro:sub', 'v', 'pro:obj', 'prep', 'n', 'prep', 'det:art', 'n']",CLI,RP
32706,1,14578329,19343,44.00090350931231,"['then', 'I', 'hafta']","['adv:tem', 'pro:sub', 'mod']",CLI,MK
32706,1,14578337,19343,44.00090350931231,"['go', 'find', 'car']","['v', 'v', 'n']",CHI,RP
32706,1,14578346,19343,44.00090350931231,"[""we're"", 'gonna', 'play', 'with', 'the', 'beanbags']","['pro:sub', 'part', 'v', 'prep', 'det:art', '']",CLI,RP
32706,1,14578355,19343,44.00090350931231,"['do', 'you', 'know', 'how', 'to', 'play', 'with', 'beanbags']","['mod', 'pro:per', 'v', 'pro:int', 'inf', 'v', 'prep', '']",CLI,QN
32706,1,14578364,19343,44.00090350931231,['smurf'],['n'],CHI,SA
32706,1,14578373,19343,44.00090350931231,"['come', 'sit', 'down']","['v', 'v', 'adv']",CLI,RP
32706,1,14578382,19343,44.00090350931231,"['come', 'back', 'here']","['v', 'adv', 'adv']",CLI,RP
32706,1,14578390,19343,44.00090350931231,"['we', 'throw', 'it', 'through', 'the', 'hole']","['pro:sub', 'v', 'pro:per', 'prep', 'det:art', 'n']",CLI,RP
32706,1,14578400,19343,44.00090350931231,"['Darren', 'I', 'throw', 'at', 'hole']","['n:prop', 'pro:sub', 'v', 'prep', 'n']",CHI,RT
32706,1,14578416,19343,44.00090350931231,"['you', 'missed']","['pro:per', 'v']",CLI,ST
32706,1,14578424,19343,44.00090350931231,"['try', 'again']","['v', 'adv']",CLI,RP
32706,1,14578432,19343,44.00090350931231,"['get', 'a', 'little', 'closer']","['v', 'det:art', 'adj', 'adj']",CLI,RP
32706,1,14578440,19343,44.00090350931231,"['I', 'want', 'this', 'one']","['pro:sub', 'v', 'det:dem', 'pro:indef']",CHI,ST
32706,1,14578456,19343,44.00090350931231,"['which', 'one', 'is', 'this']","['pro:rel', 'pro:indef', 'cop', 'pro:dem']",CLI,QN
32706,1,14578466,19343,44.00090350931231,"['black', 'one']","['n', 'pro:indef']",CHI,SA
32706,1,14578477,19343,44.00090350931231,"[""what's"", 'it', 'have', 'on', 'it']","['pro:int', 'pro:per', 'v', 'prep', 'pro:per']",CLI,QN
32706,1,14578488,19343,44.00090350931231,['flowers'],['n'],CHI,SA
32706,1,14578495,19343,44.00090350931231,"[""it's"", 'a', 'flowered', 'black', 'one']","['pro:per', 'det:art', 'part', 'n', 'pro:indef']",CLI,ST
32706,1,14578503,19343,44.00090350931231,"[""candy's"", 'in', 'here']","['n', 'prep', 'n']",CHI,ST
32706,1,14578510,19343,44.00090350931231,"[""there's"", 'beans', 'in', 'there']","['pro:exist', 'n', 'prep', 'n']",CLI,ST
32706,1,14578519,19343,44.00090350931231,"['can', 'you', 'feel', 'those', 'beans']","['mod', 'pro:per', 'v', 'det:dem', 'n']",CLI,RP
32706,1,14578527,19343,44.00090350931231,"[""that's"", 'why', ""it's"", 'called', 'a', 'beanbag']","['pro:dem', 'pro:int', 'pro:per', 'part', 'det:art', '']",CLI,ST
32706,1,14578535,19343,44.00090350931231,"['it', ""doesn't"", 'break', 'when', 'you', 'throw', 'it']","['pro:per', 'mod', 'n', 'conj', 'pro:per', 'v', 'pro:per']",CLI,ST
32706,1,14578539,19343,44.00090350931231,"[""that's"", 'so', 'you', 'can', 'throw', 'it', 'through', 'the', 'hole']","['pro:dem', 'conj', 'pro:per', 'mod', 'v', 'pro:per', 'prep', 'det:art', 'n']",CLI,ST
32706,1,14578549,19343,44.00090350931231,"['you', 'got', 'it']","['pro:per', 'v', 'pro:per']",CLI,ST
32706,1,14578557,19343,44.00090350931231,"['can', 'you', 'pick', 'it', 'up']","['mod', 'pro:per', 'v', 'pro:per', 'adv']",CLI,RP
32706,1,14578564,19343,44.00090350931231,"['bring', 'them', 'all', 'here']","['v', 'pro:obj', 'post', 'adv']",CLI,RP
32706,1,14578572,19343,44.00090350931231,"[""there's"", 'two', 'and', 'three']","['pro:exist', 'det:num', 'coord', 'det:num']",CLI,ST
32706,1,14578579,19343,44.00090350931231,"['wanna', 'try', 'it', 'again']","['v', 'v', 'pro:per', 'adv']",CLI,RQ
32706,1,14578586,19343,44.00090350931231,['yeah'],['co'],CHI,AD
32706,1,14578591,19343,44.00090350931231,"['which', 'one', 'do', 'you', 'want']","['pro:rel', 'det:num', 'v', 'pro:per', 'v']",CLI,QN
32706,1,14578603,19343,44.00090350931231,"['go', 'throw', 'those', 'holes']","['v', 'v', 'det:dem', 'n']",CHI,RP
32706,1,14578611,19343,44.00090350931231,"['which', 'one']","['pro:rel', 'pro:indef']",CLI,QN
32706,1,14578618,19343,44.00090350931231,['xxx'],[''],CHI,YY
32706,1,14578626,19343,44.00090350931231,"['you', 'tell', 'me', 'you', 'tell', 'me', 'tell', 'me', 'which', 'one']","['', '', '', '', '', '', 'v', 'pro:obj', 'pro:int', 'pro:indef']",CLI,RP
32706,1,14578633,19343,44.00090350931231,"['that', 'one', 'this', 'white', 'one']","['det:dem', 'pro:indef', 'det:dem', 'adj', 'pro:indef']",CHI,YQ
32706,1,14578641,19343,44.00090350931231,"['this', 'white', 'one']","['det:dem', 'adj', 'pro:indef']",CLI,YQ
32706,1,14578643,19343,44.00090350931231,['yes'],['co'],CHI,AA
32706,1,14578649,19343,44.00090350931231,"['what', 'color']","['pro:int', 'n']",CLI,QN
32706,1,14578655,19343,44.00090350931231,"['oh', 'one', 'two', 'three', 'four', 'five']","['co', 'det:num', 'det:num', 'det:num', 'det:num', 'det:num']",CHI,CN
32706,1,14578662,19343,44.00090350931231,"['it', 'has', 'a', 'blue', 'stripe']","['pro:per', 'aux', 'det:art', 'adj', 'n']",CLI,ST
32706,1,14578669,19343,44.00090350931231,"['throw', 'it', 'in', 'his', 'mouth']","['v', 'pro:per', 'prep', 'det:poss', 'n']",CLI,RP
32706,1,14578677,19343,44.00090350931231,"['see', 'if', 'you', 'can', 'hit', 'his', 'mouth']","['v', 'conj', 'pro:per', 'mod', 'v', 'det:poss', 'n']",CLI,RP
32706,1,14578685,19343,44.00090350931231,"['oh', 'you', 'got', 'his', 'ear']","['co', 'pro:per', 'v', 'det:poss', 'n']",CLI,ST
32706,1,14578695,19343,44.00090350931231,"[""that's"", 'close']","['pro:dem', 'adj']",CLI,ST
32706,1,14578704,19343,44.00090350931231,"['try', 'again', 'for', 'his', 'mouth']","['v', 'adv', 'prep', 'det:poss', 'n']",CLI,RP
32706,1,14578710,19343,44.00090350931231,"['can', 'Caroline', 'try']","['mod', 'n:prop', 'v']",CLI,RP
32706,1,14578719,19343,44.00090350931231,['yeah'],['co'],CHI,AD
32706,1,14578724,19343,44.00090350931231,"['tell', 'me', 'what', 'to', 'do']","['v', 'pro:obj', 'pro:int', 'inf', 'v']",CLI,RP
32706,1,14578736,19343,44.00090350931231,"['tell', 'me', 'what', 'to', 'do']","['v', 'pro:obj', 'pro:int', 'inf', 'v']",CLI,RP
32706,1,14578743,19343,44.00090350931231,"['put', 'that', 'get', 'his', 'mouth']","['part', 'adv', 'v', 'det:poss', 'n']",CHI,RP
32706,1,14578748,19343,44.00090350931231,['okay'],['co'],CLI,AD
32706,1,14578753,19343,44.00090350931231,"['on', 'this', 'one']","['prep', 'det:dem', 'pro:indef']",CHI,RP
32706,1,14578759,19343,44.00090350931231,"['say', 'throw', 'it', 'in', 'his', 'mouth']","['co', 'v', 'pro:per', 'prep', 'det:poss', 'n']",CLI,RP
32706,1,14578765,19343,44.00090350931231,"['throw', 'it', 'in', 'his', 'mouth']","['v', 'pro:per', 'prep', 'det:poss', 'n']",CHI,RP
32706,1,14578770,19343,44.00090350931231,"['then', 'throw', 'his', 'mouth']","['adv:tem', 'v', 'det:poss', 'n']",CHI,RP
32706,1,14578774,19343,44.00090350931231,"['good', 'try', 'for', 'an', 'ear']","['adj', 'v', 'prep', 'det:art', 'n']",CLI,RP
32706,1,14578780,19343,44.00090350931231,"[""you're"", 'making', 'it', 'easy']","['pro:per', 'part', 'pro:per', 'adj']",CLI,RP
32706,1,14578786,19343,44.00090350931231,"[""you're"", 'sposta', 'sit', 'back', 'here']","['pro:per', 'part', 'v', 'adv', 'adv']",CLI,RP
32706,1,14578791,19343,44.00090350931231,"['I', 'want', 'beanbag']","['pro:sub', 'v', '']",CHI,ST
32706,1,14578797,19343,44.00090350931231,"['which', 'beanbag']","['pro:rel', '']",CLI,AP
32706,1,14578802,19343,44.00090350931231,"['I', 'want', 'this', 'white', 'one']","['pro:sub', 'v', 'det:dem', 'adj', 'pro:indef']",CHI,ST
32706,1,14578805,19343,44.00090350931231,"['in', 'there', 'in', 'his', 'mouth']","['prep', 'n', 'prep', 'det:poss', 'n']",CHI,ST
32706,1,14578842,19343,44.00090350931231,"['where', 'are', 'you', 'gonna', 'throw', 'it']","['pro:int', 'aux', 'pro:per', 'part', 'v', 'pro:per']",CLI,QN
32706,1,14578877,19343,44.00090350931231,"['you', 'might', 'wanna', 'get', 'a', 'little', 'closer']","['pro:per', 'mod', 'v', 'v', 'det:art', 'adj', 'adj']",CLI,SA
32706,1,14578883,19343,44.00090350931231,"['get', 'closer']","['v', 'adj']",CLI,EC
32706,1,14578887,19343,44.00090350931231,"['get', 'close']","['v', 'adj']",CHI,SC
32706,1,14578891,19343,44.00090350931231,"['not', 'that', 'close']","['neg', 'pro:rel', 'v']",CLI,AP
32706,1,14578904,19343,44.00090350931231,"['you', ""can't"", 'put', 'it', 'in']","['pro:per', 'mod', 'v', 'pro:per', 'adv']",CLI,RP
32706,1,14578918,19343,44.00090350931231,"['you', 'hafta', 'throw', 'it']","['pro:per', 'mod', 'v', 'pro:per']",CLI,RP
32706,1,14578923,19343,44.00090350931231,"[""he's"", 'eating', 'it']","['pro:sub', 'part', 'pro:per']",CHI,ST
32706,1,14578930,19343,44.00090350931231,"['is', 'that', 'what', ""he's"", 'eating', 'for', 'breakfast']","['cop', 'pro:dem', 'pro:int', 'pro:sub', 'part', 'prep', 'n']",CLI,QN
32706,1,14578935,19343,44.00090350931231,['cereal'],['n'],CHI,SA
32706,1,14578938,19343,44.00090350931231,"['did', 'you', 'have', 'cereal']","['mod', 'pro:per', 'v', 'n']",CLI,AP
32706,1,14578943,19343,44.00090350931231,['home'],['adv'],CHI,YY
32706,1,14578946,19343,44.00090350931231,"['what', 'kind', 'of', 'cereal']","['pro:int', 'n', 'prep', 'n']",CLI,QN
32706,1,14578958,19343,44.00090350931231,['Cheetos'],['n:prop'],CHI,SA
32706,1,14578977,19343,44.00090350931231,"['Cheetos', ""that's"", 'not', 'cereal']","['n:prop', 'pro:dem', 'neg', 'n']",CLI,DW
32706,1,14578981,19343,44.00090350931231,['Cheerios'],['n:prop'],CLI,TX
32706,1,14578985,19343,44.00090350931231,['Cheerios'],['n:prop'],CLI,TX
32706,1,14578988,19343,44.00090350931231,['yeah'],['co'],CHI,AC
32706,1,14578992,19343,44.00090350931231,"['want', 'this', 'white', 'one']","['v', 'det:dem', 'adj', 'pro:indef']",CHI,ST
32706,1,14578995,19343,44.00090350931231,"['where', 'are', 'you', 'going', 'to', 'put', 'this', 'one']","['pro:int', 'aux', 'pro:per', 'part', 'inf', 'v', 'pro:dem', 'pro:indef']",CLI,QN
32707,1,14576821,19343,44.00090350931231,"['find', 'them']","['v', 'pro:obj']",CLI,RP
32707,1,14576832,19343,44.00090350931231,"['dump', 'them']","['v', 'pro:obj']",CHI,RT
32707,1,14576844,19343,44.00090350931231,['xxx'],[''],CHI,YY
32707,1,14576853,19343,44.00090350931231,"['xxx', 'blocks']","['', 'n']",CHI,YY
32707,1,14576865,19343,44.00090350931231,"['xxx', 'xxx', 'blocks']","['', '', 'n']",CHI,YY
32707,1,14576879,19343,44.00090350931231,"['what', 'do', 'you', 'have', 'there']","['pro:int', 'mod', 'pro:per', 'v', 'adv']",CLI,QN
32707,1,14576892,19343,44.00090350931231,"['xxx', 'blocks']","['', 'n']",CHI,SA
32707,1,14576901,19343,44.00090350931231,"['what', 'are', 'you', 'gonna', 'build', 'Doug']","['pro:int', 'aux', 'pro:per', 'part', 'v', 'n:prop']",CLI,QN
32707,1,14576911,19343,44.00090350931231,"[""Caroline's"", 'gonna', 'build', 'a', 'house']","['adj', 'part', 'v', 'det:art', 'n']",CLI,SA
32707,1,14576935,19343,44.00090350931231,['yeah'],['co'],CHI,AC
32707,1,14576949,19343,44.00090350931231,"['cars', 'in', 'there']","['n', 'prep', 'n']",CHI,ST
32707,1,14576958,19343,44.00090350931231,"['sure', ""there's"", 'cars', 'in', 'there']","['co', 'pro:exist', 'n', 'prep', 'n']",CLI,AP
32707,1,14576969,19343,44.00090350931231,"[""there's"", 'beanbags', 'in', 'there']","['pro:exist', '', 'prep', 'n']",CLI,ST
32707,1,14576977,19343,44.00090350931231,['xxx'],[''],CHI,YY
32707,1,14576987,19343,44.00090350931231,"['we', 'hafta', 'build', 'something', 'for', 'the', 'cars']","['pro:sub', 'mod', 'v', 'pro:indef', 'prep', 'det:art', 'n']",CLI,ST
32707,1,14576997,19343,44.00090350931231,"['want', 'more']","['v', 'adv']",CHI,RP
32707,1,14577004,19343,44.00090350931231,"['more', 'what']","['adv', 'pro:int']",CLI,QN
32707,1,14577015,19343,44.00090350931231,"['I', 'want', 'more', 'M_and_ms']","['pro:sub', 'v', 'adv', 'n:prop']",CHI,SA
32707,1,14577026,19343,44.00090350931231,"[""let's"", 'build', 'something', 'for', 'the', 'cars']","['v', 'v', 'pro:indef', 'prep', 'det:art', 'n']",CLI,RP
32707,1,14577037,19343,44.00090350931231,"['what', 'should', 'we', 'build']","['pro:int', 'mod', 'pro:sub', 'v']",CLI,QN
32707,1,14577044,19343,44.00090350931231,['carwash'],[''],CHI,SA
32707,1,14577053,19343,44.00090350931231,"['build', 'a', 'carwash', 'for', 'them']","['v', 'det:art', '', 'prep', 'pro:obj']",CLI,AP
32707,1,14577065,19343,44.00090350931231,"['okay', 'this', 'gonna', 'be', 'the', 'door']","['co', 'det:dem', 'part', 'cop', 'det:art', 'n']",CLI,RP
32707,1,14577073,19343,44.00090350931231,"['can', 'you', 'help', 'me', 'build', 'it']","['mod', 'pro:per', 'v', 'pro:obj', 'v', 'pro:per']",CLI,RP
32707,1,14577082,19343,44.00090350931231,['mhm'],['co'],CHI,YY
32707,1,14577090,19343,44.00090350931231,"['got', 'a', 'carwash']","['v', 'det:art', '']",CLI,YY
32707,1,14577099,19343,44.00090350931231,['xxx'],[''],CHI,YY
32707,1,14577107,19343,44.00090350931231,"[""that's"", 'door']","['pro:dem', 'n']",CHI,YY
32707,1,14577115,19343,44.00090350931231,"['put', 'that', 'door', 'there']","['v', 'pro:dem', 'n', 'adv']",CHI,RP
32707,1,14577123,19343,44.00090350931231,"['car', 'getting', 'washed']","['n', 'part', 'part']",CLI,ST
32707,1,14577128,19343,44.00090350931231,"['it', 'goes', 'in', 'and', ""it's"", 'dirty']","['pro:per', 'v', 'adv', 'coord', 'pro:per', 'adj']",CLI,ST
32707,1,14577135,19343,44.00090350931231,"[""what's"", 'it', 'come', 'out', 'as']","['pro:int', 'pro:per', 'v', 'adv', 'adv']",CLI,RP
32707,1,14577145,19343,44.00090350931231,"['does', 'it', 'come', 'out', 'dirty']","['mod', 'pro:per', 'v', 'adv', 'adj']",CLI,RP
32707,1,14577155,19343,44.00090350931231,"['in', 'there']","['prep', 'n']",CHI,RP
32707,1,14577160,19343,44.00090350931231,"[""what's"", 'the', 'car', 'doing', 'in', 'there']","['pro:int', 'det:art', 'n', 'part', 'prep', 'n']",CLI,QN
32707,1,14577169,19343,44.00090350931231,"['I', ""can't"", 'get', 'it', 'out']","['pro:sub', 'mod', 'v', 'pro:per', 'adv']",CHI,RP
32707,1,14577175,19343,44.00090350931231,"['you', 'get', 'it', 'out']","['pro:per', 'v', 'pro:per', 'adv']",CHI,RP
32707,1,14577184,19343,44.00090350931231,"[""let's"", 'see', 'if', 'I', 'can', 'get', 'it', 'out']","['v', 'v', 'conj', 'pro:sub', 'mod', 'aux', 'pro:per', 'adv']",CLI,PD
32707,1,14577192,19343,44.00090350931231,"['here', 'it', 'comes', 'and', ""it's"", 'all', 'clean']","['adv', 'pro:per', 'v', 'coord', 'pro:per', 'adv', 'adj']",CLI,PD
32707,1,14577220,19343,44.00090350931231,['yeah'],['co'],CHI,AA
32707,1,14577226,19343,44.00090350931231,"['car', 'got', 'washed']","['n', 'aux', 'part']",CLI,ST
32707,1,14577232,19343,44.00090350931231,"[""it's"", 'all', 'clean']","['pro:per', 'adv', 'adj']",CLI,ST
32707,1,14577239,19343,44.00090350931231,"['now', ""it's"", 'going', 'to', 'drive', 'on', 'the', 'road']","['adv', 'pro:per', 'part', 'inf', 'v', 'prep', 'det:art', 'n']",CLI,ST
32707,1,14577244,19343,44.00090350931231,"[""that's"", 'going', 'up', 'in', 'wall', 'there']","['pro:rel', 'part', 'adv', 'prep', 'n', 'adv']",CHI,ST
32707,1,14577252,19343,44.00090350931231,['more'],['pro:indef'],CHI,YY
32707,1,14577257,19343,44.00090350931231,"[""that's"", 'more']","['pro:rel', 'adv']",CHI,YY
32707,1,14577262,19343,44.00090350931231,"[""car's"", 'going', 'up']","['n', 'part', 'adv']",CHI,SI
32707,1,14577267,19343,44.00090350931231,"[""car's"", 'going', 'up', 'there']","['n', 'part', 'prep', 'n']",CHI,SI
32707,1,14577276,19343,44.00090350931231,"['tip', 'over']","['v', 'adv']",CHI,SI
32707,1,14577282,19343,44.00090350931231,"['it', 'fell', 'down', 'there']","['pro:per', 'v', 'prep', 'n']",CLI,ST
32707,1,14577288,19343,44.00090350931231,"['nothing', 'there']","['pro:indef', 'adv']",CLI,MK
32707,1,14577294,19343,44.00090350931231,"[""let's"", 'build', 'something', 'for', 'it', 'to', 'drive', 'up', 'on']","['v', 'v', 'pro:indef', 'prep', 'pro:per', 'inf', 'v', 'adv', 'prep']",CLI,RP
32707,1,14577301,19343,44.00090350931231,"['put', 'blocks', 'together']","['v', 'n', 'adv']",CLI,RP
32707,1,14577307,19343,44.00090350931231,"['put', 'some', 'there']","['v', 'qn', 'adv']",CHI,RP
32707,1,14577312,19343,44.00090350931231,"['put', 'some', 'there']","['v', 'qn', 'adv']",CHI,RP
32707,1,14577317,19343,44.00090350931231,"[""car's"", 'go', 'in', 'there']","['n', 'v', 'prep', 'n']",CHI,ST
32707,1,14577324,19343,44.00090350931231,"[""car's"", 'going', 'in', 'the', 'orange', 'block']","['n', 'part', 'prep', 'det:art', 'n', 'n']",CLI,CT
32707,1,14577329,19343,44.00090350931231,['no'],['co'],CHI,DW
32707,1,14577334,19343,44.00090350931231,"[""car's"", 'washed']","['n', 'part']",CHI,SA
32707,1,14577340,19343,44.00090350931231,"[""it's"", 'going', 'inside']","['pro:per', 'n:gerund', 'adj']",CLI,AP
32707,1,14577344,19343,44.00090350931231,"[""car's"", 'backing', 'up']","['n', 'part', 'adv']",CHI,ST
32707,1,14577348,19343,44.00090350931231,['carwash'],[''],CLI,YY
32707,1,14577351,19343,44.00090350931231,['no'],['co'],CHI,YY
32707,1,14577355,19343,44.00090350931231,['xxx'],[''],CHI,YY
32707,1,14577359,19343,44.00090350931231,"['is', 'it', 'gonna', 'go', 'up', 'here']","['aux', 'pro:per', 'part', 'v', 'prep', 'n']",CLI,RP
32707,1,14577363,19343,44.00090350931231,['no'],['co'],CHI,RD
32707,1,14577368,19343,44.00090350931231,"['xxx', 'block']","['', 'n']",CHI,YY
32707,1,14577372,19343,44.00090350931231,['car'],['n'],CHI,YY
32707,1,14577376,19343,44.00090350931231,"[""Doug's"", 'looking', 'inside', 'the', 'carwash']","['n:prop', 'part', 'prep', 'det:art', '']",CLI,ST
32707,1,14577381,19343,44.00090350931231,"['truck', 'there']","['n', 'adv']",CHI,ST
32707,1,14577390,19343,44.00090350931231,"['what', 'do', 'you', 'see']","['pro:int', 'mod', 'pro:per', 'v']",CLI,QN
32707,1,14577394,19343,44.00090350931231,"[""truck's"", 'in', 'there']","['n', 'prep', 'n']",CHI,SA
32707,1,14577401,19343,44.00090350931231,['no'],['co'],CHI,RD
32707,1,14577407,19343,44.00090350931231,"['cars', 'go', 'in', 'there']","['n', 'v', 'prep', 'n']",CHI,RP
32707,1,14577414,19343,44.00090350931231,"[""let's"", 'watch', 'it']","['v', 'v', 'pro:per']",CLI,RP
32707,1,14577422,19343,44.00090350931231,"[""Caroline's"", 'gonna', 'watch', 'for', 'the', 'car']","['adj', 'part', 'v', 'prep', 'det:art', 'n']",CLI,RP
32707,1,14577432,19343,44.00090350931231,"['I', ""don't"", 'see', 'it']","['pro:sub', 'mod', 'v', 'pro:per']",CLI,RP
32707,1,14577441,19343,44.00090350931231,"[""there's"", 'the', 'car']","['pro:exist', 'det:art', 'n']",CLI,ST
32707,1,14577448,19343,44.00090350931231,"['Doug', 'pushed', 'it']","['n:prop', 'v', 'pro:per']",CLI,ST
32707,1,14577454,19343,44.00090350931231,"['took', 'it', 'out']","['v', 'pro:per', 'adv']",CLI,RP
32707,1,14577465,19343,44.00090350931231,"['I', 'put', 'blocks', 'in', 'on', 'there']","['pro:sub', 'v', 'n', 'adv', 'adv', 'adv']",CHI,RP
32707,1,14577477,19343,44.00090350931231,"['now', 'Caroline', ""can't"", 'see']","['adv', 'n:prop', 'mod', 'v']",CLI,RP
32707,1,14577486,19343,44.00090350931231,['no'],['co'],CHI,RD
32707,1,14577495,19343,44.00090350931231,"['I', ""can't"", 'see', ""what's"", 'going', 'on']","['pro:sub', 'mod', 'v', 'pro:int', 'part', 'adv']",CLI,GR
32707,1,14577503,19343,44.00090350931231,['carwash'],[''],CHI,YY
32707,1,14577510,19343,44.00090350931231,"['build', 'tunnel']","['v', 'n']",CHI,ST
32707,1,14577514,19343,44.00090350931231,"[""we'll"", 'build', 'a', 'tunnel']","['pro:sub', 'v', 'det:art', 'n']",CLI,AP
32707,1,14577523,19343,44.00090350931231,"['we', ""don't"", 'have', 'many', 'tunnel', 'blocks']","['pro:sub', 'mod', 'v', 'qn', 'n', 'n']",CLI,ST
32707,1,14577529,19343,44.00090350931231,['no'],['co'],CHI,RD
32707,1,14577535,19343,44.00090350931231,"['just', 'a', 'couple', 'just', 'three']","['adv', 'det:art', 'n', 'adv', 'det:num']",CLI,ST
32707,1,14577543,19343,44.00090350931231,"[""car's"", 'going', 'on', 'there']","['n', 'part', 'prep', 'n']",CHI,ST
32707,1,14577549,19343,44.00090350931231,"[""car's"", 'coming', 'around']","['n', 'part', 'adv']",CLI,AP
32707,1,14577556,19343,44.00090350931231,"[""that's"", 'chimney']","['pro:dem', 'n']",CHI,ST
32707,1,14577563,19343,44.00090350931231,"['we', 'can', 'have', 'a', 'big', 'chimney']","['pro:sub', 'mod', 'v', 'det:art', 'adj', 'n']",CLI,ST
32707,1,14577569,19343,44.00090350931231,"['big', 'one']","['adj', 'pro:indef']",CHI,RT
32707,1,14577577,19343,44.00090350931231,"['a', 'purple', 'a', 'big', 'purple', 'chimney']","['det:art', 'adj', 'det:art', 'adj', 'adj', 'n']",CLI,ST
32707,1,14577584,19343,44.00090350931231,"['now', 'what', 'do', 'you', 'have']","['adv', 'pro:int', 'mod', 'pro:per', 'v']",CLI,QN
32707,1,14577591,19343,44.00090350931231,"['lots_of', 'chimney']","['qn', 'n']",CLI,SA
32707,1,14577597,19343,44.00090350931231,"['lot', 'chimney']","['n', 'n']",CHI,RT
32707,1,14577606,19343,44.00090350931231,"['you', 'have', 'a', 'big', 'yellow', 'chimney']","['pro:per', 'v', 'det:art', 'adj', 'adj', 'n']",CLI,ST
32707,1,14577615,19343,44.00090350931231,"[""Doug's"", 'building']","['adj', 'n']",CLI,ST
32707,1,14577623,19343,44.00090350931231,"[""you're"", 'taking', 'it', 'bigger']","['pro:per', 'part', 'pro:per', 'adj']",CLI,ST
32707,1,14577631,19343,44.00090350931231,['oops'],['co'],CLI,MK
32707,1,14577642,19343,44.00090350931231,['oops'],['co'],CHI,MK
32707,1,14577650,19343,44.00090350931231,"[""what's"", 'gonna', 'happen', 'to', 'the', 'chimney']","['pro:int', 'part', 'v', 'prep', 'det:art', 'n']",CLI,QN
32707,1,14577673,19343,44.00090350931231,"['get', 'that', 'off', 'there']","['v', 'pro:dem', 'prep', 'n']",CHI,SA
32707,1,14577689,19343,44.00090350931231,"['set', 'that', 'de', 'on', 'there']","['v', 'pro:dem', '', 'prep', 'n']",CHI,ST
32707,1,14577693,19343,44.00090350931231,"['which', 'one']","['pro:rel', 'pro:indef']",CLI,QN
32707,1,14577701,19343,44.00090350931231,"['not', 'there']","['neg', 'adv']",CHI,SA
32707,1,14577708,19343,44.00090350931231,"['which', 'one', 'do', 'you', 'want', 'on', 'there', 'Doug']","['pro:rel', 'det:num', 'v', 'pro:per', 'v', 'prep', 'n', 'n:prop']",CLI,QN
32707,1,14577714,19343,44.00090350931231,"['do', 'you', 'want', 'the', 'yellow', 'one', 'or', 'the', 'purple', 'one']","['mod', 'pro:per', 'v', 'det:art', 'n', 'det:num', 'coord', 'det:art', 'n', 'pro:indef']",CLI,TQ
32707,1,14577721,19343,44.00090350931231,"['purple', 'one']","['adj', 'pro:indef']",CHI,TA
32707,1,14577728,19343,44.00090350931231,"['tell', 'me', 'what', 'you', 'wanna', 'do']","['v', 'pro:obj', 'pro:int', 'pro:per', 'v', 'v']",CLI,QN
32707,1,14577737,19343,44.00090350931231,"['that', 'one', 'goes', 'on', 'there']","['det:dem', 'pro:indef', 'v', 'prep', 'n']",CHI,SA
32707,1,14577744,19343,44.00090350931231,"['which', 'one']","['pro:rel', 'pro:indef']",CLI,QN
32707,1,14577751,19343,44.00090350931231,"['that', 'purple', 'go', 'on', 'there']","['det:dem', 'adj', 'v', 'prep', 'n']",CHI,SA
32707,1,14577760,19343,44.00090350931231,"['okay', 'put', 'the', 'purple', 'on', 'top']","['co', 'v', 'det:art', 'adj', 'prep', 'n']",CLI,AP
32707,1,14577768,19343,44.00090350931231,['chimney'],['n'],CHI,YY
32707,1,14577777,19343,44.00090350931231,"['what', 'are', 'you', 'building']","['pro:int', 'cop', 'pro:per', 'n']",CLI,QN
32707,1,14577787,19343,44.00090350931231,"['what', 'are', 'you', 'building']","['pro:int', 'cop', 'pro:per', 'n']",CLI,QN
32707,1,14577796,19343,44.00090350931231,['track'],['n'],CHI,SA
32707,1,14577803,19343,44.00090350931231,"['that', 'is', 'it']","['pro:dem', 'cop', 'pro:per']",CLI,AP
32707,1,14577810,19343,44.00090350931231,['tunnel'],['n'],CHI,SA
32707,1,14577820,19343,44.00090350931231,"['a', 'big', 'tunnel']","['det:art', 'adj', 'n']",CLI,AP
32707,1,14577829,19343,44.00090350931231,"[""that's"", 'build', 'bridge']","['pro:dem', 'v', 'n']",CHI,ST
32707,1,14577841,19343,44.00090350931231,"['push', 'it', 'hard', 'to', 'get', 'it', 'through']","['v', 'pro:per', 'adv', 'inf', 'v', 'pro:per', 'adj']",CLI,RP
32707,1,14577854,19343,44.00090350931231,['no'],['co'],CHI,RD
32707,1,14577862,19343,44.00090350931231,"['gimme', 'car']","['v', 'n']",CHI,RP
32707,1,14577870,19343,44.00090350931231,['okay'],['co'],CLI,AD
32707,1,14577875,19343,44.00090350931231,"[""car's"", 'in', 'there']","['n', 'prep', 'n']",CHI,SI
32707,1,14577885,19343,44.00090350931231,"[""car's"", 'go', 'on']","['n', 'v', 'adv']",CHI,SI
32707,1,14577895,19343,44.00090350931231,"['looks', 'like', 'its', 'time', 'to', 'put', 'the', 'blocks', 'away']","['v', 'prep', 'det:poss', 'n', 'inf', 'v', 'det:art', 'n', 'adv']",CLI,SI
32707,1,14577908,19343,44.00090350931231,"['time', 'go', 'home']","['n', 'v', 'adv']",CHI,RT
32708,1,14577181,19343,45.00092404361486,"['why', ""don't"", 'you', 'tell', 'me']","['pro:int', 'mod', 'pro:per', 'v', 'pro:obj']",CLI,RP
32708,1,14577189,19343,45.00092404361486,"[""that's"", ""Doug's"", 'playing', 'piano']","['pro:dem', 'n:prop', 'part', 'n']",CHI,ST
32708,1,14577225,19343,45.00092404361486,"['okay', 'and', 'then', 'what', 'did', 'you', 'do']","['co', 'coord', 'adv:tem', 'pro:int', 'mod', 'pro:per', 'v']",CLI,QN
32708,1,14577230,19343,45.00092404361486,"['xxx', 'pointing', ""picture's""]","['', 'part', 'n']",CHI,SA
32708,1,14577237,19343,45.00092404361486,"['okay', 'very', 'nice', 'and', 'then', 'what', 'did', 'you', 'do']","['co', 'adv', 'adj', 'coord', 'adv:tem', 'pro:int', 'mod', 'pro:per', 'v']",CLI,AP
32708,1,14577243,19343,45.00092404361486,"[""he's"", 'sitting', 'by', 'smurf']","['pro:sub', 'part', 'prep', 'n']",CHI,ST
32708,1,14577247,19343,45.00092404361486,"['yeah', 'what', 'did', 'you', 'do', 'when', 'you', 'were', 'sitting', 'by', 'smurf']","['co', 'pro:int', 'mod', 'pro:per', 'v', 'conj', 'pro:per', 'aux', 'part', 'prep', 'n']",CLI,QN
32708,1,14577253,19343,45.00092404361486,['Doug'],['n:prop'],CHI,SA
32708,1,14577258,19343,45.00092404361486,"['yeah', ""that's"", 'Doug']","['co', 'pro:dem', 'n:prop']",CLI,AP
32708,1,14577265,19343,45.00092404361486,"['what', 'did', 'you', 'do', 'when', 'you', 'sat', 'by', 'the', 'smurf']","['pro:int', 'mod', 'pro:per', 'v', 'conj', 'pro:per', 'v', 'prep', 'det:art', 'n']",CLI,QN
32708,1,14577270,19343,45.00092404361486,"['take', 'pictures']","['v', 'n']",CHI,SA
32708,1,14577275,19343,45.00092404361486,"['what', 'were', 'you', 'doing', 'with', 'the', 'smurf']","['pro:int', 'cop', 'pro:per', 'part', 'prep', 'det:art', 'n']",CLI,QN
32708,1,14577281,19343,45.00092404361486,['remember'],['co'],CLI,MK
32708,1,14577287,19343,45.00092404361486,"[""what's"", 'this', 'in', 'your', 'hand']","['pro:int', 'pro:dem', 'prep', 'det:poss', 'n']",CLI,QN
32708,1,14577292,19343,45.00092404361486,"[""what's"", 'this']","['pro:int', 'pro:dem']",CLI,QN
32708,1,14577298,19343,45.00092404361486,['car'],['n'],CHI,YY
32708,1,14577304,19343,45.00092404361486,['mitten'],['n'],CHI,YY
32708,1,14577311,19343,45.00092404361486,"[""mitten's"", 'in', 'your', 'hand']","['n', 'prep', 'det:poss', 'n']",CLI,YQ
32708,1,14577316,19343,45.00092404361486,['yeah'],['co'],CHI,AA
32708,1,14577320,19343,45.00092404361486,"['that', 'looks', 'like', 'a', 'beanbag']","['pro:rel', 'v', 'conj', 'det:art', '']",CLI,ST
32708,1,14577325,19343,45.00092404361486,['yeah'],['co'],CLI,XA
32708,1,14577328,19343,45.00092404361486,"[""that's"", 'a', 'beanbag']","['pro:dem', 'det:art', '']",CLI,YQ
32708,1,14577332,19343,45.00092404361486,['mhm'],['co'],CHI,AA
32708,1,14577336,19343,45.00092404361486,"['what', 'do', 'you', 'do', 'with', 'a', 'beanbag']","['pro:int', 'mod', 'pro:per', 'v', 'prep', 'det:art', '']",CLI,QN
32708,1,14577338,19343,45.00092404361486,"['catch', 'it', 'in', 'smurf']","['v', 'pro:per', 'prep', 'n']",CHI,RP
32708,1,14577342,19343,45.00092404361486,"['catches', 'the', 'smurf']","['v', 'det:art', 'n']",CLI,YQ
32708,1,14577346,19343,45.00092404361486,['yeah'],['co'],CHI,AA
32708,1,14577350,19343,45.00092404361486,"['the', 'beanbag', 'catches', 'the', 'smurf']","['det:art', '', 'v', 'det:art', 'n']",CLI,DP
32708,1,14577354,19343,45.00092404361486,['yeah'],['co'],CHI,YD
32708,1,14577357,19343,45.00092404361486,"['how', 'can', 'a', 'beanbag', 'catch', 'a', 'smurf']","['pro:int', 'n', 'det:art', '', 'v', 'det:art', 'n']",CLI,RP
32708,1,14577361,19343,45.00092404361486,"['Doug', 'catches']","['n:prop', 'v']",CHI,YY
32708,1,14577365,19343,45.00092404361486,"['you', 'were', 'catching', 'the', 'beanbag', 'or', 'where', 'you']","['pro:per', 'aux', 'part', 'det:art', '', 'coord', 'pro:int', 'pro:per']",CLI,TQ
32708,1,14577369,19343,45.00092404361486,['yeah'],['co'],CHI,
32708,1,14577374,19343,45.00092404361486,"['look', 'at', 'my', 'hand']","['v', 'prep', 'det:poss', 'n']",CLI,RP
32708,1,14577378,19343,45.00092404361486,"['what', 'were', 'you', 'doing', 'with', 'the', 'beanbag']","['pro:int', 'cop', 'pro:per', 'part', 'prep', 'det:art', '']",CLI,QN
32708,1,14577383,19343,45.00092404361486,"['what', 'do', 'you', 'call', 'that']","['pro:int', 'mod', 'pro:per', 'v', 'pro:dem']",CLI,QN
32708,1,14577387,19343,45.00092404361486,"['what', 'do', 'you', 'do', 'with', 'the', 'beanbag']","['pro:int', 'mod', 'pro:per', 'v', 'prep', 'det:art', '']",CLI,QN
32708,1,14577396,19343,45.00092404361486,['beanbag'],[''],CHI,
32708,1,14577403,19343,45.00092404361486,"['look', 'at', 'her', 'hand']","['v', 'prep', 'det:poss', 'n']",CLI,RP
32708,1,14577408,19343,45.00092404361486,"['th', 'th', 'throwing']","['', '', 'part']",CLI,RP
32708,1,14577416,19343,45.00092404361486,['no'],['co'],CHI,RD
32708,1,14577423,19343,45.00092404361486,"['oh', 'you', ""weren't"", 'throwing', 'the', 'beanbag']","['co', 'pro:per', 'aux', 'part', 'det:art', '']",CLI,YQ
32708,1,14577433,19343,45.00092404361486,['no'],['co'],CHI,AN
32708,1,14577439,19343,45.00092404361486,"['Caroline', 'threw', 'the', 'beanbag']","['n:prop', 'v', 'det:art', '']",CLI,ST
32708,1,14577447,19343,45.00092404361486,"['I', 'threw', 'it', 'smurf']","['pro:sub', 'v', 'pro:per', 'n']",CLI,ST
32708,1,14577457,19343,45.00092404361486,['no'],['co'],CHI,RD
32708,1,14577466,19343,45.00092404361486,['no'],['co'],CHI,RD
32708,1,14577473,19343,45.00092404361486,"[""that's"", 'what', 'Doug', 'did']","['pro:dem', 'pro:int', 'n:prop', 'v']",CLI,YQ
32708,1,14577481,19343,45.00092404361486,['yeah'],['co'],CHI,AA
32708,1,14577490,19343,45.00092404361486,"['you', 'threw', 'it']","['pro:per', 'v', 'pro:per']",CLI,ST
32708,1,14577499,19343,45.00092404361486,['no'],['co'],CHI,DW
32708,1,14577508,19343,45.00092404361486,"['yes', 'you', 'did']","['co', 'pro:per', 'v']",CLI,DW
32708,1,14577515,19343,45.00092404361486,"['tell', 'me', 'the', 'story', 'again']","['v', 'pro:obj', 'det:art', 'n', 'adv']",CLI,RP
32708,1,14577524,19343,45.00092404361486,"['what', 'did', 'you', 'do', 'when', 'you', 'came', 'in', 'the', 'room']","['pro:int', 'mod', 'pro:per', 'v', 'conj', 'pro:per', 'v', 'prep', 'det:art', 'n']",CLI,QN
32708,1,14577534,19343,45.00092404361486,"['see', 'patty']","['co', 'co']",CHI,SA
32708,1,14577540,19343,45.00092404361486,"['no', 'no', 'your', 'room']","['co', 'co', 'det:poss', 'n']",CLI,DW
32708,1,14577544,19343,45.00092404361486,"['what', 'did', 'you', 'do', 'in', 'your', 'room', 'with', 'Caroline']","['pro:int', 'mod', 'pro:per', 'v', 'prep', 'det:poss', 'n', 'prep', 'n:prop']",CLI,QN
32708,1,14577551,19343,45.00092404361486,"['the', 'first', 'thing', 'you', 'did']","['det:art', 'adj', 'n', 'pro:per', 'v']",CLI,ST
32708,1,14577557,19343,45.00092404361486,"['get', 'play', 'piano']","['v', 'n', 'n']",CHI,RP
32708,1,14577564,19343,45.00092404361486,"['you', 'Doug', 'played', 'piano']","['pro:per', 'n:prop', 'v', 'n']",CLI,ST
32708,1,14577573,19343,45.00092404361486,"['what', 'did', 'you', 'play']","['pro:int', 'mod', 'pro:per', 'v']",CLI,QN
32708,1,14577581,19343,45.00092404361486,['piano'],['n'],CHI,SA
32708,1,14577590,19343,45.00092404361486,"['what', 'did', 'you', 'do', 'with', 'the', 'piano']","['pro:int', 'mod', 'pro:per', 'v', 'prep', 'det:art', 'n']",CLI,QN
32708,1,14577598,19343,45.00092404361486,['yeah'],['co'],CHI,
32708,1,14577607,19343,45.00092404361486,"['what', 'did', 'you', 'do', 'with', 'the', 'piano']","['pro:int', 'mod', 'pro:per', 'v', 'prep', 'det:art', 'n']",CLI,QN
32708,1,14577614,19343,45.00092404361486,"['make', 'it', 'xxx']","['v', 'pro:per', '']",CHI,SA
32708,1,14577622,19343,45.00092404361486,"['make', 'it', 'what']","['v', 'pro:per', 'pro:int']",CLI,AP
32708,1,14577632,19343,45.00092404361486,['xxx'],[''],CHI,YY
32709,1,14578133,19343,45.00092404361486,"['excuse', 'me']","['v', 'pro:obj']",CLI,RP
32709,1,14578142,19343,45.00092404361486,"['Caroline', 'sneezed']","['n:prop', 'v']",CLI,RP
32709,1,14578153,19343,45.00092404361486,['no'],['co'],CHI,RD
32709,1,14578160,19343,45.00092404361486,"['wanna', 'build', 'tunnel']","['v', 'v', 'n']",CHI,RQ
32709,1,14578169,19343,45.00092404361486,"['cars', 'goes', 'up', 'here']","['n', 'v', 'prep', 'n']",CHI,SI
32709,1,14578176,19343,45.00092404361486,"['cars', 'going', 'up']","['n', 'part', 'adv']",CLI,RT
32709,1,14578184,19343,45.00092404361486,"['no', 'no']","['co', 'co']",CHI,RD
32709,1,14578191,19343,45.00092404361486,"['lift', 'it', 'up', 'here']","['v', 'pro:per', 'prep', 'n']",CHI,RP
32709,1,14578200,19343,45.00092404361486,"['Caroline', 'build', 'road']","['n:prop', 'v', 'n']",CLI,YQ
32709,1,14578208,19343,45.00092404361486,['yeah'],['co'],CHI,AA
32709,1,14578214,19343,45.00092404361486,"['the', 'dump', ""truck's"", 'going', 'on', 'the', 'road']","['det:art', 'n', 'n', 'part', 'prep', 'det:art', 'n']",CLI,ST
32709,1,14578221,19343,45.00092404361486,"[""what's"", 'Doug', 'doing']","['pro:int', 'n:prop', 'part']",CLI,QN
32709,1,14578230,19343,45.00092404361486,"['Doug', 'this', 'down']","['n:prop', 'pro:dem', 'adv']",CHI,SA
32709,1,14578241,19343,45.00092404361486,['xxx'],[''],CHI,YY
32709,1,14578253,19343,45.00092404361486,"['Doug', 'is', 'turning', 'the', 'dump', 'truck']","['n:prop', 'aux', 'part', 'det:art', 'n', 'n']",CLI,ST
32709,1,14578264,19343,45.00092404361486,"['dumping', 'out']","['part', 'adv']",CHI,ST
32709,1,14578275,19343,45.00092404361486,"['dumping', 'it', 'out']","['part', 'pro:per', 'adv']",CLI,AP
32709,1,14578287,19343,45.00092404361486,"['Doug', 'putting', 'more', 'block', 'in', 'cement', 'truck']","['n:prop', 'part', 'qn', 'n', 'prep', 'n', 'n']",CLI,ST
32709,1,14578297,19343,45.00092404361486,"['make', 'it', 'go', 'round']","['v', 'pro:per', 'v', 'adv']",CHI,SI
32709,1,14578308,19343,45.00092404361486,"[""I'm"", 'gonna', 'pull', 'this', 'out']","['pro:sub', 'part', 'v', 'det:dem', 'adv']",CLI,SI
32709,1,14578314,19343,45.00092404361486,['yeah'],['co'],CLI,XA
32709,1,14578323,19343,45.00092404361486,"['what', 'should', 'I', 'do']","['pro:int', 'mod', 'pro:sub', 'v']",CLI,QN
32709,1,14578333,19343,45.00092404361486,"['get', 'out']","['v', 'adv']",CHI,RP
32709,1,14578344,19343,45.00092404361486,"['you', 'get']","['pro:per', 'v']",CHI,RP
32709,1,14578352,19343,45.00092404361486,"['should', 'I', 'get', 'the', 'block', 'out']","['mod', 'pro:sub', 'v', 'det:art', 'n', 'adv']",CLI,RP
32709,1,14578362,19343,45.00092404361486,['yeah'],['co'],CHI,AD
32709,1,14578369,19343,45.00092404361486,"['how', 'do', 'I', 'do', 'that']","['pro:int', 'mod', 'pro:sub', 'v', 'pro:dem']",CLI,QN
32709,1,14578376,19343,45.00092404361486,"['you', 'do']","['pro:per', 'v']",CHI,
32709,1,14578385,19343,45.00092404361486,"['how', 'do', 'I', 'do', 'that', 'though']","['pro:int', 'mod', 'pro:sub', 'v', 'pro:dem', 'adv']",CLI,QN
32709,1,14578396,19343,45.00092404361486,"['what', 'do', 'I', 'do']","['pro:int', 'mod', 'pro:sub', 'v']",CLI,QN
32709,1,14578402,19343,45.00092404361486,"['I', 'doed', 'it']","['pro:sub', 'v', 'pro:per']",CLI,SA
32709,1,14578417,19343,45.00092404361486,"['do', 'I', 'open', 'the', 'door']","['mod', 'pro:sub', 'v', 'det:art', 'n']",CLI,RP
32709,1,14578425,19343,45.00092404361486,['no'],['co'],CHI,RD
32709,1,14578437,19343,45.00092404361486,"['Doug', 'get', 'that', 'block', 'out']","['n:prop', 'v', 'pro:dem', 'v', 'adv']",CHI,RP
32709,1,14578446,19343,45.00092404361486,"['do', 'I', 'tip', 'it', 'over']","['mod', 'pro:sub', 'v', 'pro:per', 'adv']",CLI,YQ
32709,1,14578459,19343,45.00092404361486,['yeah'],['co'],CHI,AA
32709,1,14578464,19343,45.00092404361486,"['Doug', 'tip', 'over']","['n:prop', 'v', 'adv']",CHI,ST
32709,1,14578478,19343,45.00092404361486,"[""what's"", 'Doug', 'building']","['pro:int', 'n:prop', 'n']",CLI,AP
32709,1,14578486,19343,45.00092404361486,"[""that's"", 'going', 'up']","['pro:rel', 'part', 'adv']",CHI,AP
32709,1,14578497,19343,45.00092404361486,"['you', 'building', 'a', 'car']","['pro:per', 'part', 'det:art', 'n']",CLI,AP
32709,1,14578507,19343,45.00092404361486,['no'],['co'],CHI,RD
32709,1,14578515,19343,45.00092404361486,"['what', 'is', 'that']","['pro:int', 'cop', 'pro:dem']",CLI,QN
32709,1,14578523,19343,45.00092404361486,"['building', 'tower']","['n', 'n']",CHI,SA
32709,1,14578530,19343,45.00092404361486,"['oh', ""you're"", 'building', 'a', 'tower']","['co', 'pro:per', 'part', 'det:art', 'n']",CLI,DS
32709,1,14578537,19343,45.00092404361486,"['what', 'should', 'we', 'put', 'on', 'top', 'of', 'the', 'tower']","['pro:int', 'mod', 'pro:sub', 'v', 'prep', 'n', 'prep', 'det:art', 'n']",CLI,RQ
32709,1,14578545,19343,45.00092404361486,['no'],['co'],CHI,RD
32709,1,14578550,19343,45.00092404361486,"['should', 'we', 'put', 'the', 'truck', 'on', 'top']","['mod', 'pro:sub', 'v', 'det:art', 'n', 'prep', 'n']",CHI,RQ
32709,1,14578559,19343,45.00092404361486,"['no', 'no']","['co', 'co']",CHI,RD
32709,1,14578565,19343,45.00092404361486,"['what', 'will', 'happen']","['pro:int', 'mod', 'v']",CLI,QN
32709,1,14578571,19343,45.00092404361486,"[""don't"", 'put', 'on', 'there']","['mod', 'v', 'prep', 'n']",CHI,SA
32709,1,14578578,19343,45.00092404361486,"['is', 'it', 'too', 'big']","['aux', 'pro:per', 'adv', 'adj']",CLI,AP
32709,1,14578585,19343,45.00092404361486,['no'],['co'],CHI,RD
32709,1,14578592,19343,45.00092404361486,"['builds', 'tunnel']","['v', 'n']",CHI,RP
32709,1,14578599,19343,45.00092404361486,"['Doug', 'build', 'car', 'up']","['n:prop', 'v', 'n', 'adv']",CHI,RP
32709,1,14578607,19343,45.00092404361486,"['drive', 'truck', 'in', 'can']","['n', 'n', 'prep', 'mod']",CLI,RP
32709,1,14578613,19343,45.00092404361486,"['where', 'did', 'it', 'go']","['pro:int', 'mod', 'pro:per', 'v']",CLI,QN
32709,1,14578620,19343,45.00092404361486,"['in', 'there']","['prep', 'n']",CHI,SA
32709,1,14578624,19343,45.00092404361486,"['in', 'where']","['prep', 'pro:rel']",CLI,QN
32709,1,14578631,19343,45.00092404361486,['can'],['mod'],CHI,SA
32709,1,14578639,19343,45.00092404361486,"['in', 'the', 'can']","['prep', 'det:art', 'n']",CLI,AP
32709,1,14578646,19343,45.00092404361486,"['get', 'that', 'out']","['v', 'adv', 'adv']",CHI,RP
32709,1,14578654,19343,45.00092404361486,"['dump', 'in', 'there']","['n', 'prep', 'n']",CHI,ST
32709,1,14578661,19343,45.00092404361486,"['who', 'has', 'the', 'dump', 'truck']","['pro:rel', 'v', 'det:art', 'n', 'n']",CLI,ST
32709,1,14578668,19343,45.00092404361486,"['you', 'have', 'cement', 'truck']","['pro:per', 'v', 'n', 'n']",CHI,ST
32709,1,14578674,19343,45.00092404361486,"['who', 'has', 'it', 'Doug']","['pro:rel', 'aux', 'pro:per', 'n:prop']",CLI,QN
32709,1,14578683,19343,45.00092404361486,"['you', 'have', 'it']","['pro:per', 'v', 'pro:per']",CHI,SA
32710,1,14577362,19343,45.00092404361486,"['what', 'are', 'you', 'doing']","['pro:int', 'aux', 'pro:per', 'part']",CLI,QN
32710,1,14577366,19343,45.00092404361486,"['playing', 'that', 'house']","['part', 'adv', 'n']",CHI,SA
32710,1,14577370,19343,45.00092404361486,"[""Doug's"", 'playing', 'that', 'house']","['n:prop', 'part', 'det:dem', 'n']",CHI,SA
32710,1,14577377,19343,45.00092404361486,"[""that's"", 'right']","['pro:dem', 'co']",CLI,AP
32710,1,14577382,19343,45.00092404361486,"[""what's"", 'in', 'the', 'picture']","['pro:int', 'prep', 'det:art', 'n']",CLI,QN
32710,1,14577389,19343,45.00092404361486,"['big', 'chimney']","['adj', 'n']",CHI,SA
32710,1,14577393,19343,45.00092404361486,['uhhuh'],['co'],CLI,AP
32710,1,14577399,19343,45.00092404361486,"[""that's"", ""that's"", 'chimney', 'that', 'way', 'down', 'there']","['', 'pro:dem', 'n', 'det:dem', 'n', 'prep', 'n']",CHI,ST
32710,1,14577406,19343,45.00092404361486,"[""where's"", 'the', 'smoke', 'come', 'from']","['pro:int', 'det:art', 'n', 'v', 'prep']",CLI,QN
32710,1,14577413,19343,45.00092404361486,"['gets', 'fire', 'makes', 'smoke', 'going', 'up', 'there']","['v', 'n', 'v', 'n', 'part', 'prep', 'n']",CHI,SA
32710,1,14577421,19343,45.00092404361486,"['the', 'fire', 'makes', 'the', 'smoke']","['det:art', 'n', 'v', 'det:art', 'n']",CLI,AP
32710,1,14577430,19343,45.00092404361486,['okay'],['co'],CLI,MK
32710,1,14577436,19343,45.00092404361486,"['going', 'up', 'there']","['part', 'prep', 'n']",CHI,RP
32710,1,14577445,19343,45.00092404361486,"['oh', 'what', 'are', 'you', 'doing', 'here']","['co', 'pro:int', 'aux', 'pro:per', 'part', 'adv']",CLI,QN
32710,1,14577452,19343,45.00092404361486,"[""he's"", 'holding', 'that', 'boy']","['pro:sub', 'part', 'adv', 'n']",CHI,SA
32710,1,14577459,19343,45.00092404361486,"[""that's"", 'right']","['pro:dem', 'co']",CLI,AP
32710,1,14577467,19343,45.00092404361486,"[""what's"", 'that', 'boy', 'have', 'on']","['pro:int', 'pro:dem', 'n', 'v', 'adv']",CLI,QN
32710,1,14577475,19343,45.00092404361486,"['sweater', 'pants']","['n', 'v']",CHI,SA
32710,1,14577485,19343,45.00092404361486,"['does', 'he', 'have', 'something', 'on', 'his', 'head']","['mod', 'pro:sub', 'v', 'pro:indef', 'prep', 'det:poss', 'n']",CLI,QN
32710,1,14577494,19343,45.00092404361486,['mittens'],['n'],CHI,SA
32710,1,14577501,19343,45.00092404361486,"['yeah', 'he', 'has', 'mittens']","['co', 'pro:sub', 'aux', 'n']",CLI,AP
32710,1,14577507,19343,45.00092404361486,"['shoe', 'boots']","['n', 'v']",CHI,ST
32710,1,14577512,19343,45.00092404361486,"['did', 'Doug', 'put', 'clothes', 'on', 'the', 'boy']","['v', 'n:prop', 'part', 'n:pt', 'adv', 'det:art', 'n']",CLI,YQ
32710,1,14577520,19343,45.00092404361486,['yeah'],['co'],CHI,AA
32710,1,14577526,19343,45.00092404361486,"['did', 'you', 'dress', 'the', 'boy']","['mod', 'pro:per', 'v', 'det:art', 'n']",CLI,DP
32710,1,14577532,19343,45.00092404361486,['yeah'],['co'],CHI,YD
32710,1,14577541,19343,45.00092404361486,"['what', 'did', 'you', 'do', 'with', 'the', 'boy']","['pro:int', 'mod', 'pro:per', 'v', 'prep', 'det:art', 'n']",CLI,QN
32710,1,14577550,19343,45.00092404361486,"['dress', 'it']","['v', 'pro:per']",CLI,SA
32710,1,14577558,19343,45.00092404361486,"[""that's"", 'right']","['pro:dem', 'co']",CLI,AP
32710,1,14577565,19343,45.00092404361486,"['you', 'sure', 'did']","['pro:per', 'adj', 'v']",CLI,ST
32710,1,14577574,19343,45.00092404361486,"[""he's"", 'pointing', 'at', 'pictures']","['pro:sub', 'part', 'prep', 'n']",CHI,ST
32710,1,14577585,19343,45.00092404361486,"['what', 'did', 'Doug', 'get', 'when', 'he', 'pointed', 'to', 'the', 'pictures']","['pro:int', 'mod', 'n:prop', 'v', 'conj', 'pro:sub', 'v', 'prep', 'det:art', 'n']",CLI,QN
32710,1,14577593,19343,45.00092404361486,['cars'],['n'],CHI,SA
32710,1,14577599,19343,45.00092404361486,"['what', 'did', 'Caroline', 'give', 'Doug']","['pro:int', 'mod', 'n:prop', 'v', 'n:prop']",CLI,QN
32710,1,14577605,19343,45.00092404361486,"['picture', 'cement', 'truck']","['n', 'n', 'n']",CHI,SA
32710,1,14577613,19343,45.00092404361486,"['did', 'I', 'give', 'you', 'M_and_ms', 'that', 'day']","['mod', 'pro:sub', 'v', 'pro:per', 'n:prop', 'adv', 'n']",CLI,ST
32710,1,14577621,19343,45.00092404361486,['remember'],['co'],CLI,MK
32710,1,14577635,19343,45.00092404361486,['M_and_ms'],['n:prop'],CHI,YY
32710,1,14577641,19343,45.00092404361486,"['Doug', 'pointed', 'and', 'Caroline', 'gave', 'him', 'M_and_ms']","['n:prop', 'v', 'coord', 'n:prop', 'v', 'pro:obj', 'n:prop']",CLI,DP
32710,1,14577648,19343,45.00092404361486,['uhhuh'],['co'],CHI,YD
32710,1,14577670,19343,45.00092404361486,"['what', 'did', 'Caroline', 'give', 'you']","['pro:int', 'mod', 'n:prop', 'v', 'pro:per']",CLI,QN
32710,1,14577688,19343,45.00092404361486,['pictures'],['n'],CHI,SA
32710,1,14577695,19343,45.00092404361486,"['what', 'did', 'Caroline', 'give', 'you']","['pro:int', 'mod', 'n:prop', 'v', 'pro:per']",CLI,QN
32710,1,14577704,19343,45.00092404361486,['M_and_ms'],['n:prop'],CHI,SA
32710,1,14577711,19343,45.00092404361486,"[""that's"", 'right']","['pro:dem', 'co']",CLI,AP
32710,1,14577720,19343,45.00092404361486,"['Doug', 'playing', 'piano']","['n:prop', 'part', 'n']",CHI,ST
32710,1,14577729,19343,45.00092404361486,['uhhuh'],['co'],CLI,AC
32710,1,14577736,19343,45.00092404361486,"[""that's"", 'Mickey_Mouse', 'in', 'there']","['pro:dem', 'n:prop', 'prep', 'n']",CHI,ST
32710,1,14577743,19343,45.00092404361486,"['oh', 'does', 'he', 'come', 'out']","['co', 'v', 'pro:sub', 'v', 'adv']",CLI,YQ
32710,1,14577750,19343,45.00092404361486,['yeah'],['co'],CHI,AA
32710,1,14577755,19343,45.00092404361486,"[""how's"", 'he', 'come', 'out']","['pro:int', 'pro:sub', 'v', 'adv']",CLI,RP
32710,1,14577764,19343,45.00092404361486,"['go', 'get', 'out']","['v', 'v', 'adv']",CHI,RP
32710,1,14577772,19343,45.00092404361486,"['I', ""don't"", 'see', 'him']","['pro:sub', 'mod', 'v', 'pro:obj']",CLI,RP
32710,1,14577781,19343,45.00092404361486,"[""he's"", 'there']","['pro:sub', 'adv']",CHI,SA
32710,1,14577786,19343,45.00092404361486,"['do', 'you', 'hafta', 'do', 'something']","['mod', 'pro:per', 'mod', 'v', 'pro:indef']",CLI,AQ
32710,1,14577793,19343,45.00092404361486,['yeah'],['co'],CHI,AA
32710,1,14577800,19343,45.00092404361486,"['what', 'do', 'you', 'hafta', 'do']","['pro:int', 'mod', 'pro:per', 'mod', 'v']",CLI,QN
32710,1,14577806,19343,45.00092404361486,"['I', 'want', 'piano']","['pro:sub', 'v', 'n']",CHI,SA
32710,1,14577812,19343,45.00092404361486,"['what', 'do', 'you', 'hafta', 'do', 'to', 'get', 'Mickey', 'out']","['pro:int', 'mod', 'pro:per', 'mod', 'v', 'inf', 'v', 'n:prop', 'adv']",CLI,QN
32710,1,14577818,19343,45.00092404361486,"['xxx', 'get', 'it']","['', 'v', 'pro:per']",CHI,SA
32710,1,14577828,19343,45.00092404361486,"[""what's"", 'this', 'picture']","['pro:int', 'det:dem', 'n']",CLI,QN
32710,1,14577837,19343,45.00092404361486,"['popcorn', 'popper']","['', 'n']",CHI,SA
32710,1,14577846,19343,45.00092404361486,"['oh', 'I', ""don't"", 'see', 'any', 'popcorn']","['co', 'pro:sub', 'mod', 'v', 'qn', '']",CLI,ST
32710,1,14577855,19343,45.00092404361486,"['in', 'that', 'bag', ""that's"", 'more', 'popcorn']","['prep', 'det:dem', 'n', 'pro:rel', 'adv', '']",CHI,ST
32710,1,14577864,19343,45.00092404361486,"['oh', ""that's"", 'one', 'right', 'there', 'huh']","['co', 'pro:dem', 'pro:indef', 'adv', 'adv', 'co']",CLI,ST
32710,1,14577877,19343,45.00092404361486,"[""that's"", 'going', 'in', 'that', 'in', 'that', 'bag']","['pro:rel', 'part', 'prep', 'det:dem', '', '', 'n']",CHI,ST
32710,1,14577884,19343,45.00092404361486,['uhhuh'],['co'],CLI,AC
32710,1,14577893,19343,45.00092404361486,"[""that's"", 'big', 'one']","['pro:dem', 'adj', 'pro:indef']",CHI,ST
32710,1,14577902,19343,45.00092404361486,"['big', 'what']","['adj', 'pro:int']",CLI,AP
32710,1,14577911,19343,45.00092404361486,"['big', 'bag']","['adj', 'n']",CLI,ST
32710,1,14577920,19343,45.00092404361486,"['popcorn', 'popper']","['', 'n']",CHI,YY
32710,1,14577932,19343,45.00092404361486,"['oh', 'I', ""don't"", 'see', 'the', 'popcorn']","['co', 'pro:sub', 'mod', 'v', 'det:art', '']",CLI,MK
32710,1,14577943,19343,45.00092404361486,"['in', 'that', 'bag']","['prep', 'det:dem', 'n']",CHI,RP
32711,1,14578246,19343,47.000965112219966,"['coat', 'off']","['n', 'adv']",CHI,RP
32711,1,14578256,19343,47.000965112219966,"['coat', 'off']","['n', 'adv']",CHI,RP
32711,1,14578266,19343,47.000965112219966,"['do', 'you', 'want', 'me', 'to', 'help', 'you']","['mod', 'pro:per', 'v', 'pro:obj', 'inf', 'v', 'pro:per']",CLI,RQ
32711,1,14578276,19343,47.000965112219966,"['help', 'you']","['v', 'pro:per']",CHI,RP
32711,1,14578284,19343,47.000965112219966,['alright'],['co'],CLI,AD
32711,1,14578293,19343,47.000965112219966,['there'],['adv'],CLI,MK
32711,1,14578303,19343,47.000965112219966,"['what', 'do', 'you', 'see', 'there', 'that', 'you', 'wanna', 'play', 'with']","['pro:int', 'mod', 'pro:per', 'v', 'adv', 'pro:rel', 'pro:per', 'v', 'v', 'prep']",CLI,QN
32711,1,14578316,19343,47.000965112219966,"['play', 'garage']","['n', 'n']",CHI,SA
32711,1,14578325,19343,47.000965112219966,"[""you're"", 'gonna', 'take', 'the', 'house', 'out']","['pro:per', 'part', 'v', 'det:art', 'n', 'adv']",CLI,RP
32711,1,14578335,19343,47.000965112219966,"['I', 'see', 'what', 'you', 'fire', 'doing']","['pro:sub', 'v', 'pro:int', 'pro:per', 'v', 'part']",CLI,RP
32711,1,14578345,19343,47.000965112219966,"['is', 'anyone', 'home']","['aux', 'pro:indef', 'n']",CLI,YQ
32711,1,14578353,19343,47.000965112219966,['home'],['adv'],CHI,AA
32711,1,14578361,19343,47.000965112219966,"['anyone', 'home', 'in', 'this', 'house']","['pro:indef', 'adv', 'prep', 'det:dem', 'n']",CLI,ST
32711,1,14578368,19343,47.000965112219966,['cars'],['n'],CHI,YY
32711,1,14578377,19343,47.000965112219966,"['nobody', 'here']","['pro:indef', 'adv']",CLI,MK
32711,1,14578387,19343,47.000965112219966,"['just', 'a', 'pig']","['adv', 'det:art', 'n']",CLI,ST
32711,1,14578395,19343,47.000965112219966,"['nobody', 'here']","['pro:indef', 'adv']",CLI,MK
32711,1,14578403,19343,47.000965112219966,"['just', 'some', ""block's""]","['adv', 'qn', 'adj']",CLI,RP
32711,1,14578411,19343,47.000965112219966,"['mommy', 'close', 'door']","['n', 'adj', 'n']",CHI,RP
32711,1,14578419,19343,47.000965112219966,"['mommy', 'close', 'door']","['n', 'adj', 'n']",CHI,RP
32711,1,14578428,19343,47.000965112219966,"['mommy', 'open', 'door']","['n', 'adj', 'n']",CHI,RP
32711,1,14578435,19343,47.000965112219966,"['mommy', 'open', 'door']","['n', 'adj', 'n']",CHI,RP
32711,1,14578442,19343,47.000965112219966,"[""what's"", 'Doug', 'doing', 'right', 'now']","['pro:int', 'n:prop', 'part', 'adv', 'adv']",CLI,QN
32711,1,14578453,19343,47.000965112219966,"[""Doug's"", 'opening', 'the', 'door']","['n:prop', 'part', 'det:art', 'n']",CLI,SA
32711,1,14578467,19343,47.000965112219966,"['close', 'door']","['adj', 'n']",CHI,RT
32711,1,14578473,19343,47.000965112219966,"['then', 'nobody', 'can', 'get', 'in']","['adv:tem', 'pro:indef', 'mod', 'v', 'adv']",CLI,RP
32711,1,14578484,19343,47.000965112219966,"[""I'm"", 'gonna', 'take', 'the', 'red', 'blocks', 'and', 'line', 'them', 'up']","['pro:sub', 'part', 'v', 'det:art', 'n', 'n', 'coord', 'v', 'pro:obj', 'adv']",CLI,SI
32711,1,14578499,19343,47.000965112219966,"['I', 'might', 'make', 'something', 'here']","['pro:sub', 'mod', 'v', 'pro:indef', 'adv']",CLI,SI
32711,1,14578508,19343,47.000965112219966,"['well', 'I', 'think', 'I', 'made', 'a', 'house']","['co', 'pro:sub', 'v', 'pro:sub', 'v', 'det:art', 'n']",CLI,ST
32711,1,14578516,19343,47.000965112219966,"['made', 'house']","['v', 'n']",CHI,ST
32711,1,14578522,19343,47.000965112219966,"['I', 'think', 'I', 'just', 'made', 'a', 'red', 'house']","['pro:sub', 'v', 'pro:sub', 'adv', 'v', 'det:art', 'adj', 'n']",CLI,ST
32711,1,14578533,19343,47.000965112219966,"['made', 'red', 'house']","['v', 'n', 'n']",CHI,ST
32711,1,14578542,19343,47.000965112219966,"['and', ""I'm"", 'going', 'to', 'put', 'a', 'yellow', 'chimney', 'on', 'my', 'house']","['coord', 'pro:sub', 'part', 'inf', 'v', 'det:art', 'n', 'n', 'prep', 'det:poss', 'n']",CLI,ST
32711,1,14578551,19343,47.000965112219966,"['and', 'then', 'you', 'know', ""what's"", 'gonna', 'happen']","['coord', 'adv:tem', 'pro:per', 'v', 'pro:int', 'part', 'v']",CLI,ST
32711,1,14578560,19343,47.000965112219966,"['the', 'big', 'bad', 'wolf', 'is', 'gonna', 'come', 'and', 'say', 'little', 'pig', 'little', 'pig', 'let', 'me', 'in']","['det:art', 'adj', 'adj', 'n', 'aux', 'part', 'v', 'coord', 'v', 'adj', 'n', 'adj', 'n', 'v', 'pro:obj', 'adv']",CLI,SI
32711,1,14578570,19343,47.000965112219966,['no'],['co'],CHI,RD
32711,1,14578577,19343,47.000965112219966,"['right', 'the', 'little', 'pig', 'says', 'not', 'by', 'the', 'hair', 'of', 'my', 'chinnie', 'chinnie', 'chin']","['adv', 'det:art', 'adj', 'n', 'v', 'neg', 'prep', 'det:art', 'n', 'prep', 'det:poss', 'n', 'n', 'n']",CLI,ST
32711,1,14578584,19343,47.000965112219966,['no'],['co'],CHI,RD
32711,1,14578593,19343,47.000965112219966,"[""he's"", 'gonna', 'say', ""I'll"", 'huff', 'and', ""I'll"", 'puff', 'and', ""I'll"", 'blow', 'this', 'down']","['pro:sub', 'part', 'v', 'pro:sub', 'v', 'coord', 'pro:sub', 'v', 'coord', 'pro:sub', 'v', 'pro:dem', 'adv']",CLI,SI
32711,1,14578598,19343,47.000965112219966,"['here', 'goes', 'Doug']","['adv', 'v', 'n:prop']",CLI,SS
32711,1,14578605,19343,47.000965112219966,"['I', 'blew', 'that', 'house', 'down']","['pro:sub', 'v', 'det:dem', 'n', 'adv']",CLI,ST
32711,1,14578612,19343,47.000965112219966,"['blew', 'house']","['v', 'n']",CHI,RT
32711,1,14578619,19343,47.000965112219966,"['well', 'we', 'can', 'try', 'to', 'build', 'it', 'again']","['co', 'pro:sub', 'mod', 'v', 'inf', 'v', 'pro:per', 'adv']",CLI,RP
32711,1,14578629,19343,47.000965112219966,"['build', 'garage']","['v', 'n']",CHI,YY
32711,1,14578636,19343,47.000965112219966,"['build', 'garage']","['v', 'n']",CHI,YY
32711,1,14578642,19343,47.000965112219966,"['well', 'if', 'we', 'build', 'a', 'house', 'I', 'guess', ""we'll"", 'need', 'a', 'garage', 'too']","['co', 'conj', 'pro:sub', 'v', 'det:art', 'n', 'pro:sub', 'v', 'pro:sub', 'v', 'det:art', 'n', 'adv']",CLI,ST
32711,1,14578647,19343,47.000965112219966,['garage'],['n'],CHI,YY
32711,1,14578652,19343,47.000965112219966,"['I', 'hope', 'that', 'big', 'bad', 'wolf', ""doesn't"", 'come', 'back']","['pro:sub', 'v', 'det:dem', 'adj', 'adj', 'n', 'mod', 'v', 'adv']",CLI,ST
32711,1,14578659,19343,47.000965112219966,"[""he's"", 'gonna', 'say', 'let', 'me', 'in', 'let', 'me', 'in']","['pro:sub', 'part', 'v', 'v', 'pro:obj', 'prep', 'v', 'pro:obj', 'adv']",CLI,FP
32711,1,14578667,19343,47.000965112219966,['no'],['co'],CHI,PF
32711,1,14578672,19343,47.000965112219966,"['not', 'by', 'the', 'hair', 'of', 'my', 'chinnie', 'chin', 'chin']","['neg', 'prep', 'det:art', 'n', 'prep', 'det:poss', 'n', 'n', 'n']",CLI,TX
32711,1,14578682,19343,47.000965112219966,"['then', ""what's"", 'he', 'gonna', 'do']","['adv:tem', 'pro:int', 'pro:sub', 'part', 'v']",CLI,QN
32711,1,14578690,19343,47.000965112219966,"['what', 'was', 'that', 'all', 'about']","['pro:int', 'cop', 'adv', 'adv', 'adv']",CLI,QN
32711,1,14578697,19343,47.000965112219966,"['he', 'knocked', 'the', 'house', 'down']","['pro:sub', 'v', 'det:art', 'n', 'adv']",CLI,SA
32711,1,14578701,19343,47.000965112219966,"['make', 'garage']","['v', 'n']",CHI,RP
32711,1,14578707,19343,47.000965112219966,"['make', 'house']","['v', 'n']",CHI,RP
32711,1,14578714,19343,47.000965112219966,"['Doug', 'make', 'house']","['n:prop', 'v', 'n']",CHI,RP
32711,1,14578720,19343,47.000965112219966,"['Doug', 'make', 'house']","['n:prop', 'v', 'n']",CHI,RP
32711,1,14578727,19343,47.000965112219966,"['what', 'kind', 'of', 'house', 'is', 'Doug', 'going', 'to', 'make']","['pro:int', 'n', 'prep', 'n', 'aux', 'n:prop', 'part', 'inf', 'v']",CLI,QN
32711,1,14578731,19343,47.000965112219966,"['build', 'block']","['v', 'n']",CHI,SA
32711,1,14578739,19343,47.000965112219966,"['gimme', 'block']","['v', 'v']",CHI,RP
32712,1,14577386,19343,45.00092404361486,"['refrigerator', 'in', 'that', 'house']","['n', 'prep', 'det:dem', 'n']",CHI,SI
32712,1,14577391,19343,45.00092404361486,"['I', 'want', 'house']","['pro:sub', 'v', 'n']",CHI,SI
32712,1,14577397,19343,45.00092404361486,"['I', 'want']","['pro:sub', 'v']",CHI,SI
32712,1,14577415,19343,45.00092404361486,"['should', 'I', 'put', 'it', 'up', 'here']","['mod', 'pro:sub', 'v', 'pro:per', 'prep', 'n']",CLI,SI
32712,1,14577424,19343,45.00092404361486,"['down', 'here']","['prep', 'n']",CHI,RT
32712,1,14577429,19343,45.00092404361486,['where'],['pro:rel'],CLI,QN
32712,1,14577438,19343,45.00092404361486,"['on', 'this', 'floor']","['prep', 'det:dem', 'n']",CHI,SA
32712,1,14577443,19343,45.00092404361486,"['xxx', 'want', 'this', 'lock']","['', 'v', 'det:dem', 'n']",CHI,RQ
32712,1,14577450,19343,45.00092404361486,"['okay', ""we'll"", 'unlock', 'it']","['co', 'pro:sub', 'v', 'pro:per']",CLI,AD
32712,1,14577456,19343,45.00092404361486,"['you', 'want', 'it', 'unlocked']","['pro:per', 'v', 'pro:per', 'part']",CLI,RQ
32712,1,14577463,19343,45.00092404361486,['yeah'],['co'],CHI,AD
32712,1,14577472,19343,45.00092404361486,"['gonna', 'open', 'it', 'up']","['part', 'v', 'pro:per', 'adv']",CLI,RP
32712,1,14577480,19343,45.00092404361486,['no'],['co'],CHI,RD
32712,1,14577489,19343,45.00092404361486,"['open', 'it', 'up']","['v', 'pro:per', 'adv']",CHI,RP
32712,1,14577497,19343,45.00092404361486,"[""where's""]",['pro:int'],CHI,QN
32712,1,14577505,19343,45.00092404361486,"[""that's"", ""where's"", 'refrigerator']","['pro:dem', 'pro:rel', 'n']",CHI,QN
32712,1,14577513,19343,45.00092404361486,"[""refrigerator's"", 'goes', 'there']","['n', 'v', 'adv']",CHI,SA
32712,1,14577519,19343,45.00092404361486,"[""doesn't"", 'it', 'go', 'in', 'the', 'kitchen']","['mod', 'pro:per', 'v', 'prep', 'det:art', 'n']",CLI,ST
32712,1,14577527,19343,45.00092404361486,"[""where's"", 'the', 'kitchen']","['pro:int', 'det:art', 'n']",CLI,QN
32712,1,14577531,19343,45.00092404361486,"[""that's"", 'kitchen']","['pro:dem', 'n']",CHI,SA
32712,1,14577538,19343,45.00092404361486,"[""that's"", 'right']","['pro:dem', 'co']",CLI,AP
32712,1,14577546,19343,45.00092404361486,"[""there's"", 'the', 'sink', 'refrigerator']","['pro:exist', 'det:art', 'n', 'n']",CLI,ST
32712,1,14577553,19343,45.00092404361486,"['another', 'chair']","['qn', 'n']",CHI,ST
32712,1,14577560,19343,45.00092404361486,"['this', 'is', 'swing']","['pro:dem', 'cop', 'v']",CHI,ST
32712,1,14577567,19343,45.00092404361486,"['Caroline', 'gonna', 'take', 'a', 'picture', 'of', 'you']","['n:prop', 'part', 'v', 'det:art', 'n', 'prep', 'pro:per']",CLI,RP
32712,1,14577572,19343,45.00092404361486,['yeah'],['co'],CHI,AD
32712,1,14577580,19343,45.00092404361486,"['can', 'you', 'show', 'me', 'what', 'you', 'have']","['mod', 'pro:per', 'v', 'pro:obj', 'pro:int', 'pro:per', 'v']",CLI,RP
32712,1,14577588,19343,45.00092404361486,['toy'],['n'],CHI,YY
32712,1,14577596,19343,45.00092404361486,"['can', 'you', 'show', 'me']","['mod', 'pro:per', 'v', 'pro:obj']",CLI,RP
32712,1,14577604,19343,45.00092404361486,['go'],['v'],CHI,YY
32712,1,14577610,19343,45.00092404361486,"['put', 'it', 'up', 'there']","['v', 'pro:per', 'prep', 'n']",CLI,RP
32712,1,14577616,19343,45.00092404361486,"['hold', 'it', 'up']","['v', 'pro:per', 'adv']",CLI,RP
32712,1,14577626,19343,45.00092404361486,"['what', 'do', 'you', 'have', 'in', 'you', 'hand']","['pro:int', 'mod', 'pro:per', 'v', 'prep', 'pro:per', 'v']",CLI,QN
32712,1,14577636,19343,45.00092404361486,"['potty', 'chair']","['adj', 'n']",CHI,SA
32712,1,14577644,19343,45.00092404361486,"['get', 'over', 'by', 'the', 'house']","['v', 'adv', 'prep', 'det:art', 'n']",CLI,RP
32712,1,14577651,19343,45.00092404361486,"['look', 'this', 'way', 'Doug']","['v', 'pro:dem', 'adv', 'n:prop']",CLI,RP
32712,1,14577672,19343,45.00092404361486,['funny'],['adj'],CHI,YY
32712,1,14577683,19343,45.00092404361486,"['what', 'are', 'you', 'going', 'to', 'do', 'with', 'that', 'potty', 'chair']","['pro:int', 'aux', 'pro:per', 'part', 'inf', 'v', 'prep', 'det:dem', 'adj', 'n']",CLI,QN
32712,1,14577699,19343,45.00092404361486,"['where', 'does', 'it', 'go']","['pro:int', 'mod', 'pro:per', 'v']",CLI,QN
32712,1,14577705,19343,45.00092404361486,"['in', 'that', ""where's"", 'that', ""where's"", 'bath+room']","['', '', '', '', '', '']",CHI,QN
32712,1,14577713,19343,45.00092404361486,"[""let's"", 'see']","['v', 'v']",CLI,RP
32712,1,14577719,19343,45.00092404361486,"['I', ""don't"", 'see', 'one']","['pro:sub', 'mod', 'v', 'pro:indef']",CLI,RP
32712,1,14577727,19343,45.00092404361486,"['right', 'there']","['adv', 'adv']",CHI,RP
32712,1,14577732,19343,45.00092404361486,"[""let's"", 'see']","['v', 'v']",CLI,RP
32712,1,14577758,19343,45.00092404361486,"['we', 'can', 'put', 'it', 'over', 'there']","['pro:sub', 'mod', 'v', 'pro:per', 'prep', 'n']",CLI,SI
32712,1,14577770,19343,45.00092404361486,"['well', 'pretend']","['co', 'v']",CLI,RP
32712,1,14577780,19343,45.00092404361486,['bath+room'],[''],CHI,YY
32712,1,14577788,19343,45.00092404361486,['huh'],['co'],CLI,RR
32712,1,14577797,19343,45.00092404361486,"['that', 'bath+room']","['pro:dem', '']",CHI,YY
32712,1,14577805,19343,45.00092404361486,['okay'],['co'],CLI,AC
32712,1,14577815,19343,45.00092404361486,"[""that's"", 'desk']","['pro:dem', 'n']",CHI,YY
32712,1,14577819,19343,45.00092404361486,"['Doug', 'xxx']","['n:prop', '']",CHI,YY
32712,1,14577831,19343,45.00092404361486,"['xxx', 'car']","['', 'n']",CHI,YY
32712,1,14577838,19343,45.00092404361486,"['this', 'couch']","['pro:dem', 'v']",CHI,YY
32712,1,14577847,19343,45.00092404361486,"['this', 'couch']","['pro:dem', 'v']",CHI,YY
32712,1,14577858,19343,45.00092404361486,"['where', 'does', 'the', 'couch', 'go']","['pro:int', 'v', 'det:art', 'n', 'v']",CLI,QN
32712,1,14577868,19343,45.00092404361486,"['find', 'it']","['v', 'pro:per']",CHI,SA
32712,1,14577879,19343,45.00092404361486,"['where', 'does', 'the', 'couch', 'go']","['pro:int', 'v', 'det:art', 'n', 'v']",CLI,QN
32712,1,14577887,19343,45.00092404361486,"['does', 'it', 'go', 'in', 'the', 'kitchen']","['mod', 'pro:per', 'v', 'prep', 'det:art', 'n']",CLI,RP
32712,1,14577897,19343,45.00092404361486,['living+room'],[''],CHI,YY
32712,1,14577904,19343,45.00092404361486,"['oh', 'the', 'living+room']","['co', 'det:art', '']",CLI,AC
32712,1,14577914,19343,45.00092404361486,"['xxx', 'xxx', 'train']","['', '', 'n']",CHI,ST
32712,1,14577924,19343,45.00092404361486,['xxx'],[''],CHI,YY
32712,1,14577933,19343,45.00092404361486,"['people', 'gets', 'in', 'that', 'train']","['n', 'aux', 'prep', 'det:dem', 'n']",CHI,ST
32712,1,14577944,19343,45.00092404361486,"['want', 'xxx', 'cars']","['v', '', 'n']",CHI,ST
32712,1,14577953,19343,45.00092404361486,"['where', 'does', 'this', 'go', 'Doug']","['pro:int', 'mod', 'pro:dem', 'v', 'n:prop']",CLI,QN
32712,1,14577961,19343,45.00092404361486,"['what', 'is', 'that']","['pro:int', 'cop', 'pro:dem']",CLI,QN
32712,1,14577970,19343,45.00092404361486,['stove'],['n'],CHI,SA
32712,1,14577978,19343,45.00092404361486,"['where', 'does', 'the', 'stole', 'go']","['pro:int', 'v', 'det:art', 'v', 'v']",CLI,QN
32712,1,14577989,19343,45.00092404361486,"['in', 'that', 'kitchen']","['prep', 'det:dem', 'n']",CHI,SA
32712,1,14577997,19343,45.00092404361486,"[""that's"", 'right']","['pro:dem', 'co']",CLI,AP
32712,1,14578005,19343,45.00092404361486,"['and', 'where', 'does', 'the', 'table', 'go']","['coord', 'pro:rel', 'v', 'det:art', 'n', 'v']",CLI,QN
32712,1,14578012,19343,45.00092404361486,"[""that's"", 'table', 'goes', 'in', 'kitchen']","['pro:dem', 'n', 'v', 'adv', 'n']",CHI,SI
32712,1,14578022,19343,45.00092404361486,"[""train's"", 'get', 'want', 'your', 'car']","['n', 'v', 'v', 'det:poss', 'n']",CHI,SI
32712,1,14578033,19343,45.00092404361486,"[""Doug's"", 'closing', 'the', 'garage']","['n:prop', 'part', 'det:art', 'n']",CLI,DP
32712,1,14578041,19343,45.00092404361486,"['want', 'car']","['v', 'n']",CHI,YD
32712,1,14578048,19343,45.00092404361486,"['go', 'get', 'car']","['v', 'v', 'n']",CHI,RP
32712,1,14578056,19343,45.00092404361486,"['let', 'me', 'look', 'in', 'this']","['v', 'pro:obj', 'co', 'adv', 'det:dem']",CLI,RP
32712,1,14578063,19343,45.00092404361486,"['there', 'might', 'be', 'one']","['adv', 'mod', 'cop', 'pro:indef']",CLI,RP
32712,1,14578073,19343,45.00092404361486,"['I', 'want', 'this', 'car']","['pro:sub', 'v', 'det:dem', 'n']",CHI,ST
32712,1,14578085,19343,45.00092404361486,"['you', 'have', 'car']","['pro:per', 'v', 'n']",CHI,ST
32712,1,14578093,19343,45.00092404361486,"[""that's"", 'right']","['pro:dem', 'co']",CLI,AP
32712,1,14578103,19343,45.00092404361486,"['and', 'Doug', 'wants', 'the', 'car']","['coord', 'n:prop', 'v', 'det:art', 'n']",CLI,ST
32712,1,14578112,19343,45.00092404361486,"['put', 'that', 'in', 'that', 'garage']","['v', 'pro:dem', 'prep', 'det:dem', 'n']",CHI,SI
32712,1,14578119,19343,45.00092404361486,"[""car's"", 'in', 'that', 'garage']","['n', 'prep', 'det:dem', 'n']",CHI,SI
32713,1,14577566,19343,47.000965112219966,"['tape', 'recorder', 'on']","['n', 'n', 'adv']",CHI,ST
32713,1,14577575,19343,47.000965112219966,"['yep', 'ready']","['co', 'v']",CLI,AP
32713,1,14577583,19343,47.000965112219966,"['xxx', 'xxx', 'truck', 'up', 'here']","['', '', 'n', 'prep', 'n']",CHI,SI
32713,1,14577592,19343,47.000965112219966,"['well', 'I', ""don't"", 'think', 'the', 'truck', 'goes', 'on', 'the', 'farm', 'because', 'it', 'runs', 'them', 'over']","['co', 'pro:sub', 'mod', 'v', 'det:art', 'n', 'v', 'prep', 'det:art', 'n', 'conj', 'pro:per', 'v', 'pro:obj', 'adv']",CLI,SI
32713,1,14577603,19343,47.000965112219966,"['runs', 'over']","['v', 'adv']",CHI,SI
32713,1,14577611,19343,47.000965112219966,['uhhuh'],['co'],CLI,AC
32713,1,14577620,19343,47.000965112219966,"['here', 'you', 'wanna', 'sit', 'up', 'on', 'this', 'chair']","['adv', 'pro:per', 'v', 'v', 'adv', 'prep', 'det:dem', 'n']",CLI,RQ
32713,1,14577634,19343,47.000965112219966,['yeah'],['co'],CHI,AD
32713,1,14577639,19343,47.000965112219966,"['you', 'can', 'get', 'up', 'there', ""can't"", 'you']","['pro:per', 'mod', 'v', 'prep', 'n', 'mod', 'pro:per']",CLI,PA
32713,1,14577646,19343,47.000965112219966,"[""there's"", 'a', 'combine']","['pro:exist', 'det:art', 'n']",CHI,ST
32713,1,14577668,19343,47.000965112219966,"[""it's"", 'a', 'combine']","['pro:per', 'det:art', 'n']",CHI,ST
32713,1,14577686,19343,47.000965112219966,"['what', 'do', 'they', 'do', 'with', 'combines']","['pro:int', 'mod', 'pro:sub', 'v', 'prep', 'n']",CLI,QN
32713,1,14577694,19343,47.000965112219966,"['here', 'I', 'can', 'take', 'the', 'bag']","['adv', 'pro:sub', 'mod', 'v', 'det:art', 'n']",CLI,SA
32713,1,14577702,19343,47.000965112219966,"['what', 'do', 'they', 'do', 'with', 'combines']","['pro:int', 'mod', 'pro:sub', 'v', 'prep', 'n']",CLI,QN
32713,1,14577709,19343,47.000965112219966,['xxx'],[''],CHI,YY
32713,1,14577716,19343,47.000965112219966,"[""there's"", 'a', 'birdie']","['pro:exist', 'det:art', 'n']",CHI,ST
32713,1,14577726,19343,47.000965112219966,"['this', 'goes', 'right', 'there']","['pro:dem', 'v', 'adv', 'adv']",CHI,ST
32713,1,14577735,19343,47.000965112219966,"[""there's"", 'a', 'tractor']","['pro:exist', 'det:art', 'n']",CHI,ST
32713,1,14577742,19343,47.000965112219966,"['what', 'does', 'a', 'tractor', 'do']","['pro:int', 'v', 'det:art', 'n', 'v']",CLI,QN
32713,1,14577748,19343,47.000965112219966,"['makes', 'them']","['v', 'pro:obj']",CHI,SA
32713,1,14577754,19343,47.000965112219966,['huh'],['co'],CLI,RR
32713,1,14577762,19343,47.000965112219966,"['corn', 'planter']","['n', 'n']",CHI,SA
32713,1,14577769,19343,47.000965112219966,"['get', 'that', 'car']","['v', 'det:dem', 'n']",CHI,RP
32713,1,14577778,19343,47.000965112219966,['please'],['co'],CLI,RP
32713,1,14577783,19343,47.000965112219966,['please'],['co'],CHI,RD
32713,1,14577792,19343,47.000965112219966,"['somebody', 'in', 'there']","['pro:indef', 'prep', 'n']",CHI,ST
32713,1,14577801,19343,47.000965112219966,['yeah'],['co'],CLI,AP
32713,1,14577808,19343,47.000965112219966,"[""who's"", 'in', 'there']","['pro:int', 'prep', 'n']",CLI,QN
32713,1,14577817,19343,47.000965112219966,"['who', 'does', 'that', 'look', 'like', 'in', 'there']","['pro:int', 'mod', 'pro:dem', 'v', 'conj', 'prep', 'n']",CLI,QN
32713,1,14577826,19343,47.000965112219966,"['can', 'you', 'see', 'it']","['mod', 'pro:per', 'v', 'pro:per']",CLI,RP
32713,1,14577835,19343,47.000965112219966,"['mommy', 'and', 'daddy']","['n', 'coord', 'n']",CHI,YY
32713,1,14577842,19343,47.000965112219966,['xxx'],[''],CHI,YY
32713,1,14577848,19343,47.000965112219966,['oh'],['co'],CLI,MK
32713,1,14577856,19343,47.000965112219966,"['what', 'is', 'that']","['pro:int', 'cop', 'pro:dem']",CLI,QN
32713,1,14577866,19343,47.000965112219966,"['wagon', 'right', 'there']","['n', 'adv', 'adv']",CHI,SA
32713,1,14577876,19343,47.000965112219966,"[""that's"", 'a', 'heater']","['pro:dem', 'det:art', 'n']",CHI,SA
32713,1,14577886,19343,47.000965112219966,"['oh', ""that's"", 'a', 'wagon']","['co', 'pro:dem', 'det:art', 'n']",CLI,AP
32713,1,14577892,19343,47.000965112219966,"['there', 'xxx']","['adv', '']",CHI,MK
32713,1,14577901,19343,47.000965112219966,"['now', 'what', 'did', 'you', 'do']","['adv', 'pro:int', 'mod', 'pro:per', 'v']",CLI,QN
32713,1,14577913,19343,47.000965112219966,"['you', 'let', 'all', 'the', 'animals', 'out']","['pro:per', 'v', 'qn', 'det:art', 'n', 'adv']",CLI,RP
32713,1,14577922,19343,47.000965112219966,"['you', 'took', 'the', 'fence']","['pro:per', 'v', 'det:art', 'n']",CLI,RP
32713,1,14577929,19343,47.000965112219966,"['I', 'go', 'get', 'get', 'get', 'the', 'animals', 'in', 'there']","['pro:sub', 'v', '', '', 'v', 'det:art', 'n', 'prep', 'n']",CHI,RP
32713,1,14577937,19343,47.000965112219966,"['oops', 'is', 'that', 'cow', 'going', 'to', 'stand', 'up']","['co', 'cop', 'comp', 'n', 'part', 'inf', 'v', 'adv']",CLI,RP
32713,1,14577945,19343,47.000965112219966,"['you', 'get', 'these']","['pro:per', 'v', 'pro:dem']",CHI,YY
32713,1,14577952,19343,47.000965112219966,"['what', 'is', 'that']","['pro:int', 'cop', 'pro:dem']",CLI,QN
32713,1,14577958,19343,47.000965112219966,['chickens'],['n'],CHI,SA
32713,1,14577967,19343,47.000965112219966,"['is', 'that', 'a', 'chicken', 'house']","['cop', 'comp', 'det:art', 'n', 'n']",CLI,EC
32713,1,14577976,19343,47.000965112219966,"['chicken', 'house']","['n', 'n']",CHI,SC
32713,1,14577983,19343,47.000965112219966,"['chicken', 'house']","['n', 'n']",CHI,SC
32713,1,14577991,19343,47.000965112219966,"[""there's"", 'a', 'chicken', 'house']","['pro:exist', 'det:art', 'n', 'n']",CHI,ST
32713,1,14577999,19343,47.000965112219966,"['my', ""cow's"", 'going', 'over', 'here', 'to', 'see', 'his', 'friend']","['det:poss', 'n', 'part', 'prep', 'n', 'inf', 'v', 'det:poss', 'n']",CLI,RP
32713,1,14578006,19343,47.000965112219966,"['see', 'his', 'friend']","['v', 'det:poss', 'n']",CHI,RP
32713,1,14578015,19343,47.000965112219966,['xxx'],[''],CHI,YY
32713,1,14578020,19343,47.000965112219966,"['groceries', 'house']","['n', 'n']",CHI,YY
32713,1,14578028,19343,47.000965112219966,['xxx'],[''],CHI,YY
32713,1,14578036,19343,47.000965112219966,"[""there's"", 'a', 'tractor']","['pro:exist', 'det:art', 'n']",CHI,ST
32713,1,14578043,19343,47.000965112219966,"[""there's"", 'a', 'combine']","['pro:exist', 'det:art', 'n']",CHI,ST
32713,1,14578051,19343,47.000965112219966,"['what', 'do', 'they', 'use', 'the', 'combine', 'for']","['pro:int', 'mod', 'pro:sub', 'v', 'det:art', 'n', 'prep']",CLI,QN
32713,1,14578060,19343,47.000965112219966,"['in', 'a', 'field']","['prep', 'det:art', 'n']",CHI,SA
32713,1,14578065,19343,47.000965112219966,"['in', 'the', 'fields']","['prep', 'det:art', 'n']",CLI,AP
32713,1,14578074,19343,47.000965112219966,"[""there's"", 'a', 'cuts', 'right', 'there']","['pro:exist', 'det:art', 'n', 'adv', 'adv']",CHI,ST
32713,1,14578084,19343,47.000965112219966,"['what', 'is', 'that']","['pro:int', 'cop', 'pro:dem']",CLI,QN
32713,1,14578091,19343,47.000965112219966,['cuts'],['n'],CHI,SA
32713,1,14578099,19343,47.000965112219966,"['how', 'about', 'a', 'plow']","['pro:int', 'adv', 'det:art', 'n']",CLI,CT
32713,1,14578107,19343,47.000965112219966,['plow'],['n'],CHI,RT
32713,1,14578117,19343,47.000965112219966,"['this', 'is', 'xxx']","['pro:dem', 'cop', '']",CHI,YY
32713,1,14578124,19343,47.000965112219966,"[""who's"", 'driving', 'the', 'plow']","['pro:rel', 'part', 'det:art', 'n']",CLI,QN
32713,1,14578130,19343,47.000965112219966,['Grandpa_Hanson'],['n:prop'],CHI,SA
32713,1,14578141,19343,47.000965112219966,['Grandpa_Hanson'],['n:prop'],CLI,DW
32713,1,14578147,19343,47.000965112219966,"['he', 'is']","['pro:sub', 'cop']",CLI,ST
32713,1,14578157,19343,47.000965112219966,"['Grandpa_Hanson', ""he's"", 'good', 'a', 'driving', 'plows', ""isn't"", 'he']","['n:prop', 'pro:sub', 'adj', 'det:art', 'n:gerund', 'n', 'cop', 'pro:sub']",CLI,ST
32713,1,14578164,19343,47.000965112219966,"['sit', 'up']","['v', 'adv']",CHI,ST
32713,1,14578171,19343,47.000965112219966,"['is', 'he', 'good', 'at', 'driving', 'tractors']","['cop', 'pro:sub', 'adj', 'prep', 'part', 'n']",CLI,AP
32713,1,14578182,19343,47.000965112219966,"[""who's"", 'on', 'the', 'combine']","['pro:int', 'prep', 'det:art', 'n']",CLI,QN
32713,1,14578188,19343,47.000965112219966,['mommy'],['n'],CHI,SA
32713,1,14578196,19343,47.000965112219966,"['your', 'mom']","['det:poss', 'n']",CLI,CT
32713,1,14578202,19343,47.000965112219966,['yeah'],['co'],CHI,AC
32713,1,14578211,19343,47.000965112219966,"['is', 'she', 'driving', 'that', 'combine']","['cop', 'pro:sub', 'n:gerund', 'adv', 'n']",CLI,ST
32713,1,14578218,19343,47.000965112219966,"[""that's"", 'a', 'good', 'place', 'for', 'her', ""isn't"", 'it']","['pro:dem', 'det:art', 'adj', 'n', 'prep', 'pro:obj', 'cop', 'pro:per']",CLI,ST
32713,1,14578225,19343,47.000965112219966,"['helping', 'out']","['part', 'adv']",CLI,ST
32713,1,14578233,19343,47.000965112219966,['xxx'],[''],CHI,YY
32713,1,14578240,19343,47.000965112219966,"['di', 'get', 'this', 'horse', 'right', 'there']","['', 'v', 'det:dem', 'n', 'adv', 'adv']",CHI,ST
32713,1,14578248,19343,47.000965112219966,"[""that's"", 'a', 'good', 'place']","['pro:dem', 'det:art', 'adj', 'n']",CLI,AP
32713,1,14578259,19343,47.000965112219966,"[""there's"", 'another', 'big', 'horse']","['pro:exist', 'qn', 'adj', 'n']",CHI,ST
32713,1,14578271,19343,47.000965112219966,"['why', 'do', 'you', 'suppose', 'they', 'went', 'over', 'there']","['pro:int', 'mod', 'pro:per', 'v', 'pro:sub', 'v', 'prep', 'n']",CLI,QN
32713,1,14578285,19343,47.000965112219966,"['why', 'do', 'you', 'suppose', ""they're"", 'over', 'there']","['pro:int', 'mod', 'pro:per', 'v', 'pro:sub', 'prep', 'n']",CLI,QN
32713,1,14578296,19343,47.000965112219966,['yeah'],['co'],CHI,AC
32713,1,14578305,19343,47.000965112219966,"[""they're"", 'eating', 'over', 'there']","['pro:sub', 'part', 'prep', 'n']",CLI,ST
32713,1,14578312,19343,47.000965112219966,['xxx'],[''],CHI,YY
32713,1,14578321,19343,47.000965112219966,"['what', 'do', 'they', 'eat']","['pro:int', 'mod', 'pro:sub', 'v']",CLI,QN
32713,1,14578330,19343,47.000965112219966,"['what', 'do', 'they', 'eat', 'Doug']","['pro:int', 'mod', 'pro:sub', 'v', 'n:prop']",CLI,QN
32713,1,14578340,19343,47.000965112219966,"['what', 'do', 'they', 'eat']","['pro:int', 'mod', 'pro:sub', 'v']",CLI,QN
32713,1,14578348,19343,47.000965112219966,"['right', 'there', 'over', 'there']","['adv', 'adv', 'prep', 'n']",CHI,SA
32713,1,14578356,19343,47.000965112219966,"['what', 'do', 'they', 'eat']","['pro:int', 'mod', 'pro:sub', 'v']",CLI,QN
32713,1,14578365,19343,47.000965112219966,['corn'],['n'],CHI,SA
32713,1,14578372,19343,47.000965112219966,"['what', 'else']","['pro:int', 'post']",CLI,QN
32713,1,14578381,19343,47.000965112219966,"['this', 'this', 'is', 'this', 'is', 'soft', 'xxx']","['', '', '', 'pro:dem', 'cop', 'adj', '']",CHI,SA
32713,1,14578391,19343,47.000965112219966,"['this', 'goes', 'down', 'and', 'up']","['pro:dem', 'v', 'adv', 'coord', 'adv']",CLI,AP
32713,1,14578399,19343,47.000965112219966,"[""that's"", 'a', 'hole', 'uhhuh']","['pro:dem', 'det:art', 'n', 'co']",CLI,AP
32713,1,14578406,19343,47.000965112219966,"['what', 'comes', 'out_of', 'here']","['pro:int', 'v', 'prep', 'n']",CLI,QN
32713,1,14578415,19343,47.000965112219966,['dirt'],['n'],CHI,SA
32713,1,14578421,19343,47.000965112219966,['dirt'],['n'],CLI,CT
32713,1,14578427,19343,47.000965112219966,"[""that's"", 'another', 'big', 'hole']","['pro:dem', 'qn', 'adj', 'n']",CHI,ST
32713,1,14578434,19343,47.000965112219966,"['now', 'my', ""mommy's"", 'going', 'to', 'the', 'store']","['adv', 'co', 'n', 'part', 'prep', 'det:art', 'n']",CLI,ST
32713,1,14578441,19343,47.000965112219966,"['sound', 'effects']","['', '']",CLI,YQ
32713,1,14578455,19343,47.000965112219966,['yeah'],['co'],CHI,AA
32713,1,14578465,19343,47.000965112219966,"['where', 'did', 'the', 'groceries', 'go']","['pro:rel', 'mod', 'det:art', 'n', 'v']",CLI,QN
32713,1,14578474,19343,47.000965112219966,"['he', 'get', 'this']","['pro:sub', 'v', 'pro:dem']",CHI,SA
32713,1,14578485,19343,47.000965112219966,"[""they're"", 'way', 'over', 'there', ""aren't"", 'they']","['pro:sub', 'adv', 'prep', 'n', 'cop', 'pro:sub']",CLI,ST
32713,1,14578498,19343,47.000965112219966,"['big', 'car']","['adj', 'n']",CHI,ST
32713,1,14578505,19343,47.000965112219966,['xxx'],[''],CHI,YY
32713,1,14578512,19343,47.000965112219966,['xxx'],[''],CHI,YY
32714,1,14577666,19343,47.000965112219966,['car'],['n'],CHI,YY
32714,1,14577675,19343,47.000965112219966,['car'],['n'],CLI,EC
32714,1,14577685,19343,47.000965112219966,['seeder'],['n'],CHI,SC
32714,1,14577698,19343,47.000965112219966,"['seeder', ""that's"", 'right']","['n', 'pro:rel', 'co']",CLI,AP
32714,1,14577706,19343,47.000965112219966,['seeder'],['n'],CHI,RT
32714,1,14577715,19343,47.000965112219966,"[""what's"", 'that']","['pro:int', 'pro:dem']",CLI,QN
32714,1,14577723,19343,47.000965112219966,['tractor'],['n'],CHI,SA
32714,1,14577731,19343,47.000965112219966,"['tractor', ""that's"", 'right']","['n', 'pro:rel', 'co']",CLI,AP
32714,1,14577739,19343,47.000965112219966,"['and', 'that']","['coord', 'pro:dem']",CLI,ST
32714,1,14577745,19343,47.000965112219966,['mister'],['n'],CHI,YY
32714,1,14577752,19343,47.000965112219966,['miss'],['n'],CHI,YY
32714,1,14577759,19343,47.000965112219966,"[""what's"", 'this']","['pro:int', 'pro:dem']",CLI,QN
32714,1,14577766,19343,47.000965112219966,['combine'],['n'],CHI,SA
32714,1,14577773,19343,47.000965112219966,"['combine', ""that's"", 'right']","['n', 'pro:rel', 'co']",CLI,AP
32714,1,14577779,19343,47.000965112219966,['mister'],['n'],CHI,YY
32714,1,14577784,19343,47.000965112219966,['feed'],['n'],CHI,YY
32714,1,14577791,19343,47.000965112219966,"['corn', 'planter']","['n', 'n']",CHI,ST
32714,1,14577799,19343,47.000965112219966,"['how', 'about', 'a', 'plow']","['pro:int', 'adv', 'det:art', 'n']",CLI,CT
32714,1,14577807,19343,47.000965112219966,['plow'],['n'],CHI,RT
32714,1,14577816,19343,47.000965112219966,"[""what's"", 'that']","['pro:int', 'pro:dem']",CLI,QN
32714,1,14577823,19343,47.000965112219966,['wagon'],['n'],CHI,YY
32714,1,14577827,19343,47.000965112219966,['xxx'],[''],CHI,YY
32714,1,14577836,19343,47.000965112219966,['groceries'],['n'],CHI,YY
32714,1,14577845,19343,47.000965112219966,"[""that's"", 'grocery', 'store']","['pro:dem', 'n', 'n']",CLI,ST
32714,1,14577853,19343,47.000965112219966,"[""that's"", 'right']","['pro:dem', 'co']",CLI,AP
32714,1,14577859,19343,47.000965112219966,"[""what's"", 'this']","['pro:int', 'pro:dem']",CLI,QN
32714,1,14577867,19343,47.000965112219966,['fence'],['n'],CHI,SA
32714,1,14577873,19343,47.000965112219966,"['my', 'cow', 'is', 'going', 'in', 'the', 'fence']","['det:poss', 'n', 'aux', 'part', 'prep', 'det:art', 'n']",CLI,DW
32714,1,14577881,19343,47.000965112219966,"['my', 'chicken', 'house', 'is', 'going', 'right', 'there']","['det:poss', 'n', 'n', 'aux', 'part', 'adv', 'adv']",CLI,ST
32714,1,14577890,19343,47.000965112219966,"[""that's"", 'my', 'chicken', 'house']","['pro:dem', 'det:poss', 'n', 'n']",CHI,RT
32714,1,14577899,19343,47.000965112219966,"['okay', 'what', 'is', 'your', 'chicken', 'house', 'doing']","['co', 'pro:int', 'cop', 'det:poss', 'n', 'n', 'part']",CLI,QN
32714,1,14577909,19343,47.000965112219966,['roostering'],['neo'],CHI,SA
32714,1,14577918,19343,47.000965112219966,['roostering'],['neo'],CLI,EC
32714,1,14577926,19343,47.000965112219966,"['xxx', 'truck']","['', 'n']",CHI,SC
32714,1,14577934,19343,47.000965112219966,['girl'],['n'],CLI,SC
32714,1,14577941,19343,47.000965112219966,['girl'],['n'],CHI,SC
32714,1,14577950,19343,47.000965112219966,['apples'],['n'],CLI,SC
32714,1,14577956,19343,47.000965112219966,"[""here's"", 'the', 'tractor', 'driver']","['pro:exist', 'det:art', 'n', 'n']",CLI,SI
32714,1,14577964,19343,47.000965112219966,"[""here's"", 'a', 'tractor', 'wai', 'driver']","['pro:exist', 'det:art', 'n', '', 'n']",CHI,SI
32714,1,14577971,19343,47.000965112219966,"['this', 'goes']","['pro:dem', 'v']",CHI,SI
32714,1,14577981,19343,47.000965112219966,['xxx'],[''],CHI,YY
32714,1,14577987,19343,47.000965112219966,"['this', 'is']","['pro:dem', 'cop']",CHI,YY
32714,1,14577993,19343,47.000965112219966,"[""that's"", 'a', 'seeder']","['pro:dem', 'det:art', 'n']",CHI,ST
32714,1,14578001,19343,47.000965112219966,"[""that's"", 'a', 'seeder']","['pro:dem', 'det:art', 'n']",CLI,CT
32714,1,14578007,19343,47.000965112219966,"[""that's"", 'right']","['pro:dem', 'co']",CLI,AP
32714,1,14578014,19343,47.000965112219966,"[""where's"", 'mom']","['pro:int', 'n']",CLI,QN
32714,1,14578023,19343,47.000965112219966,"[""here's"", 'mom']","['pro:exist', 'n']",CHI,TO
32714,1,14578030,19343,47.000965112219966,"['mom', 'is', 'planting']","['n', 'aux', 'part']",CLI,YQ
32714,1,14578038,19343,47.000965112219966,['planting'],['part'],CHI,AA
32714,1,14578045,19343,47.000965112219966,"[""what's"", 'this']","['pro:int', 'pro:dem']",CLI,QN
32714,1,14578052,19343,47.000965112219966,['horsie'],['n'],CHI,SA
32714,1,14578059,19343,47.000965112219966,"[""what's"", 'the', 'horsie', 'doing']","['pro:int', 'det:art', 'n', 'part']",CLI,QN
32714,1,14578066,19343,47.000965112219966,"['this', 'is', 'a', 'horsie', 'doing']","['pro:dem', 'cop', 'det:art', 'n', 'part']",CHI,SA
32714,1,14578076,19343,47.000965112219966,"['what', 'is', 'he', 'doing']","['pro:int', 'cop', 'pro:sub', 'part']",CLI,AP
32714,1,14578081,19343,47.000965112219966,"['you', 'say', 'it']","['pro:per', 'v', 'pro:per']",CHI,EI
32714,1,14578089,19343,47.000965112219966,"['do', 'you', 'want', 'me', 'to', 'say', 'it']","['mod', 'pro:per', 'v', 'pro:obj', 'inf', 'v', 'pro:per']",CLI,EI
32714,1,14578098,19343,47.000965112219966,['yeah'],['co'],CHI,AA
32714,1,14578105,19343,47.000965112219966,"['oh', 'is', 'he', 'eating']","['co', 'cop', 'pro:sub', 'part']",CLI,YQ
32714,1,14578118,19343,47.000965112219966,['yeah'],['co'],CHI,AA
32714,1,14578125,19343,47.000965112219966,['okay'],['co'],CLI,AD
32714,1,14578131,19343,47.000965112219966,"[""he's"", 'eating', 'right', 'there', 'in', 'the', 'grass']","['pro:sub', 'part', 'adv', 'adv', 'prep', 'det:art', 'n']",CHI,ST
32714,1,14578143,19343,47.000965112219966,"[""what's"", 'that', 'man', 'doing', 'by', 'you']","['pro:int', 'pro:dem', 'v', 'part', 'prep', 'pro:per']",CLI,QN
32714,1,14578151,19343,47.000965112219966,"[""what's"", 'he', 'doing']","['pro:int', 'pro:sub', 'part']",CLI,QN
32714,1,14578158,19343,47.000965112219966,"['xxx', 'shoveling']","['', 'part']",CHI,SA
32714,1,14578168,19343,47.000965112219966,"['shoveling', ""that's"", 'right']","['part', 'pro:rel', 'co']",CLI,AP
32714,1,14578173,19343,47.000965112219966,"[""where's"", 'the', 'plow', 'going']","['pro:int', 'det:art', 'n', 'part']",CLI,QN
32714,1,14578180,19343,47.000965112219966,"['xxx', 'get', 'the', 'wagon', 'out']","['', 'v', 'det:art', 'n', 'adv']",CHI,SA
32714,1,14578189,19343,47.000965112219966,"['good', ""you're"", 'playing', 'with', 'the', 'wagon', 'and', 'the', 'plow']","['adj', 'pro:per', 'part', 'prep', 'det:art', 'n', 'coord', 'det:art', 'n']",CLI,AP
32714,1,14578199,19343,47.000965112219966,"[""here's"", 'the', 'boy']","['pro:exist', 'det:art', 'n']",CLI,ST
32714,1,14578209,19343,47.000965112219966,"['you', 'put', 'xxx']","['pro:per', 'v', '']",CHI,RP
32714,1,14578220,19343,47.000965112219966,['please'],['co'],CLI,RP
32714,1,14578226,19343,47.000965112219966,['please'],['co'],CHI,RD
32714,1,14578231,19343,47.000965112219966,"[""there's"", 'a', 'tractor']","['pro:exist', 'det:art', 'n']",CHI,ST
32714,1,14578239,19343,47.000965112219966,"['put', 'the', 'plow', 'on', 'the', 'tractor']","['v', 'det:art', 'n', 'prep', 'det:art', 'n']",CLI,RP
32714,1,14578247,19343,47.000965112219966,"[""I'm"", 'putting', 'the', 'plow', 'on', 'the', 'tractor', 'and', ""I'm"", 'making', 'the', 'driver', 'fit', 'there']","['pro:sub', 'part', 'det:art', 'n', 'prep', 'det:art', 'n', 'coord', 'pro:sub', 'part', 'det:art', 'n', 'n', 'adv']",CLI,DP
32714,1,14578257,19343,47.000965112219966,"['driver', 'fit']","['n', 'v']",CHI,YD
32714,1,14578267,19343,47.000965112219966,"['good', 'you', 'are', 'playing', 'with', 'the', 'truck']","['adj', 'pro:per', 'aux', 'part', 'prep', 'det:art', 'n']",CLI,ST
32714,1,14578277,19343,47.000965112219966,"[""why's"", 'it']","['pro:int', 'pro:per']",CHI,QN
32714,1,14578283,19343,47.000965112219966,"['that', ""there's"", 'easter', 'bunny']","['', 'pro:exist', 'adj', 'n']",CHI,SA
32714,1,14578291,19343,47.000965112219966,"[""where's"", 'the', 'easter', 'bunny']","['pro:int', 'det:art', 'adj', 'n']",CLI,QN
32714,1,14578301,19343,47.000965112219966,['this'],['pro:dem'],CHI,SA
32714,1,14578310,19343,47.000965112219966,"[""that's"", 'the', 'dog']","['pro:dem', 'det:art', 'n']",CLI,CT
32714,1,14578315,19343,47.000965112219966,['xxx'],[''],CHI,YY
32714,1,14578322,19343,47.000965112219966,"[""it's"", 'ears', 'are', 'flying', 'in', 'the', 'wind']","['pro:per', 'n', 'aux', 'part', 'prep', 'det:art', 'n']",CLI,SA
32714,1,14578331,19343,47.000965112219966,"['ears', 'flying', 'in', 'wind']","['n', 'part', 'prep', 'n']",CHI,SA
32714,1,14578338,19343,47.000965112219966,"['ears', 'flying', 'in', 'the', 'wind', 'right']","['n', 'part', 'prep', 'det:art', 'n', 'adj']",CLI,AP
32714,1,14578349,19343,47.000965112219966,"[""there's"", 'a', 'seeder']","['pro:exist', 'det:art', 'n']",CHI,ST
32714,1,14578358,19343,47.000965112219966,"[""there's"", 'a', 'seeder']","['pro:exist', 'det:art', 'n']",CLI,AP
32714,1,14578367,19343,47.000965112219966,"['what', 'does', 'the', 'seeder', 'do']","['pro:int', 'v', 'det:art', 'n', 'v']",CLI,QN
32714,1,14578379,19343,47.000965112219966,"['put', 'the', 'seeder', 'on']","['v', 'det:art', 'n', 'prep']",CHI,SA
32714,1,14578389,19343,47.000965112219966,"['you', 'want', 'the', 'seeder', 'on']","['pro:per', 'v', 'det:art', 'n', 'prep']",CLI,AP
32714,1,14578398,19343,47.000965112219966,['please'],['co'],CLI,RP
32714,1,14578407,19343,47.000965112219966,['please'],['co'],CHI,RD
32714,1,14578412,19343,47.000965112219966,"['I', 'broke', 'that']","['pro:sub', 'v', 'comp']",CHI,ST
32714,1,14578422,19343,47.000965112219966,"['you', 'broke', 'it']","['pro:per', 'v', 'pro:per']",CLI,AP
32714,1,14578431,19343,47.000965112219966,"['is', 'that', 'what', 'you', 'said']","['cop', 'pro:dem', 'pro:int', 'pro:per', 'v']",CLI,QN
32714,1,14578439,19343,47.000965112219966,"['broke', 'it']","['v', 'pro:per']",CHI,SA
32714,1,14578448,19343,47.000965112219966,"['I', ""don't"", 'think', 'so']","['pro:sub', 'mod', 'v', 'co']",CLI,DW
32714,1,14578454,19343,47.000965112219966,"[""it's"", 'fixable', 'I', 'think']","['pro:per', 'adj', 'pro:sub', 'v']",CLI,ST
32714,1,14578468,19343,47.000965112219966,"['i', 'put', 'you', 'put', 'this', 'on']","['', '', 'pro:per', 'v', 'pro:dem', 'prep']",CHI,SI
32714,1,14578476,19343,47.000965112219966,['please'],['co'],CLI,MK
32714,1,14578482,19343,47.000965112219966,['please'],['co'],CHI,RT
32714,1,14578491,19343,47.000965112219966,"['yes', 'I', 'will', 'Doug']","['co', 'pro:sub', 'mod', 'n:prop']",CLI,AP
32714,1,14578501,19343,47.000965112219966,"['yes', 'that', 'doing', 'on', 'a', 'combine']","['co', 'adv', 'part', 'prep', 'det:art', 'n']",CHI,AP
32714,1,14578513,19343,47.000965112219966,"[""what's"", 'he', 'doing', 'to', 'the', 'combine']","['pro:int', 'pro:sub', 'part', 'prep', 'det:art', 'n']",CLI,AP
32714,1,14578521,19343,47.000965112219966,"['what', 'did', 'you', 'say']","['pro:int', 'mod', 'pro:per', 'v']",CLI,QN
32714,1,14578532,19343,47.000965112219966,"['they', 'do', 'combine']","['pro:sub', 'mod', 'v']",CHI,SA
32714,1,14578541,19343,47.000965112219966,['xxx'],[''],CHI,YY
32714,1,14578548,19343,47.000965112219966,"['my', 'car', 'is', 'driving', 'past', 'your', 'combine']","['det:poss', 'n', 'aux', 'part', 'adj', 'det:poss', 'n']",CLI,ST
32714,1,14578555,19343,47.000965112219966,"[""what's"", 'my', 'car', 'doing', 'now']","['pro:int', 'det:poss', 'n', 'part', 'adv']",CLI,QN
32715,1,14579719,19343,48.00098564652252,['what'],['pro:int'],CLI,QN
32715,1,14579730,19343,48.00098564652252,"['a', 'race', 'truck']","['det:art', 'n', 'n']",CHI,SA
32715,1,14579739,19343,48.00098564652252,"['this', 'is', 'a', 'race', 'track', 'and', 'an', 'ambulance']","['pro:dem', 'cop', 'det:art', 'n', 'n', 'coord', 'det:art', 'n']",CHI,ST
32715,1,14579747,19343,48.00098564652252,"['how', 'come', ""you're"", 'hiding', 'those']","['pro:int', 'v', 'pro:per', 'part', 'pro:dem']",CLI,QN
32715,1,14579763,19343,48.00098564652252,"[""let's"", 'set', 'them', 'up']","['v', 'v', 'pro:obj', 'adv']",CLI,RP
32715,1,14579770,19343,48.00098564652252,"['I', 'want', 'this']","['pro:sub', 'v', 'det:dem']",CHI,YY
32715,1,14579778,19343,48.00098564652252,"['bring', 'them', 'back', 'so', 'I', 'can', 'set', 'them', 'up']","['v', 'pro:obj', 'adv', 'conj', 'pro:sub', 'mod', 'v', 'pro:obj', 'adv']",CLI,RP
32715,1,14579791,19343,48.00098564652252,"['I', 'want', 'this']","['pro:sub', 'v', 'det:dem']",CHI,YY
32715,1,14579799,19343,48.00098564652252,"[""that's"", 'that']","['pro:dem', 'pro:dem']",CHI,YY
32715,1,14579809,19343,48.00098564652252,['huh'],['co'],CHI,YY
32715,1,14579818,19343,48.00098564652252,['what'],['pro:int'],CLI,QN
32715,1,14579828,19343,48.00098564652252,"[""that's"", 'a', 'board']","['pro:dem', 'det:art', 'n']",CHI,SA
32715,1,14579839,19343,48.00098564652252,"[""that's"", 'a', 'scoreboard', ""that's"", 'right']","['pro:dem', 'det:art', 'n', 'pro:rel', 'co']",CLI,AP
32715,1,14579852,19343,48.00098564652252,"['can', 'you', 'get', 'those', 'boys', 'out_of', 'there']","['mod', 'pro:per', 'v', 'det:dem', 'n', 'prep', 'n']",CLI,RP
32715,1,14579862,19343,48.00098564652252,"['I', 'wanna', 'set', 'them', 'up']","['pro:sub', 'v', 'v', 'pro:obj', 'adv']",CLI,ST
32715,1,14579874,19343,48.00098564652252,"['hand', 'them', 'to', 'me']","['v', 'pro:obj', 'prep', 'pro:obj']",CLI,RP
32715,1,14579882,19343,48.00098564652252,"['thank', 'you']","['v', 'pro:per']",CLI,MK
32715,1,14579894,19343,48.00098564652252,"['thank', 'you']","['v', 'pro:per']",CHI,MK
32715,1,14579905,19343,48.00098564652252,['xxx'],[''],CHI,YY
32715,1,14579915,19343,48.00098564652252,['scoreboard'],['n'],CLI,YY
32715,1,14579924,19343,48.00098564652252,"['your', 'ambulance', 'is', 'on', 'the', 'racetrack']","['det:poss', 'n', 'cop', 'prep', 'det:art', '']",CLI,YQ
32715,1,14579933,19343,48.00098564652252,['yeah'],['co'],CHI,AA
32715,1,14579941,19343,48.00098564652252,['xxx'],[''],CHI,YY
32715,1,14579949,19343,48.00098564652252,"['and', 'you', 'parked', 'it', 'in', 'the', 'pits']","['coord', 'pro:per', 'v', 'pro:per', 'prep', 'det:art', 'n']",CLI,ST
32715,1,14579957,19343,48.00098564652252,"['yeah', 'park', 'it', 'in', 'the', 'pi', 'pits']","['co', 'v', 'pro:per', 'prep', 'det:art', '', 'n']",CHI,AA
32715,1,14579972,19343,48.00098564652252,"['now', ""you're"", 'setting', 'up', 'your', 'race', 'cars', 'for', 'the', 'race']","['adv', 'pro:per', 'part', 'adv', 'det:poss', 'n', 'v', 'prep', 'det:art', 'n']",CLI,ST
32715,1,14579985,19343,48.00098564652252,"[""we're"", 'gonna', 'have', 'a', 'race', 'today']","['pro:sub', 'part', 'v', 'det:art', 'n', 'adv:tem']",CLI,RP
32715,1,14579997,19343,48.00098564652252,"['race', 'today']","['v', 'adv:tem']",CHI,AD
32715,1,14580006,19343,48.00098564652252,"['here', 'come', 'the', 'race', 'cars']","['adv', 'v', 'det:art', 'n', 'n']",CHI,RP
32715,1,14580017,19343,48.00098564652252,"['race', 'cars', 'are', 'racing']","['n', 'n', 'aux', 'part']",CHI,ST
32715,1,14580027,19343,48.00098564652252,"[""where's"", 'daddy', 'huh', 'Monica']","['pro:int', 'n', 'co', 'n:prop']",CHI,QN
32715,1,14580037,19343,48.00098564652252,"[""where's"", 'what']","['pro:int', 'pro:int']",CLI,QN
32715,1,14580047,19343,48.00098564652252,"[""where's"", 'daddy']","['pro:int', 'n']",CHI,QN
32715,1,14580055,19343,48.00098564652252,"[""where's"", 'your', 'daddy']","['pro:int', 'det:poss', 'n']",CLI,QN
32715,1,14580069,19343,48.00098564652252,"[""dad's"", 'not', 'eating', 'home', 'anymore']","['n', 'neg', 'part', 'adv', 'adv']",CHI,SA
32715,1,14580079,19343,48.00098564652252,"['mm', 'where', 'did', 'he', 'go']","['', 'pro:int', 'mod', 'pro:sub', 'v']",CLI,QN
32715,1,14580090,19343,48.00098564652252,"[""he's"", 'at', 'the', 'shop']","['pro:sub', 'prep', 'det:art', 'n']",CHI,SA
32715,1,14580096,19343,48.00098564652252,"['does', 'he', 'work', 'at', 'the', 'shop']","['mod', 'pro:sub', 'v', 'prep', 'det:art', 'n']",CLI,YQ
32715,1,14580108,19343,48.00098564652252,['yes'],['co'],CHI,AA
32715,1,14580118,19343,48.00098564652252,"[""he's"", 'working', 'at', 'the', 'shop']","['pro:sub', 'part', 'prep', 'det:art', 'n']",CHI,ST
32715,1,14580130,19343,48.00098564652252,"[""he's"", 'working', 'at', 'the', 'shop']","['pro:sub', 'part', 'prep', 'det:art', 'n']",CLI,AP
32715,1,14580143,19343,48.00098564652252,"['at', 'the', 'shop']","['prep', 'det:art', 'n']",CHI,QN
32715,1,14580154,19343,48.00098564652252,"['in', 'a', 'shop']","['prep', 'det:art', 'n']",CHI,SA
32715,1,14580165,19343,48.00098564652252,"[""he's"", 'working', 'on', 'cars', 'in', 'the', 'shop']","['pro:sub', 'part', 'prep', 'n', 'prep', 'det:art', 'n']",CLI,DW
32715,1,14580177,19343,48.00098564652252,"['street', 'cleaning', 'truck']","['n', 'part', 'n']",CHI,SA
32715,1,14580188,19343,48.00098564652252,"['mm', 'ambulance']","['', 'n']",CLI,CT
32715,1,14580198,19343,48.00098564652252,['ambulance'],['n'],CHI,RT
32715,1,14580209,19343,48.00098564652252,"['oh', 'there', 'is', 'number']","['co', 'adv', 'cop', 'v']",CHI,MK
32715,1,14580219,19343,48.00098564652252,"['is', 'Doug', 'ready', 'for', 'the', 'race']","['cop', 'n:prop', 'v', 'prep', 'det:art', 'n']",CLI,YQ
32715,1,14580230,19343,48.00098564652252,['yeah'],['co'],CHI,AA
32715,1,14580238,19343,48.00098564652252,['okay'],['co'],CLI,AD
32715,1,14580247,19343,48.00098564652252,"['okay', 'race', 'cars']","['co', 'n', 'n']",CHI,RT
32715,1,14580258,19343,48.00098564652252,"[""I'm"", 'gonna', 'use', 'these', 'two', 'cars']","['pro:sub', 'part', 'v', 'det:dem', 'det:num', 'n']",CLI,CT
32715,1,14580270,19343,48.00098564652252,"['what', 'cars', 'are', 'you', 'gonna', 'use']","['pro:int', 'n', 'aux', 'pro:per', 'part', 'v']",CLI,QN
32715,1,14580281,19343,48.00098564652252,['oops'],['co'],CLI,MK
32715,1,14580289,19343,48.00098564652252,"['I', 'set', 'it', 'right', 'there']","['pro:sub', 'v', 'pro:per', 'adv', 'adv']",CHI,ST
32715,1,14580304,19343,48.00098564652252,['okay'],['co'],CLI,MK
32715,1,14580310,19343,48.00098564652252,"[""I'm"", 'put', 'this', 'in', 'the', 'pits']","['pro:sub', 'part', 'pro:dem', 'prep', 'det:art', 'n']",CHI,SI
32715,1,14580319,19343,48.00098564652252,"['no', 'race', 'these', 'two', 'or', ""he's"", 'gonna', 'race']","['co', 'n', 'det:dem', 'det:num', 'coord', 'pro:sub', 'part', 'v']",CHI,TQ
32715,1,14580329,19343,48.00098564652252,"['ready', 'to', 'race']","['adj', 'inf', 'v']",CLI,YQ
32715,1,14580341,19343,48.00098564652252,['yeah'],['co'],CHI,AA
32715,1,14580351,19343,48.00098564652252,"['your', 'mark']","['det:poss', 'n']",CLI,RP
32715,1,14580359,19343,48.00098564652252,"['get', 'set']","['v', 'v']",CHI,RP
32715,1,14580366,19343,48.00098564652252,"['get', 'set']","['v', 'v']",CLI,RP
32715,1,14580375,19343,48.00098564652252,['go'],['v'],CHI,YY
32715,1,14580381,19343,48.00098564652252,['go'],['v'],CLI,AC
32715,1,14580390,19343,48.00098564652252,"['sound', 'effects']","['', '']",CLI,MK
32715,1,14580397,19343,48.00098564652252,"[""where's"", ""Doug's"", 'cars']","['pro:int', 'adj', 'n']",CLI,QN
32715,1,14580404,19343,48.00098564652252,"['come', 'on']","['v', 'adv']",CLI,RP
32715,1,14580410,19343,48.00098564652252,"['once', 'around']","['adv', 'prep']",CLI,RP
32715,1,14580418,19343,48.00098564652252,"['once', 'in', 'a', 'round']","['adv', 'prep', 'det:art', 'n']",CHI,CS
32715,1,14580424,19343,48.00098564652252,['xxx'],[''],CHI,YY
32715,1,14580431,19343,48.00098564652252,"['good', 'car', 'sounds', 'Doug']","['adj', 'n', 'v', 'n:prop']",CLI,ST
32715,1,14580436,19343,48.00098564652252,"['pit', 'stop']","['n', 'n']",CLI,PF
32715,1,14580443,19343,48.00098564652252,"['car', 'stop']","['n', 'n']",CHI,PF
32715,1,14580451,19343,48.00098564652252,"['use', 'the', 'ambulance']","['v', 'det:art', 'n']",CHI,RP
32715,1,14580458,19343,48.00098564652252,"['okay', 'do', 'you', 'want', 'me', 'to']","['co', 'v', 'pro:per', 'v', 'pro:obj', 'prep']",CLI,RQ
32715,1,14580467,19343,48.00098564652252,"['one', 'race', 'car']","['det:num', 'n', 'n']",CHI,ST
32715,1,14580474,19343,48.00098564652252,['ready'],['adj'],CLI,SS
32715,1,14580482,19343,48.00098564652252,"['get', 'set']","['v', 'v']",CHI,RP
32715,1,14580488,19343,48.00098564652252,"['get', 'set']","['v', 'v']",CLI,RP
32715,1,14580495,19343,48.00098564652252,['go'],['v'],CHI,YY
32715,1,14580503,19343,48.00098564652252,['go'],['v'],CLI,AC
32715,1,14580507,19343,48.00098564652252,"['sound', 'effects']","['', '']",CLI,PR
32715,1,14580514,19343,48.00098564652252,['xxx'],[''],CHI,YY
32715,1,14580519,19343,48.00098564652252,"['what', 'happened']","['pro:int', 'v']",CLI,QN
32715,1,14580526,19343,48.00098564652252,"['it', 'tipped', 'over']","['pro:per', 'v', 'adv']",CHI,SA
32715,1,14580532,19343,48.00098564652252,"['it', 'tipped', 'over']","['pro:per', 'v', 'adv']",CLI,AP
32715,1,14580538,19343,48.00098564652252,"['it', 'had', 'an', 'accident']","['pro:per', 'v', 'det:art', 'n']",CLI,ST
32715,1,14580545,19343,48.00098564652252,['xxx'],[''],CHI,YY
32715,1,14580550,19343,48.00098564652252,"['you', 'use', 'my', 'two', 'race', 'cars']","['pro:per', 'v', 'det:poss', 'det:num', 'n', 'n']",CHI,ST
32715,1,14580558,19343,48.00098564652252,"['will', 'I', 'use', 'you', 'two', 'race', 'cars']","['mod', 'pro:sub', 'v', 'pro:per', 'det:num', 'n', 'n']",CLI,AP
32715,1,14580567,19343,48.00098564652252,['uhhuh'],['co'],CLI,AP
32715,1,14580578,19343,48.00098564652252,"[""we'd"", 'better', 'get', 'the', 'fire', 'engine', 'over', 'here']","['pro:sub', 'adj', 'v', 'det:art', 'n', 'n', 'prep', 'n']",CLI,ST
32715,1,14580588,19343,48.00098564652252,"['cause', 'they', 'tipped', 'over']","['n', 'pro:sub', 'v', 'adv']",CLI,ST
32715,1,14580598,19343,48.00098564652252,"[""could've"", 'started', 'on', 'fire']","['mod', 'part', 'prep', 'n']",CLI,YQ
32715,1,14580606,19343,48.00098564652252,['nope'],['co'],CHI,AN
32715,1,14580614,19343,48.00098564652252,"['they', ""didn't"", 'did', 'they', 'though']","['pro:sub', 'mod', 'mod', 'pro:sub', 'adv']",CLI,ST
32715,1,14580621,19343,48.00098564652252,['no'],['co'],CHI,RD
32715,1,14580627,19343,48.00098564652252,"['they', 'start', 'on', 'fire']","['pro:sub', 'v', 'prep', 'n']",CHI,SI
32715,1,14580632,19343,48.00098564652252,"['get', 'the', 'first', 'aid', 'lady', 'over', 'here', 'in_case', 'they', 'get', 'hurt']","['v', 'det:art', 'adj', 'n', 'n', 'prep', 'n', 'conj', 'pro:sub', 'v', 'part']",CLI,SI
32715,1,14580639,19343,48.00098564652252,['xxx'],[''],CHI,YY
32715,1,14580649,19343,48.00098564652252,['crush'],['n'],CLI,YY
32715,1,14580656,19343,48.00098564652252,['xxx'],[''],CHI,YY
32715,1,14580661,19343,48.00098564652252,"['oh', 'you', 'passed', 'me']","['co', 'pro:per', 'v', 'pro:obj']",CLI,ST
32715,1,14580665,19343,48.00098564652252,"['this', 'is', 'the', 'racetrack']","['pro:dem', 'cop', 'det:art', '']",CHI,ST
32715,1,14580672,19343,48.00098564652252,"['this', 'is', 'the', 'racetrack']","['pro:dem', 'cop', 'det:art', '']",CHI,ST
32715,1,14580678,19343,48.00098564652252,"['yes', 'Doug', ""that's"", 'a', 'racetrack']","['co', 'n:prop', 'pro:dem', 'det:art', '']",CLI,AP
32715,1,14580682,19343,48.00098564652252,"['open', 'the', 'gate']","['v', 'det:art', 'n']",CHI,RP
32715,1,14580687,19343,48.00098564652252,"['shut', 'the', 'gate']","['v', 'det:art', 'n']",CHI,RP
32715,1,14580692,19343,48.00098564652252,"['get', 'this', 'you', 'go', 'get', 'the', 'gate']","['v', 'pro:dem', 'pro:per', 'v', 'v', 'det:art', 'n']",CHI,RP
32715,1,14580698,19343,48.00098564652252,"['you', 'have', 'the', 'gate']","['pro:per', 'v', 'det:art', 'n']",CHI,RP
32715,1,14580703,19343,48.00098564652252,"['no', 'I', ""don't"", 'have', 'the', 'gate']","['co', 'pro:sub', 'mod', 'v', 'det:art', 'n']",CLI,RD
32715,1,14580708,19343,48.00098564652252,['no'],['co'],CHI,RD
32715,1,14580713,19343,48.00098564652252,['sorry'],['co'],CLI,GI
32716,1,14578684,19343,54.00110885233783,"['what', 'are', 'you', 'looking', 'for', 'Doug']","['pro:int', 'aux', 'pro:per', 'part', 'prep', 'n:prop']",CLI,QN
32716,1,14578698,19343,54.00110885233783,"['the', 'round', 'thing', 'for', 'the', 'orange']","['det:art', 'adj', 'n', 'prep', 'det:art', 'n']",CHI,ST
32716,1,14578705,19343,54.00110885233783,"['look_it', 'these']","['co', 'pro:dem']",CHI,RP
32716,1,14578716,19343,54.00110885233783,['xxx'],[''],CLI,DS
32716,1,14578725,19343,54.00110885233783,"['is', 'that', 'silly']","['cop', 'comp', 'co']",CLI,DS
32716,1,14578732,19343,54.00110885233783,"['I', 'have', 'these', 'at', 'home']","['pro:sub', 'v', 'pro:dem', 'prep', 'n']",CHI,YY
32716,1,14578741,19343,54.00110885233783,"['how', 'about', 'that']","['pro:int', 'adv', 'pro:dem']",CLI,QN
32716,1,14578749,19343,54.00110885233783,"['I', 'want', 'a', 'car', 'please']","['pro:sub', 'v', 'det:art', 'n', 'co']",CHI,SA
32716,1,14578756,19343,54.00110885233783,"[""let's"", 'see', 'I', ""don't"", 'think', 'I', 'brought', 'any', 'cars', 'in', 'here', 'today']","['v', 'v', 'pro:sub', 'mod', 'v', 'pro:sub', 'v', 'qn', 'n', 'prep', 'n', 'adv:tem']",CLI,RP
32716,1,14578761,19343,54.00110885233783,['look_it'],['co'],CHI,RP
32716,1,14578767,19343,54.00110885233783,['look_it'],['co'],CHI,RP
32716,1,14578772,19343,54.00110885233783,"['look_it', 'here', 'Rita']","['co', 'adv', 'n:prop']",CHI,RP
32716,1,14578779,19343,54.00110885233783,"['oh', 'it', 'fits', 'right', 'in', 'there', ""doesn't"", 'it']","['co', 'pro:per', 'v', 'adv', 'prep', 'n', 'mod', 'pro:per']",CLI,ST
32716,1,14578785,19343,54.00110885233783,"['is', 'there', 'another', 'one', 'of', 'those']","['cop', 'adv', 'qn', 'pro:indef', 'prep', 'pro:dem']",CLI,YQ
32716,1,14578792,19343,54.00110885233783,['yeah'],['co'],CHI,AA
32716,1,14578798,19343,54.00110885233783,"[""let's"", 'look', 'around']","['v', 'v', 'adv']",CHI,RP
32716,1,14578804,19343,54.00110885233783,"['you', 'making', 'a', 'bumpy', 'road']","['pro:per', 'part', 'det:art', 'adj', 'n']",CHI,ST
32716,1,14578850,19343,54.00110885233783,"['no', ""I'm"", 'making', 'a', 'long', 'snake']","['co', 'pro:sub', 'part', 'det:art', 'adj', 'n']",CLI,DW
32716,1,14578871,19343,54.00110885233783,"['no', 'make', 'a', 'long', 'snake']","['co', 'v', 'det:art', 'adj', 'n']",CHI,DW
32716,1,14578875,19343,54.00110885233783,"['Dino', 'make']","['n:prop', 'v']",CHI,SI
32716,1,14578879,19343,54.00110885233783,"['I', 'make', 'a', 'road', 'here', 'making', 'a', 'road']","['pro:sub', 'v', 'det:art', 'n', 'adv', 'part', 'det:art', 'n']",CHI,SI
32716,1,14578884,19343,54.00110885233783,"['trying', 'to', 'make', 'a', 'road', 'here']","['part', 'inf', 'v', 'det:art', 'n', 'adv']",CHI,SI
32716,1,14578894,19343,54.00110885233783,"[""who's"", 'gonna', 'go', 'on', 'your', 'road']","['pro:int', 'part', 'v', 'prep', 'det:poss', 'n']",CLI,QN
32716,1,14578903,19343,54.00110885233783,"['just', 'the', 'cars']","['adv', 'det:art', 'n']",CHI,SA
32716,1,14578919,19343,54.00110885233783,"['oh', 'oh']","['co', 'co']",CHI,MK
32716,1,14578924,19343,54.00110885233783,"['wanna', 'come', 'to', 'my', 'house']","['v', 'v', 'prep', 'det:poss', 'n']",CHI,RP
32716,1,14578931,19343,54.00110885233783,"['wanna', 'come', 'to', 'my', 'house', 'Rita']","['v', 'v', 'prep', 'det:poss', 'n', 'n:prop']",CHI,ST
32716,1,14578934,19343,54.00110885233783,"['oh', 'sometime', ""I'd"", 'like', 'to', 'come']","['co', 'adv', 'pro:sub', 'v', 'inf', 'v']",CLI,ST
32716,1,14578939,19343,54.00110885233783,['look_it'],['co'],CHI,RP
32716,1,14578964,19343,54.00110885233783,"['oh', 'this', 'one', 'will', 'fit', 'underneath', 'there']","['co', 'pro:dem', 'pro:indef', 'mod', 'n', 'prep', 'n']",CLI,SA
32716,1,14578978,19343,54.00110885233783,['look_it'],['co'],CHI,RP
32716,1,14578980,19343,54.00110885233783,['xxx'],[''],CLI,YY
32716,1,14578984,19343,54.00110885233783,"['under', 'there']","['prep', 'n']",CHI,YY
32716,1,14578989,19343,54.00110885233783,"['look_it', 'xxx', 'wheel']","['co', '', 'n']",CHI,RP
32716,1,14578991,19343,54.00110885233783,['xxx'],[''],CHI,YY
32716,1,14578994,19343,54.00110885233783,"['oh', 'oh', 'xxx']","['co', 'co', '']",CHI,MK
32716,1,14578997,19343,54.00110885233783,['xxx'],[''],CHI,YY
32716,1,14578999,19343,54.00110885233783,"['oh', 'oh']","['co', 'co']",CHI,MK
32716,1,14579001,19343,54.00110885233783,"['look_it', 'trying', 'to', 'make', 'a', 'big', 'bridge']","['co', 'part', 'inf', 'v', 'det:art', 'adj', 'n']",CHI,RP
32716,1,14579002,19343,54.00110885233783,"['oh', ""it's"", 'gonna', 'be', 'a', 'big', 'one']","['co', 'pro:per', 'part', 'cop', 'det:art', 'adj', 'pro:indef']",CLI,CM
32716,1,14579003,19343,54.00110885233783,"['xxx', 'fall', 'down']","['', 'v', 'adv']",CHI,YY
32716,1,14579004,19343,54.00110885233783,"[""it's"", 'hard', 'to', 'make', 'a', 'big', 'one', 'sometimes']","['pro:per', 'adj', 'inf', 'v', 'det:art', 'adj', 'det:num', 'adv']",CLI,SA
32716,1,14579006,19343,54.00110885233783,['sometimes'],['adv'],CHI,SA
32716,1,14579008,19343,54.00110885233783,['xxx'],[''],CHI,YY
32716,1,14579010,19343,54.00110885233783,['xxx'],[''],CHI,YY
32716,1,14579012,19343,54.00110885233783,['look_it'],['co'],CHI,RP
32716,1,14579014,19343,54.00110885233783,"['you', 'did', 'a', 'nice', 'job', 'on', 'that', 'one']","['pro:per', 'v', 'det:art', 'adj', 'n', 'prep', 'det:dem', 'pro:indef']",CLI,ST
32716,1,14579018,19343,54.00110885233783,"['there', 'a', 'purple', 'wheel']","['adv', 'det:art', 'adj', 'n']",CHI,ST
32716,1,14579022,19343,54.00110885233783,"['an', 'orange', 'wheel']","['det:art', 'adj', 'n']",CHI,ST
32716,1,14579026,19343,54.00110885233783,"['where', 'the', 'the', 'wheel']","['pro:int', '', 'det:art', 'n']",CHI,QN
32716,1,14579029,19343,54.00110885233783,"['I', 'see', 'a', 'red', 'one']","['pro:sub', 'v', 'det:art', 'n', 'pro:indef']",CLI,SA
32716,1,14579033,19343,54.00110885233783,"[""there's"", 'red']","['pro:exist', 'n']",CHI,RT
32716,1,14579037,19343,54.00110885233783,"[""there's"", 'red']","['pro:exist', 'n']",CHI,ST
32716,1,14579040,19343,54.00110885233783,['red'],['adj'],CHI,YY
32716,1,14579044,19343,54.00110885233783,['xxx'],[''],CHI,YY
32716,1,14579048,19343,54.00110885233783,['look_it'],['co'],CHI,RP
32716,1,14579050,19343,54.00110885233783,['look_it'],['co'],CHI,RP
32716,1,14579054,19343,54.00110885233783,['look_it'],['co'],CHI,RP
32716,1,14579058,19343,54.00110885233783,"['look_it', 'circle', 'here']","['co', 'n', 'adv']",CHI,RP
32716,1,14579062,19343,54.00110885233783,"[""that's"", 'really', 'getting', 'tall']","['pro:dem', 'adv', 'part', 'adj']",CLI,ST
32716,1,14579064,19343,54.00110885233783,['look_it'],['co'],CHI,RP
32716,1,14579068,19343,54.00110885233783,"['getting', 'real', 'tall', 'real', 'tall']","['part', 'adj', 'adj', '', '']",CHI,RP
32716,1,14579072,19343,54.00110885233783,"[""where's"", 'the', 'building']","['pro:int', 'det:art', 'n']",CHI,QN
32716,1,14579075,19343,54.00110885233783,"[""here's"", 'the', 'building']","['pro:exist', 'det:art', 'n']",CHI,SA
32716,1,14579078,19343,54.00110885233783,"[""I'm"", 'gonna', 'make', 'a', 'building']","['pro:sub', 'part', 'v', 'det:art', 'n']",CLI,CT
32716,1,14579086,19343,54.00110885233783,"['the', 'building']","['det:art', 'n']",CHI,RT
32716,1,14579090,19343,54.00110885233783,"[""I'm"", 'gonna', 'make', 'a', 'school']","['pro:sub', 'part', 'v', 'det:art', 'n']",CLI,CT
32716,1,14579095,19343,54.00110885233783,['school'],['n'],CHI,RT
32716,1,14579100,19343,54.00110885233783,"['like', 'this', 'school']","['v', 'det:dem', 'n']",CHI,ST
32716,1,14579105,19343,54.00110885233783,"['xxx', 'there', 'a', 'price', 'xxx']","['', 'adv', 'det:art', 'n', '']",CHI,ST
32716,1,14579110,19343,54.00110885233783,"[""where's"", 'that', 'other', 'bridge']","['pro:int', 'adv', 'qn', 'n']",CHI,QN
32716,1,14579115,19343,54.00110885233783,"['I', 'want', 'these']","['pro:sub', 'v', 'det:dem']",CHI,YY
32716,1,14579120,19343,54.00110885233783,"['my', 'bridges']","['det:poss', 'n']",CHI,YY
32716,1,14579125,19343,54.00110885233783,"[""I'm"", 'gonna', 'hafta', 'find', 'some', 'other', 'ones']","['pro:sub', 'part', 'mod', 'v', 'qn', 'qn', 'pro:indef']",CLI,RP
32716,1,14579130,19343,54.00110885233783,"['there', 'it', 'is']","['adv', 'pro:per', 'cop']",CHI,ST
32716,1,14579135,19343,54.00110885233783,"['here', 'some']","['adv', 'qn']",CHI,TO
32716,1,14579139,19343,54.00110885233783,"['here', 'some']","['adv', 'qn']",CHI,TO
32716,1,14579144,19343,54.00110885233783,"['xxx', 'Rita']","['', 'n:prop']",CHI,YY
32716,1,14579149,19343,54.00110885233783,"[""what's"", 'your', 'name', 'Rita']","['pro:int', 'det:poss', 'n', 'n:prop']",CHI,QN
32716,1,14579154,19343,54.00110885233783,['look_it'],['co'],CHI,RP
32716,1,14579159,19343,54.00110885233783,['look_it'],['co'],CHI,RP
32716,1,14579164,19343,54.00110885233783,"['oh', ""you've"", 'got', 'both', 'pieces', 'in', 'there']","['co', 'pro:per', 'part', 'qn', 'n', 'prep', 'n']",CLI,ST
32716,1,14579170,19343,54.00110885233783,"['both', 'pieces']","['qn', 'n']",CHI,ST
32716,1,14579176,19343,54.00110885233783,"['I', 'live', 'at', 'home', 'Mankato']","['pro:sub', 'v', 'prep', 'n', 'n:prop']",CHI,ST
32716,1,14579181,19343,54.00110885233783,"['I', 'live', 'at', 'home']","['pro:sub', 'v', 'prep', 'n']",CHI,ST
32716,1,14579188,19343,54.00110885233783,"['look_it', 'here']","['co', 'adv']",CHI,RP
32716,1,14579195,19343,54.00110885233783,"['oh', 'it', 'made', 'a', 'circle', ""didn't"", 'it']","['co', 'pro:per', 'v', 'det:art', 'n', 'mod', 'pro:per']",CLI,ST
32716,1,14579203,19343,54.00110885233783,"['xxx', 'circle', 'xxx']","['', 'n', '']",CHI,RT
32716,1,14579209,19343,54.00110885233783,['xxx'],[''],CHI,YY
32716,1,14579215,19343,54.00110885233783,"['can', 'you', 'make', 'a', 'little', 'window', 'like', 'this']","['mod', 'pro:per', 'v', 'det:art', 'adj', 'n', 'prep', 'pro:dem']",CLI,RP
32717,1,14577814,19343,54.00110885233783,['look'],['co'],CHI,RP
32717,1,14577824,19343,54.00110885233783,"[""what's"", 'this', 'here']","['pro:int', 'pro:dem', 'adv']",CHI,QN
32717,1,14577832,19343,54.00110885233783,"['that', 'was', 'for', 'the', 'spaceship']","['pro:dem', 'cop', 'prep', 'det:art', '']",CLI,SA
32717,1,14577843,19343,54.00110885233783,['here'],['adv'],CHI,TO
32717,1,14577851,19343,54.00110885233783,['here'],['adv'],CHI,TO
32717,1,14577860,19343,54.00110885233783,"['I', 'think', 'it', 'perhaps', 'it', 'goes', 'right', 'here']","['pro:sub', 'v', '', 'adv', 'pro:per', 'v', 'adv', 'adv']",CLI,ST
32717,1,14577869,19343,54.00110885233783,"['where', 'that', 'other', 'one']","['pro:int', 'comp', 'qn', 'pro:indef']",CHI,QN
32717,1,14577878,19343,54.00110885233783,"['the', 'other', 'one', 'what']","['det:art', 'qn', 'pro:indef', 'pro:int']",CLI,QN
32717,1,14577888,19343,54.00110885233783,"[""where's"", 'that', 'other']","['pro:int', 'adv', 'qn']",CHI,QN
32717,1,14577896,19343,54.00110885233783,"[""where's"", 'the', 'other', 'one']","['pro:int', 'det:art', 'qn', 'pro:indef']",CHI,QN
32717,1,14577907,19343,54.00110885233783,"[""what's"", 'this', 'here']","['pro:int', 'pro:dem', 'adv']",CHI,QN
32717,1,14577915,19343,54.00110885233783,['exhaust'],['n'],CLI,SA
32717,1,14577923,19343,54.00110885233783,['exhaust'],['n'],CHI,DW
32717,1,14577930,19343,54.00110885233783,"['say', 'big', 'exhaust', 'Rita']","['v', 'adj', 'n', 'n:prop']",CHI,EI
32717,1,14577940,19343,54.00110885233783,"[""it's"", 'exhaust']","['pro:per', 'n']",CLI,RT
32717,1,14577949,19343,54.00110885233783,['exhaust'],['n'],CHI,RT
32717,1,14577957,19343,54.00110885233783,"[""what's"", 'this', 'here']","['pro:int', 'pro:dem', 'adv']",CHI,QN
32717,1,14577965,19343,54.00110885233783,"[""that's"", 'the', 'exhaust']","['pro:dem', 'det:art', 'n']",CLI,SA
32717,1,14577973,19343,54.00110885233783,"['it', 'goes', 'on', 'the', 'spaceship']","['pro:per', 'v', 'prep', 'det:art', '']",CLI,ST
32717,1,14577980,19343,54.00110885233783,"['put', 'like', 'this']","['v', 'prep', 'pro:dem']",CHI,RP
32717,1,14577988,19343,54.00110885233783,"['that', 'goes', 'where']","['pro:rel', 'v', 'pro:rel']",CHI,QN
32717,1,14577994,19343,54.00110885233783,"['I', 'think', 'it', 'goes', 'right', 'there']","['pro:sub', 'v', 'pro:per', 'v', 'adv', 'adv']",CLI,SA
32717,1,14578000,19343,54.00110885233783,['xxx'],[''],CHI,YY
32717,1,14578009,19343,54.00110885233783,"['you', 'can', 'get', 'out', 'the', 'other', 'toys', 'and', 'play', 'now', 'if', ""you'd"", 'like']","['pro:per', 'mod', 'v', 'prep', 'det:art', 'qn', 'n', 'coord', 'n', 'adv', 'conj', 'pro:per', 'prep']",CLI,ST
32717,1,14578016,19343,54.00110885233783,"[""it's"", 'going', 'xxx']","['pro:per', 'part', '']",CHI,ST
32717,1,14578025,19343,54.00110885233783,"[""I'll"", 'put', 'the', 'xxx', 'in', 'this', 'bag']","['pro:sub', 'v', 'det:art', '', 'prep', 'det:dem', 'n']",CLI,SI
32717,1,14578032,19343,54.00110885233783,"['look', 'in', 'here']","['v', 'prep', 'n']",CHI,RP
32717,1,14578040,19343,54.00110885233783,"['look', 'in', 'here']","['v', 'prep', 'n']",CHI,RP
32717,1,14578047,19343,54.00110885233783,"['look', 'in', 'here']","['v', 'prep', 'n']",CHI,RP
32717,1,14578054,19343,54.00110885233783,"['these', 'are', 'some', 'more']","['pro:dem', 'cop', 'qn', 'pro:indef']",CHI,YY
32717,1,14578061,19343,54.00110885233783,"['xxx', 'spaceship']","['', '']",CHI,YY
32717,1,14578075,19343,54.00110885233783,"['where', 'the', 'spaceship']","['pro:int', 'det:art', '']",CHI,QN
32717,1,14578080,19343,54.00110885233783,"[""I'll"", 'put', 'the', 'spaceship', 'in', 'here']","['pro:sub', 'v', 'det:art', '', 'prep', 'n']",CLI,DP
32717,1,14578088,19343,54.00110885233783,"['you', 'wanna']","['pro:per', 'v']",CHI,YD
32717,1,14578095,19343,54.00110885233783,"['oh', ""let's"", 'see', 'what', 'else', 'we', 'have', 'in', 'here']","['co', 'v', 'v', 'pro:int', 'post', 'pro:sub', 'v', 'prep', 'n']",CLI,SI
32717,1,14578102,19343,54.00110885233783,"['wanna', 'put', 'the', 'spaceship', 'in', 'here']","['v', 'v', 'det:art', '', 'prep', 'n']",CHI,SI
32717,1,14578109,19343,54.00110885233783,"['wanna', 'put', 'spaceship']","['v', 'v', '']",CHI,SI
32717,1,14578116,19343,54.00110885233783,['spaceship'],[''],CHI,YY
32717,1,14578122,19343,54.00110885233783,"['look', 'look_it']","['co', 'co']",CHI,RP
32717,1,14578128,19343,54.00110885233783,"['I', 'want', 'the', 'wheels', 'out']","['pro:sub', 'v', 'det:art', 'n', 'adv']",CHI,SI
32717,1,14578148,19343,54.00110885233783,"['say', 'I', 'can', 'drive', 'with', 'the', 'wheel']","['v', 'pro:sub', 'mod', 'v', 'prep', 'det:art', 'n']",CHI,SI
32717,1,14578162,19343,54.00110885233783,"['if', 'I', 'can']","['conj', 'pro:sub', 'mod']",CHI,SI
32717,1,14578175,19343,54.00110885233783,"[""he's"", 'gonna', 'drive']","['pro:sub', 'part', 'v']",CHI,SI
32717,1,14578186,19343,54.00110885233783,"[""it's"", 'gonna', 'drive']","['pro:per', 'part', 'v']",CHI,SI
32717,1,14578195,19343,54.00110885233783,"[""it's"", 'going', 'bye', 'bye']","['pro:per', 'part', 'co', 'co']",CHI,MK
32717,1,14578204,19343,54.00110885233783,"[""it's"", 'going', 'bye', 'bye']","['pro:per', 'part', 'co', 'co']",CHI,MK
32717,1,14578212,19343,54.00110885233783,"['bye', 'bye']","['co', 'co']",CLI,MK
32717,1,14578223,19343,54.00110885233783,"[""I'm"", 'getting', 'this', 'out']","['pro:sub', 'part', 'pro:dem', 'adv']",CHI,SI
32717,1,14578237,19343,54.00110885233783,"[""what's"", 'this', 'here']","['pro:int', 'pro:dem', 'adv']",CHI,QN
32717,1,14578250,19343,54.00110885233783,"['something', 'the', 'snowman', 'needs']","['pro:indef', 'det:art', '', 'n']",CLI,SA
32717,1,14578258,19343,54.00110885233783,"['I', ""don't"", 'exactly', 'know', 'what', 'it', 'could', 'be']","['pro:sub', 'mod', 'adv', 'v', 'pro:int', 'pro:per', 'mod', 'cop']",CLI,ST
32717,1,14578268,19343,54.00110885233783,"[""they're"", 'going', 'driving']","['pro:sub', 'part', 'part']",CHI,ST
32717,1,14578278,19343,54.00110885233783,"['there', 'guy', 'goes']","['adv', 'n', 'v']",CHI,ST
32717,1,14578288,19343,54.00110885233783,"['that', 'funny']","['pro:dem', 'adj']",CHI,ST
32717,1,14578298,19343,54.00110885233783,"['trying', 'to', 'put', 'them', 'together', 'so', 'fire', ""won't"", 'come', 'out']","['part', 'inf', 'v', 'pro:obj', 'adv', 'conj', 'n', 'mod', 'v', 'adv']",CHI,SI
32717,1,14578306,19343,54.00110885233783,"['I', ""can't"", 'put', 'them', 'together']","['pro:sub', 'mod', 'v', 'pro:obj', 'adv']",CHI,SI
32717,1,14578320,19343,54.00110885233783,"['look', ""it's"", 'going']","['co', 'pro:per', 'part']",CHI,RP
32717,1,14578326,19343,54.00110885233783,['look'],['co'],CHI,RP
32717,1,14578334,19343,54.00110885233783,"['round', 'here', 'look_it']","['adv', 'adv', 'co']",CHI,RP
32717,1,14578343,19343,54.00110885233783,['bump'],['n'],CHI,YY
32717,1,14578354,19343,54.00110885233783,"[""that's"", 'funny']","['pro:dem', 'adj']",CHI,YY
32717,1,14578363,19343,54.00110885233783,"['I', 'tried', 'to', 'put', 'this', 'together']","['pro:sub', 'v', 'inf', 'v', 'pro:dem', 'adv']",CHI,SI
32717,1,14578374,19343,54.00110885233783,"['make', 'a', 'door', 'here']","['v', 'det:art', 'n', 'adv']",CHI,RP
32717,1,14578383,19343,54.00110885233783,"['make', 'a', 'door', 'there']","['v', 'det:art', 'n', 'adv']",CHI,RP
32717,1,14578393,19343,54.00110885233783,"[""that's"", 'a', 'good', 'idea']","['pro:dem', 'det:art', 'adj', 'n']",CLI,PM
32717,1,14578401,19343,54.00110885233783,"[""I'm"", 'making', 'a', 'piece']","['pro:sub', 'part', 'det:art', 'n']",CHI,ST
32717,1,14578410,19343,54.00110885233783,"['piece', 'on', 'house']","['n', 'prep', 'n']",CHI,ST
32717,1,14578418,19343,54.00110885233783,"[""there's"", 'the', 'door']","['pro:exist', 'det:art', 'n']",CHI,ST
32717,1,14578426,19343,54.00110885233783,"[""there's"", 'the', 'door']","['pro:exist', 'det:art', 'n']",CHI,ST
32717,1,14578433,19343,54.00110885233783,"['oh', 'you', 'broke', 'the', 'window', 'off', 'of', 'here']","['co', 'pro:per', 'v', 'det:art', 'n', 'adv', 'prep', 'adv']",CHI,ST
32717,1,14578445,19343,54.00110885233783,"['it', 'just', 'snaps', 'on', 'there']","['pro:per', 'adv', 'v', 'prep', 'n']",CLI,ST
32717,1,14578458,19343,54.00110885233783,"['xxx', 'snap']","['', 'n']",CHI,ST
32717,1,14578462,19343,54.00110885233783,"[""that's"", 'right']","['pro:dem', 'co']",CLI,AP
32717,1,14578472,19343,54.00110885233783,"['have', 'a', 'tree', 'for', 'your', 'house']","['v', 'det:art', 'n', 'prep', 'det:poss', 'n']",CLI,ST
32717,1,14578481,19343,54.00110885233783,"['for', 'the', 'house']","['prep', 'det:art', 'n']",CHI,RT
32717,1,14578489,19343,54.00110885233783,"['my', 'house']","['det:poss', 'n']",CHI,FP
32717,1,14578496,19343,54.00110885233783,"['if', 'you', 'want', 'some', 'help', 'you', 'can', 'ask', 'me']","['conj', 'pro:per', 'v', 'qn', 'v', 'pro:per', 'mod', 'v', 'pro:obj']",CLI,PA
32717,1,14578506,19343,54.00110885233783,"['I', 'did', 'it']","['pro:sub', 'mod', 'pro:per']",CHI,YY
32717,1,14578517,19343,54.00110885233783,"['oh', 'very', 'good']","['co', 'adv', 'adj']",CLI,PM
32717,1,14578525,19343,54.00110885233783,"['thank', 'you']","['v', 'pro:per']",CHI,RP
32717,1,14578534,19343,54.00110885233783,"['that', ""tree's"", 'up', 'here']","['comp', 'n', 'prep', 'n']",CHI,RP
32717,1,14578543,19343,54.00110885233783,"['up', 'in', 'the', 'tower']","['adv', 'prep', 'det:art', 'n']",CHI,RP
32717,1,14578553,19343,54.00110885233783,"['oh', 'this', 'got', 'to', 'stay', 'by', 'the', 'door']","['co', 'pro:dem', 'v', 'inf', 'v', 'prep', 'det:art', 'n']",CHI,RP
32717,1,14578562,19343,54.00110885233783,"[""it's"", 'gonna', 'be']","['pro:per', 'part', 'cop']",CHI,ST
32717,1,14578569,19343,54.00110885233783,"['oh', ""what's"", 'here']","['co', 'pro:int', 'adv']",CHI,MK
32717,1,14578575,19343,54.00110885233783,"[""what's"", 'here', 'ride', 'a', 'hole']","['pro:int', 'adv', 'v', 'det:art', 'n']",CHI,QN
32717,1,14578583,19343,54.00110885233783,"['I', 'think', 'so']","['pro:sub', 'v', 'co']",CLI,SA
32717,1,14578588,19343,54.00110885233783,"['I', 'think', 'so']","['pro:sub', 'v', 'co']",CHI,DW
32717,1,14578594,19343,54.00110885233783,"['put', 'this', 'here']","['v', 'pro:dem', 'adv']",CHI,RP
32717,1,14578600,19343,54.00110885233783,['look_it'],['co'],CHI,RP
32717,1,14578606,19343,54.00110885233783,"['xxx', 'going', 'over']","['', 'part', 'adv']",CHI,RP
32717,1,14578614,19343,54.00110885233783,"['look_it', 'goes', 'this', 'way']","['co', 'v', 'pro:dem', 'adv']",CHI,RP
32717,1,14578621,19343,54.00110885233783,"['can', 'do', 'loop', 'to', 'loops']","['n', 'v', 'n', 'prep', 'n']",CLI,RP
32717,1,14578625,19343,54.00110885233783,"['xxx', 'goes', 'over']","['', 'v', 'adv']",CHI,SI
32717,1,14578630,19343,54.00110885233783,"['round', 'this', 'way']","['adv', 'pro:dem', 'adv']",CHI,SI
32718,1,14577910,19343,55.00112938664038,"[""I'm"", 'getting', 'the', 'orange', 'one']","['pro:sub', 'part', 'det:art', 'n', 'pro:indef']",CHI,ST
32718,1,14577919,19343,55.00112938664038,['look'],['co'],CHI,RP
32718,1,14577927,19343,55.00112938664038,"['oh', 'that', 'big', 'one']","['co', 'pro:dem', 'adj', 'pro:indef']",CLI,ST
32718,1,14577935,19343,55.00112938664038,"['xxx', 'blocks', 'in', 'it', 'too']","['', 'n', 'prep', 'pro:per', 'adv']",CLI,ST
32718,1,14577942,19343,55.00112938664038,"['it', 'got', 'blocks', 'in', 'it']","['pro:per', 'part', 'n', 'prep', 'pro:per']",CHI,YQ
32718,1,14577951,19343,55.00112938664038,"['xxx', 'try', 'it', 'up']","['', 'v', 'pro:per', 'adv']",CHI,RP
32718,1,14577960,19343,55.00112938664038,"[""it's"", 'called', 'a', 'dump', 'truck']","['pro:per', 'part', 'det:art', 'n', 'n']",CLI,ST
32718,1,14577969,19343,55.00112938664038,"['dump', 'truck']","['n', 'n']",CHI,ST
32718,1,14577977,19343,55.00112938664038,['oh'],['co'],CLI,MK
32718,1,14577984,19343,55.00112938664038,"['the', 'dump']","['det:art', 'n']",CHI,SI
32718,1,14577992,19343,55.00112938664038,"['xxx', 'goes', 'down', 'here']","['', 'v', 'prep', 'n']",CHI,SI
32718,1,14578021,19343,55.00112938664038,"['there', 'it', 'goes']","['adv', 'pro:per', 'v']",CHI,SI
32718,1,14578031,19343,55.00112938664038,"['gonna', 'go', 'up', 'again']","['part', 'v', 'adv', 'adv']",CHI,SI
32718,1,14578037,19343,55.00112938664038,"['the', ""cow's"", 'coming', 'in']","['det:art', 'n', 'part', 'adv']",CHI,SI
32718,1,14578044,19343,55.00112938664038,"['the', ""cow's"", 'gonna', 'slide']","['det:art', 'n', 'part', 'v']",CHI,SI
32718,1,14578050,19343,55.00112938664038,"['is', 'that', 'a', 'cow', 'or', 'a', 'horse']","['cop', 'comp', 'det:art', 'n', 'coord', 'det:art', 'n']",CLI,TQ
32718,1,14578057,19343,55.00112938664038,"['a', 'cow']","['det:art', 'n']",CHI,TA
32718,1,14578067,19343,55.00112938664038,"['a', 'horse']","['det:art', 'n']",CHI,ST
32718,1,14578071,19343,55.00112938664038,"['yeah', 'I', 'though', ""it's"", 'a', 'horse']","['co', 'pro:sub', 'adv', 'pro:per', 'det:art', 'n']",CLI,AP
32718,1,14578079,19343,55.00112938664038,"['car', 'dump', 'the', 'horse', 'out']","['n', 'n', 'det:art', 'n', 'adv']",CLI,ST
32718,1,14578087,19343,55.00112938664038,"['xxx', 'there', 'xxx']","['', 'adv', '']",CHI,MK
32718,1,14578094,19343,55.00112938664038,"[""what's"", 'on', 'the', 'floor']","['pro:int', 'prep', 'det:art', 'n']",CHI,QN
32718,1,14578101,19343,55.00112938664038,"['wanna', 'push', 'me', 'up']","['v', 'v', 'pro:obj', 'adv']",CHI,RP
32718,1,14578108,19343,55.00112938664038,['look'],['co'],CHI,RP
32718,1,14578114,19343,55.00112938664038,"['the', 'train', 'is', 'going', 'in', 'here']","['det:art', 'n', 'aux', 'part', 'prep', 'n']",CHI,ST
32718,1,14578120,19343,55.00112938664038,"['that', 'would', 'be', 'a', 'good', 'idea']","['pro:dem', 'mod', 'cop', 'det:art', 'adj', 'n']",CLI,AP
32718,1,14578127,19343,55.00112938664038,"['there', 'he', 'goes']","['adv', 'pro:sub', 'v']",CHI,ST
32718,1,14578146,19343,55.00112938664038,"['there', 'he', 'pick', 'it', 'up']","['adv', 'pro:sub', 'v', 'pro:per', 'adv']",CHI,ST
32718,1,14578156,19343,55.00112938664038,['oh'],['co'],CLI,MK
32718,1,14578165,19343,55.00112938664038,"['can', 'the', 'person', 'ride', 'here']","['mod', 'det:art', 'n', 'n', 'adv']",CLI,RP
32718,1,14578178,19343,55.00112938664038,"['no', 'here']","['co', 'adv']",CHI,RD
32718,1,14578187,19343,55.00112938664038,['no'],['co'],CHI,RD
32718,1,14578197,19343,55.00112938664038,"['the', 'person', 'is', 'in', 'there']","['det:art', 'n', 'cop', 'prep', 'n']",CHI,ST
32718,1,14578206,19343,55.00112938664038,"['I', 'wont', 'the', 'blocks', 'go', 'in', 'here']","['pro:sub', 'n', 'det:art', 'n', 'v', 'prep', 'n']",CHI,ST
32718,1,14578217,19343,55.00112938664038,"['the', 'clocks', 'the', 'blocks', 'going', 'in']","['det:art', 'n', 'det:art', 'n', 'part', 'adv']",CHI,ST
32718,1,14578229,19343,55.00112938664038,"['the', 'xxx', 'here']","['det:art', '', 'adv']",CHI,TO
32718,1,14578238,19343,55.00112938664038,"['the', 'what']","['det:art', 'pro:int']",CLI,QN
32718,1,14578249,19343,55.00112938664038,"['xxx', 'the', 'xxx', 'there']","['', 'det:art', '', 'adv']",CHI,SA
32718,1,14578261,19343,55.00112938664038,"['xxx', 'dump', 'xxx']","['', 'n', '']",CHI,DP
32718,1,14578269,19343,55.00112938664038,"['is', 'this', 'oh', 'another', 'one']","['cop', 'pro:dem', 'co', 'qn', 'pro:indef']",CLI,YD
32718,1,14578282,19343,55.00112938664038,"['I', 'have', 'one']","['pro:sub', 'v', 'pro:indef']",CLI,ST
32718,1,14578292,19343,55.00112938664038,['xxx'],[''],CHI,YY
32718,1,14578302,19343,55.00112938664038,"['would', 'you', 'like', 'to', 'take', 'them', 'down', 'on', 'the', 'floor', 'Doug', 'and', 'play', 'with', 'them']","['mod', 'pro:per', 'v', 'inf', 'v', 'pro:obj', 'adv', 'prep', 'det:art', 'n', 'n:prop', 'coord', 'n', 'prep', 'pro:obj']",CLI,RQ
32718,1,14578313,19343,55.00112938664038,"['then', 'you', 'can', 'really', 'move', 'them', 'around']","['adv:tem', 'pro:per', 'mod', 'adv', 'v', 'pro:obj', 'adv']",CLI,RP
32718,1,14578324,19343,55.00112938664038,['okay'],['co'],CHI,AD
32718,1,14578332,19343,55.00112938664038,"[""let's"", 'play', 'on', 'the', 'floor']","['v', 'v', 'prep', 'det:art', 'n']",CHI,RP
32718,1,14578339,19343,55.00112938664038,"['here', 'it', 'comes']","['adv', 'pro:per', 'v']",CHI,SS
32718,1,14578347,19343,55.00112938664038,"['there', 'it', 'goes', 'down']","['adv', 'pro:per', 'v', 'adv']",CHI,ST
32718,1,14578357,19343,55.00112938664038,"['there', 'it', 'go']","['adv', 'pro:per', 'v']",CHI,ST
32718,1,14578366,19343,55.00112938664038,"[""I'm"", 'dumping', 'the', 'car']","['pro:sub', 'part', 'det:art', 'n']",CHI,ST
32718,1,14578375,19343,55.00112938664038,['watch'],['n'],CHI,RP
32718,1,14578384,19343,55.00112938664038,"['oh', 'the', 'cars', 'went', 'down', 'too']","['co', 'det:art', 'n', 'v', 'adv', 'adv']",CLI,ST
32718,1,14578392,19343,55.00112938664038,"['xxx', 'there', 'xxx', 'the', 'truck', 'it', 'going', 'going', 'down']","['', 'adv', '', 'det:art', 'n', 'pro:per', 'part', '', 'adv']",CHI,ST
32718,1,14578404,19343,55.00112938664038,"['it', 'slipped', 'off', 'pretty', 'fast']","['pro:per', 'v', 'adv', 'adv', 'adv']",CLI,ST
32718,1,14578409,19343,55.00112938664038,"[""it's"", 'picking', 'up', 'some', 'more', 'corn', 'in', 'here']","['pro:per', 'part', 'adv', 'qn', 'qn', 'n', 'prep', 'n']",CHI,ST
32718,1,14578420,19343,55.00112938664038,"['oh', 'oh']","['co', 'co']",CHI,MK
32718,1,14578430,19343,55.00112938664038,"['all', 'done']","['post', 'part']",CHI,DC
32718,1,14578438,19343,55.00112938664038,"['dump', 'the', 'corn', 'so', 'the', 'horse', 'can', 'eat', 'it']","['v', 'det:art', 'n', 'conj', 'det:art', 'n', 'mod', 'v', 'pro:per']",CLI,ST
32718,1,14578447,19343,55.00112938664038,"['pcf', 'mm']","['', '']",CHI,YY
32718,1,14578460,19343,55.00112938664038,"[""what's"", 'this', 'here']","['pro:int', 'pro:dem', 'adv']",CHI,QN
32718,1,14578469,19343,55.00112938664038,"[""what's"", 'this', 'here']","['pro:int', 'pro:dem', 'adv']",CHI,QN
32718,1,14578475,19343,55.00112938664038,"[""that's"", 'the', 'part', 'that', 'makes', 'the', 'truck', 'dump']","['pro:dem', 'det:art', 'n', 'adv', 'v', 'det:art', 'n', 'n']",CLI,ST
32718,1,14578487,19343,55.00112938664038,['watch'],['n'],CHI,RP
32718,1,14578493,19343,55.00112938664038,"['that', 'makes', 'the', 'part']","['pro:rel', 'v', 'det:art', 'n']",CHI,QN
32718,1,14578500,19343,55.00112938664038,"['that', 'a', 'xxx']","['comp', 'det:art', '']",CHI,SA
32718,1,14578511,19343,55.00112938664038,"['you', 'buy', 'a', 'new', 'part', 'here']","['pro:per', 'v', 'det:art', 'adj', 'n', 'adv']",CHI,ST
32718,1,14578520,19343,55.00112938664038,"[""what's"", 'this', 'a', 'dumper']","['pro:int', 'pro:dem', 'det:art', 'n']",CHI,QN
32718,1,14578528,19343,55.00112938664038,"['goes', 'down']","['v', 'adv']",CHI,SA
32718,1,14578538,19343,55.00112938664038,"[""that's"", 'the', 'dumper']","['pro:dem', 'det:art', 'n']",CLI,CT
32718,1,14578546,19343,55.00112938664038,"[""who's"", 'this', 'grandpa']","['pro:int', 'pro:dem', 'n']",CHI,RT
32718,1,14578554,19343,55.00112938664038,"['it', 'look', 'like', 'grandma', 'to', 'me']","['pro:per', 'v', 'conj', 'n', 'prep', 'pro:obj']",CLI,RP
32718,1,14578561,19343,55.00112938664038,"['no', 'his']","['qn', 'det:poss']",CHI,RD
32718,1,14578568,19343,55.00112938664038,"[""grandma's"", 'riding', 'in', 'truck']","['adj', 'part', 'prep', 'n']",CHI,SI
32718,1,14578574,19343,55.00112938664038,"['gonna', 'dump', 'on', 'a', 'horse']","['part', 'v', 'prep', 'det:art', 'n']",CHI,SI
32718,1,14578582,19343,55.00112938664038,"['watch', 'gonna', 'dump', 'on', 'the', 'horse']","['n', 'part', 'v', 'prep', 'det:art', 'n']",CHI,RP
32718,1,14578590,19343,55.00112938664038,"[""I'm"", 'gonna', 'let', 'dump', 'on', 'the', 'horse']","['pro:sub', 'part', 'v', 'n', 'prep', 'det:art', 'n']",CHI,SI
32718,1,14578597,19343,55.00112938664038,"['dump', 'on', 'the', 'horse', 'and', 'get', 'hurt']","['n', 'prep', 'det:art', 'n', 'coord', 'v', 'part']",CHI,SI
32718,1,14578604,19343,55.00112938664038,"['the', 'horse', 'is', 'that', ""won't"", 'feel', 'good', 'will', 'it']","['det:art', 'n', 'cop', 'adv', 'mod', 'v', 'adj', 'mod', 'pro:per']",CLI,ST
32718,1,14578610,19343,55.00112938664038,"['oh', 'oh', 'horse', 'is', 'not', 'gonna', 'feel', 'good']","['co', 'co', 'n', 'aux', 'neg', 'part', 'v', 'adj']",CHI,RT
32718,1,14578617,19343,55.00112938664038,"['that', ""grandma's""]","['pro:dem', 'adj']",CHI,YY
32718,1,14578627,19343,55.00112938664038,"['I', ""don't"", 'know']","['pro:sub', 'mod', 'v']",CLI,ST
32718,1,14578632,19343,55.00112938664038,"[""what's"", 'in', 'there']","['pro:int', 'prep', 'n']",CHI,QN
32718,1,14578637,19343,55.00112938664038,"['is', 'there', 'anything', 'else', 'in', 'there', 'that', ""you'd"", 'like', 'to', 'play', 'with']","['cop', 'adv', 'pro:indef', 'post', 'prep', 'n', 'pro:rel', 'pro:per', 'v', 'inf', 'v', 'prep']",CLI,YQ
32718,1,14578648,19343,55.00112938664038,['yeah'],['co'],CHI,AA
32718,1,14578653,19343,55.00112938664038,"['this', 'I', 'can', 'pay']","['pro:dem', 'pro:sub', 'mod', 'v']",CHI,SI
32718,1,14578660,19343,55.00112938664038,"[""what's"", 'this', 'here']","['pro:int', 'pro:dem', 'adv']",CHI,QN
32718,1,14578666,19343,55.00112938664038,"['what', 'does', 'it', 'look', 'like']","['pro:int', 'mod', 'pro:per', 'v', 'conj']",CLI,QN
32718,1,14578676,19343,55.00112938664038,"['a', 'shoe']","['det:art', 'n']",CHI,SA
32718,1,14578681,19343,55.00112938664038,"[""that's"", 'right']","['pro:dem', 'co']",CLI,AP
32718,1,14578689,19343,55.00112938664038,"['there', 'he', 'is']","['adv', 'pro:sub', 'cop']",CHI,SA
32718,1,14578693,19343,55.00112938664038,"['there', 'he', 'is']","['adv', 'pro:sub', 'cop']",CHI,SA
32719,1,14578068,19343,55.00112938664038,"['look_it', 'here', 'I']","['co', 'adv', 'pro:sub']",CHI,RP
32719,1,14578072,19343,55.00112938664038,"['what', 'is', 'it']","['pro:int', 'cop', 'pro:per']",CHI,QN
32719,1,14578082,19343,55.00112938664038,['oh'],['co'],CLI,MK
32719,1,14578090,19343,55.00112938664038,"['a', 'refrigerator']","['det:art', 'n']",CHI,SA
32719,1,14578097,19343,55.00112938664038,"[""that's"", 'what', 'it', 'looks', 'like']","['pro:dem', 'pro:int', 'pro:per', 'v', 'conj']",CLI,AC
32719,1,14578110,19343,55.00112938664038,"['wanna', 'pull', 'me', 'up', 'the', 'table']","['v', 'v', 'pro:obj', 'adv', 'det:art', 'n']",CHI,RP
32719,1,14578115,19343,55.00112938664038,['yes'],['co'],CLI,AD
32719,1,14578123,19343,55.00112938664038,"['there', 'you', 'go']","['adv', 'pro:per', 'v']",CLI,MK
32719,1,14578132,19343,55.00112938664038,"['I', 'got', 'a', 'baby', 'brother']","['pro:sub', 'v', 'det:art', 'n', 'n']",CHI,ST
32719,1,14578145,19343,55.00112938664038,"['that', 'chair', 'is', 'rocking']","['det:dem', 'n', 'aux', 'part']",CHI,ST
32719,1,14578154,19343,55.00112938664038,"[""I'm"", 'gonna', 'put', 'the', 'bed', 'right', 'here']","['pro:sub', 'part', 'v', 'det:art', 'n', 'adv', 'adv']",CLI,AP
32719,1,14578167,19343,55.00112938664038,"['right', 'here']","['adv', 'adv']",CHI,AP
32719,1,14578177,19343,55.00112938664038,"[""I'm"", 'gonna', 'find', 'another']","['pro:sub', 'part', 'v', 'qn']",CLI,AP
32719,1,14578185,19343,55.00112938664038,['look'],['co'],CHI,RP
32719,1,14578194,19343,55.00112938664038,"[""it's"", 'a', 'stairs', 'here']","['pro:per', 'det:art', 'n', 'adv']",CHI,ST
32719,1,14578205,19343,55.00112938664038,"['kids', 'going', 'up', 'to', 'bed']","['n', 'part', 'adv', 'prep', 'n']",CHI,ST
32719,1,14578215,19343,55.00112938664038,"['oh', 'he', 'climbed', 'all', 'the', 'way', 'up', 'there']","['co', 'pro:sub', 'v', 'qn', 'det:art', 'n', 'prep', 'n']",CLI,ST
32719,1,14578224,19343,55.00112938664038,"['climbed', 'all', 'the', 'way', 'up', 'there', 'go', 'bed']","['v', 'qn', 'det:art', 'n', 'prep', 'n', 'v', 'n']",CHI,YQ
32719,1,14578235,19343,55.00112938664038,"[""here's"", 'bed']","['pro:exist', 'n']",CHI,ST
32719,1,14578245,19343,55.00112938664038,"['he', 'taken', 'his', 'hat', 'off']","['pro:sub', 'part', 'det:poss', 'n', 'adv']",CHI,ST
32719,1,14578252,19343,55.00112938664038,"['he', 'went', 'back', 'to', 'bed']","['pro:sub', 'v', 'adv', 'prep', 'n']",CHI,ST
32719,1,14578263,19343,55.00112938664038,"[""what's"", 'in', 'here']","['pro:int', 'prep', 'n']",CHI,QN
32719,1,14578273,19343,55.00112938664038,"['oh', 'we', 'have', 'lots_of', 'people', 'today']","['co', 'pro:sub', 'v', 'qn', 'n', 'adv:tem']",CLI,ST
32719,1,14578279,19343,55.00112938664038,"['we', 'have', 'a_lot_of', 'people']","['pro:sub', 'v', 'qn', 'n']",CLI,ST
32719,1,14578290,19343,55.00112938664038,"['pcf', 'mm']","['', '']",CHI,YY
32719,1,14578300,19343,55.00112938664038,"['look_it', ""it's"", 'a', 'sofa']","['co', 'pro:per', 'det:art', 'n']",CHI,RP
32719,1,14578309,19343,55.00112938664038,['look'],['co'],CHI,RP
32719,1,14578317,19343,55.00112938664038,"['pcf', 'mm']","['', '']",CLI,YY
32719,1,14578328,19343,55.00112938664038,"['a', 'red', 'and', 'white', 'checkered', 'one']","['det:art', 'n', 'coord', 'adj', 'adj', 'pro:indef']",CLI,ST
32719,1,14578341,19343,55.00112938664038,"['red', 'and', 'white', 'checkered', 'one']","['adj', 'coord', 'adj', 'adj', 'pro:indef']",CHI,ST
32719,1,14578350,19343,55.00112938664038,"[""it's"", 'sitting', 'there']","['pro:per', 'part', 'adv']",CHI,ST
32719,1,14578360,19343,55.00112938664038,"[""it's"", 'gonna', 'sit', 'right', 'there', 'can', 'watch', 'tv']","['pro:per', 'part', 'v', 'adv', 'adv', 'n', 'n', 'n']",CHI,RP
32719,1,14578371,19343,55.00112938664038,"['that', 'guy', 'is']","['det:dem', 'n', 'cop']",CHI,ST
32719,1,14578380,19343,55.00112938664038,"[""who's"", 'sleeping', 'over', 'there']","['pro:rel', 'n:gerund', 'prep', 'n']",CLI,QN
32719,1,14578386,19343,55.00112938664038,"['the', 'king']","['det:art', 'n']",CHI,SA
32719,1,14578397,19343,55.00112938664038,"['the', 'king']","['det:art', 'n']",CLI,CT
32719,1,14578408,19343,55.00112938664038,"['pcf', 'mm']","['', '']",CHI,YY
32719,1,14578414,19343,55.00112938664038,"[""there's"", 'chairs', 'here']","['pro:exist', 'n', 'adv']",CHI,TO
32719,1,14578423,19343,55.00112938664038,"['pcf', 'mm']","['', '']",CLI,YY
32719,1,14578429,19343,55.00112938664038,['people'],['n'],CHI,YY
32719,1,14578436,19343,55.00112938664038,"[""what's"", 'in', 'here']","['pro:int', 'prep', 'n']",CHI,QN
32719,1,14578444,19343,55.00112938664038,"['a', 'barbecue']","['det:art', 'n']",CHI,SA
32719,1,14578457,19343,55.00112938664038,['oh_my_goodness'],['co'],CLI,AP
32719,1,14578463,19343,55.00112938664038,"[""it's"", 'outside']","['pro:per', 'adv']",CHI,ST
32719,1,14578471,19343,55.00112938664038,"['I', 'think', ""that's"", 'a', 'good', 'idea']","['pro:sub', 'v', 'pro:dem', 'det:art', 'adj', 'n']",CLI,AP
32719,1,14578480,19343,55.00112938664038,"[""it's"", 'out', 'in', 'back']","['pro:per', 'adv', 'prep', 'n']",CHI,ST
32719,1,14578490,19343,55.00112938664038,"[""it's"", 'out', 'in', 'back', 'here']","['pro:per', 'adv', 'prep', 'adv', 'adv']",CHI,RP
32719,1,14578494,19343,55.00112938664038,"['grandma', 'hungry']","['n', 'adj']",CLI,YQ
32719,1,14578502,19343,55.00112938664038,['yes'],['co'],CHI,AA
32719,1,14578509,19343,55.00112938664038,"[""grandma's"", 'really', 'hungry']","['adj', 'adv', 'adj']",CHI,ST
32719,1,14578518,19343,55.00112938664038,"['look_it', 'here']","['co', 'adv']",CHI,RP
32719,1,14578524,19343,55.00112938664038,"[""what's"", 'this', 'here', 'huh']","['pro:int', 'pro:dem', 'adv', 'co']",CLI,QN
32719,1,14578529,19343,55.00112938664038,"['it', 'looks', 'like', 'a', 'gas', 'tank', 'gas', 'truck']","['pro:per', 'v', 'conj', 'det:art', '', '', 'n', 'n']",CLI,SA
32719,1,14578536,19343,55.00112938664038,"['gas', 'tank']","['n', 'n']",CHI,SA
32719,1,14578544,19343,55.00112938664038,"['gas', 'truck', 'of', 'the', 'gas', 'tank']","['n', 'n', 'prep', 'det:art', 'n', 'n']",CHI,ST
32719,1,14578552,19343,55.00112938664038,"[""it's"", 'filling', 'up', 'gas']","['pro:per', 'part', 'adv', 'n']",CHI,ST
32719,1,14578558,19343,55.00112938664038,"['they', 'hop', 'in', 'the', 'car']","['pro:sub', 'v', 'adv', 'det:art', 'n']",CHI,ST
32719,1,14578566,19343,55.00112938664038,"['push', 'the', 'gas', 'tank']","['v', 'det:art', 'n', 'n']",CHI,RP
32719,1,14578573,19343,55.00112938664038,"[""it's"", 'pushing', 'the', 'gas', 'tank']","['pro:per', 'part', 'det:art', 'n', 'n']",CHI,ST
32719,1,14578580,19343,55.00112938664038,['look_it'],['co'],CHI,RP
32719,1,14578589,19343,55.00112938664038,"['oh', 'grandmas', 'pulling', 'the', 'gas', 'tank']","['co', 'n', 'part', 'det:art', 'n', 'n']",CLI,DP
32719,1,14578596,19343,55.00112938664038,"['you', 'better', 'xxx']","['pro:per', 'adj', '']",CHI,YD
32719,1,14578602,19343,55.00112938664038,"[""let's"", 'see', ""I'm"", 'gonna', 'put', 'this', 'big', 'one', 'here']","['v', 'v', 'pro:sub', 'part', 'part', 'det:dem', 'adj', 'pro:indef', 'adv']",CLI,SI
32719,1,14578609,19343,55.00112938664038,"['this', 'is', 'a', 'counter']","['pro:dem', 'cop', 'det:art', 'n']",CHI,SI
32719,1,14578615,19343,55.00112938664038,"['that', 'goes', 'in', 'the', 'kitchen', 'here']","['pro:rel', 'v', 'adv', 'det:art', 'n', 'adv']",CHI,SI
32719,1,14578622,19343,55.00112938664038,"['with', 'the', 'sink']","['prep', 'det:art', 'n']",CHI,SI
32719,1,14578628,19343,55.00112938664038,"['there', 'near', 'there', 'some', 'suppers']","['', '', 'adv', 'qn', 'n']",CHI,MK
32719,1,14578634,19343,55.00112938664038,"['look_it', 'here', ""what's"", 'this']","['co', 'adv', 'pro:int', 'pro:dem']",CHI,RP
32719,1,14578640,19343,55.00112938664038,"[""that's"", 'a', 'pipe', 'for', 'baby']","['pro:dem', 'det:art', 'n', 'prep', 'n']",CLI,ST
32719,1,14578645,19343,55.00112938664038,"['when', 'you', 'do', 'you', 'put', 'in', 'here']","['conj', 'pro:per', 'v', 'pro:per', 'v', 'prep', 'n']",CHI,RP
32719,1,14578650,19343,55.00112938664038,"['you', 'do', 'it']","['pro:per', 'v', 'pro:per']",CHI,RP
32719,1,14578656,19343,55.00112938664038,"['sometime', 'we', 'might', 'do', 'that']","['adv', 'pro:sub', 'mod', 'v', 'pro:dem']",CLI,ST
32719,1,14578663,19343,55.00112938664038,"['when', 'you', 'get', 'a', 'huh']","['conj', 'pro:per', 'v', 'det:art', 'co']",CHI,ST
32719,1,14578670,19343,55.00112938664038,"[""what's"", 'that']","['pro:int', 'pro:dem']",CHI,QN
32719,1,14578675,19343,55.00112938664038,"['oh', 'her', 'making', ""he's"", 'washing', 'the', 'dishes']","['co', 'pro:obj', 'part', 'pro:sub', 'part', 'det:art', 'n']",CLI,SA
32719,1,14578679,19343,55.00112938664038,['oh'],['co'],CLI,MK
32719,1,14578688,19343,55.00112938664038,"['it', 'came', 'off']","['pro:per', 'v', 'adv']",CHI,ST
32719,1,14578694,19343,55.00112938664038,"['it', 'goes', 'on']","['pro:per', 'v', 'adv']",CHI,ST
32719,1,14578702,19343,55.00112938664038,"['it', 'goes', 'up', 'here']","['pro:per', 'v', 'prep', 'n']",CHI,ST
32719,1,14578709,19343,55.00112938664038,"['the', 'pipelines']","['det:art', 'n']",CHI,YY
32719,1,14578715,19343,55.00112938664038,"[""what's"", 'this', 'here', 'huh']","['pro:int', 'pro:dem', 'adv', 'co']",CHI,QN
32719,1,14578722,19343,55.00112938664038,"['I', ""don't"", 'know', 'what', 'that', 'is']","['pro:sub', 'mod', 'v', 'pro:int', 'adv', 'cop']",CLI,SA
32719,1,14578728,19343,55.00112938664038,"['a', 'couch']","['det:art', 'n']",CLI,SA
32719,1,14578733,19343,55.00112938664038,"['pcf', 'mm']","['', '']",CHI,SA
32719,1,14578740,19343,55.00112938664038,"['oh', ""it's"", 'not', 'a', 'couch']","['co', 'pro:per', 'neg', 'det:art', 'n']",CLI,DW
32719,1,14578746,19343,55.00112938664038,"['what', 'is', 'it', 'a', 'road']","['pro:int', 'cop', 'pro:per', 'det:art', 'n']",CHI,QN
32719,1,14578752,19343,55.00112938664038,"[""it's"", 'a', 'road']","['pro:per', 'det:art', 'n']",CHI,SA
32719,1,14578760,19343,55.00112938664038,"['do', 'you', 'think', 'it', 'might', 'be', 'a', 'road']","['mod', 'pro:per', 'v', 'pro:per', 'mod', 'cop', 'det:art', 'n']",CLI,DW
32719,1,14578766,19343,55.00112938664038,"['could', 'be']","['mod', 'cop']",CLI,RP
32719,1,14578773,19343,55.00112938664038,"['could', 'be']","['mod', 'cop']",CHI,AD
32719,1,14578778,19343,55.00112938664038,"['look_it', 'it']","['co', 'pro:per']",CHI,RP
32719,1,14578784,19343,55.00112938664038,"[""what's"", 'this', 'a', 'dish']","['pro:int', 'pro:dem', 'det:art', 'n']",CHI,QN
32719,1,14578789,19343,55.00112938664038,"['that', 'guy', 'sit', 'in', 'desk']","['det:dem', 'n', 'v', 'prep', 'n']",CHI,RP
32719,1,14578796,19343,55.00112938664038,"[""he's"", 'sitting', 'xxx', 'back', 'of', 'it']","['pro:sub', 'part', '', 'adv', 'prep', 'pro:per']",CHI,ST
32719,1,14578803,19343,55.00112938664038,"['look', 'at', 'xxx', 'there']","['v', 'prep', '', 'n']",CHI,RP
32719,1,14578809,19343,55.00112938664038,"['this', 'is', 'your', 'hall', 'room']","['pro:dem', 'cop', 'det:poss', 'n', 'n']",CHI,ST
32719,1,14578839,19343,55.00112938664038,"['oh', ""there's""]","['co', 'pro:exist']",CHI,ST
32719,1,14578872,19343,55.00112938664038,"['what', 'you', 'did', 'here']","['pro:int', 'pro:per', 'v', 'adv']",CHI,QN
32719,1,14578874,19343,55.00112938664038,"['what', 'is', 'it']","['pro:int', 'cop', 'pro:per']",CHI,QN
32719,1,14578878,19343,55.00112938664038,"['looks', 'like', 'another', 'couch']","['v', 'prep', 'qn', 'n']",CLI,YQ
32719,1,14578881,19343,55.00112938664038,['yeah'],['co'],CHI,AA
32719,1,14578886,19343,55.00112938664038,"['it', 'goes', 'here']","['pro:per', 'v', 'adv']",CHI,ST
32719,1,14578892,19343,55.00112938664038,"['it', 'goes', 'here']","['pro:per', 'v', 'adv']",CHI,ST
32719,1,14578905,19343,55.00112938664038,"['that', ""guy's"", 'laying']","['comp', 'n', 'part']",CHI,ST
32719,1,14578920,19343,55.00112938664038,"['that', ""guy's"", 'laying', 'on', 'the', 'couch', 'and', 'sleeping']","['pro:dem', 'n', 'part', 'prep', 'det:art', 'n', 'coord', 'part']",CHI,ST
32719,1,14578925,19343,55.00112938664038,"[""what's"", 'this', 'thing']","['pro:int', 'det:dem', 'n']",CHI,QN
32720,1,14578134,19346,54.00110885233783,"['oh', 'that', ""one's"", 'upside', 'down', 'too']","['co', 'adv', 'pro:indef', 'adv', 'adv', 'adv']",CLI,RP
32720,1,14578135,19346,54.00110885233783,"['get', 'this', 'out_of', 'the', 'way', 'for', 'a', 'minute', 'so', 'we', 'can', 'play', 'down', 'here']","['v', 'pro:dem', 'prep', 'det:art', 'n', 'prep', 'det:art', 'n', 'conj', 'pro:sub', 'mod', 'v', 'prep', 'n']",CLI,GR
32720,1,14578136,19346,54.00110885233783,"['look', 'at', 'this', 'big', 'one']","['v', 'prep', 'det:dem', 'adj', 'pro:indef']",CLI,RP
32720,1,14578137,19346,54.00110885233783,"['he', ""hasn't"", 'got', 'no', 'where', 'to', 'drive', 'though']","['pro:sub', 'aux', 'part', 'qn', 'pro:int', 'inf', 'v', 'adv']",CLI,RD
32720,1,14578138,19346,54.00110885233783,['no'],['co'],CHI,RD
32720,1,14578139,19346,54.00110885233783,"['I', 'forgot', 'bring', 'my', 'big', 'car']","['pro:sub', 'v', 'v', 'det:poss', 'adj', 'n']",CHI,ST
32720,1,14578150,19346,54.00110885233783,"['what', 'you', 'forgot']","['pro:int', 'pro:per', 'v']",CLI,AP
32720,1,14578159,19346,54.00110885233783,"['my', 'big', 'car']","['det:poss', 'adj', 'n']",CHI,ST
32720,1,14578166,19346,54.00110885233783,"['did', 'you', 'forget', 'it']","['mod', 'pro:per', 'v', 'pro:per']",CLI,YQ
32720,1,14578174,19346,54.00110885233783,['yes'],['co'],CHI,AA
32720,1,14578181,19346,54.00110885233783,"[""let's"", 'see', 'I', ""can't"", 'remember', 'that', 'one']","['v', 'v', 'pro:sub', 'mod', 'v', 'comp', 'pro:indef']",CLI,ST
32720,1,14578193,19346,54.00110885233783,"['you', 'better']","['pro:per', 'adj']",CLI,ST
32720,1,14578203,19346,54.00110885233783,"['what', 'did', 'it', 'look', 'like']","['pro:int', 'mod', 'pro:per', 'v', 'conj']",CLI,QN
32720,1,14578213,19346,54.00110885233783,"['doors', 'open']","['n', 'adj']",CHI,SA
32720,1,14578222,19346,54.00110885233783,"['the', 'doors', 'opened', 'on', 'it']","['det:art', 'n', 'v', 'prep', 'pro:per']",CLI,YQ
32720,1,14578232,19346,54.00110885233783,['yes'],['co'],CHI,AA
32720,1,14578242,19346,54.00110885233783,['hm'],[''],CLI,RR
32720,1,14578251,19346,54.00110885233783,"['look', 'I', 'that', 'them', 'drying', 'off']","['v', 'pro:sub', 'adv', 'pro:obj', 'part', 'adv']",CHI,RP
32720,1,14578260,19346,54.00110885233783,"['look', 'at', 'that']","['v', 'prep', 'pro:dem']",CLI,YQ
32720,1,14578272,19346,54.00110885233783,"['will', 'you', 'look', 'at', 'that']","['mod', 'pro:per', 'v', 'prep', 'pro:dem']",CHI,AA
32720,1,14578281,19346,54.00110885233783,"['ah', ""it's"", 'starting', 'to', 'dry', 'out', 'though']","['', 'pro:per', 'part', 'inf', 'v', 'adv', 'adv']",CLI,ST
32720,1,14578294,19346,54.00110885233783,"[""it's"", 'still', 'a', 'little', 'bit', 'wet']","['pro:per', 'adv', 'det:art', 'adj', 'n', 'adj']",CLI,ST
32720,1,14578304,19346,54.00110885233783,['yeah'],['co'],CHI,AC
32720,1,14578311,19346,54.00110885233783,"['ah', ""let's"", 'look', 'at', 'that']","['', 'v', 'v', 'prep', 'pro:dem']",CLI,RP
32720,1,14578319,19346,54.00110885233783,"['what', 'kind', 'of', 'pictures', 'you', 'got', 'here']","['pro:int', 'n', 'prep', 'n', 'pro:per', 'v', 'adv']",CLI,ST
32720,1,14578327,19346,54.00110885233783,['look_it'],['co'],CLI,RP
32720,1,14578336,19346,54.00110885233783,"[""what's"", 'this', 'here']","['pro:int', 'pro:dem', 'adv']",CLI,QN
32720,1,14578342,19346,54.00110885233783,"[""what's"", 'going', 'on']","['pro:int', 'part', 'adv']",CLI,QN
32720,1,14578351,19346,54.00110885233783,"['I', ""don't"", 'know']","['pro:sub', 'mod', 'v']",CHI,SA
32720,1,14578359,19346,54.00110885233783,"[""can't"", 'buy', 'one', 'of', 'them', 'because', 'he', ""ain't"", 'got', 'no', 'money']","['mod', 'v', 'det:num', 'prep', 'pro:obj', 'conj', 'pro:sub', 'aux', 'part', 'qn', 'n']",CHI,ST
32720,1,14578370,19346,54.00110885233783,"[""how's"", 'it']","['pro:int', 'pro:per']",CLI,AP
32720,1,14578378,19346,54.00110885233783,"[""what's"", 'the', 'driving', 'there']","['pro:int', 'det:art', 'n:gerund', 'adv']",CLI,QN
32720,1,14578388,19346,54.00110885233783,"['get', 'a', 'good', 'look', 'at', 'that']","['v', 'det:art', 'adj', 'v', 'prep', 'pro:dem']",CLI,RP
32720,1,14578394,19346,54.00110885233783,"['yeah', 'look', 'at', 'that']","['co', 'v', 'prep', 'pro:dem']",CLI,RP
32720,1,14578405,19346,54.00110885233783,"[""pocket's"", 'empty']","['adj', 'adj']",CLI,ST
32720,1,14578413,19346,54.00110885233783,"['he', 'wanted', 'to', 'buy', 'one']","['pro:sub', 'v', 'prep', 'n', 'pro:indef']",CLI,ST
32720,1,14578443,19346,54.00110885233783,"['that', 'one', 'taking', 'peeking']","['det:dem', 'pro:indef', 'part', 'part']",CHI,ST
32720,1,14578449,19346,54.00110885233783,"['oh', 'look', 'at', 'that', 'big', 'picture', 'though']","['co', 'v', 'prep', 'det:dem', 'adj', 'n', 'adv']",CLI,RP
32720,1,14578450,19346,54.00110885233783,['yeah'],['co'],CHI,AD
32720,1,14578451,19346,54.00110885233783,"['look', 'at', 'all', 'the', 'things', 'going', 'on']","['v', 'prep', 'qn', 'det:art', 'n', 'part', 'adv']",CLI,RP
32720,1,14578452,19346,54.00110885233783,"['he', 'gonna', 'get', 'him']","['pro:sub', 'part', 'v', 'pro:obj']",CHI,SI
32720,1,14578461,19346,54.00110885233783,"[""he's"", 'gonna', 'get', 'him']","['pro:sub', 'part', 'v', 'pro:obj']",CLI,SI
32720,1,14578470,19346,54.00110885233783,"['Pinnochio', 'indians']","['n:prop', 'n']",CLI,ST
32720,1,14578479,19346,54.00110885233783,"['well', 'now', 'what']","['adv', 'adv', 'pro:int']",CLI,QN
32720,1,14578483,19346,54.00110885233783,['hey'],['co'],CHI,YY
32720,1,14578492,19346,54.00110885233783,"['all', 'them', 'cars', 'are', 'in']","['qn', 'pro:obj', 'n', 'cop', 'adv']",CHI,ST
32720,1,14578504,19346,54.00110885233783,"['put', 'my', 'motorcycle', 'in']","['v', 'det:poss', 'n', 'adv']",CHI,RP
32720,1,14578514,19346,54.00110885233783,"['take', 'them', 'all', 'out']","['v', 'pro:obj', 'post', 'adv']",CLI,RP
32720,1,14578526,19346,54.00110885233783,"['uh', 'oh']","['', '']",CHI,YY
32720,1,14578531,19346,54.00110885233783,['yep'],['co'],CHI,YY
32720,1,14578540,19346,54.00110885233783,"[""there's"", 'um', 'cars', 'xxx']","['pro:exist', '', 'n', '']",CHI,SI
32720,1,14578547,19346,54.00110885233783,"['it', 'after', 'my', 'car', 'i', 'I', 'put', 'my', 'motorcycle', 'in']","['pro:per', 'prep', 'det:poss', 'n', '', 'pro:sub', 'v', 'det:poss', 'n', 'adv']",CHI,SI
32720,1,14578556,19346,54.00110885233783,"['think', ""it'll"", 'fit']","['v', 'pro:per', 'v']",CLI,GR
32720,1,14578563,19346,54.00110885233783,"['that', 'great', 'big', 'one']","['pro:dem', 'adj', 'adj', 'pro:indef']",CLI,GR
32720,1,14578567,19346,54.00110885233783,"['do', 'you', 'think', 'that', 'big', 'cycle', 'will', 'fit', 'in', 'the', 'truck']","['mod', 'pro:per', 'v', 'det:dem', 'adj', 'n', 'mod', 'part', 'prep', 'det:art', 'n']",CLI,GR
32720,1,14578576,19346,54.00110885233783,['yeah'],['co'],CHI,AD
32720,1,14578581,19346,54.00110885233783,"['aw', 'look', 'at', 'that']","['', 'v', 'prep', 'pro:dem']",CLI,RP
32720,1,14578587,19346,54.00110885233783,"['think', 'better', 'take', 'this', 'out']","['v', 'adj', 'v', 'det:dem', 'adv']",CHI,RP
32720,1,14578595,19346,54.00110885233783,"['yeah', ""he's"", 'stuck']","['co', 'pro:sub', 'part']",CLI,AD
32720,1,14578601,19346,54.00110885233783,['there'],['adv'],CLI,MK
32720,1,14578608,19346,54.00110885233783,"['he', 'got', 'going', 'uh', 'uh']","['pro:sub', 'v', 'n:gerund', '', '']",CHI,ST
32720,1,14578616,19346,54.00110885233783,"[""he's"", 'really', 'in', 'there']","['pro:sub', 'adv', 'prep', 'n']",CLI,ST
32720,1,14578623,19346,54.00110885233783,"['should', 'I', 'there', 'he', 'comes']","['', '', 'adv', 'pro:sub', 'v']",CLI,ST
32720,1,14578635,19346,54.00110885233783,['xxx'],[''],CHI,YY
32720,1,14578638,19346,54.00110885233783,"['he', 'fits']","['pro:sub', 'v']",CHI,ST
32720,1,14578644,19346,54.00110885233783,"['he', 'fits']","['pro:sub', 'v']",CLI,AP
32720,1,14578651,19346,54.00110885233783,"['you', 'did', 'it']","['pro:per', 'v', 'pro:per']",CLI,ST
32720,1,14578657,19346,54.00110885233783,"[""that's"", 'it']","['pro:dem', 'pro:per']",CLI,ST
32720,1,14578665,19346,54.00110885233783,"['look', 'at', 'that']","['v', 'prep', 'pro:dem']",CLI,RP
32720,1,14578673,19346,54.00110885233783,"['he', 'really', 'steers', 'too', 'xxx']","['pro:sub', 'adv', 'v', 'adv', '']",CLI,YQ
32720,1,14578680,19346,54.00110885233783,['yeah'],['co'],CHI,AA
32720,1,14578687,19346,54.00110885233783,"['is', 'that', 'how', 'you', 'drive']","['cop', 'comp', 'pro:int', 'pro:per', 'v']",CLI,YQ
32720,1,14578696,19346,54.00110885233783,['yes'],['co'],CHI,AA
32720,1,14578703,19346,54.00110885233783,"['I', 'go', 'do', 'big', 'wheelie']","['pro:sub', 'v', 'v', 'adj', 'n']",CHI,ST
32720,1,14578708,19346,54.00110885233783,"['you', 'do', 'big', 'wheelies']","['pro:per', 'v', 'adj', 'n']",CLI,AP
32720,1,14578713,19346,54.00110885233783,"['I', ""don't"", 'do', 'that']","['pro:sub', 'mod', 'v', 'pro:dem']",CLI,ST
32720,1,14578717,19346,54.00110885233783,"['I', 'think', 'I', 'might', 'tip', 'over', 'if', 'I', 'did', 'it']","['pro:sub', 'v', 'pro:sub', 'mod', 'v', 'adv', 'comp', 'pro:sub', 'mod', 'pro:per']",CLI,ST
32720,1,14578723,19346,54.00110885233783,"['there', 'he', 'goes']","['adv', 'pro:sub', 'v']",CLI,ST
32720,1,14578734,19346,54.00110885233783,"['way', 'over', 'in', 'the', 'corner']","['adv', 'prep', 'prep', 'det:art', 'n']",CLI,RP
32720,1,14578738,19346,54.00110885233783,"['dumped', 'them', 'all', 'out']","['v', 'pro:obj', 'post', 'adv']",CLI,RP
32720,1,14578745,19346,54.00110885233783,"['what', 'was', 'that']","['pro:int', 'cop', 'pro:dem']",CLI,QN
32720,1,14578750,19346,54.00110885233783,"['a', 'puppy']","['det:art', 'n']",CHI,SA
32720,1,14578755,19346,54.00110885233783,"['sounds', 'like', 'a', 'puppy']","['n', 'prep', 'det:art', 'n']",CLI,AP
32720,1,14578762,19346,54.00110885233783,"[""that's"", 'xxx', 'the', 'garage']","['pro:dem', '', 'det:art', 'n']",CLI,ST
32720,1,14578768,19346,54.00110885233783,"[""that's"", 'a', 'big', 'garage']","['pro:dem', 'det:art', 'adj', 'n']",CLI,ST
32720,1,14578775,19346,54.00110885233783,['xxx'],[''],CHI,YY
32720,1,14578781,19346,54.00110885233783,"['xxx', 'room']","['', 'n']",CHI,YY
32720,1,14578787,19346,54.00110885233783,"['the', 'truck', ""can't"", 'move']","['det:art', 'n', 'mod', 'v']",CLI,ST
32720,1,14578793,19346,54.00110885233783,"['all', 'closed']","['post', 'part']",CLI,ST
32720,1,14578799,19346,54.00110885233783,"['hafta', 'close']","['mod', 'v']",CLI,RP
32720,1,14578806,19346,54.00110885233783,"['one', 'more', 'trip']","['det:num', 'qn', 'n']",CLI,RP
32720,1,14578811,19346,54.00110885233783,['xxx'],[''],CHI,YY
32720,1,14578813,19346,54.00110885233783,"['uh', 'oh']","['', 'co']",CLI,MK
32720,1,14578817,19346,54.00110885233783,"[""there's"", 'xxx']","['pro:exist', '']",CLI,ST
32720,1,14578820,19346,54.00110885233783,"['hey', 'I', 'got', 'an', 'idea']","['co', 'pro:sub', 'v', 'det:art', 'n']",CLI,ST
32720,1,14578823,19346,54.00110885233783,"['after', 'this', 'one', 'haul', 'puzzles']","['prep', 'det:dem', 'det:num', 'n', 'n']",CHI,ST
32720,1,14578825,19346,54.00110885233783,['what'],['pro:int'],CHI,QN
32720,1,14578827,19346,54.00110885233783,"['before', 'we', 'haul', 'a', 'puzzle', ""let's"", 'do', 'look', 'at', 'some', 'more', 'pictures', 'first']","['conj', 'pro:sub', 'v', 'det:art', 'n', 'v', 'v', 'v', 'prep', 'qn', 'qn', 'n', 'adv']",CLI,RP
32720,1,14578829,19346,54.00110885233783,"['then', ""we'll"", 'haul', 'the', 'puzzle', 'over']","['adv:tem', 'pro:sub', 'v', 'det:art', 'n', 'adv']",CLI,PR
32720,1,14578831,19346,54.00110885233783,"['we', 'got', 'some', 'uncle', 'Fred', 'pictures', 'to', 'look', 'at', 'yet']","['pro:sub', 'v', 'qn', 'n', 'n:prop', 'v', 'inf', 'v', 'prep', 'adv']",CLI,ST
32720,1,14578833,19346,54.00110885233783,"['oh', 'yeah']","['co', 'co']",CHI,AC
32720,1,14578835,19346,54.00110885233783,"['we', 'got', 'them']","['pro:sub', 'part', 'pro:obj']",CHI,ST
32720,1,14578837,19346,54.00110885233783,"['remember', 'uncle', 'Fred']","['v', 'n', 'n:prop']",CLI,ST
32720,1,14578840,19346,54.00110885233783,"['we', 'got', 'them']","['pro:sub', 'part', 'pro:obj']",CHI,ST
32720,1,14578843,19346,54.00110885233783,"['yeah', 'we', ""can't"", 'forget', 'that', 'guy']","['co', 'pro:sub', 'mod', 'v', 'comp', 'n']",CLI,AP
32720,1,14578845,19346,54.00110885233783,"['gotta', 'get', 'this', 'up', 'here', 'too']","['mod', 'v', 'pro:dem', 'prep', 'n', 'adv']",CLI,RP
32720,1,14578847,19346,54.00110885233783,"['we', ""can't"", 'forget', 'uncle', 'Fred']","['pro:sub', 'mod', 'v', 'n', 'n:prop']",CLI,ST
32720,1,14578848,19346,54.00110885233783,"['I', 'forgot', 'flip', 'these', 'over']","['pro:sub', 'v', 'v', 'det:dem', 'adv']",CHI,SI
32720,1,14578851,19346,54.00110885233783,"['I', 'put', 'my', 'cars', 'in']","['pro:sub', 'v', 'det:poss', 'n', 'adv']",CHI,SI
32720,1,14578854,19346,54.00110885233783,"['yep', ""can't"", 'forget', 'them', 'either']","['co', 'mod', 'v', 'pro:obj', 'adv']",CLI,AD
32720,1,14578855,19346,54.00110885233783,"['okay', 'we', 'gotta', 'get', 'this', 'for', 'Fred', 'here']","['adj', 'pro:sub', 'mod', 'v', 'pro:dem', 'prep', 'n:prop', 'adv']",CLI,SI
32720,1,14578857,19346,54.00110885233783,"['I', 'almost', 'forgot', 'about', 'uncle', 'Fred']","['pro:sub', 'adv', 'v', 'prep', 'n', 'n:prop']",CLI,ST
32720,1,14578859,19346,54.00110885233783,"[""you've"", 'been', 'pretty', 'busy']","['pro:per', 'aux', 'adj', 'adj']",CLI,ST
32721,1,14580416,19346,54.00110885233783,"['here', 'he', 'goes']","['adv', 'pro:sub', 'v']",CLI,SS
32721,1,14580422,19346,54.00110885233783,"['put', 'all', 'those', 'in']","['v', 'qn', 'det:dem', 'adv']",CLI,RP
32721,1,14580430,19346,54.00110885233783,"['go', 'back', 'in', 'the', 'barn']","['v', 'adv', 'prep', 'det:art', 'n']",CLI,RP
32721,1,14580437,19346,54.00110885233783,"['there', 'he', 'is', 'oh']","['adv', 'pro:sub', 'cop', 'co']",CLI,ST
32721,1,14580445,19346,54.00110885233783,"['I', 'heard', 'him', 'in', 'there', 'again', 'that', 'big', 'cow']","['pro:sub', 'v', 'pro:obj', 'prep', 'n', 'adv', 'det:dem', 'adj', 'n']",CLI,ST
32721,1,14580454,19346,54.00110885233783,"['gonna', 'take', 'those', 'off']","['part', 'v', 'pro:dem', 'adv']",CLI,RP
32721,1,14580463,19346,54.00110885233783,"['that', ""thing's"", 'pretty', 'stubborn']","['comp', 'n', 'adv', 'adj']",CLI,ST
32721,1,14580468,19346,54.00110885233783,"['here', 'I', 'know', 'now']","['adv', 'pro:sub', 'v', 'adv']",CLI,MK
32721,1,14580476,19346,54.00110885233783,"['try', 'it', 'turning', 'it']","['v', 'pro:per', 'part', 'pro:per']",CLI,RP
32721,1,14580486,19346,54.00110885233783,"[""he's"", 'almost', 'off']","['pro:sub', 'adv', 'adv']",CLI,ST
32721,1,14580494,19346,54.00110885233783,"['here', 'he', 'comes']","['adv', 'pro:sub', 'v']",CLI,SS
32721,1,14580502,19346,54.00110885233783,['uhhuh'],['co'],CHI,AC
32721,1,14580509,19346,54.00110885233783,['there'],['adv'],CLI,MK
32721,1,14580515,19346,54.00110885233783,"['load', 'them', 'up']","['v', 'pro:obj', 'adv']",CLI,RP
32721,1,14580523,19346,54.00110885233783,"['fill', 'the', 'truck', 'up']","['v', 'det:art', 'n', 'adv']",CLI,RP
32721,1,14580531,19346,54.00110885233783,"['it', 'fits', 'it', 'spins']","['pro:per', 'v', 'pro:per', 'v']",CLI,RP
32721,1,14580539,19346,54.00110885233783,"['I', 'wonder', 'if', 'I', 'can', 'do', 'that']","['pro:sub', 'v', 'comp', 'pro:sub', 'mod', 'v', 'pro:dem']",CLI,ST
32721,1,14580547,19346,54.00110885233783,"['it', 'gets', 'stuck']","['pro:per', 'v', 'v']",CLI,ST
32721,1,14580556,19346,54.00110885233783,"['I', 'know']","['pro:sub', 'v']",CLI,ST
32721,1,14580565,19346,54.00110885233783,"['I', 'betcha', 'it', 'would', 'fit', 'on', 'my', 'little', 'finger']","['pro:sub', 'co', 'pro:per', 'mod', 'n', 'prep', 'det:poss', 'adj', 'n']",CLI,ST
32721,1,14580574,19346,54.00110885233783,"['oh', 'it', 'still', ""doesn't"", 'work']","['co', 'pro:per', 'v', 'mod', 'n']",CLI,ST
32721,1,14580585,19346,54.00110885233783,['purple'],['adj'],CLI,ST
32721,1,14580592,19346,54.00110885233783,"['works', 'on', 'my', 'fingers']","['n', 'prep', 'det:poss', 'n']",CHI,ST
32721,1,14580601,19346,54.00110885233783,"['works', 'on', 'your', 'fingers', ""doesn't"", 'it']","['n', 'prep', 'det:poss', 'n', 'mod', 'pro:per']",CLI,ST
32721,1,14580612,19346,54.00110885233783,['yep'],['co'],CLI,MK
32721,1,14580620,19346,54.00110885233783,"['try', 'that', 'one', 'once']","['v', 'comp', 'det:num', 'adv']",CLI,RP
32721,1,14580628,19346,54.00110885233783,"['this', 'one']","['pro:dem', 'pro:indef']",CHI,YQ
32721,1,14580635,19346,54.00110885233783,['yep'],['co'],CLI,AA
32721,1,14580643,19346,54.00110885233783,"['yep', 'you', 'can', 'spin', 'him']","['co', 'pro:per', 'mod', 'v', 'pro:obj']",CLI,ST
32721,1,14580648,19346,54.00110885233783,"[""there's"", 'the', 'driver', ""he's"", 'waiting', 'for', 'you']","['pro:exist', 'det:art', 'n', 'pro:sub', 'part', 'prep', 'pro:per']",CLI,ST
32721,1,14580655,19346,54.00110885233783,"[""he's"", 'waiting', 'for', 'you', 'to', 'load', 'them', 'up']","['pro:sub', 'part', 'prep', 'pro:per', 'inf', 'v', 'pro:obj', 'adv']",CLI,ST
32721,1,14580662,19346,54.00110885233783,"['get', 'in', 'the', 'truck', 'okay']","['v', 'prep', 'det:art', 'n', 'adj']",CLI,RP
32721,1,14580667,19346,54.00110885233783,"['you', 'got', 'them', 'all', 'on', 'there', 'now']","['pro:per', 'v', 'pro:obj', 'post', 'prep', 'n', 'adv']",CLI,RP
32721,1,14580674,19346,54.00110885233783,['no'],['co'],CHI,RD
32721,1,14580677,19346,54.00110885233783,"['he', 'wants', 'you', 'to', 'hurry', 'up', 'he', 'says']","['pro:sub', 'v', 'pro:per', 'inf', 'v', 'adv', 'pro:sub', 'v']",CLI,ST
32721,1,14580681,19346,54.00110885233783,"['he', 'says', 'I', 'gotta', 'get', 'going', 'okay']","['pro:sub', 'v', 'pro:sub', 'mod', 'v', 'n:gerund', 'co']",CLI,GI
32721,1,14580686,19346,54.00110885233783,"['now', 'you', 'ready', 'to', 'let', 'me', 'go', 'new']","['adv', 'pro:per', 'adj', 'inf', 'v', 'pro:obj', 'v', 'adj']",CLI,SS
32721,1,14580691,19346,54.00110885233783,"[""he's"", 'in', 'a', 'hurry']","['pro:sub', 'prep', 'det:art', 'n']",CLI,ST
32721,1,14580696,19346,54.00110885233783,"[""he's"", 'got', 'to', 'get', 'going']","['pro:sub', 'part', 'inf', 'v', 'part']",CLI,ST
32721,1,14580701,19346,54.00110885233783,"[""he's"", 'hopping']","['pro:sub', 'part']",CHI,RT
32721,1,14580706,19346,54.00110885233783,"['there', 'he', 'goes']","['adv', 'pro:sub', 'v']",CLI,ST
32721,1,14580711,19346,54.00110885233783,"['he', 'hops', 'in', 'the', 'truck', 'okay']","['pro:sub', 'v', 'prep', 'det:art', 'n', 'adj']",CLI,ST
32721,1,14580716,19346,54.00110885233783,"['take', 'her', 'away', 'they', 'say']","['v', 'pro:obj', 'adv', 'pro:sub', 'v']",CLI,EI
32721,1,14580722,19346,54.00110885233783,"['one', 'more']","['det:num', 'pro:indef']",CHI,CN
32721,1,14580727,19346,54.00110885233783,"['one', 'more']","['det:num', 'pro:indef']",CLI,CN
32721,1,14580739,19346,54.00110885233783,"['he', 'works', 'too']","['pro:sub', 'v', 'adv']",CLI,ST
32721,1,14580745,19346,54.00110885233783,['yep'],['co'],CLI,MK
32721,1,14580752,19346,54.00110885233783,"['there', 'take', 'her', 'away', 'all', 'the', 'way']","['adv', 'v', 'pro:obj', 'adv', 'qn', 'det:art', 'n']",CLI,RP
32721,1,14580760,19346,54.00110885233783,"['xxx', 'gonna', 'be', 'xxx']","['', 'part', 'cop', '']",CHI,DP
32721,1,14580769,19346,54.00110885233783,['yeah'],['co'],CLI,YD
32721,1,14580777,19346,54.00110885233783,"['you', 'left', 'him', 'there', 'uh', 'oh']","['pro:per', 'v', 'pro:obj', 'adv', '', '']",CLI,ST
32721,1,14580803,19346,54.00110885233783,['what'],['pro:int'],CHI,QN
32721,1,14580813,19346,54.00110885233783,"['I', 'think', ""something's"", 'hiding', 'in', 'the', 'barn']","['pro:sub', 'v', 'pro:indef', 'part', 'prep', 'det:art', 'n']",CLI,SA
32721,1,14580824,19346,54.00110885233783,['uh'],[''],CHI,YY
32721,1,14580858,19346,54.00110885233783,"['he', 'was', 'trying', 'to', 'get', 'away']","['pro:sub', 'aux', 'part', 'inf', 'v', 'adv']",CLI,ST
32721,1,14580864,19346,54.00110885233783,"['oh', 'he', ""didn't"", 'wanna', 'leave']","['co', 'pro:sub', 'mod', 'v', 'v']",CLI,ST
32721,1,14580870,19346,54.00110885233783,"['who', 'did']","['pro:int', 'mod']",CHI,QN
32721,1,14580875,19346,54.00110885233783,"['the', 'cow', ""didn't"", 'wanna', 'leave']","['det:art', 'n', 'mod', 'v', 'v']",CLI,RQ
32721,1,14580880,19346,54.00110885233783,"['look_it', ""he's"", 'funny', 'looking']","['co', 'pro:sub', 'adj', 'part']",CLI,RP
32721,1,14580891,19346,54.00110885233783,"['may', 'this', 'one', 'that', 'one']","['mod', 'det:dem', 'det:num', 'adv', 'pro:indef']",CHI,ST
32721,1,14580902,19346,54.00110885233783,"[""he's"", 'white', 'and', 'black']","['pro:sub', 'adj', 'coord', 'n']",CHI,ST
32721,1,14580907,19346,54.00110885233783,"['yeah', 'white', 'and', 'black']","['co', 'n', 'coord', 'n']",CLI,AP
32721,1,14580920,19346,54.00110885233783,"['out_of', 'the', 'way']","['prep', 'det:art', 'n']",CLI,RP
32721,1,14580926,19346,54.00110885233783,"['get', 'them', 'out']","['v', 'pro:obj', 'adv']",CLI,RP
32721,1,14580932,19346,54.00110885233783,"['put', 'him', 'on', 'the', 'pile']","['v', 'pro:obj', 'prep', 'det:art', 'n']",CLI,RP
32721,1,14580939,19346,54.00110885233783,"['there', 'he', 'goes']","['adv', 'pro:sub', 'v']",CLI,ST
32721,1,14580944,19346,54.00110885233783,"['there', 'he', 'comes', 'back', 'he', 'says']","['adv', 'pro:sub', 'v', 'adj', 'pro:sub', 'v']",CLI,ST
32721,1,14580950,19346,54.00110885233783,"['give', 'me', 'another', 'load']","['v', 'pro:obj', 'qn', 'n']",CLI,RP
32721,1,14580956,19346,54.00110885233783,"[""he's"", 'gonna', 'get', 'out', 'and', 'watch']","['pro:sub', 'part', 'v', 'adv', 'coord', 'n']",CLI,RP
32721,1,14580960,19346,54.00110885233783,"['hurry', 'up', 'and', 'put', 'those', 'animals', 'in', 'my', 'truck', 'he', 'says']","['v', 'adv', 'coord', 'v', 'det:dem', 'n', 'prep', 'det:poss', 'n', 'pro:sub', 'v']",CLI,ST
32721,1,14580965,19346,54.00110885233783,['psshh'],[''],CHI,YY
32721,1,14580970,19346,54.00110885233783,"['oh', 'oh', 'he', 'tripped', 'and', 'hit', 'the', 'leave']","['', '', 'pro:sub', 'v', 'coord', 'v', 'det:art', 'v']",CLI,ST
32721,1,14580975,19346,54.00110885233783,"['now', 'see', 'now', ""he's"", 'laughing']","['adv', 'v', 'adv', 'pro:sub', 'part']",CLI,RP
32721,1,14580981,19346,54.00110885233783,"['look', 'at', 'him', 'laugh']","['v', 'prep', 'pro:obj', 'n']",CLI,RP
32721,1,14580986,19346,54.00110885233783,"['yup', 'because', 'he', 'wants', 'to', 'haul']","['co', 'conj', 'pro:sub', 'v', 'prep', 'n']",CHI,ST
32721,1,14580991,19346,54.00110885233783,"['yep', 'because', 'he', 'xxx', 'fall']","['co', 'conj', 'pro:sub', '', 'v']",CHI,ST
32721,1,14580994,19346,54.00110885233783,"['that', 'too', 'big']","['pro:dem', 'adv', 'adj']",CHI,ST
32721,1,14580998,19346,54.00110885233783,"['oh', 'you', 'think', 'that', 'might', 'fit', 'in', 'there']","['co', 'pro:per', 'v', 'adv', 'mod', 'v', 'prep', 'n']",CLI,QN
32721,1,14581003,19346,54.00110885233783,"['I', ""don't"", 'know']","['pro:sub', 'mod', 'v']",CLI,SA
32721,1,14581013,19346,54.00110885233783,"[""that's"", 'a', 'pretty', 'big', 'load']","['pro:dem', 'det:art', 'adj', 'adj', 'n']",CLI,ST
32721,1,14581020,19346,54.00110885233783,"['oh', 'now', 'you', 'gotta', 'big', 'pile', 'over', 'there']","['co', 'adv', 'pro:per', 'mod', 'adj', 'n', 'prep', 'n']",CLI,ST
32721,1,14581025,19346,54.00110885233783,"['here', 'he', 'comes']","['adv', 'pro:sub', 'v']",CLI,SS
32721,1,14581028,19346,54.00110885233783,"['now', ""he's"", 'gonna', 'have', 'a', 'big', 'load']","['adv', 'pro:sub', 'part', 'v', 'det:art', 'adj', 'n']",CLI,RP
32721,1,14581036,19346,54.00110885233783,"['oh', ""that's"", 'a', 'tough', 'one', 'there']","['co', 'pro:dem', 'det:art', 'adj', 'pro:indef', 'adv']",CLI,AB
32721,1,14581042,19346,54.00110885233783,"[""let's"", 'see', 'it', 'goes', 'like', 'this']","['v', 'v', 'pro:per', 'v', 'prep', 'pro:dem']",CLI,RP
32721,1,14581048,19346,54.00110885233783,"[""how's"", 'that']","['pro:int', 'pro:dem']",CLI,QN
32721,1,14581053,19346,54.00110885233783,"['xxx', 'that', 'one', 'might', 'dump']","['', 'det:dem', 'pro:indef', 'mod', 'v']",CHI,SA
32721,1,14581058,19346,54.00110885233783,"['oh', ""that's"", 'gonna', 'be', 'a', 'hard', 'one', 'for', 'him', 'to', 'get', 'over', 'there', 'though']","['', 'pro:dem', 'part', 'cop', 'det:art', 'adj', 'pro:indef', 'prep', 'pro:obj', 'inf', 'v', 'prep', 'n', 'adv']",CLI,ST
32721,1,14581066,19346,54.00110885233783,"['there', 'he', 'goes']","['adv', 'pro:sub', 'v']",CLI,ST
32721,1,14581072,19346,54.00110885233783,"['uh', 'oh', 'oh']","['', '', '']",CLI,MK
32721,1,14581077,19346,54.00110885233783,"['I', 'think', 'he']","['pro:sub', 'v', 'pro:sub']",CLI,ST
32721,1,14581082,19346,54.00110885233783,"['that', 'was', 'really', 'noisy']","['pro:dem', 'cop', 'adv', 'adj']",CHI,ST
32721,1,14581087,19346,54.00110885233783,"['yeah', 'now', 'what']","['co', 'adv', 'pro:int']",CLI,AC
32721,1,14581092,19346,54.00110885233783,"['gotta', 'haul', 'them', 'back', 'again', 'I', 'suppose']","['mod', 'v', 'pro:obj', 'adv', 'adv', 'pro:sub', 'v']",CLI,RP
32721,1,14581098,19346,54.00110885233783,['yeah'],['co'],CHI,AD
32721,1,14581103,19346,54.00110885233783,"['I', 'better', 'carry', 'this', 'back']","['pro:sub', 'adv', 'v', 'det:dem', 'adv']",CHI,ST
32721,1,14581108,19346,54.00110885233783,['yep'],['co'],CLI,AP
32721,1,14581113,19346,54.00110885233783,"['there', 'he', 'is']","['adv', 'pro:sub', 'cop']",CLI,ST
32721,1,14581118,19346,54.00110885233783,"['now', ""they're"", 'waiting', 'to', 'get', 'back', 'home', 'again']","['adv', 'pro:sub', 'part', 'inf', 'v', 'adv', 'adv', 'adv']",CLI,ST
32721,1,14581121,19346,54.00110885233783,['oh'],[''],CLI,MK
32721,1,14581123,19346,54.00110885233783,"['I', 'know', ""what's"", 'missing']","['pro:sub', 'v', 'pro:int', 'part']",CLI,QN
32721,1,14581127,19346,54.00110885233783,['red'],['adj'],CHI,SA
32721,1,14581130,19346,54.00110885233783,['yeah'],['co'],CLI,AP
32721,1,14581132,19346,54.00110885233783,"['that', 'one', 'that', 'there']","['det:dem', 'det:num', 'adv', 'adv']",CLI,RP
32721,1,14581136,19346,54.00110885233783,"['there', 'you', 'go']","['adv', 'pro:per', 'v']",CLI,MK
32721,1,14581137,19346,54.00110885233783,"['blue', 'they', 'all', 'gonna', 'fit']","['adj', 'pro:sub', 'post', 'part', 'v']",CLI,ST
32721,1,14581141,19346,54.00110885233783,"['one', 'more']","['det:num', 'pro:indef']",CHI,ST
32721,1,14581145,19346,54.00110885233783,['yeah'],['co'],CLI,AP
32721,1,14581146,19346,54.00110885233783,"['now', 'what', 'are', 'you', 'gonna', 'do']","['adv', 'pro:int', 'aux', 'pro:per', 'part', 'v']",CLI,QN
32721,1,14581150,19346,54.00110885233783,"['there', 'now', 'you', 'got', 'trouble', 'there', 'there']","['adv', 'adv', 'pro:per', 'v', 'n', '', 'adv']",CLI,MK
32721,1,14581153,19346,54.00110885233783,"['gonna', 'hafta', 'go']","['part', 'mod', 'v']",CLI,RP
32721,1,14581158,19346,54.00110885233783,['oh'],['co'],CHI,YY
32721,1,14581161,19346,54.00110885233783,"['couple', 'more', 'left']","['n', 'adv', 'v']",CLI,RP
32721,1,14581166,19346,54.00110885233783,"['I', 'got', 'two', 'more']","['pro:sub', 'v', 'det:num', 'adv']",CHI,ST
32721,1,14581173,19346,54.00110885233783,"['yeah', 'two', 'more']","['co', 'det:num', 'adv']",CLI,AP
32721,1,14581177,19346,54.00110885233783,['xxx'],[''],CHI,YY
32721,1,14581184,19346,54.00110885233783,"['now', 'you', 'gotta', 'put', 'the', 'cover', 'on']","['adv', 'pro:per', 'mod', 'v', 'det:art', 'n', 'adv']",CLI,RP
32721,1,14581191,19346,54.00110885233783,"['put', 'them', 'in', 'there']","['v', 'pro:obj', 'prep', 'n']",CHI,RP
32721,1,14581199,19346,54.00110885233783,"['oh', 'you', 'gotta', 'haul', 'them', 'back']","['co', 'pro:per', 'mod', 'v', 'pro:obj', 'adv']",CLI,RP
32721,1,14581211,19346,54.00110885233783,['there'],['adv'],CLI,MK
32721,1,14581215,19346,54.00110885233783,"['gotta', 'put', 'them', 'in', 'there']","['mod', 'v', 'pro:obj', 'prep', 'n']",CHI,RP
32721,1,14581222,19346,54.00110885233783,"['now', 'you', 'gotta', 'haul', 'them', 'back']","['adv', 'pro:per', 'mod', 'v', 'pro:obj', 'adv']",CHI,RP
32721,1,14581230,19346,54.00110885233783,"['yup', 'gotta', 'get', 'them', 'back']","['co', 'mod', 'v', 'pro:obj', 'adv']",CLI,AD
32721,1,14581239,19346,54.00110885233783,"['here', 'comes', 'the', 'driver']","['adv', 'v', 'det:art', 'n']",CLI,SS
32721,1,14581248,19346,54.00110885233783,"['oh', 'get', 'them', 'out_of', 'the', 'way']","['co', 'v', 'pro:obj', 'prep', 'det:art', 'n']",CLI,RP
32721,1,14581258,19346,54.00110885233783,"['oh', 'there', 'they', 'go']","['co', 'adv', 'pro:sub', 'v']",CLI,MK
32721,1,14581270,19346,54.00110885233783,"['I', 'know', 'what', 'we', 'should', 'do']","['pro:sub', 'v', 'pro:int', 'pro:sub', 'mod', 'v']",CLI,ST
32721,1,14581281,19346,54.00110885233783,['what'],['pro:int'],CHI,AC
32721,1,14581291,19346,54.00110885233783,"['we', 'gotta', 'haul', 'the', 'animals', 'over', 'for', 'uncle', 'Fred']","['pro:sub', 'mod', 'v', 'det:art', 'n', 'adv', 'prep', 'n', 'n:prop']",CLI,TX
32721,1,14581305,19346,54.00110885233783,"['haul', 'them', 'up', 'to', 'the', 'table']","['v', 'pro:obj', 'adv', 'prep', 'det:art', 'n']",CLI,TX
32721,1,14581316,19346,54.00110885233783,"['uncle', 'Fred', 'needs', 'to', 'have', 'the', 'animals', 'up', 'there']","['n', 'n:prop', 'v', 'inf', 'v', 'det:art', 'n', 'prep', 'n']",CLI,TX
32721,1,14581325,19346,54.00110885233783,"['put', 'in', 'the', 'shed']","['v', 'prep', 'det:art', 'n']",CLI,RP
32721,1,14581336,19346,54.00110885233783,['no'],['co'],CHI,RD
32721,1,14581343,19346,54.00110885233783,"['put', 'in', 'the', 'garage']","['v', 'prep', 'det:art', 'n']",CLI,RP
32721,1,14581355,19346,54.00110885233783,"['put', 'in', 'xxx']","['v', 'adv', '']",CHI,RT
32721,1,14581363,19346,54.00110885233783,"['yeah', 'here']","['co', 'adv']",CLI,AP
32721,1,14581373,19346,54.00110885233783,"[""I'll"", 'throw', 'him', 'in', 'the', 'barn']","['pro:sub', 'v', 'pro:obj', 'prep', 'det:art', 'n']",CLI,RP
32721,1,14581384,19346,54.00110885233783,"[""he's"", 'gotta', 'get', 'out_of', 'here']","['pro:sub', 'mod', 'v', 'prep', 'n']",CLI,RP
32721,1,14581395,19346,54.00110885233783,"[""he's"", 'gotta', 'go', 'up', 'in', 'the', 'hay', 'barn']","['pro:sub', 'mod', 'v', 'adv', 'prep', 'det:art', 'n', 'n']",CLI,RP
32721,1,14581407,19346,54.00110885233783,"['we', 'got', 'a', 'different', 'one', ""it's"", 'this', 'one']","['pro:sub', 'v', 'det:art', 'adj', 'pro:indef', 'pro:per', 'det:dem', 'pro:indef']",CHI,ST
32721,1,14581419,19346,54.00110885233783,"['okay', ""let's"", 'haul', 'them', 'over', 'up', 'here', 'for', 'uncle', 'Fred']","['co', 'v', 'v', 'pro:obj', 'adv', 'adv', 'adv', 'prep', 'n', 'n:prop']",CLI,RP
32722,1,14579089,19346,54.00110885233783,"['he', 'fits', 'just', 'barely', 'though']","['pro:sub', 'v', 'adv', 'adv', 'adv']",CLI,PD
32722,1,14579094,19346,54.00110885233783,"[""it's"", 'gonna', 'get', 'full', 'yeah']","['pro:per', 'part', 'v', 'adj', 'co']",CLI,PD
32722,1,14579099,19346,54.00110885233783,"['gonna', 'get', 'full']","['part', 'v', 'adj']",CHI,SI
32722,1,14579104,19346,54.00110885233783,"['animals', 'gonna', 'eat', 'dog', 'up']","['n', 'part', 'v', 'v', 'adv']",CHI,SI
32722,1,14579109,19346,54.00110885233783,"['gonna', 'eat', 'the', 'dog']","['part', 'v', 'det:art', 'n']",CLI,SI
32722,1,14579114,19346,54.00110885233783,"['can', 'dog', 'a', 'doggie']","['mod', 'v', 'det:art', 'n']",CHI,ST
32722,1,14579118,19346,54.00110885233783,"['what', 'about', 'the', 'man']","['pro:int', 'adv', 'det:art', 'n']",CLI,QN
32722,1,14579124,19346,54.00110885233783,"['he', 'gonna', 'climb', 'up', 'the', 'fence']","['pro:sub', 'part', 'v', 'adv', 'det:art', 'n']",CHI,SA
32722,1,14579131,19346,54.00110885233783,"['is', 'there', 'a', 'ladder', 'over', 'there']","['cop', 'adv', 'det:art', 'n', 'prep', 'n']",CLI,SA
32722,1,14579137,19346,54.00110885233783,"['yep', ""he's"", 'standing', 'on', 'top']","['co', 'pro:sub', 'part', 'prep', 'n']",CLI,ST
32722,1,14579145,19346,54.00110885233783,"['he', 'fell', 'in', 'with', 'the', 'animals']","['pro:sub', 'v', 'adv', 'prep', 'det:art', 'n']",CLI,ST
32722,1,14579153,19346,54.00110885233783,['yep'],['co'],CHI,YY
32722,1,14579160,19346,54.00110885233783,['puzzles'],['n'],CLI,YY
32722,1,14579166,19346,54.00110885233783,"['look', 'at', 'all', 'the', 'vegetables']","['v', 'prep', 'qn', 'det:art', 'n']",CLI,RP
32722,1,14579174,19346,54.00110885233783,"['oh', 'that', ""doesn't"", 'taste', 'very', 'good', 'does', 'it']","['co', 'pro:dem', 'mod', 'v', 'adv', 'adj', 'mod', 'pro:per']",CLI,PM
32722,1,14579184,19346,54.00110885233783,"['he', ""ain't"", 'gonna', 'get', 'one']","['pro:sub', 'aux', 'part', 'v', 'pro:indef']",CHI,SI
32722,1,14579191,19346,54.00110885233783,"[""there's"", 'a']","['pro:exist', 'det:art']",CLI,AC
32722,1,14579199,19346,54.00110885233783,"['apple', 'celery']","['n', 'n']",CHI,ST
32722,1,14579204,19346,54.00110885233783,"['boy', ""he's"", 'stuck', 'in', 'there']","['co', 'pro:sub', 'part', 'prep', 'n']",CLI,ST
32722,1,14579211,19346,54.00110885233783,"['oh', ""that's"", 'kind', 'of', 'tough', ""isn't"", 'it']","['co', 'pro:dem', 'adj', 'prep', 'adj', 'cop', 'pro:per']",CLI,ST
32722,1,14579219,19346,54.00110885233783,"['and', 'a']","['coord', 'det:art']",CLI,EC
32722,1,14579226,19346,54.00110885233783,"['a', 'peanut']","['det:art', 'n']",CHI,SC
32722,1,14579231,19346,54.00110885233783,"['peanut', 'potato']","['n', 'n']",CLI,AP
32722,1,14579238,19346,54.00110885233783,"['he', ""can't"", 'eat', 'these']","['pro:sub', 'mod', 'v', 'det:dem']",CHI,ST
32722,1,14579244,19346,54.00110885233783,"['gotta', 'get', 'them', 'in', 'the', 'right', ""spot's"", 'now']","['mod', 'v', 'pro:obj', 'prep', 'det:art', 'adj', 'n', 'adv']",CLI,RP
32722,1,14579250,19346,54.00110885233783,"[""that's"", 'a', 'pretty', 'hard', 'job']","['pro:dem', 'det:art', 'adj', 'adj', 'n']",CLI,ST
32722,1,14579257,19346,54.00110885233783,"[""that's"", 'pretty', 'easy', 'for', 'you']","['pro:dem', 'adv', 'adj', 'prep', 'pro:per']",CLI,ST
32722,1,14579264,19346,54.00110885233783,"['you', ""can't"", 'eat']","['pro:per', 'mod', 'v']",CHI,AP
32722,1,14579272,19346,54.00110885233783,"['you', ""can't"", 'eat', 'how', 'come']","['pro:per', 'mod', 'v', 'pro:rel', 'v']",CLI,AP
32722,1,14579278,19346,54.00110885233783,"['because', 'some', 'people', 'do']","['conj', 'qn', 'n', 'v']",CHI,SA
32722,1,14579284,19346,54.00110885233783,"['some', 'people', 'eat', 'that', 'part']","['qn', 'n', 'v', 'adv', 'n']",CLI,AP
32722,1,14579292,19346,54.00110885233783,"['me', ""don't"", 'though']","['pro:obj', 'mod', 'adv']",CHI,RP
32722,1,14579298,19346,54.00110885233783,"['I', ""don't"", 'either']","['pro:sub', 'mod', 'adv']",CLI,YQ
32722,1,14579304,19346,54.00110885233783,"['I', ""don't"", 'like', 'that', 'part']","['pro:sub', 'mod', 'v', 'adv', 'n']",CLI,ST
32722,1,14579310,19346,54.00110885233783,"['that', ""one's"", 'done', 'now', 'this', 'one']","['comp', 'adj', 'part', 'adv', 'pro:dem', 'pro:indef']",CHI,ST
32722,1,14579317,19346,54.00110885233783,"['how', 'about', 'this', 'one']","['pro:int', 'prep', 'det:dem', 'pro:indef']",CLI,QN
32722,1,14579323,19346,54.00110885233783,['animals'],['n'],CHI,SA
32722,1,14579329,19346,54.00110885233783,['animals'],['n'],CLI,CT
32722,1,14579336,19346,54.00110885233783,"['on', 'that', 'must', 'taste', 'rotten']","['prep', 'pro:dem', 'mod', 'v', 'adj']",CLI,ST
32722,1,14579342,19346,54.00110885233783,"['hey', 'maybe', ""we're"", 'sitting', 'in', 'there', 'all', 'night']","['co', 'adv', 'pro:sub', 'part', 'prep', 'n', 'qn', 'n']",CHI,ST
32722,1,14579348,19346,54.00110885233783,"['maybe', 'the', 'pig', 'got', 'dirty', 'in', 'the', 'mud']","['adv', 'det:art', 'n', 'v', 'v', 'prep', 'det:art', 'n']",CLI,ST
32722,1,14579354,19346,54.00110885233783,"['maybe', 'playing', 'in', 'the', 'mud', 'all', 'night']","['adv', 'part', 'prep', 'det:art', 'n', 'qn', 'n']",CLI,ST
32722,1,14579359,19346,54.00110885233783,"['I', 'better', 'not', 'eat', 'him', 'because', ""he's"", 'been', 'nice']","['pro:sub', 'adv', 'neg', 'v', 'pro:obj', 'conj', 'pro:sub', 'cop', 'adj']",CHI,ST
32722,1,14579365,19346,54.00110885233783,"['yeah', ""he's"", 'nice']","['co', 'pro:sub', 'adj']",CLI,AP
32722,1,14579371,19346,54.00110885233783,"[""he's"", 'not', 'I', 'better', 'eat', 'him', 'up']","['pro:sub', 'neg', 'pro:sub', 'adv', 'v', 'pro:obj', 'adv']",CHI,ST
32722,1,14579377,19346,54.00110885233783,"[""you're"", 'gonna', 'eat', 'him', 'up', 'how', 'come']","['pro:per', 'part', 'v', 'pro:obj', 'adv', 'pro:rel', 'v']",CLI,AP
32722,1,14579384,19346,54.00110885233783,['because'],['conj'],CHI,YY
32722,1,14579392,19346,54.00110885233783,"[""he's"", 'not', 'nice']","['pro:sub', 'neg', 'adj']",CLI,ST
32722,1,14579397,19346,54.00110885233783,"['a', 'nice', 'cow']","['det:art', 'adj', 'n']",CLI,ST
32722,1,14579405,19346,54.00110885233783,"[""he's"", 'gonna', 'watch']","['pro:sub', 'part', 'v']",CLI,RP
32722,1,14579410,19346,54.00110885233783,"[""here's"", 'a', 'truck', 'driver', ""he's"", 'gonna', 'watch']","['pro:exist', 'det:art', 'n', 'n', 'pro:sub', 'part', 'v']",CLI,ST
32722,1,14579417,19346,54.00110885233783,"[""he's"", 'gonna', 'stand', 'on', 'top', 'of', 'the', 'silo']","['pro:sub', 'part', 'v', 'prep', 'n', 'prep', 'det:art', 'n']",CLI,ST
32722,1,14579425,19346,54.00110885233783,"['oh', 'I', 'think', 'he', 'might', 'fall', 'out', ""he's"", 'getting', 'dizzy']","['co', 'pro:sub', 'v', 'pro:sub', 'mod', 'v', 'adv', 'pro:sub', 'part', 'adj']",CLI,ST
32722,1,14579431,19346,54.00110885233783,"['oh', 'he', 'fell', 'right', 'on', 'his', 'head']","['co', 'pro:sub', 'v', 'adv', 'prep', 'det:poss', 'n']",CLI,ST
32722,1,14579436,19346,54.00110885233783,"['he', 'gotta', 'bump', 'on', 'his', 'head']","['pro:sub', 'mod', 'v', 'prep', 'det:poss', 'n']",CLI,ST
32722,1,14579441,19346,54.00110885233783,"[""he's"", 'sleeping', 'next', 'to', 'this', 'other', 'guy']","['pro:sub', 'part', 'adv', 'prep', 'det:dem', 'qn', 'n']",CLI,ST
32722,1,14579445,19346,54.00110885233783,"['he', 'says', 'get', 'up']","['pro:sub', 'v', 'v', 'adv']",CLI,RP
32722,1,14579449,19346,54.00110885233783,"['gonna', 'chase', 'him', 'up', 'the', 'silo']","['part', 'v', 'pro:obj', 'adv', 'det:art', 'n']",CLI,ST
32722,1,14579454,19346,54.00110885233783,"['he', 'fell', 'in', 'too']","['pro:sub', 'v', 'prep', 'adv']",CLI,ST
32722,1,14579457,19346,54.00110885233783,"[""he's"", 'got', 'a', 'hard', 'hat', 'on', 'though']","['pro:sub', 'part', 'det:art', 'adj', 'n', 'adv', 'adv']",CLI,ST
32722,1,14579461,19346,54.00110885233783,"['there', ""he's"", 'dancing', 'on', 'the', 'silo']","['adv', 'pro:sub', 'part', 'prep', 'det:art', 'n']",CLI,ST
32722,1,14579465,19346,54.00110885233783,"[""he's"", 'going', 'to', 'walk']","['pro:sub', 'part', 'inf', 'v']",CLI,ST
32722,1,14579469,19346,54.00110885233783,"['all', 'away', 'around', 'it']","['post', 'adv', 'prep', 'pro:per']",CLI,ST
32722,1,14579473,19346,54.00110885233783,"['oh', 'somebody', 'save', 'me']","['co', 'pro:indef', 'v', 'pro:obj']",CLI,ST
32722,1,14579478,19346,54.00110885233783,"[""here's"", 'the', 'truck', 'driver']","['pro:exist', 'det:art', 'n', 'n']",CLI,ST
32722,1,14579482,19346,54.00110885233783,"[""what's"", 'he', 'gonna', 'do']","['pro:int', 'pro:sub', 'part', 'v']",CLI,QN
32722,1,14579485,19346,54.00110885233783,"[""he's"", 'gonna', 'have', 'the', 'animals']","['pro:sub', 'part', 'v', 'det:art', 'n']",CLI,SA
32722,1,14579489,19346,54.00110885233783,"['there', 'goes', 'the', 'pig']","['adv', 'v', 'det:art', 'n']",CLI,ST
32722,1,14579493,19346,54.00110885233783,"[""he's"", 'laying', 'down', 'in', 'the', 'back', 'of', 'the', 'truck']","['pro:sub', 'part', 'adv', 'prep', 'det:art', 'n', 'prep', 'det:art', 'n']",CLI,ST
32722,1,14579497,19346,54.00110885233783,"['all', 'the', 'animals', 'there', 'they', 'go']","['qn', 'det:art', 'n', 'adv', 'pro:sub', 'v']",CLI,ST
32722,1,14579502,19346,54.00110885233783,"['here', 'are', 'animals', 'too']","['adv', 'cop', 'n', 'post']",CHI,ST
32722,1,14579506,19346,54.00110885233783,"[""he's"", 'a', 'stubborn', 'one']","['pro:sub', 'det:art', 'adj', 'pro:indef']",CLI,ST
32722,1,14579510,19346,54.00110885233783,"['oh', 'got', 'them']","['co', 'v', 'pro:obj']",CLI,MK
32722,1,14579514,19346,54.00110885233783,"[""he's"", 'a', 'mean', 'cow']","['pro:sub', 'det:art', 'adj', 'n']",CLI,ST
32722,1,14579518,19346,54.00110885233783,"[""there's"", 'the', 'red', 'chicken']","['pro:exist', 'det:art', 'n', 'n']",CLI,ST
32722,1,14579523,19346,54.00110885233783,"['I', 'have', 'that']","['pro:sub', 'v', 'pro:dem']",CHI,ST
32722,1,14579527,19346,54.00110885233783,"['can', 'you', 'hear', 'it']","['mod', 'pro:per', 'v', 'pro:per']",CHI,ST
32722,1,14579530,19346,54.00110885233783,"['yeah', 'way', 'over', 'here']","['co', 'adv', 'prep', 'n']",CLI,AP
32722,1,14579534,19346,54.00110885233783,"['duck', 'says']","['n', 'v']",CLI,ST
32722,1,14579538,19346,54.00110885233783,['quack'],['n'],CHI,DW
32722,1,14579539,19346,54.00110885233783,"['quack', 'quack']","['n', 'n']",CLI,CT
32722,1,14579540,19346,54.00110885233783,"['I', ""don't"", 'know', 'what', 'does', 'horsie', 'say']","['pro:sub', 'mod', 'v', 'pro:int', 'mod', 'n', 'co']",CHI,EA
32722,1,14579544,19346,54.00110885233783,"['oh', ""that's"", 'a', 'hard', 'one']","['co', 'pro:dem', 'det:art', 'adj', 'pro:indef']",CLI,ST
32722,1,14579548,19346,54.00110885233783,"['horsie', 'says', 'neigh']","['n', 'v', 'v']",CLI,ST
32722,1,14579552,19346,54.00110885233783,"['they', ""don't"", 'say', 'that']","['pro:sub', 'mod', 'v', 'comp']",CLI,EI
32723,1,14578691,19346,54.00110885233783,"['what', 'is', 'that']","['pro:int', 'cop', 'pro:dem']",CLI,QN
32723,1,14578699,19346,54.00110885233783,"['no', 'but', 'do', 'you', 'think', 'that', 'does']","['co', 'conj', 'v', 'pro:per', 'v', 'adv', 'v']",CLI,QN
32723,1,14578706,19346,54.00110885233783,"['look', 'at', 'that']","['v', 'prep', 'pro:dem']",CLI,RP
32723,1,14578712,19346,54.00110885233783,['hopping'],['part'],CHI,YY
32723,1,14578721,19346,54.00110885233783,['hop'],['n'],CHI,YY
32723,1,14578726,19346,54.00110885233783,"[""he's"", 'really', 'going', ""isn't"", 'he']","['pro:sub', 'adv', 'part', 'cop', 'pro:sub']",CLI,ST
32723,1,14578730,19346,54.00110885233783,['yeah'],['co'],CHI,AA
32723,1,14578737,19346,54.00110885233783,"[""here's"", 'what', 'do']","['pro:exist', 'pro:int', 'v']",CHI,QN
32723,1,14578744,19346,54.00110885233783,"['first', 'I', 'gonna', 'do', 'this', 'one']","['adv', 'pro:sub', 'part', 'v', 'det:dem', 'pro:indef']",CHI,SA
32723,1,14578754,19346,54.00110885233783,"['no', 'but', 'are', 'gonna', 'do']","['co', 'conj', 'aux', 'part', 'v']",CLI,DW
32723,1,14578757,19346,54.00110885233783,"['this', 'is', 'my', 'coloring', 'book']","['pro:dem', 'cop', 'co', 'part', 'n']",CHI,ST
32723,1,14578763,19346,54.00110885233783,"['this', 'one', 'look', 'at']","['pro:dem', 'pro:indef', 'v', 'prep']",CHI,RP
32723,1,14578769,19346,54.00110885233783,"['superman', 'nobody', 'colored', 'on', 'that', 'page', 'yet']","['n', 'pro:indef', 'v', 'prep', 'det:dem', 'n', 'adv']",CLI,RP
32723,1,14578776,19346,54.00110885233783,"['I', 'gonna', 'finish', 'on', 'that', 'other', 'page']","['pro:sub', 'part', 'v', 'prep', 'det:dem', 'qn', 'n']",CHI,SI
32723,1,14578782,19346,54.00110885233783,"['what', 'page']","['pro:int', 'n']",CLI,QN
32723,1,14578788,19346,54.00110885233783,"['what', 'other', 'page', 'is', 'that']","['pro:int', 'qn', 'n', 'cop', 'pro:dem']",CLI,QN
32723,1,14578794,19346,54.00110885233783,"['oh', 'looks', 'like', 'you', 'already', 'did', 'some', 'on', 'that']","['co', 'v', 'prep', 'pro:per', 'adv', 'v', 'pro:indef', 'prep', 'pro:dem']",CLI,ST
32723,1,14578800,19346,54.00110885233783,"['somebody', 'started', 'on', 'that', 'one']","['pro:indef', 'v', 'prep', 'det:dem', 'pro:indef']",CLI,ST
32723,1,14578807,19346,54.00110885233783,"['show', 'ya', 'what', 'I', 'gonna', 'do']","['v', 'pro:per', 'pro:int', 'pro:sub', 'part', 'v']",CHI,QN
32723,1,14578812,19346,54.00110885233783,"['oh', ""it's"", 'on', 'that', 'side']","['co', 'pro:per', 'prep', 'det:dem', 'n']",CLI,SA
32723,1,14578815,19346,54.00110885233783,"['boy', 'you', 'got', 'a_lot_of', 'pictures', 'in', 'there']","['co', 'pro:per', 'part', 'qn', 'n', 'prep', 'n']",CLI,ST
32723,1,14578818,19346,54.00110885233783,"['some', 'are', 'this', 'one', 'some', 'are', 'that']","['pro:indef', 'cop', 'det:dem', 'pro:indef', 'pro:indef', 'cop', 'pro:dem']",CHI,ST
32723,1,14578822,19346,54.00110885233783,"['oh', ""that's"", 'a', 'pretty', 'one', 'there']","['co', 'pro:dem', 'det:art', 'adj', 'pro:indef', 'adv']",CLI,ST
32723,1,14578824,19346,54.00110885233783,"['did', 'you', 'color', 'that', 'one']","['mod', 'pro:per', 'v', 'det:dem', 'pro:indef']",CLI,YQ
32723,1,14578826,19346,54.00110885233783,['yep'],['co'],CHI,AA
32723,1,14578828,19346,54.00110885233783,"['I', 'do', 'gonna', 'finish', 'this', 'one']","['pro:sub', 'v', 'part', 'v', 'det:dem', 'pro:indef']",CHI,SI
32723,1,14578830,19346,54.00110885233783,['yeah'],['co'],CLI,AC
32723,1,14578832,19346,54.00110885233783,"['you', 'better', 'finish', 'that', 'one']","['pro:per', 'adj', 'v', 'det:dem', 'pro:indef']",CLI,ST
32723,1,14578834,19346,54.00110885233783,"['I', 'had', 'a', 'good', 'one']","['pro:sub', 'v', 'det:art', 'adj', 'pro:indef']",CLI,ST
32723,1,14578836,19346,54.00110885233783,['yeah'],['co'],CHI,AC
32723,1,14578838,19346,54.00110885233783,"['right', 'after', 'finish', 'that', 'me', 'I', 'do', 'all', 'these']","['co', 'prep', 'v', 'comp', 'pro:obj', 'pro:sub', 'v', 'adv', 'det:dem']",CHI,RP
32723,1,14578841,19346,54.00110885233783,['yeah'],['co'],CLI,AD
32723,1,14578844,19346,54.00110885233783,"['well', 'you', 'do', 'that', 'one', 'and', 'I', 'can', 'look', 'at', 'this', 'one']","['co', 'pro:per', 'v', 'det:dem', 'pro:indef', 'coord', 'pro:sub', 'mod', 'v', 'prep', 'det:dem', 'pro:indef']",CLI,RP
32723,1,14578846,19346,54.00110885233783,"['can', 'I', 'look', 'at', 'this', 'one']","['mod', 'pro:sub', 'v', 'prep', 'det:dem', 'pro:indef']",CLI,RP
32723,1,14578849,19346,54.00110885233783,"['sesame', 'street']","['n', 'n']",CHI,ST
32723,1,14578852,19346,54.00110885233783,"[""I'll"", 'look', 'at', 'Scooby_doo']","['pro:sub', 'v', 'prep', 'n:prop']",CLI,RP
32723,1,14578853,19346,54.00110885233783,"[""he's"", 'gonna', 'hop', 'right', 'over', 'to', 'ya']","['pro:sub', 'part', 'n', 'adj', 'adv', 'prep', 'pro:per']",CLI,ST
32723,1,14578856,19346,54.00110885233783,"['think', 'he', 'can', 'do', 'that']","['v', 'pro:sub', 'mod', 'v', 'pro:dem']",CLI,ST
32723,1,14578858,19346,54.00110885233783,"['over', 'this', 'was', 'this', 'way', 'he', 'made', 'it']","['adv', 'pro:dem', 'cop', 'det:dem', 'n', 'pro:sub', 'v', 'pro:per']",CLI,ST
32723,1,14578860,19346,54.00110885233783,"['wet', 'him', 'up', 'on', 'a', 'snow+mobile']","['part', 'pro:obj', 'adv', 'prep', 'det:art', '']",CHI,ST
32723,1,14578861,19346,54.00110885233783,"['yeah', ""let's"", 'get', 'him', 'on', 'the', 'snow+mobile']","['co', 'v', 'v', 'pro:obj', 'prep', 'det:art', '']",CLI,AP
32723,1,14578862,19346,54.00110885233783,"['I', 'here', 'he', 'does']","['pro:sub', 'adv', 'pro:sub', 'v']",CLI,AP
32723,1,14578863,19346,54.00110885233783,"['go', 'bunny', 'yeah']","['v', 'n', 'co']",CLI,AP
32723,1,14578864,19346,54.00110885233783,"['that', 'funny', 'rabbit']","['pro:dem', 'adj', 'n']",CLI,ST
32723,1,14578865,19346,54.00110885233783,"['hop', 'on', 'his', 'he', 'hop', 'on', 'his']","['n', 'prep', 'pro:poss', 'pro:sub', 'v', 'prep', 'pro:poss']",CHI,EC
32723,1,14578866,19346,54.00110885233783,"['I', 'think', 'he', 'can', 'hop', 'in', 'it']","['pro:sub', 'v', 'pro:sub', 'mod', 'v', 'prep', 'pro:per']",CLI,SC
32723,1,14578867,19346,54.00110885233783,"['what', 'should', 'we', 'do']","['pro:int', 'mod', 'pro:sub', 'v']",CLI,QN
32723,1,14578868,19346,54.00110885233783,"['we', 'should', 'use', 'these', 'and', 'put', 'it', 'right', 'on', 'that']","['pro:sub', 'mod', 'v', 'pro:dem', 'coord', 'v', 'pro:per', 'adv', 'prep', 'pro:dem']",CHI,SI
32723,1,14578869,19346,54.00110885233783,"['that', 'was', 'a', 'close', 'one']","['pro:dem', 'cop', 'det:art', 'adj', 'pro:indef']",CLI,SI
32723,1,14578870,19346,54.00110885233783,"['yeah', ""we'll"", 'do', 'that', 'when', 'we', 'start', 'with', 'those', 'words', 'again']","['co', 'pro:sub', 'v', 'pro:dem', 'conj', 'pro:sub', 'v', 'prep', 'det:dem', 'n', 'adv']",CLI,SI
32723,1,14578873,19346,54.00110885233783,"['we', 'can', 'hop', 'it', 'from', 'one', 'number', 'to', 'the', 'next']","['pro:sub', 'mod', 'v', 'pro:per', 'prep', 'det:num', 'n', 'prep', 'det:art', 'adj']",CLI,ST
32723,1,14578876,19346,54.00110885233783,"['yeah', 'and', 'he', 'can', 'hop', 'over', 'all']","['co', 'coord', 'pro:sub', 'mod', 'v', 'adv', 'pro:indef']",CHI,AP
32723,1,14578880,19346,54.00110885233783,"['yeah', 'he', 'can', 'really', 'go', 'then']","['co', 'pro:sub', 'mod', 'adv', 'v', 'adv:tem']",CLI,AP
32723,1,14578885,19346,54.00110885233783,"[""he's"", 'gonna', 'watch', 'you', 'color']","['pro:sub', 'part', 'v', 'pro:per', 'v']",CLI,RP
32723,1,14578888,19346,54.00110885233783,"[""you'd"", 'better', 'tell', 'him', 'what', ""you're"", 'doing']","['pro:per', 'adj', 'v', 'pro:obj', 'pro:int', 'pro:per', 'part']",CLI,ST
32723,1,14578889,19346,54.00110885233783,"['what', ""you're"", 'coloring']","['pro:int', 'pro:per', 'part']",CLI,ST
32723,1,14578890,19346,54.00110885233783,"['look', ""it's"", 'the', 'same', 'color', 'almost']","['co', 'pro:per', 'det:art', 'adj', 'n', 'adv']",CLI,ST
32723,1,14578895,19346,54.00110885233783,"['you', 'better', 'tell', 'him', 'what', ""you're"", 'doing']","['pro:per', 'adj', 'v', 'pro:obj', 'pro:int', 'pro:per', 'part']",CLI,ST
32723,1,14578898,19346,54.00110885233783,"['coloring', 'hoppy']","['part', 'adj']",CHI,SI
32723,1,14578900,19346,54.00110885233783,"['he', ""didn't"", 'hear', 'ya']","['pro:sub', 'mod', 'v', 'pro:per']",CLI,ST
32723,1,14578902,19346,54.00110885233783,"['he', ""can't"", 'hear', 'very', 'good']","['pro:sub', 'mod', 'v', 'adv', 'adj']",CLI,ST
32723,1,14578907,19346,54.00110885233783,"['what', 'are', 'you', 'doing']","['pro:int', 'aux', 'pro:per', 'part']",CLI,QN
32723,1,14578909,19346,54.00110885233783,"['okay', 'you', 'about', 'ready']","['co', 'pro:per', 'adv', 'adj']",CHI,SS
32723,1,14578910,19346,54.00110885233783,"['I', 'ready', 'for', 'him', 'to', 'hop', 'again']","['pro:sub', 'v', 'prep', 'pro:obj', 'inf', 'v', 'adv']",CLI,SS
32723,1,14578913,19346,54.00110885233783,"['see', 'how', 'fast', 'his', 'feet', 'went', 'that', 'time']","['v', 'pro:int', 'n', 'det:poss', 'n', 'v', 'det:dem', 'n']",CLI,RP
32723,1,14578915,19346,54.00110885233783,"['ready', 'hop', 'in', 'dump', 'truck']","['adj', 'n', 'prep', 'n', 'n']",CHI,ST
32723,1,14578916,19346,54.00110885233783,"['hey', 'he', 'wants', 'to', 'drive', 'it']","['co', 'pro:sub', 'v', 'inf', 'v', 'pro:per']",CLI,ST
32723,1,14578922,19346,54.00110885233783,"['yeah', 'and', 'take', 'this', 'man', 'out']","['co', 'coord', 'v', 'det:dem', 'n', 'adv']",CHI,RP
32723,1,14578926,19346,54.00110885233783,"['take', 'the', 'man', 'out']","['v', 'det:art', 'n', 'adv']",CLI,RP
32723,1,14578927,19346,54.00110885233783,"['take', 'the', 'man', 'out']","['v', 'det:art', 'n', 'adv']",CHI,RP
32723,1,14578928,19346,54.00110885233783,"['there', 'good', 'idea']","['adv', 'adj', 'n']",CLI,AB
32723,1,14578929,19346,54.00110885233783,"['in', 'the', 'bunny', 'rabbit', 'goes']","['prep', 'det:art', 'n', 'n', 'v']",CLI,RP
32723,1,14578933,19346,54.00110885233783,"['man', 'can', 'go']","['n', 'n', 'v']",CHI,RP
32723,1,14578936,19346,54.00110885233783,"['there', 'there', 'he', 'goes']","['adv', '', 'pro:sub', 'v']",CLI,ST
32723,1,14578940,19346,54.00110885233783,"['oh', 'he', 'got', 'in', 'an', 'accident']","['co', 'pro:sub', 'v', 'prep', 'det:art', 'n']",CLI,ST
32723,1,14578941,19346,54.00110885233783,"['he', ""can't"", 'work', 'on', 'sesame', 'street']","['pro:sub', 'mod', 'v', 'prep', 'n', 'n']",CHI,ST
32723,1,14578945,19346,54.00110885233783,"['he', 'wants', 'to', 'look', 'at', 'sesame', 'street']","['pro:sub', 'v', 'inf', 'v', 'prep', 'n', 'n']",CLI,YQ
32723,1,14578959,19346,54.00110885233783,"['no', 'he', 'can', 'watch', 'me']","['co', 'pro:sub', 'mod', 'v', 'pro:obj']",CHI,AN
32723,1,14578961,19346,54.00110885233783,"['now', 'you', 'can', 'tell', 'the', 'driver', 'what', ""you're"", 'going', 'to', 'do', 'now']","['adv', 'pro:per', 'mod', 'v', 'det:art', 'n', 'pro:int', 'pro:per', 'part', 'inf', 'v', 'adv']",CLI,ST
32723,1,14578963,19346,54.00110885233783,"['this', 'is', 'superman', 'right', 'there']","['pro:dem', 'cop', 'n', 'adv', 'adv']",CHI,ST
32723,1,14578966,19346,54.00110885233783,"['I', 'think', 'after', 'this', 'page', 'on']","['pro:sub', 'v', 'prep', 'det:dem', 'n', 'adv']",CHI,ST
32723,1,14578968,19346,54.00110885233783,"['oh', 'you', 'got', 'so', 'much']","['co', 'pro:per', 'v', 'adv', 'adv']",CLI,ST
32723,1,14578970,19346,54.00110885233783,"[""where's"", 'superman']","['pro:int', 'n']",CLI,QN
32723,1,14578972,19346,54.00110885233783,"['he', 'wants', 'to', 'know', 'where', 'superman', 'is']","['pro:sub', 'v', 'inf', 'v', 'pro:int', 'n', 'cop']",CLI,SA
32723,1,14578976,19346,54.00110885233783,"['what', 'are', 'we', 'gonna', 'color', 'his', 'head']","['pro:int', 'cop', 'pro:sub', 'part', 'v', 'det:poss', 'n']",CLI,QN
32723,1,14578982,19346,54.00110885233783,"['I', 'know', 'how', 'to', 'write', 'my', 'name']","['pro:sub', 'v', 'pro:int', 'inf', 'v', 'det:poss', 'n']",CHI,QN
32723,1,14578987,19346,54.00110885233783,"[""let's"", 'see', 'you', 'write', 'it']","['v', 'v', 'pro:per', 'v', 'pro:per']",CLI,RP
32724,1,14578658,19348,32.000657097681675,['big'],['adj'],CHI,YY
32724,1,14578664,19348,32.000657097681675,['big'],['adj'],CLI,AC
32724,1,14578671,19348,32.000657097681675,['big'],['adj'],CHI,YY
32724,1,14578678,19348,32.000657097681675,['horse'],['n'],CHI,YY
32724,1,14578686,19348,32.000657097681675,"['that', 'is', 'a', 'horse']","['pro:dem', 'cop', 'det:art', 'n']",CLI,ST
32724,1,14578692,19348,32.000657097681675,"['push', 'the', 'car', 'over', 'here']","['v', 'det:art', 'n', 'prep', 'n']",CLI,RP
32724,1,14578700,19348,32.000657097681675,['car'],['n'],CHI,RD
32724,1,14578711,19348,32.000657097681675,"['make', 'your', 'horse', 'run']","['v', 'det:poss', 'n', 'v']",CLI,RP
32724,1,14578718,19348,32.000657097681675,"['car', 'goes', 'up']","['n', 'v', 'adv']",CLI,ST
32724,1,14578729,19348,32.000657097681675,"['push', 'the', 'car', 'down']","['v', 'det:art', 'n', 'adv']",CLI,RP
32724,1,14578735,19348,32.000657097681675,"['car', 'went', 'down']","['n', 'v', 'adv']",CLI,ST
32724,1,14578742,19348,32.000657097681675,"['car', 'went', 'in']","['n', 'v', 'adv']",CLI,ST
32724,1,14578747,19348,32.000657097681675,['down'],['adv'],CHI,YY
32724,1,14578751,19348,32.000657097681675,['down'],['adv'],CLI,AC
32724,1,14578758,19348,32.000657097681675,"[""he's"", 'down']","['pro:sub', 'adv']",CLI,ST
32724,1,14578764,19348,32.000657097681675,"['car', 'go', 'up']","['n', 'v', 'adv']",CLI,RP
32724,1,14578771,19348,32.000657097681675,"['make', 'the', 'car', 'go', 'up']","['v', 'det:art', 'n', 'v', 'adv']",CLI,RP
32724,1,14578777,19348,32.000657097681675,['there'],['adv'],CHI,YY
32724,1,14578783,19348,32.000657097681675,"[""there's"", 'the', 'car']","['pro:exist', 'det:art', 'n']",CLI,ST
32724,1,14578790,19348,32.000657097681675,"['what', 'is', 'that']","['pro:int', 'cop', 'pro:dem']",CLI,QN
32724,1,14578795,19348,32.000657097681675,['shoe'],['n'],CLI,SA
32724,1,14578801,19348,32.000657097681675,"['what', 'do', 'you', 'want', 'mark']","['pro:int', 'mod', 'pro:per', 'v', 'n']",CLI,QN
32724,1,14578808,19348,32.000657097681675,['bird'],['n'],CHI,SA
32724,1,14578810,19348,32.000657097681675,['bird'],['n'],CLI,CT
32724,1,14578814,19348,32.000657097681675,"[""who's"", 'that']","['pro:int', 'pro:dem']",CLI,QN
32724,1,14578816,19348,32.000657097681675,['Bert'],['n:prop'],CHI,SA
32724,1,14578819,19348,32.000657097681675,"[""who's"", 'that']","['pro:int', 'pro:dem']",CLI,QN
32724,1,14578821,19348,32.000657097681675,['Bert'],['n:prop'],CLI,SA
32725,1,14578882,19348,32.000657097681675,"[""what's"", 'this']","['pro:int', 'pro:dem']",MOT,QN
32725,1,14578893,19348,32.000657097681675,['big'],['adj'],CHI,SA
32725,1,14578896,19348,32.000657097681675,"['big', ""isn't"", 'it']","['adj', 'cop', 'pro:per']",MOT,AP
32725,1,14578897,19348,32.000657097681675,"[""what's"", 'the', 'matter']","['pro:int', 'det:art', 'v']",MOT,QN
32725,1,14578899,19348,32.000657097681675,"['got', 'an', 'owie']","['v', 'det:art', 'n']",MOT,SA
32725,1,14578901,19348,32.000657097681675,"[""what's"", 'that']","['pro:int', 'pro:dem']",MOT,QN
32725,1,14578906,19348,32.000657097681675,"[""what's"", 'wrong']","['pro:int', 'adj']",MOT,QN
32725,1,14578908,19348,32.000657097681675,"['does', 'he', 'have', 'an', 'owie']","['mod', 'pro:sub', 'v', 'det:art', 'n']",MOT,SA
32725,1,14578911,19348,32.000657097681675,['ow'],['co'],CHI,EM
32725,1,14578912,19348,32.000657097681675,['ow'],['co'],CHI,EM
32725,1,14578914,19348,32.000657097681675,['ow'],['co'],CHI,EM
32725,1,14578917,19348,32.000657097681675,"[""what's"", 'that']","['pro:int', 'pro:dem']",MOT,QN
32725,1,14578921,19348,32.000657097681675,['ow'],['co'],CHI,SA
32725,1,14578932,19348,32.000657097681675,"['what', 'was', 'that']","['pro:int', 'cop', 'pro:dem']",MOT,QN
32725,1,14578937,19348,32.000657097681675,['xxx'],[''],CHI,SA
32725,1,14578942,19348,32.000657097681675,"[""where's"", 'the', 'dog']","['pro:int', 'det:art', 'n']",MOT,QN
32725,1,14578944,19348,32.000657097681675,['xxx'],[''],CHI,YY
32725,1,14578947,19348,32.000657097681675,['mom'],['n'],CHI,YY
32725,1,14578948,19348,32.000657097681675,['there'],['adv'],CHI,YY
32725,1,14578949,19348,32.000657097681675,"['what', 'are', 'you', 'doing', 'honey']","['pro:int', 'aux', 'pro:per', 'part', 'co']",MOT,QN
32725,1,14578950,19348,32.000657097681675,"['what', 'is', 'this']","['pro:int', 'cop', 'pro:dem']",MOT,QN
32725,1,14578951,19348,32.000657097681675,['xxx'],[''],CHI,YY
32725,1,14578952,19348,32.000657097681675,['xxx'],[''],CHI,YY
32725,1,14578953,19348,32.000657097681675,"['where', 'did', 'he', 'go']","['pro:int', 'mod', 'pro:sub', 'v']",MOT,QN
32725,1,14578954,19348,32.000657097681675,['there'],['adv'],CHI,SA
32725,1,14578955,19348,32.000657097681675,"['should', 'we', 'feed', 'him', 'dinner']","['mod', 'pro:sub', 'v', 'pro:obj', 'n']",MOT,RQ
32725,1,14578956,19348,32.000657097681675,['xxx'],[''],CHI,YY
32725,1,14578957,19348,32.000657097681675,"['do', 'you', 'suppose', ""he's"", 'hungry']","['mod', 'pro:per', 'v', 'pro:sub', 'adj']",MOT,ST
32725,1,14578960,19348,32.000657097681675,['Ma'],['n:prop'],CHI,YY
32725,1,14578962,19348,32.000657097681675,['xxx'],[''],CHI,YY
32725,1,14578965,19348,32.000657097681675,"['does', 'the', 'man', 'wanna', 'go', 'to', 'bed', 'now']","['mod', 'det:art', 'n', 'v', 'v', 'prep', 'n', 'adv']",MOT,RQ
32725,1,14578967,19348,32.000657097681675,['no'],['co'],CHI,RD
32725,1,14578969,19348,32.000657097681675,['no'],['co'],CHI,RD
32725,1,14578971,19348,32.000657097681675,"['where', 'is', 'he']","['pro:int', 'cop', 'pro:sub']",MOT,QN
32725,1,14578973,19348,32.000657097681675,['there'],['adv'],CHI,YY
32725,1,14578975,19348,32.000657097681675,['xxx'],[''],CHI,YY
32726,1,14579562,19348,32.000657097681675,"['what', 'happened']","['pro:int', 'v']",CLI,QN
32726,1,14579565,19348,32.000657097681675,['there'],['adv'],CHI,SA
32726,1,14579567,19348,32.000657097681675,"['there', 'it', 'is']","['adv', 'pro:per', 'cop']",CLI,AP
32726,1,14579570,19348,32.000657097681675,['broke'],['adj'],CLI,AP
32726,1,14579574,19348,32.000657097681675,"['what', 'is', 'it']","['pro:int', 'cop', 'pro:per']",CLI,QN
32726,1,14579578,19348,32.000657097681675,['broke'],['adj'],CHI,SA
32726,1,14579581,19348,32.000657097681675,['broke'],['adj'],CLI,AP
32726,1,14579586,19348,32.000657097681675,"[""that's"", 'right']","['pro:dem', 'co']",CLI,AP
32726,1,14579590,19348,32.000657097681675,"['maybe', ""there's"", 'another', 'one', 'in', 'here', 'you', 'can', 'use']","['adv', 'pro:exist', 'qn', 'pro:indef', 'prep', 'n', 'pro:per', 'mod', 'v']",CLI,RP
32726,1,14579597,19348,32.000657097681675,"['should', 'I', 'put', 'a', 'mark', 'there']","['mod', 'pro:sub', 'v', 'det:art', 'n', 'adv']",CLI,SI
32726,1,14579601,19348,32.000657097681675,['no'],['co'],CLI,PF
32726,1,14579604,19348,32.000657097681675,['yes'],['co'],CLI,PF
32726,1,14579607,19348,32.000657097681675,['yes'],['co'],CHI,AA
32726,1,14579611,19348,32.000657097681675,['yes'],['co'],CLI,AC
32726,1,14579614,19348,32.000657097681675,['boom'],[''],CLI,MK
32726,1,14579620,19348,32.000657097681675,['boom'],[''],CLI,MK
32726,1,14579625,19348,32.000657097681675,"['fell', 'down']","['v', 'adv']",CLI,ST
32726,1,14579629,19348,32.000657097681675,['chair'],['n'],CHI,ST
32726,1,14579633,19348,32.000657097681675,"['on', 'chair']","['adv', 'n']",CLI,AP
32726,1,14579638,19348,32.000657097681675,"['did', 'you', 'get', 'it']","['mod', 'pro:per', 'v', 'pro:per']",CLI,ST
32726,1,14579643,19348,32.000657097681675,"['I', 'got', 'that', 'one']","['pro:sub', 'v', 'det:dem', 'pro:indef']",CLI,ST
32726,1,14579648,19348,32.000657097681675,"['what', 'should', 'I', 'do']","['pro:int', 'mod', 'pro:sub', 'v']",CLI,QN
32726,1,14579652,19348,32.000657097681675,['push'],['n'],CHI,SA
32726,1,14579656,19348,32.000657097681675,"['push', ""you're"", 'right']","['n', 'pro:per', 'co']",CLI,AP
32726,1,14579661,19348,32.000657097681675,"[""I'll"", 'push', 'it']","['pro:sub', 'v', 'pro:per']",CLI,ST
32726,1,14579667,19348,32.000657097681675,['xxx'],[''],CHI,YY
32726,1,14579672,19348,32.000657097681675,['what'],['pro:int'],CLI,RR
32726,1,14579677,19348,32.000657097681675,"[""you're"", 'gonna', 'push', 'it']","['pro:per', 'part', 'v', 'pro:per']",CLI,ST
32726,1,14579683,19348,32.000657097681675,['stop'],['n'],CHI,PF
32726,1,14579688,19348,32.000657097681675,['stop'],['n'],CLI,PF
32726,1,14579694,19348,32.000657097681675,"['what', 'should', 'I', 'do', 'with', 'this']","['pro:int', 'mod', 'pro:sub', 'v', 'prep', 'pro:dem']",CLI,QN
32726,1,14579701,19348,32.000657097681675,['xxx'],[''],CHI,SA
32726,1,14579706,19348,32.000657097681675,"['there', 'it', 'goes']","['adv', 'pro:per', 'v']",CLI,AP
32726,1,14579712,19348,32.000657097681675,"['what', 'should', 'I', 'do', 'with', 'this']","['pro:int', 'mod', 'pro:sub', 'v', 'prep', 'pro:dem']",CLI,QN
32726,1,14579724,19348,32.000657097681675,['boom'],[''],CLI,MK
32726,1,14579731,19348,32.000657097681675,"['jeep', 'beep']","['', '']",CLI,MK
32726,1,14579738,19348,32.000657097681675,['beep'],[''],CHI,YY
32726,1,14579745,19348,32.000657097681675,['beep'],[''],CLI,YY
32726,1,14579754,19348,32.000657097681675,['beep'],[''],CHI,YY
32726,1,14579764,19348,32.000657097681675,"['just', 'caught', 'it']","['adv', 'v', 'pro:per']",CLI,ST
32726,1,14579775,19348,32.000657097681675,"['what', 'should', 'I', 'do', 'with', 'it']","['pro:int', 'mod', 'pro:sub', 'v', 'prep', 'pro:per']",CLI,QN
32726,1,14579786,19348,32.000657097681675,['push'],['n'],CHI,SA
32726,1,14579793,19348,32.000657097681675,['push'],['n'],CLI,CT
32726,1,14579803,19348,32.000657097681675,['push'],['n'],CHI,RT
32726,1,14579812,19348,32.000657097681675,['boom'],[''],CLI,MK
32726,1,14579821,19348,32.000657097681675,['beep'],[''],CHI,YY
32726,1,14579830,19348,32.000657097681675,"['I', 'got', 'it']","['pro:sub', 'v', 'pro:per']",CLI,ST
32726,1,14579838,19348,32.000657097681675,"['beep', 'beep']","['', '']",CHI,ST
32726,1,14579847,19348,32.000657097681675,"['here', 'it', 'comes']","['adv', 'pro:per', 'v']",CLI,SS
32726,1,14579855,19348,32.000657097681675,"['push', 'car']","['n', 'n']",CLI,RP
32726,1,14579863,19348,32.000657097681675,"['beep', 'beep']","['', '']",CHI,YY
32726,1,14579873,19348,32.000657097681675,['beep'],[''],CHI,YY
32726,1,14579880,19348,32.000657097681675,['xxx'],[''],CHI,YY
32726,1,14579889,19348,32.000657097681675,['what'],['pro:int'],CLI,QN
32726,1,14579897,19348,32.000657097681675,['push'],['n'],CHI,SA
32726,1,14579903,19348,32.000657097681675,['push'],['n'],CLI,CT
32726,1,14579908,19348,32.000657097681675,"['beep', 'beep']","['', '']",CHI,ST
32726,1,14579920,19348,32.000657097681675,"[""it's"", 'stuck']","['pro:per', 'part']",CLI,ST
32726,1,14579934,19348,32.000657097681675,['beep'],[''],CHI,YY
32726,1,14579943,19348,32.000657097681675,"['where', 'are', 'they', 'gonna', 'go']","['pro:int', 'cop', 'pro:sub', 'part', 'v']",CLI,QN
32726,1,14579958,19348,32.000657097681675,['push'],['n'],CHI,SA
32726,1,14579970,19348,32.000657097681675,"['push', 'him', 'down']","['v', 'pro:obj', 'adv']",CLI,AP
32726,1,14579982,19348,32.000657097681675,['push'],['n'],CHI,QN
32726,1,14579993,19348,32.000657097681675,"['there', 'they', 'go']","['adv', 'pro:sub', 'v']",CLI,SA
32726,1,14580003,19348,32.000657097681675,"[""he's"", 'on', 'the', 'floor']","['pro:sub', 'prep', 'det:art', 'n']",CLI,EC
32726,1,14580020,19348,32.000657097681675,['there'],['adv'],CHI,SC
32726,1,14580034,19348,32.000657097681675,"['there', 'he', 'is']","['adv', 'pro:sub', 'cop']",CLI,AP
32726,1,14580046,19348,32.000657097681675,"['should', 'I', 'push', 'him']","['mod', 'pro:sub', 'v', 'pro:obj']",CLI,ST
32726,1,14580059,19348,32.000657097681675,['push'],['n'],CHI,RT
32726,1,14580070,19348,32.000657097681675,"['there', 'he', 'goes']","['adv', 'pro:sub', 'v']",CLI,ST
32726,1,14580078,19348,32.000657097681675,['oh'],['co'],CHI,YY
32726,1,14580089,19348,32.000657097681675,"['should', 'we', 'put', 'him', 'up']","['mod', 'pro:sub', 'v', 'pro:obj', 'adv']",CLI,RQ
32726,1,14580101,19348,32.000657097681675,['oh'],['co'],CHI,RD
32726,1,14580109,19348,32.000657097681675,['no'],['co'],CLI,RD
32726,1,14580120,19348,32.000657097681675,['no'],['co'],CHI,RD
32726,1,14580132,19348,32.000657097681675,"['what', 'should', 'I', 'do', 'with', 'it']","['pro:int', 'mod', 'pro:sub', 'v', 'prep', 'pro:per']",CLI,QN
32726,1,14580142,19348,32.000657097681675,['push'],['n'],CHI,SA
32726,1,14580151,19348,32.000657097681675,['boom'],[''],CLI,MK
32726,1,14580161,19348,32.000657097681675,"['the', 'car', 'go']","['det:art', 'n', 'v']",CHI,RP
32726,1,14580176,19348,32.000657097681675,['listen'],['v'],CLI,RP
32726,1,14580183,19348,32.000657097681675,['squeak'],['n'],CLI,RP
32726,1,14580197,19348,32.000657097681675,"['what', 'did', 'I', 'do']","['pro:int', 'mod', 'pro:sub', 'v']",CLI,QN
32727,1,14583544,19348,33.00067763198423,"[""what's"", 'this']","['pro:int', 'pro:dem']",CLI,QN
32727,1,14583546,19348,33.00067763198423,['elephant'],['n'],CHI,SA
32727,1,14583548,19348,33.00067763198423,"['elephant', 'good', 'talking']","['n', 'adj', 'n:gerund']",CLI,AP
32727,1,14583550,19348,33.00067763198423,['horse'],['n'],CHI,YY
32727,1,14583552,19348,33.00067763198423,"['hm', 'what', 'is', 'that']","['co', 'pro:int', 'cop', 'pro:dem']",CLI,QN
32727,1,14583556,19348,33.00067763198423,['horse'],['n'],CHI,SA
32727,1,14583564,19348,33.00067763198423,"['horse', 'good']","['n', 'adj']",CLI,AP
32727,1,14583571,19348,33.00067763198423,"['it', 'is', 'a', 'horse']","['pro:per', 'cop', 'det:art', 'n']",CLI,ST
32727,1,14583575,19348,33.00067763198423,"['oh', 'no', ""don't"", 'bite', 'my', 'trunk']","['co', 'qn', 'mod', 'v', 'det:poss', 'n']",CLI,PF
32727,1,14583584,19348,33.00067763198423,['horse'],['n'],CHI,YY
32727,1,14583588,19348,33.00067763198423,['horse'],['n'],CLI,TX
32727,1,14583597,19348,33.00067763198423,['elephant'],['n'],CLI,TX
32727,1,14583603,19348,33.00067763198423,['elephant'],['n'],CLI,TX
32727,1,14583607,19348,33.00067763198423,"[""I'll"", 'bite', 'your', 'nose']","['pro:sub', 'v', 'det:poss', 'n']",CLI,SI
32727,1,14583609,19348,33.00067763198423,['elephant'],['n'],CHI,YY
32727,1,14583610,19348,33.00067763198423,"['oh', 'oh']","['co', 'co']",CLI,MK
32727,1,14583613,19348,33.00067763198423,['what'],['pro:int'],CLI,QN
32727,1,14583615,19348,33.00067763198423,"['oh', 'oh']","['co', 'co']",CHI,MK
32727,1,14583617,19348,33.00067763198423,['dirty'],['adj'],CLI,GR
32727,1,14583619,19348,33.00067763198423,['dirty'],['adj'],CLI,GR
32727,1,14583620,19348,33.00067763198423,['yuck'],['co'],CHI,ED
32727,1,14583622,19348,33.00067763198423,"['all', 'dirty']","['qn', 'adj']",CHI,ST
32727,1,14583624,19348,33.00067763198423,"[""it's"", 'got', 'a', 'hole']","['pro:per', 'part', 'det:art', 'n']",CLI,CT
32727,1,14583626,19348,33.00067763198423,"['say', 'hole']","['v', 'n']",CLI,EI
32727,1,14583630,19348,33.00067763198423,['hole'],['n'],CHI,RT
32727,1,14583637,19348,33.00067763198423,"['good', 'talking']","['adj', 'n:gerund']",CLI,PM
32727,1,14583647,19348,33.00067763198423,"['can', 'you', 'tell', 'me', 'about', 'Grover']","['mod', 'pro:per', 'v', 'pro:obj', 'prep', 'n:prop']",CLI,RP
32727,1,14583657,19348,33.00067763198423,['xxx'],[''],CHI,YY
32727,1,14583674,19348,33.00067763198423,['Grover'],['n:prop'],CLI,YY
32727,1,14583699,19348,33.00067763198423,"[""what's"", 'happening']","['pro:int', 'part']",CLI,QN
32727,1,14583707,19348,33.00067763198423,"['xxx', 'up', 'there']","['', 'prep', 'n']",CHI,SA
32727,1,14583717,19348,33.00067763198423,['upstairs'],['adv'],CLI,AP
32727,1,14583725,19348,33.00067763198423,"[""that's"", 'right']","['pro:dem', 'co']",CLI,AP
32727,1,14583732,19348,33.00067763198423,"['look', 'at', 'all', 'the', 'things', 'he', 'sees']","['v', 'prep', 'qn', 'det:art', 'n', 'pro:sub', 'v']",CLI,RP
32727,1,14583742,19348,33.00067763198423,['xxx'],[''],CHI,YY
32727,1,14583749,19348,33.00067763198423,"['he', 'sees', 'a', 'cloud']","['pro:sub', 'v', 'det:art', 'n']",CLI,ST
32727,1,14583758,19348,33.00067763198423,['cloud'],['n'],CLI,PR
32727,1,14583765,19348,33.00067763198423,"[""who's"", 'that']","['pro:int', 'pro:dem']",CLI,QN
32727,1,14583773,19348,33.00067763198423,"['Ernie', 'can', 'you', 'say', 'Ernie']","['n:prop', 'mod', 'pro:per', 'v', 'n:prop']",CLI,EI
32727,1,14583783,19348,33.00067763198423,['Ernie'],['n:prop'],CHI,DP
32727,1,14583790,19348,33.00067763198423,['Ernie'],['n:prop'],CLI,YD
32727,1,14583799,19348,33.00067763198423,"['oh', 'oh']","['co', 'co']",CHI,MK
32727,1,14583808,19348,33.00067763198423,['boom'],[''],CLI,MK
32727,1,14583820,19348,33.00067763198423,['boom'],[''],CHI,MK
32727,1,14583830,19348,33.00067763198423,['boom'],[''],CLI,MK
32727,1,14583840,19348,33.00067763198423,"['what', 'else']","['pro:int', 'post']",CLI,QN
32727,1,14583852,19348,33.00067763198423,['hole'],['n'],CHI,SA
32727,1,14583859,19348,33.00067763198423,"['hole', ""that's"", 'right']","['n', 'pro:rel', 'co']",CLI,AP
32727,1,14583871,19348,33.00067763198423,"['down', 'he', 'went']","['n', 'pro:sub', 'v']",CLI,ST
32727,1,14583883,19348,33.00067763198423,"['boom', 'again']","['', 'adv']",CLI,MK
32727,1,14583897,19348,33.00067763198423,"['boom', 'again']","['', 'adv']",CHI,RT
32727,1,14583916,19348,33.00067763198423,"['he', 'went', 'in', 'the', 'water']","['pro:sub', 'v', 'prep', 'det:art', 'n']",CLI,ST
32727,1,14583928,19348,33.00067763198423,['water'],['n'],CHI,RT
32727,1,14583935,19348,33.00067763198423,"['water', 'say', 'water']","['n', 'v', 'n']",CLI,EI
32727,1,14583937,19348,33.00067763198423,"['xxx', 'there']","['', 'adv']",CHI,RT
32727,1,14583939,19348,33.00067763198423,"[""that's"", 'a', 'fish']","['pro:dem', 'det:art', 'n']",CLI,CT
32727,1,14583941,19348,33.00067763198423,['xxx'],[''],CHI,YY
32727,1,14583943,19348,33.00067763198423,"['look', ""he's"", 'out']","['co', 'pro:sub', 'adv']",CLI,RP
32727,1,14583945,19348,33.00067763198423,"['xxx', 'out']","['', 'adv']",CHI,RT
32727,1,14583947,19348,33.00067763198423,"[""he's"", 'all', 'wet']","['pro:sub', 'adv', 'adj']",CLI,EC
32727,1,14583949,19348,33.00067763198423,"['all', 'wet']","['adv', 'adj']",CHI,SC
32727,1,14583951,19348,33.00067763198423,"['all', 'wet', ""that's"", 'right']","['adv', 'adj', 'pro:rel', 'adj']",CLI,AP
32727,1,14583953,19348,33.00067763198423,"['beep', 'beep']","['', '']",CHI,ST
32727,1,14583955,19348,33.00067763198423,"[""he's"", 'got', 'a', 'car', 'too']","['pro:sub', 'part', 'det:art', 'n', 'post']",CLI,ST
32727,1,14583958,19348,33.00067763198423,"['the', 'train', 'goes', 'toot', 'toot']","['det:art', 'n', 'v', '', '']",CLI,ST
32727,1,14583960,19348,33.00067763198423,"['say', 'toot', 'too']","['co', '', '']",CLI,EI
32727,1,14583962,19348,33.00067763198423,"['toot', 'toot']","['', '']",CHI,RT
32727,1,14583964,19348,33.00067763198423,"[""that's"", 'right']","['pro:dem', 'co']",CLI,AP
32727,1,14583966,19348,33.00067763198423,"['toot', 'toot']","['', '']",CHI,YY
32727,1,14583980,19348,33.00067763198423,"['beep', 'beep']","['', '']",CHI,YY
32727,1,14583991,19348,33.00067763198423,"[""who's"", 'that']","['pro:int', 'pro:dem']",CLI,QN
32727,1,14583998,19348,33.00067763198423,['Ernie'],['n:prop'],CLI,TX
32727,1,14584000,19348,33.00067763198423,['Grover'],['n:prop'],CLI,TX
32727,1,14584002,19348,33.00067763198423,['Grover'],['n:prop'],CLI,TX
32727,1,14584003,19348,33.00067763198423,"['he', 'found', 'some', 'soap']","['pro:sub', 'v', 'qn', 'n']",CLI,ST
32727,1,14584005,19348,33.00067763198423,['soap'],['n'],CHI,DW
32727,1,14584007,19348,33.00067763198423,['soap'],['n'],CLI,CT
32727,1,14584009,19348,33.00067763198423,"['beep', 'beep']","['', '']",CHI,ST
32727,1,14584011,19348,33.00067763198423,"['look', 'at', 'the', 'bubbles', 'just', 'like', 'we', 'blew']","['v', 'prep', 'det:art', 'n', 'adj', 'co', 'pro:sub', 'v']",CLI,ST
32727,1,14584013,19348,33.00067763198423,['bubble'],['n'],CHI,YY
32727,1,14584016,19348,33.00067763198423,"['beep', 'beep']","['', '']",CHI,YY
32727,1,14584017,19348,33.00067763198423,['stuck'],['v'],CLI,RP
32727,1,14584019,19348,33.00067763198423,"[""what's"", 'that']","['pro:int', 'pro:dem']",CLI,QN
32727,1,14584020,19348,33.00067763198423,"['a', 'Snuffleapagus']","['det:art', 'n:prop']",CLI,SA
32727,1,14584021,19348,33.00067763198423,['Snuffleapagus'],['n:prop'],CHI,YY
32727,1,14584022,19348,33.00067763198423,['xxx'],[''],CHI,YY
32727,1,14584023,19348,33.00067763198423,"[""that's"", 'his', 'name']","['pro:dem', 'det:poss', 'n']",CLI,YY
32727,1,14584024,19348,33.00067763198423,['xxx'],[''],CHI,YY
32727,1,14584025,19348,33.00067763198423,"['now', 'what']","['adv', 'pro:int']",CLI,QN
32727,1,14584026,19348,33.00067763198423,"[""he's"", 'running']","['pro:sub', 'part']",CLI,SA
32727,1,14584027,19348,33.00067763198423,['run'],['v'],CLI,EI
32727,1,14584028,19348,33.00067763198423,"['say', 'run']","['co', 'v']",CLI,EI
32727,1,14584029,19348,33.00067763198423,"['see', 'the', 'sun']","['v', 'det:art', 'n']",CLI,EI
32727,1,14584030,19348,33.00067763198423,"['say', 'sun']","['v', 'n']",CLI,EI
32727,1,14584031,19348,33.00067763198423,['sun'],['n'],CHI,RT
32727,1,14584032,19348,33.00067763198423,['right'],['co'],CLI,AP
32727,1,14584033,19348,33.00067763198423,"['all', 'done', 'now', 'what', 'can', 'we', 'make']","['post', 'part', 'adv', 'pro:int', 'mod', 'pro:sub', 'v']",CLI,QN
32727,1,14584034,19348,33.00067763198423,"['oh', 'oh']","['co', 'co']",CHI,MK
32727,1,14584035,19348,33.00067763198423,"['see', 'if', 'you', 'can', 'roll', 'it', 'over', 'here']","['v', 'conj', 'pro:per', 'mod', 'v', 'pro:per', 'prep', 'n']",CLI,RP
32727,1,14584036,19348,33.00067763198423,"['throw', ""block's"", 'throw']","['v', 'n', 'v']",CLI,RP
32727,1,14584040,19348,33.00067763198423,['yeah'],['co'],CLI,XA
32727,1,14584052,19348,33.00067763198423,['up'],['adv'],CHI,YY
32727,1,14584066,19348,33.00067763198423,['up'],['adv'],CLI,YY
32727,1,14584078,19348,33.00067763198423,"['good', 'throw']","['adj', 'v']",CLI,PM
32727,1,14584088,19348,33.00067763198423,"['can', 'you', 'say', 'throw']","['mod', 'pro:per', 'v', 'v']",CLI,EI
32727,1,14584108,19348,33.00067763198423,['throw'],['v'],CHI,RT
32727,1,14584121,19348,33.00067763198423,['throw'],['v'],CLI,RT
32727,1,14584131,19348,33.00067763198423,"['good', 'for', 'you']","['adj', 'prep', 'pro:per']",CLI,AB
32727,1,14584147,19348,33.00067763198423,"['can', 'you', 'roll', 'it', 'to', 'me']","['mod', 'pro:per', 'v', 'pro:per', 'prep', 'pro:obj']",CLI,RP
32727,1,14584166,19348,33.00067763198423,"['oh', 'oh']","['co', 'co']",CHI,MK
32727,1,14584181,19348,33.00067763198423,"[""what's"", 'that']","['pro:int', 'pro:dem']",CLI,QN
32727,1,14584189,19348,33.00067763198423,"['you', ""don't"", 'know']","['pro:per', 'mod', 'v']",CLI,SA
32727,1,14584202,19348,33.00067763198423,"['I', ""don't"", 'know', 'either']","['pro:sub', 'mod', 'v', 'adv']",CLI,SA
32727,1,14584215,19348,33.00067763198423,"['what', 'should', 'I', 'do', 'now']","['pro:int', 'mod', 'pro:sub', 'v', 'adv']",CLI,QN
32727,1,14584229,19348,33.00067763198423,"['xxx', 'there']","['', 'adv']",CHI,SA
32727,1,14584240,19348,33.00067763198423,['boom'],['co'],CHI,MK
32727,1,14584254,19348,33.00067763198423,"['push', 'it']","['v', 'pro:per']",CLI,RP
32727,1,14584268,19348,33.00067763198423,['there'],['adv'],CHI,YY
32727,1,14584282,19348,33.00067763198423,"['what', 'should', 'I', 'do', 'with', 'this']","['pro:int', 'mod', 'pro:sub', 'v', 'prep', 'pro:dem']",CLI,QN
32727,1,14584295,19348,33.00067763198423,"['boom', 'there']","['n', 'adv']",CHI,SA
32727,1,14584308,19348,33.00067763198423,"[""I'll"", 'roll', 'it']","['pro:sub', 'v', 'pro:per']",CLI,AP
32727,1,14584322,19348,33.00067763198423,"['say', 'roll']","['v', 'n']",CLI,EI
32727,1,14584338,19348,33.00067763198423,['roll'],['n'],CHI,RT
32728,1,14578974,19348,37.00075976919444,"['how', 'do', 'you', 'get', 'it', 'unstuck']","['pro:int', 'mod', 'pro:per', 'v', 'pro:per', 'part']",CLI,QN
32728,1,14578979,19348,37.00075976919444,['there'],['adv'],CHI,SA
32728,1,14578983,19348,37.00075976919444,"['oh', 'you', 'got', 'it', 'unstuck']","['co', 'pro:per', 'v', 'pro:per', 'part']",CLI,ST
32728,1,14578986,19348,37.00075976919444,['broke'],['adj'],CHI,YY
32728,1,14578990,19348,37.00075976919444,"['broke', 'where']","['v', 'pro:rel']",CLI,QN
32728,1,14578993,19348,37.00075976919444,"['right', 'there']","['adv', 'adv']",CHI,SA
32728,1,14578996,19348,37.00075976919444,"['well', ""what's"", 'Bert', 'going', 'to', 'do']","['co', 'pro:int', 'n:prop', 'part', 'inf', 'v']",CLI,QN
32728,1,14578998,19348,37.00075976919444,"['in', 'there']","['prep', 'n']",CHI,SA
32728,1,14579000,19348,37.00075976919444,"['in', 'there']","['prep', 'n']",CLI,YQ
32728,1,14579005,19348,37.00075976919444,['yes'],['co'],CHI,AA
32728,1,14579007,19348,37.00075976919444,['you'],['pro:per'],CLI,OO
32728,1,14579009,19348,37.00075976919444,['xxx'],[''],CHI,YY
32728,1,14579011,19348,37.00075976919444,"['oh', 'I', 'think', 'I', 'need', 'my', 'car', 'fixed', 'now', 'that', 'it', 'got', 'bumped', 'into']","['co', 'pro:sub', 'v', 'pro:sub', 'v', 'det:poss', 'n', 'v', 'adv', 'pro:rel', 'pro:per', 'v', 'v', 'prep']",CLI,ST
32728,1,14579013,19348,37.00075976919444,"['where', 'are', 'you', 'going', 'Ernie']","['pro:int', 'aux', 'pro:per', 'part', 'n:prop']",CLI,QN
32728,1,14579016,19348,37.00075976919444,"['is', 'that', 'Ernie']","['cop', 'comp', 'n:prop']",CLI,YA
32728,1,14579019,19348,37.00075976919444,"['no', 'Ernie']","['co', 'n:prop']",CHI,AN
32728,1,14579020,19348,37.00075976919444,"['this', 'is', 'Ernie']","['pro:dem', 'cop', 'n:prop']",CLI,YQ
32728,1,14579023,19348,37.00075976919444,['yeah'],['co'],CHI,AA
32728,1,14579027,19348,37.00075976919444,['Ernie'],['n:prop'],CLI,DW
32728,1,14579030,19348,37.00075976919444,"['no', 'Ernie']","['co', 'n:prop']",CHI,DW
32728,1,14579034,19348,37.00075976919444,"['that', 'Bert']","['pro:dem', 'n:prop']",CLI,CT
32728,1,14579038,19348,37.00075976919444,"[""what's"", 'this', ""one's"", 'name']","['pro:int', 'det:dem', 'adj', 'n']",CLI,QN
32728,1,14579043,19348,37.00075976919444,['Big_Bird'],['n:prop'],CHI,SA
32728,1,14579047,19348,37.00075976919444,"['Big_Bird', ""what's"", 'this', 'ones', 'Rea']","['n:prop', 'pro:int', 'pro:dem', 'det:num', 'n:prop']",CLI,QN
32728,1,14579052,19348,37.00075976919444,['Rea'],['n:prop'],CLI,SA
32728,1,14579055,19348,37.00075976919444,"['hi', 'Rea']","['co', 'n:prop']",CLI,MK
32728,1,14579059,19348,37.00075976919444,"['where', 'are', 'they', 'going', 'into']","['pro:int', 'cop', 'pro:sub', 'part', 'prep']",CLI,QN
32728,1,14579063,19348,37.00075976919444,['garage'],['n'],CHI,SA
32728,1,14579067,19348,37.00075976919444,['garage'],['n'],CLI,CT
32728,1,14579071,19348,37.00075976919444,"['their', 'car', 'must', 'be', 'broken']","['det:poss', 'n', 'mod', 'aux', 'part']",CLI,ST
32728,1,14579076,19348,37.00075976919444,"['no', 'do', 'they', 'fit']","['co', 'mod', 'pro:sub', 'v']",CLI,PF
32728,1,14579080,19348,37.00075976919444,['no'],['co'],CHI,RD
32728,1,14579084,19348,37.00075976919444,"['she', ""doesn't"", 'when', ""she's"", 'standing', 'on', 'the', 'back', 'of', 'the', 'police', 'car', 'does', 'she']","['pro:sub', 'mod', 'conj', 'pro:sub', 'part', 'prep', 'det:art', 'adv', 'prep', 'det:art', 'n', 'n', 'mod', 'pro:sub']",CLI,ST
32728,1,14579088,19348,37.00075976919444,['no'],['co'],CHI,DW
32728,1,14579093,19348,37.00075976919444,['bark'],['n'],CLI,CT
32728,1,14579098,19348,37.00075976919444,"['look', 'out']","['v', 'adv']",CHI,RP
32728,1,14579103,19348,37.00075976919444,['bark'],['n'],CLI,RP
32728,1,14579108,19348,37.00075976919444,"['look', 'out']","['v', 'adv']",CHI,RP
32728,1,14579112,19348,37.00075976919444,['there'],['adv'],CLI,MK
32728,1,14579119,19348,37.00075976919444,"['look', 'out']","['v', 'adv']",CHI,RP
32728,1,14579123,19348,37.00075976919444,['there'],['adv'],CHI,MK
32728,1,14579128,19348,37.00075976919444,"['oh', 'oh']","['co', 'co']",CHI,MK
32728,1,14579133,19348,37.00075976919444,"['what', 'are', 'these', 'mark']","['pro:int', 'cop', 'det:dem', 'n']",CLI,QN
32728,1,14579140,19348,37.00075976919444,['chairs'],['n'],CHI,SA
32728,1,14579146,19348,37.00075976919444,"['I', 'thing', ""I'm"", 'going', 'to', 'the', 'movie']","['pro:sub', 'n', 'pro:sub', 'part', 'prep', 'det:art', 'n']",CLI,CT
32728,1,14579151,19348,37.00075976919444,"['how', 'much', 'is', 'the', 'ticket', 'sir']","['pro:int', 'adv', 'cop', 'det:art', 'n', 'n']",CLI,ST
32728,1,14579158,19348,37.00075976919444,"['do', 'you', 'know', 'how', 'much', 'the', 'ticket', 'is']","['mod', 'pro:per', 'v', 'pro:int', 'adv', 'det:art', 'n', 'cop']",CLI,ST
32728,1,14579165,19348,37.00075976919444,"['Big_Bird', 'ticket']","['n:prop', 'n']",CLI,ST
32728,1,14579172,19348,37.00075976919444,"['is', 'Ernie', 'going', 'to', 'buy', 'the', 'tickets']","['cop', 'n:prop', 'part', 'inf', 'v', 'det:art', 'n']",CLI,ST
32728,1,14579179,19348,37.00075976919444,"['no', 'Big_Bird']","['co', 'n:prop']",CHI,DW
32728,1,14579186,19348,37.00075976919444,"['big', 'bird', 'is', 'going', 'to', 'pay', 'for', 'the', 'tickets', 'huh']","['adj', 'n', 'aux', 'part', 'prep', 'n', 'prep', 'det:art', 'n', 'co']",CLI,ST
32728,1,14579194,19348,37.00075976919444,"['buy', 'tickets']","['n', 'n']",CHI,RT
32728,1,14579201,19348,37.00075976919444,"['oh', ""they're"", 'looking', 'at', 'each_other']","['co', 'pro:sub', 'part', 'prep', 'pro:refl']",CLI,YQ
32728,1,14579208,19348,37.00075976919444,['yes'],['co'],CHI,AA
32728,1,14579217,19348,37.00075976919444,"['hi', 'there', 'Big_Bird']","['co', 'adv', 'n:prop']",CLI,EI
32728,1,14579224,19348,37.00075976919444,"['hi', 'there', 'Ernie']","['co', 'adv', 'n:prop']",CLI,EI
32728,1,14579229,19348,37.00075976919444,"['hi', 'there', 'Bert']","['co', 'adv', 'n:prop']",CLI,EI
32728,1,14579234,19348,37.00075976919444,"['hi', 'there', 'lady']","['co', 'adv', 'n']",CLI,EI
32728,1,14579239,19348,37.00075976919444,"[""you're"", 'going', 'to', 'the', 'movie']","['pro:per', 'part', 'prep', 'det:art', 'n']",CLI,ST
32728,1,14579245,19348,37.00075976919444,"['I', 'wish', 'I', 'could', 'go', 'to', 'a', 'movie']","['pro:sub', 'v', 'pro:sub', 'mod', 'v', 'prep', 'det:art', 'n']",CLI,ST
32728,1,14579251,19348,37.00075976919444,['dog'],['v'],CHI,YY
32728,1,14579256,19348,37.00075976919444,['dog'],['v'],CLI,AC
32728,1,14579263,19348,37.00075976919444,"[""what's"", 'the', ""dog's"", 'name']","['pro:int', 'det:art', 'adj', 'n']",CLI,QN
32728,1,14579268,19348,37.00075976919444,['me'],['pro:obj'],CHI,SA
32728,1,14579274,19348,37.00075976919444,['me'],['pro:obj'],CLI,AP
32728,1,14579280,19348,37.00075976919444,"[""you're"", 'a', 'doggy']","['pro:per', 'det:art', 'adj']",CLI,ST
32728,1,14579286,19348,37.00075976919444,"['no', 'xxx']","['co', '']",CHI,PF
32728,1,14579290,19348,37.00075976919444,"['oh', 'no']","['co', 'co']",CHI,PF
32728,1,14579297,19348,37.00075976919444,"['oh', 'no']","['co', 'co']",CLI,PF
32728,1,14579303,19348,37.00075976919444,"['Big_Bird', 'fits']","['n:prop', 'v']",CHI,YY
32728,1,14579309,19348,37.00075976919444,"[""Ernie's"", 'tickets']","['adj', 'n']",CHI,YY
32728,1,14579315,19348,37.00075976919444,"['Big_Bird', ""won't"", 'fit', 'so', 'Ernie', 'hasta', 'get', 'tickets']","['n:prop', 'mod', 'n', 'co', 'n:prop', 'mod', 'v', 'n']",CLI,DP
32728,1,14579321,19348,37.00075976919444,['yes'],['co'],CHI,YD
32728,1,14579328,19348,37.00075976919444,['oh'],['co'],CLI,MK
32728,1,14579334,19348,37.00075976919444,"['Bert', 'xxx']","['n:prop', '']",CHI,YY
32728,1,14579339,19348,37.00075976919444,"['Bert', 'hadta', 'go', 'mail', 'a', 'letter']","['n:prop', 'mod', 'v', 'v', 'det:art', 'n']",CLI,ST
32728,1,14579344,19348,37.00075976919444,['oh'],['co'],CLI,MK
32728,1,14579350,19348,37.00075976919444,['Bert'],['n:prop'],CHI,YY
32728,1,14579355,19348,37.00075976919444,"['Bert', 'mailed', 'a', 'letter']","['n:prop', 'v', 'det:art', 'n']",CLI,DP
32728,1,14579361,19348,37.00075976919444,"['Ernie', 'did', 'you', 'get', 'good', 'tickets']","['n:prop', 'mod', 'pro:per', 'v', 'adj', 'n']",CLI,YQ
32728,1,14579367,19348,37.00075976919444,['yes'],['co'],CHI,AA
32728,1,14579373,19348,37.00075976919444,"['what', 'movie', 'are', 'you', 'going', 'to', 'see', 'mark']","['pro:int', 'n', 'aux', 'pro:per', 'part', 'inf', 'v', 'n']",CLI,QN
32728,1,14579380,19348,37.00075976919444,['empty'],['adj'],CHI,SA
32728,1,14579387,19348,37.00075976919444,['empty'],['adj'],CLI,AP
32728,1,14579391,19348,37.00075976919444,"['are', 'the', 'people', 'going', 'to', 'go', 'see', 'the', 'movie']","['cop', 'det:art', 'n', 'part', 'inf', 'v', 'v', 'det:art', 'n']",CLI,RP
32728,1,14579398,19348,37.00075976919444,['yes'],['co'],CHI,AD
32728,1,14579402,19348,37.00075976919444,"['how', 'are', 'they', 'going', 'to', 'get', 'in']","['pro:int', 'cop', 'pro:sub', 'part', 'inf', 'v', 'adv']",CLI,QN
32728,1,14579407,19348,37.00075976919444,['hole'],['n'],CHI,SA
32728,1,14579413,19348,37.00075976919444,"[""you're"", 'right', ""there's"", 'a', 'hole', 'there', ""isn't"", 'there']","['pro:per', 'adj', 'pro:exist', 'det:art', 'n', 'adv', 'cop', 'adv']",CLI,AP
32728,1,14579418,19348,37.00075976919444,['xxx'],[''],CHI,YY
32728,1,14579422,19348,37.00075976919444,['what'],['pro:int'],CLI,QN
32728,1,14579426,19348,37.00075976919444,"['xxx', 'there']","['', 'adv']",CHI,SA
32729,1,14581269,19348,37.00075976919444,"['well', 'what', 'are', 'you', 'going', 'to', 'do', 'with', 'all', 'this', 'now']","['co', 'pro:int', 'aux', 'pro:per', 'part', 'inf', 'v', 'prep', 'adv', 'det:dem', 'adv']",CLI,QN
32729,1,14581280,19348,37.00075976919444,"[""don't"", 'fit', 'there']","['mod', 'v', 'adv']",CHI,SA
32729,1,14581290,19348,37.00075976919444,"[""don't"", 'fit', 'there']","['mod', 'v', 'adv']",CHI,RP
32729,1,14581301,19348,37.00075976919444,"['does', 'it', 'fit', 'there']","['mod', 'pro:per', 'v', 'adv']",CLI,YQ
32729,1,14581310,19348,37.00075976919444,"[""doesn't"", 'fit', 'there']","['mod', 'v', 'adv']",CLI,MK
32729,1,14581323,19348,37.00075976919444,"['oh', 'she', ""doesn't"", 'fit', 'there']","['co', 'pro:sub', 'mod', 'v', 'adv']",CLI,ST
32729,1,14581332,19348,37.00075976919444,"['she', 'fit', 'up', 'there']","['pro:sub', 'v', 'prep', 'n']",CLI,YQ
32729,1,14581344,19348,37.00075976919444,['yes'],['co'],CHI,AA
32729,1,14581352,19348,37.00075976919444,['oh'],['co'],CLI,MK
32729,1,14581364,19348,37.00075976919444,"[""Bert's"", 'down', 'down']","['adj', 'n', '']",CHI,RP
32729,1,14581375,19348,37.00075976919444,"['Bert', 'downtown']","['n:prop', 'adv']",CLI,RP
32729,1,14581385,19348,37.00075976919444,"['no', 'down']","['co', 'adv']",CHI,RD
32729,1,14581396,19348,37.00075976919444,['down'],['adv'],CLI,RD
32729,1,14581404,19348,37.00075976919444,['there'],['adv'],CHI,RD
32729,1,14581412,19348,37.00075976919444,"['down', 'there']","['prep', 'n']",CLI,YQ
32729,1,14581424,19348,37.00075976919444,['yes'],['co'],CHI,AA
32729,1,14581433,19348,37.00075976919444,"['down', 'the', 'ramp']","['prep', 'det:art', 'n']",CLI,YQ
32729,1,14581443,19348,37.00075976919444,['yes'],['co'],CHI,AA
32729,1,14581450,19348,37.00075976919444,"['ah', 'bye', 'Bert']","['co', 'co', 'n:prop']",CLI,MK
32729,1,14581460,19348,37.00075976919444,"['Big_Bird', 'down', 'there']","['n:prop', 'prep', 'n']",CHI,SA
32729,1,14581471,19348,37.00075976919444,"['Big_Bird', 'down', 'there']","['n:prop', 'prep', 'n']",CLI,AP
32729,1,14581479,19348,37.00075976919444,"[""I'll"", 'bring', 'Big_Bird', 'down', 'there', 'okay']","['pro:sub', 'v', 'n:prop', 'prep', 'n', 'adj']",CLI,RQ
32729,1,14581488,19348,37.00075976919444,['okay'],['co'],CHI,AD
32729,1,14581497,19348,37.00075976919444,"['oh', 'I', 'think', 'I', 'need', 'gas']","['co', 'pro:sub', 'v', 'pro:sub', 'v', 'n']",CLI,PR
32729,1,14581509,19348,37.00075976919444,"['can', 'you', 'help', 'me']","['mod', 'pro:per', 'v', 'pro:obj']",CLI,RP
32729,1,14581520,19348,37.00075976919444,"['would', 'you', 'fill', 'it', 'up', 'please']","['mod', 'pro:per', 'v', 'pro:per', 'adv', 'co']",CLI,RP
32729,1,14581530,19348,37.00075976919444,"['gas', 'gas', 'gas']","['n', '', '']",CHI,YY
32729,1,14581539,19348,37.00075976919444,"['what', 'are', 'you', 'saying']","['pro:int', 'aux', 'pro:per', 'part']",CLI,QN
32729,1,14581544,19348,37.00075976919444,"['gas', 'gas']","['n', '']",CHI,SA
32729,1,14581554,19348,37.00075976919444,"['gas', 'gas', 'is', 'that', 'what', 'you', 'are', 'saying']","['n', '', 'cop', 'pro:dem', 'pro:int', 'pro:per', 'aux', 'part']",CLI,YQ
32729,1,14581566,19348,37.00075976919444,['yes'],['co'],CHI,AA
32729,1,14581575,19348,37.00075976919444,"['how', 'much', 'do', 'I', 'owe', 'you', 'for', 'the', 'gas']","['pro:int', 'adv', 'v', 'pro:sub', 'v', 'pro:per', 'prep', 'det:art', 'n']",CLI,ST
32729,1,14581588,19348,37.00075976919444,"['how', 'much', 'does', 'the', 'gas', 'cost', 'mark']","['pro:int', 'adv', 'v', 'det:art', 'n', 'v', 'n']",CLI,ST
32729,1,14581598,19348,37.00075976919444,"[""can't"", 'hear', 'you', 'mark']","['mod', 'v', 'pro:per', 'v']",CLI,ST
32729,1,14581608,19348,37.00075976919444,"['in', 'the', 'car']","['prep', 'det:art', 'n']",CHI,ST
32729,1,14581615,19348,37.00075976919444,"['in', 'the', 'car']","['prep', 'det:art', 'n']",CLI,AP
32729,1,14581626,19348,37.00075976919444,"['gas', 'in', 'the', 'car', 'okay']","['n', 'prep', 'det:art', 'n', 'adj']",CLI,ST
32729,1,14581636,19348,37.00075976919444,"['me', 'leave', 'in', 'there']","['pro:obj', 'v', 'prep', 'n']",CHI,RP
32729,1,14581649,19348,37.00075976919444,"[""you're"", 'going', 'to', 'leave', 'in']","['pro:per', 'part', 'inf', 'v', 'adv']",CLI,YQ
32729,1,14581667,19348,37.00075976919444,"['what', 'are', 'you', 'going', 'to', 'leave', 'in']","['pro:int', 'aux', 'pro:per', 'part', 'inf', 'v', 'adv']",CLI,QN
32729,1,14581675,19348,37.00075976919444,"['oh', 'a', 'leaf', 'in', 'there']","['co', 'det:art', 'n', 'prep', 'n']",CLI,SA
32729,1,14581695,19348,37.00075976919444,"[""you're"", 'right', ""there's"", 'a', 'leaf', 'in', 'there']","['pro:per', 'adv', 'pro:exist', 'det:art', 'n', 'prep', 'n']",CLI,ST
32729,1,14581716,19348,37.00075976919444,"['is', 'your', 'car', 'all', 'full', 'of', 'gas', 'now']","['cop', 'det:poss', 'n', 'adv', 'adj', 'prep', 'n', 'adv']",CLI,ST
32729,1,14581793,19348,37.00075976919444,['yes'],['co'],CHI,PF
32729,1,14581804,19348,37.00075976919444,"['do', 'you', 'suppose', 'Ernie', 'would', 'fit', 'in', 'there', 'a', 'little', 'better']","['mod', 'pro:per', 'v', 'n:prop', 'mod', 'n', 'prep', 'n', 'det:art', 'adj', 'adj']",CLI,GR
32729,1,14581841,19348,37.00075976919444,"[""that's"", 'Bert']","['pro:dem', 'n:prop']",CHI,CL
32729,1,14581853,19348,37.00075976919444,"['Bert', ""you're"", 'right', ""that's"", 'Bert', 'not', 'Ernie']","['n:prop', 'pro:per', 'adj', 'pro:rel', 'n:prop', 'neg', 'n:prop']",CLI,DS
32729,1,14581877,19348,37.00075976919444,"['Bert', 'not', 'fit']","['n:prop', 'neg', 'v']",CHI,RT
32729,1,14581889,19348,37.00075976919444,"['can', 'I', 'drive', 'this', 'one']","['mod', 'pro:sub', 'v', 'det:dem', 'pro:indef']",CLI,ST
32729,1,14581902,19348,37.00075976919444,['yes'],['co'],CHI,YY
32729,1,14581911,19348,37.00075976919444,"['then', ""I'm"", 'going', 'to', 'turn', 'him', 'around']","['adv:tem', 'pro:sub', 'part', 'inf', 'v', 'pro:obj', 'adv']",CLI,RP
32729,1,14581925,19348,37.00075976919444,['four'],['det:num'],CHI,RD
32729,1,14581939,19348,37.00075976919444,"['you', 'want', 'him', 'on', 'four']","['pro:per', 'v', 'pro:obj', 'prep', 'det:num']",CLI,YQ
32729,1,14581953,19348,37.00075976919444,['yes'],['co'],CHI,AA
32729,1,14581965,19348,37.00075976919444,"['okay', 'what', 'kind', 'of', 'car', 'is', 'that']","['co', 'pro:int', 'n', 'prep', 'n', 'cop', 'pro:dem']",CLI,QN
32729,1,14581979,19348,37.00075976919444,"['green', 'police']","['n', 'n']",CHI,SA
32729,1,14581995,19348,37.00075976919444,"['a', 'blue', 'police', 'car']","['det:art', 'adj', 'n', 'n']",CLI,CT
32729,1,14582008,19348,37.00075976919444,['yes'],['co'],CHI,DW
32729,1,14582020,19348,37.00075976919444,"['a', 'blue', 'police', 'car']","['det:art', 'adj', 'n', 'n']",CLI,CT
32729,1,14582038,19348,37.00075976919444,"['what', 'number', 'is', 'he', 'on']","['pro:int', 'n', 'cop', 'pro:sub', 'adv']",CLI,QN
32729,1,14582050,19348,37.00075976919444,['three'],['det:num'],CHI,SA
32729,1,14582061,19348,37.00075976919444,"['three', 'yes']","['det:num', 'co']",CLI,AP
32729,1,14582076,19348,37.00075976919444,"['over', 'd', 'there']","['prep', '', 'n']",CHI,ST
32729,1,14582090,19348,37.00075976919444,"['oh', 'over', 'there']","['co', 'prep', 'n']",CLI,AC
32729,1,14582104,19348,37.00075976919444,"['Big_Bird', 'will', 'ride', 'the', 'elevator', 'down', 'and', 'the', 'car', 'will', 'go', 'down', 'by', 'c', 'there']","['n:prop', 'mod', 'v', 'det:art', 'n', 'adv', 'coord', 'det:art', 'n', 'mod', 'v', 'adv', 'prep', '', 'adv']",CLI,PD
32729,1,14582119,19348,37.00075976919444,"['Bert', 'there']","['n:prop', 'adv']",CHI,YQ
32729,1,14582132,19348,37.00075976919444,"['does', 'Bert', 'want', 'the', 'elevator']","['mod', 'n:prop', 'v', 'det:art', 'n']",CLI,YQ
32729,1,14582145,19348,37.00075976919444,['yes'],['co'],CHI,AA
32729,1,14582158,19348,37.00075976919444,['okay'],['co'],CLI,AD
32729,1,14582197,19348,37.00075976919444,"['want', 'Bert', 'in']","['v', 'n:prop', 'adv']",CLI,RQ
32729,1,14582209,19348,37.00075976919444,"['tell', 'me', 'to', 'put', 'Bert', 'in']","['v', 'pro:obj', 'inf', 'v', 'n:prop', 'adv']",CLI,TQ
32729,1,14582226,19348,37.00075976919444,"['Bert', 'in']","['n:prop', 'adv']",CHI,TA
32730,1,14579697,19348,37.00075976919444,['green'],['n'],CHI,SA
32730,1,14579705,19348,37.00075976919444,"['no', ""it's"", 'a', 'blue', 'car', ""it's"", 'not', 'green']","['co', 'pro:per', 'det:art', 'adj', 'n', 'pro:per', 'neg', 'adj']",CLI,DW
32730,1,14579715,19348,37.00075976919444,['yellow'],['n'],CHI,YY
32730,1,14579725,19348,37.00075976919444,"[""where's"", 'yellow']","['pro:int', 'n']",CLI,QN
32730,1,14579732,19348,37.00075976919444,['there'],['adv'],CHI,SA
32730,1,14579743,19348,37.00075976919444,"['is', 'that', 'the', 'color', 'of', 'Big_Bird']","['cop', 'comp', 'det:art', 'n', 'prep', 'n:prop']",CLI,AP
32730,1,14579755,19348,37.00075976919444,"['what', 'color', 'is', 'Big_Bird', 'again']","['pro:int', 'n', 'cop', 'n:prop', 'adv']",CLI,QN
32730,1,14579765,19348,37.00075976919444,['green'],['n'],CHI,SA
32730,1,14579774,19348,37.00075976919444,"['no', ""he's"", 'yellow']","['co', 'pro:sub', 'n']",CLI,DW
32730,1,14579784,19348,37.00075976919444,"['can', 'you', 'say', 'yellow']","['mod', 'pro:per', 'v', 'n']",CLI,EI
32730,1,14579796,19348,37.00075976919444,"['Big_Bird', 'up', 'there']","['n:prop', 'prep', 'n']",CHI,ST
32730,1,14579804,19348,37.00075976919444,"['where', 'are', 'you', 'going', 'to', 'put', 'him']","['pro:int', 'aux', 'pro:per', 'part', 'inf', 'v', 'pro:obj']",CLI,QN
32730,1,14579814,19348,37.00075976919444,"['up', 'there']","['prep', 'n']",CLI,SA
32730,1,14579824,19348,37.00075976919444,"['how', 'are', 'you', 'going', 'to', 'get', 'him', 'up']","['pro:int', 'aux', 'pro:per', 'part', 'inf', 'v', 'pro:obj', 'adv']",CLI,QN
32730,1,14579835,19348,37.00075976919444,['there'],['adv'],CHI,SA
32730,1,14579846,19348,37.00075976919444,"['uhhuh', 'going', 'up', 'the', 'ramp']","['co', 'part', 'prep', 'det:art', 'n']",CLI,AP
32730,1,14579854,19348,37.00075976919444,['yep'],['co'],CHI,YY
32730,1,14579860,19348,37.00075976919444,['stop'],['n'],CLI,PF
32730,1,14579871,19348,37.00075976919444,"['how', 'are', 'we', 'going', 'to', 'get', 'the', 'elevator', 'up', 'so', 'the', 'car', 'can', 'go', 'down']","['pro:int', 'cop', 'pro:sub', 'part', 'inf', 'v', 'det:art', 'n', 'adv', 'co', 'det:art', 'n', 'mod', 'v', 'adv']",CLI,GR
32730,1,14579883,19348,37.00075976919444,"['there', 'you', 'go']","['adv', 'pro:per', 'v']",CLI,MK
32730,1,14579891,19348,37.00075976919444,"['oops', ""Big_Bird's"", 'tall']","['co', 'adj', 'adj']",CLI,MK
32730,1,14579898,19348,37.00075976919444,"['does', 'he', 'fit']","['mod', 'pro:sub', 'v']",CLI,YQ
32730,1,14579913,19348,37.00075976919444,['no'],['co'],CHI,AN
32730,1,14579921,19348,37.00075976919444,"['maybe', 'you', 'will', 'hafta', 'take', 'him', 'down', 'the', 'ramp', 'again']","['adv', 'pro:per', 'mod', 'mod', 'v', 'pro:obj', 'v', 'det:art', 'n', 'adv']",CLI,RP
32730,1,14579935,19348,37.00075976919444,"['then', 'you', 'can', 'take', 'Ernie', 'up', 'the', 'ramp']","['adv:tem', 'pro:per', 'mod', 'v', 'n:prop', 'adv', 'det:art', 'n']",CLI,RP
32730,1,14579947,19348,37.00075976919444,"['Ernie', 'and', 'his', 'police', 'car']","['n:prop', 'coord', 'det:poss', 'n', 'n']",CLI,ST
32730,1,14579956,19348,37.00075976919444,"['there', 'we', 'go']","['adv', 'pro:sub', 'v']",CLI,MK
32730,1,14579966,19348,37.00075976919444,"['shall', 'we', 'bring', 'the', 'ramp', 'down']","['mod', 'pro:sub', 'v', 'det:art', 'n', 'adv']",CLI,RQ
32730,1,14579977,19348,37.00075976919444,"['what', 'does', 'that', 'sign', 'say', 'mark']","['pro:int', 'mod', 'pro:dem', 'v', 'v', 'n']",CLI,EA
32730,1,14579988,19348,37.00075976919444,['stop'],['n'],CHI,PF
32730,1,14579998,19348,37.00075976919444,"['right', 'stop']","['adv', 'n']",CLI,AP
32730,1,14580008,19348,37.00075976919444,"['shall', 'we', 'put', 'Ernie', 'in']","['mod', 'pro:sub', 'v', 'n:prop', 'adv']",CLI,RQ
32730,1,14580019,19348,37.00075976919444,"['what', 'happen', 'to', 'Ernie']","['pro:int', 'v', 'prep', 'n:prop']",CLI,QN
32730,1,14580030,19348,37.00075976919444,['gone'],['part'],CHI,SA
32730,1,14580042,19348,37.00075976919444,"[""where's"", 'Ernie']","['pro:int', 'n:prop']",CLI,QN
32730,1,14580053,19348,37.00075976919444,"['oh', 'did', 'you', 'take', 'Ernie']","['co', 'mod', 'pro:per', 'v', 'n:prop']",CLI,MK
32730,1,14580064,19348,37.00075976919444,"['should', 'we', 'bring', 'the', 'police', 'car', 'up']","['mod', 'pro:sub', 'v', 'det:art', 'n', 'n', 'adv']",CLI,RQ
32730,1,14580076,19348,37.00075976919444,['no'],['co'],CHI,RD
32730,1,14580087,19348,37.00075976919444,"['Big_Bird', 'up', 'there']","['n:prop', 'prep', 'n']",CHI,ST
32730,1,14580095,19348,37.00075976919444,"['Big_Bird', 'flew', 'up', 'there']","['n:prop', 'v', 'prep', 'n']",CLI,AP
32730,1,14580106,19348,37.00075976919444,"['the', 'car', 'flew']","['det:art', 'n', 'v']",CLI,ST
32730,1,14580116,19348,37.00075976919444,"['Big_Bird', 'down', 'xxx']","['n:prop', 'adv', '']",CHI,YY
32730,1,14580127,19348,37.00075976919444,"['no', 'Big_Bird']","['co', 'n:prop']",CHI,YY
32730,1,14580137,19348,37.00075976919444,['birds'],['n'],CHI,YY
32730,1,14580145,19348,37.00075976919444,['Big_Bird'],['n:prop'],CHI,YY
32730,1,14580156,19348,37.00075976919444,"['what', 'happen', 'to', 'Big_Bird']","['pro:int', 'v', 'prep', 'n:prop']",CLI,QN
32730,1,14580166,19348,37.00075976919444,['boom'],['co'],CHI,SA
32730,1,14580175,19348,37.00075976919444,"['did', 'he', 'go', 'boom']","['mod', 'pro:sub', 'v', 'co']",CLI,AP
32730,1,14580187,19348,37.00075976919444,"[""where's"", 'Ernie']","['pro:int', 'n:prop']",CLI,QN
32730,1,14580196,19348,37.00075976919444,"['right', 'there']","['adv', 'adv']",CHI,SA
32730,1,14580206,19348,37.00075976919444,"[""there's"", 'Ernie']","['pro:exist', 'n:prop']",CLI,AP
32730,1,14580213,19348,37.00075976919444,"['is', 'Ernie', 'going', 'to', 'go', 'down']","['cop', 'n:prop', 'part', 'inf', 'v', 'adv']",CLI,GR
32730,1,14580223,19348,37.00075976919444,['no'],['co'],CHI,RD
32730,1,14580232,19348,37.00075976919444,"['going', 'to', 'go', 'down', 'backwards']","['part', 'inf', 'v', 'adv', 'adv']",CLI,RP
32730,1,14580242,19348,37.00075976919444,"['oh', ""he's"", 'going', 'to', 'drive', 'down']","['co', 'pro:sub', 'part', 'prep', 'n', 'adv']",CLI,ST
32730,1,14580254,19348,37.00075976919444,"['let', 'him', 'go', 'and', 'see', 'what', 'happens', 'just', 'let', 'him', 'go']","['v', 'pro:obj', 'v', 'coord', 'v', 'pro:int', 'v', 'adv', 'v', 'pro:obj', 'v']",CLI,RP
32730,1,14580265,19348,37.00075976919444,"['Big_Bird', 'down']","['n:prop', 'adv']",CHI,YY
32730,1,14580273,19348,37.00075976919444,"['loud', 'noise', 'mom']","['adj', 'n', 'n']",CHI,ST
32730,1,14580282,19348,37.00075976919444,"['yeah', 'loud', 'noise', 'mom']","['co', 'adj', 'n', 'n']",CLI,AP
32730,1,14580296,19348,37.00075976919444,"['you', 'like', 'making', 'loud', ""noise's"", ""don't"", 'you']","['pro:per', 'v', 'part', 'adj', 'adj', 'mod', 'pro:per']",CLI,ST
32730,1,14580305,19348,37.00075976919444,"['what', 'happened', 'to', 'big', 'bird']","['pro:int', 'v', 'prep', 'adj', 'n']",CLI,QN
32730,1,14580313,19348,37.00075976919444,['fall'],['v'],CHI,SA
32730,1,14580321,19348,37.00075976919444,"['yeah', 'Big_Bird', 'fell', 'down']","['co', 'n:prop', 'v', 'adv']",CLI,AP
32730,1,14580330,19348,37.00075976919444,"['hi', 'Ernie']","['co', 'n:prop']",CHI,MK
32730,1,14580335,19348,37.00075976919444,"['hi', 'Big_Bird']","['co', 'n:prop']",CLI,MK
32730,1,14580345,19348,37.00075976919444,"['what', 'do', 'you', 'suppose', 'her', 'name', 'is']","['pro:int', 'mod', 'pro:per', 'v', 'det:poss', 'n', 'cop']",CLI,QN
32730,1,14580355,19348,37.00075976919444,"[""bird's"", 'house']","['adj', 'n']",CHI,SA
32730,1,14580363,19348,37.00075976919444,"[""bird's"", 'house', 'is', 'that', 'her', 'name', ""bird's"", 'house']","['adj', 'n', 'aux', 'comp', 'det:poss', 'n', 'adj', 'n']",CLI,YQ
32730,1,14580372,19348,37.00075976919444,"['yep', 'mom']","['co', 'n']",CHI,AA
32730,1,14580378,19348,37.00075976919444,"['bye', 'Ernie']","['co', 'n:prop']",CHI,MK
32730,1,14580385,19348,37.00075976919444,"['bye', 'Big_Bird']","['co', 'n:prop']",CLI,MK
32730,1,14580394,19348,37.00075976919444,"['Big_Bird', 'fall', 'Ernie']","['n:prop', 'v', 'n:prop']",CHI,RT
32730,1,14580401,19348,37.00075976919444,"['Big_Bird', 'fall']","['n:prop', 'v']",CHI,YY
32730,1,14580407,19348,37.00075976919444,"['what', 'number', 'are', 'you', 'putting', 'him', 'on']","['pro:int', 'n', 'aux', 'pro:per', 'part', 'pro:obj', 'adv']",CLI,QN
32730,1,14580415,19348,37.00075976919444,['three'],['det:num'],CHI,SA
32730,1,14580423,19348,37.00075976919444,['three'],['det:num'],CLI,AQ
32730,1,14580429,19348,37.00075976919444,['yep'],['co'],CHI,AA
32730,1,14580438,19348,37.00075976919444,"[""where's"", 'Ernie', 'going']","['pro:int', 'n:prop', 'part']",CLI,QN
32730,1,14580444,19348,37.00075976919444,"['going', 'up', 'three', 'fall']","['part', 'adv', 'det:num', 'v']",CHI,SA
32730,1,14580453,19348,37.00075976919444,"[""Ernie's"", 'going', 'up']","['n:prop', 'part', 'adv']",CLI,AP
32730,1,14580461,19348,37.00075976919444,"['what', 'number', 'is', 'Ernie', 'on']","['pro:int', 'n', 'cop', 'n:prop', 'adv']",CLI,QN
32730,1,14580469,19348,37.00075976919444,['two'],['det:num'],CHI,SA
32730,1,14580479,19348,37.00075976919444,"['look_it', 'if', 'we', 'put', 'him', 'here', 'and', 'turn', 'the', 'this', 'look', 'what', 'happens']","['co', 'conj', 'pro:sub', 'v', 'pro:obj', 'adv', 'coord', 'v', 'det:art', 'pro:dem', 'v', 'pro:int', 'v']",CLI,RP
32730,1,14580491,19348,37.00075976919444,['around'],['adv'],CHI,YY
32730,1,14580499,19348,37.00075976919444,['crash'],['n'],CHI,YY
32730,1,14580508,19348,37.00075976919444,['crash'],['n'],CLI,RT
32730,1,14580516,19348,37.00075976919444,"['look', 'at', 'this', 'poor', 'fellow', 'here']","['v', 'prep', 'det:dem', 'adj', 'n', 'adv']",CLI,RP
32730,1,14580522,19348,37.00075976919444,"[""he's"", 'all', 'alone']","['pro:sub', 'adv', 'adv']",CLI,ST
32730,1,14580528,19348,37.00075976919444,"['no', 'no', 'honey', 'you', 'hafta', 'turn', 'the', 'crank', 'to', 'make', 'it', 'to', 'up', 'and', 'down']","['co', 'qn', 'n', 'pro:per', 'mod', 'v', 'det:art', 'n', 'inf', 'v', 'pro:per', 'prep', 'adv', 'coord', 'adv']",CLI,PF
32730,1,14580535,19348,37.00075976919444,['out'],['adv'],CHI,YY
32730,1,14580542,19348,37.00075976919444,"[""person's"", 'out']","['adj', 'n']",CLI,RT
32730,1,14580546,19348,37.00075976919444,"[""what's"", 'that', ""person's"", 'name']","['pro:int', 'det:dem', 'adj', 'n']",CLI,QN
32730,1,14580553,19348,37.00075976919444,['mom'],['n'],CHI,SA
32730,1,14580560,19348,37.00075976919444,"['oh', 'hi', 'mom']","['co', 'co', 'n']",CLI,MK
32730,1,14580564,19348,37.00075976919444,"['hi', 'mom', 'how', 'are', 'you']","['co', 'n', 'pro:rel', 'cop', 'pro:per']",CLI,MK
32730,1,14580572,19348,37.00075976919444,"['what', 'number', 'did', 'you', 'put', 'him', 'on']","['pro:int', 'n', 'mod', 'pro:per', 'v', 'pro:obj', 'adv']",CLI,QN
32730,1,14580580,19348,37.00075976919444,['there'],['adv'],CHI,SA
32730,1,14580587,19348,37.00075976919444,"['what', 'number', 'is', 'that']","['pro:int', 'n', 'cop', 'pro:dem']",CLI,QN
32730,1,14580594,19348,37.00075976919444,['there'],['adv'],CHI,SA
32730,1,14580600,19348,37.00075976919444,"['what', 'number', 'is', 'that']","['pro:int', 'n', 'cop', 'pro:dem']",CLI,QN
32730,1,14580607,19348,37.00075976919444,['one'],['det:num'],CHI,SA
32731,1,14579707,19348,38.00078030349699,"['Bert', 'Ernie', 'Big_Bird', 'car', 'go']","['n:prop', 'n:prop', 'n:prop', 'n', 'v']",CHI,ST
32731,1,14579714,19348,38.00078030349699,"['their', 'car', 'went', 'yes', 'it', 'did']","['det:poss', 'n', 'v', 'co', 'pro:per', 'v']",CLI,AP
32731,1,14579720,19348,38.00078030349699,"['where', 'did', 'it', 'go']","['pro:int', 'mod', 'pro:per', 'v']",CLI,QN
32731,1,14579729,19348,38.00078030349699,"[""Ernie's"", 'gone', 'so', 'is', 'cookie', 'monster']","['n:prop', 'part', 'adv', 'cop', 'n', 'n']",CLI,SA
32731,1,14579734,19348,38.00078030349699,"['where', 'did', 'they', 'go']","['pro:int', 'mod', 'pro:sub', 'v']",CLI,QN
32731,1,14579741,19348,38.00078030349699,['there'],['adv'],CHI,YY
32731,1,14579761,19348,38.00078030349699,['xxx'],[''],CHI,YY
32731,1,14579768,19348,38.00078030349699,"['there', 'they', 'are']","['adv', 'pro:sub', 'cop']",CLI,ST
32731,1,14579780,19348,38.00078030349699,['xxx'],[''],CHI,YY
32731,1,14579790,19348,38.00078030349699,['no'],['co'],CHI,PF
32731,1,14579797,19348,38.00078030349699,"['no', 'you', ""don't"", 'want', 'me', 'to', 'turn', 'it', 'around']","['co', 'pro:per', 'mod', 'v', 'pro:obj', 'inf', 'v', 'pro:per', 'adv']",CLI,YQ
32731,1,14579808,19348,38.00078030349699,['no'],['co'],CHI,AN
32731,1,14579816,19348,38.00078030349699,"['Bert', 'Ernie', 'cookie', 'Ernie']","['n:prop', 'n:prop', 'n', 'n:prop']",CHI,ST
32731,1,14579825,19348,38.00078030349699,"[""you're"", 'turning', 'that', 'real', 'fast', ""aren't"", 'you']","['pro:per', 'part', 'det:dem', 'adj', 'n', 'cop', 'pro:per']",CLI,ST
32731,1,14579834,19348,38.00078030349699,"['do', 'they', 'like', 'to', 'do', 'that']","['mod', 'pro:sub', 'v', 'inf', 'v', 'pro:dem']",CLI,ST
32731,1,14579844,19348,38.00078030349699,['yes'],['co'],CHI,YY
32731,1,14579853,19348,38.00078030349699,"['bye', 'cookie']","['co', 'n']",CHI,MK
32731,1,14579858,19348,38.00078030349699,"['bye', 'cookie']","['co', 'n']",CHI,MK
32731,1,14579868,19348,38.00078030349699,"['bye', 'Ernie']","['co', 'n:prop']",CLI,MK
32731,1,14579878,19348,38.00078030349699,"['Ernie', 'where', 'are', 'you', 'going']","['n:prop', 'pro:rel', 'aux', 'pro:per', 'part']",CLI,QN
32731,1,14579888,19348,38.00078030349699,"['Ernie', 'where', 'are', 'you', 'going']","['n:prop', 'pro:rel', 'aux', 'pro:per', 'part']",CLI,QN
32731,1,14579900,19348,38.00078030349699,['fire'],['n'],CHI,SA
32731,1,14579909,19348,38.00078030349699,['fire'],['n'],CLI,CT
32731,1,14579917,19348,38.00078030349699,"['is', 'there', 'a', 'fire']","['cop', 'adv', 'det:art', 'n']",CLI,EC
32731,1,14579927,19348,38.00078030349699,"['cookie', 'going']","['n', 'part']",CHI,SC
32731,1,14579937,19348,38.00078030349699,"['cookie', 'going', 'to', 'fire']","['n', 'part', 'prep', 'n']",CLI,SC
32731,1,14579945,19348,38.00078030349699,['yes'],['co'],CHI,YY
32731,1,14579954,19348,38.00078030349699,"['woo', 'woo']","['co', 'co']",CHI,MK
32731,1,14579963,19348,38.00078030349699,"['fire', 'woo']","['n', '']",CHI,YY
32731,1,14579971,19348,38.00078030349699,"['Bert', 'going']","['n:prop', 'part']",CHI,YY
32731,1,14579980,19348,38.00078030349699,"['are', 'they', 'watching', 'the', 'fire']","['cop', 'pro:sub', 'part', 'det:art', 'n']",CLI,YQ
32731,1,14579992,19348,38.00078030349699,['yes'],['co'],CHI,AA
32731,1,14580002,19348,38.00078030349699,"['is', 'it', 'a', 'big', 'fire']","['aux', 'pro:per', 'det:art', 'adj', 'n']",CLI,YQ
32731,1,14580014,19348,38.00078030349699,['yes'],['co'],CHI,AA
32731,1,14580024,19348,38.00078030349699,"[""what's"", 'on', 'fire', 'a', 'house']","['pro:int', 'prep', 'n', 'det:art', 'n']",CLI,QN
32731,1,14580033,19348,38.00078030349699,['yes'],['co'],CHI,YY
32731,1,14580045,19348,38.00078030349699,['oh'],['co'],CLI,AC
32731,1,14580060,19348,38.00078030349699,['woo'],[''],CHI,YY
32731,1,14580068,19348,38.00078030349699,"[""nobody's"", 'in', 'there']","['adj', 'prep', 'n']",CLI,RP
32731,1,14580077,19348,38.00078030349699,"['no', 'Big_Bird']","['co', 'n:prop']",CHI,RD
32731,1,14580088,19348,38.00078030349699,['no'],['co'],CHI,RD
32731,1,14580100,19348,38.00078030349699,"['what', 'are', 'they', 'all', 'doing']","['pro:int', 'cop', 'pro:sub', 'post', 'part']",CLI,QN
32731,1,14580107,19348,38.00078030349699,"['watch', 'fire']","['n', 'n']",CHI,SA
32731,1,14580119,19348,38.00078030349699,"[""they're"", 'all']","['pro:sub', 'post']",CLI,CT
32731,1,14580128,19348,38.00078030349699,"['watch', 'fire']","['n', 'n']",CHI,RP
32731,1,14580139,19348,38.00078030349699,"[""they're"", 'all', 'watching', 'the', 'fire']","['pro:sub', 'post', 'part', 'det:art', 'n']",CLI,ST
32731,1,14580150,19348,38.00078030349699,"['no', 'watch', 'fire']","['qn', 'n', 'n']",CHI,DW
32731,1,14580158,19348,38.00078030349699,"['watch', 'the', 'fire']","['n', 'det:art', 'n']",CLI,CT
32731,1,14580169,19348,38.00078030349699,"[""they're"", 'all', 'watching', 'the', 'fire']","['pro:sub', 'post', 'part', 'det:art', 'n']",CLI,ST
32731,1,14580180,19348,38.00078030349699,"['more', 'popcorn', 'please']","['qn', '', 'co']",CHI,RP
32731,1,14580190,19348,38.00078030349699,"['a', 'little', 'bit', 'later']","['det:art', 'adj', 'n', 'adv']",CLI,PD
32731,1,14580201,19348,38.00078030349699,"[""it's"", 'up', 'there', ""we'll"", 'get', 'it', 'later']","['pro:per', 'prep', 'n', 'pro:sub', 'aux', 'pro:per', 'adv']",CLI,PD
32731,1,14580210,19348,38.00078030349699,"['me', 'see']","['pro:obj', 'v']",CHI,RP
32731,1,14580220,19348,38.00078030349699,"['see', ""it's"", 'up', 'there']","['co', 'pro:per', 'prep', 'n']",CLI,RP
32731,1,14580229,19348,38.00078030349699,"['oh', 'oh']","['co', '']",CHI,MK
32731,1,14580240,19348,38.00078030349699,"['oh', 'oh', 'do', 'you', 'see', 'something']","['co', '', 'v', 'pro:per', 'v', 'pro:indef']",CLI,YQ
32731,1,14580250,19348,38.00078030349699,"['yes', 'puzzles']","['co', 'v']",CHI,AA
32731,1,14580257,19348,38.00078030349699,"['puzzles', 'do', 'you', 'wanna', 'see', 'the', 'puzzles']","['v', 'mod', 'pro:per', 'v', 'co', 'det:art', 'n']",CLI,YQ
32731,1,14580267,19348,38.00078030349699,"['no', 'choo_choo', 'airplane']","['co', 'on', 'n']",CHI,AN
32731,1,14580275,19348,38.00078030349699,"['choo_choo', 'train', 'and', 'airplane']","['on', 'n', 'coord', 'n']",CLI,ST
32731,1,14580284,19348,38.00078030349699,"['loud', 'noise']","['adj', 'n']",CHI,ST
32731,1,14580292,19348,38.00078030349699,['boat'],['n'],CHI,ST
32731,1,14580299,19348,38.00078030349699,"['a', 'boat', 'yes', ""it's"", 'a', 'boat']","['det:art', 'n', 'co', 'pro:per', 'det:art', 'n']",CLI,AP
32731,1,14580308,19348,38.00078030349699,"['choo_choo', 'train']","['on', 'n']",CHI,ST
32731,1,14580315,19348,38.00078030349699,"['orange', 'train', 'it', 'fits', 'nice']","['adj', 'n', 'pro:per', 'v', 'adj']",CLI,ST
32731,1,14580324,19348,38.00078030349699,['car'],['n'],CHI,YY
32731,1,14580331,19348,38.00078030349699,"['car', 'a', 'red', 'car']","['n', 'det:art', 'adj', 'n']",CLI,ST
32731,1,14580339,19348,38.00078030349699,['airplane'],['n'],CHI,YY
32731,1,14580348,19348,38.00078030349699,"['airplane', ""where's"", 'airplane']","['n', 'pro:rel', 'n']",CLI,RT
32731,1,14580356,19348,38.00078030349699,['there'],['adv'],CLI,MK
32731,1,14580364,19348,38.00078030349699,"['there', 'it', 'goes']","['adv', 'pro:per', 'v']",CLI,MK
32731,1,14580371,19348,38.00078030349699,"['yes', 'you', 'put', 'it', 'in', 'good']","['co', 'pro:per', 'v', 'pro:per', 'prep', 'adj']",CLI,PM
32731,1,14580382,19348,38.00078030349699,['go'],['v'],CHI,YY
32731,1,14580388,19348,38.00078030349699,"['there', 'it', 'go']","['adv', 'pro:per', 'v']",CHI,YY
32731,1,14580395,19348,38.00078030349699,['truck'],['n'],CHI,YY
32731,1,14580402,19348,38.00078030349699,"['a', 'truck', 'what', 'does', 'a', 'truck', 'do']","['det:art', 'n', 'pro:int', 'v', 'det:art', 'n', 'v']",CLI,QN
32731,1,14580408,19348,38.00078030349699,"['it', 'does', 'that', 'to']","['pro:per', 'mod', 'pro:dem', 'prep']",CLI,YA
32731,1,14580414,19348,38.00078030349699,['yes'],['co'],CHI,AA
32731,1,14580420,19348,38.00078030349699,"['I', ""didn't"", 'know', 'trucks', 'did', 'that']","['pro:sub', 'mod', 'v', 'n', 'v', 'comp']",CLI,ST
32731,1,14580428,19348,38.00078030349699,['no'],['co'],CHI,RD
32731,1,14580434,19348,38.00078030349699,['no'],['co'],CLI,RD
32731,1,14580440,19348,38.00078030349699,['no'],['co'],CHI,RD
32731,1,14580447,19348,38.00078030349699,"['why', 'not']","['pro:int', 'neg']",CLI,QN
32731,1,14580450,19348,38.00078030349699,"['people', 'there']","['n', 'adv']",CHI,SA
32731,1,14580456,19348,38.00078030349699,['what'],['pro:int'],CLI,QN
32731,1,14580465,19348,38.00078030349699,['peoples'],['n'],CHI,SA
32731,1,14580475,19348,38.00078030349699,"['puzzles', 'there']","['v', 'adv']",CLI,SA
32731,1,14580483,19348,38.00078030349699,"['no', 'people']","['qn', 'n']",CHI,DW
32731,1,14580492,19348,38.00078030349699,"['purple', 'people']","['adj', 'n']",CLI,CT
32731,1,14580500,19348,38.00078030349699,['yes'],['co'],CHI,DW
32731,1,14580506,19348,38.00078030349699,"['people', 'there']","['n', 'adv']",CLI,CT
32731,1,14580513,19348,38.00078030349699,['moos'],[''],CHI,DW
32731,1,14580520,19348,38.00078030349699,['cows'],['n'],CLI,CT
32731,1,14580529,19348,38.00078030349699,"['yes', 'there', 'are', 'cows']","['co', 'adv', 'cop', 'n']",CLI,AP
32731,1,14580537,19348,38.00078030349699,"['what', 'else', 'is', 'there']","['pro:int', 'post', 'aux', 'adv']",CLI,QN
32731,1,14580543,19348,38.00078030349699,['nothing'],['pro:indef'],CHI,YY
32731,1,14580552,19348,38.00078030349699,['police'],['n'],CHI,YY
32731,1,14580557,19348,38.00078030349699,['police'],['n'],CLI,EC
32731,1,14580563,19348,38.00078030349699,['fire'],['n'],CHI,SC
32731,1,14580571,19348,38.00078030349699,['fire'],['n'],CLI,SC
32731,1,14580579,19348,38.00078030349699,"['baby', 'lady']","['n', 'n']",CHI,SC
32731,1,14580586,19348,38.00078030349699,"['yes', 'a', 'mommy']","['co', 'det:art', 'n']",CLI,AP
32731,1,14580595,19348,38.00078030349699,"[""that's"", 'a', 'mommy', 'with', 'her', 'kids']","['pro:dem', 'det:art', 'n', 'prep', 'det:poss', 'n']",CLI,ST
32731,1,14580604,19348,38.00078030349699,['baby'],['n'],CHI,YY
32731,1,14580613,19348,38.00078030349699,['fireman'],[''],CHI,YY
32731,1,14580618,19348,38.00078030349699,"['fireman', 'yes']","['', 'co']",CLI,AC
32731,1,14580623,19348,38.00078030349699,"['woo', 'woo']","['', '']",CHI,YY
32731,1,14580630,19348,38.00078030349699,"[""who's"", 'that']","['pro:int', 'pro:dem']",CLI,QN
32731,1,14580647,19348,38.00078030349699,"['woo', 'woo']","['', '']",CHI,SA
32731,1,14580653,19348,38.00078030349699,"[""that's"", 'a', 'woo', 'woo']","['pro:dem', 'det:art', '', '']",CLI,AP
32731,1,14580659,19348,38.00078030349699,"[""that's"", 'a', 'policeman']","['pro:dem', 'det:art', '']",CLI,ST
32731,1,14580669,19348,38.00078030349699,['yep'],['co'],CHI,YY
32731,1,14580729,19348,38.00078030349699,"['oh', 'no']","['co', 'co']",CHI,YY
32731,1,14580737,19348,38.00078030349699,"['where', 'does', 'it', 'go']","['pro:int', 'mod', 'pro:per', 'v']",CLI,QN
32731,1,14580742,19348,38.00078030349699,['no'],['co'],CHI,RD
32731,1,14580750,19348,38.00078030349699,"['does', 'she', 'fit', 'there']","['mod', 'pro:sub', 'v', 'adv']",CLI,GR
32731,1,14580757,19348,38.00078030349699,['no'],['co'],CHI,RD
32731,1,14580763,19348,38.00078030349699,"['where', 'does', 'she', 'fit']","['pro:int', 'v', 'pro:sub', 'v']",CLI,QN
32731,1,14580770,19348,38.00078030349699,"['right', 'here']","['adv', 'adv']",CHI,SA
32731,1,14580778,19348,38.00078030349699,"['good', 'she', 'does', 'fit', 'right', 'there']","['adj', 'pro:sub', 'v', 'n', 'adv', 'adv']",CLI,AP
32731,1,14580801,19348,38.00078030349699,"[""she's"", 'a', 'dancer']","['pro:sub', 'det:art', 'n']",CLI,ST
32731,1,14580810,19348,38.00078030349699,['people'],['n'],CHI,YY
32731,1,14580816,19348,38.00078030349699,"[""that's"", 'a', 'space+man']","['pro:dem', 'det:art', '']",CLI,YY
32731,1,14580823,19348,38.00078030349699,['space+man'],[''],CHI,YY
32731,1,14580857,19348,38.00078030349699,['good'],['adj'],CLI,YY
32731,1,14580863,19348,38.00078030349699,['girl'],['n'],CHI,YY
32731,1,14580869,19348,38.00078030349699,['nurse'],['n'],CLI,YY
32731,1,14580874,19348,38.00078030349699,['farmer'],['n'],CHI,YY
32731,1,14580879,19348,38.00078030349699,"['where', 'does', 'the', 'cowboy', 'go']","['pro:int', 'v', 'det:art', '', 'v']",CLI,QN
32731,1,14580889,19348,38.00078030349699,"['right', 'here']","['adv', 'adv']",CHI,SA
32731,1,14580894,19348,38.00078030349699,"['no', 'right', 'here']","['co', 'adv', 'adv']",CHI,YY
32731,1,14580899,19348,38.00078030349699,['xxx'],[''],CHI,YY
32731,1,14580903,19348,38.00078030349699,['oh'],['co'],CHI,YY
32731,1,14580908,19348,38.00078030349699,"['no', 'right', 'here', 'good']","['co', 'adv', 'adv', 'adj']",CLI,PM
32731,1,14580912,19348,38.00078030349699,"['you', 'did', 'a', 'real', 'good', 'job', 'mark']","['pro:per', 'v', 'det:art', 'adj', 'adj', 'n', 'n']",CLI,PM
32731,1,14580918,19348,38.00078030349699,"['you', 'put', 'those', 'right', 'in', 'the', 'right', 'place']","['pro:per', 'v', 'pro:dem', 'adv', 'prep', 'det:art', 'adj', 'n']",CLI,RP
32731,1,14580923,19348,38.00078030349699,['yes'],['co'],CHI,AD
32731,1,14580928,19348,38.00078030349699,"['do', 'you', 'want', 'this', 'one', 'tipped', 'over']","['mod', 'pro:per', 'v', 'det:dem', 'pro:indef', 'v', 'adv']",CLI,RQ
32731,1,14580933,19348,38.00078030349699,['no'],['co'],CHI,RD
32731,1,14580938,19348,38.00078030349699,"['Bert', 'Ernie']","['n:prop', 'n:prop']",CHI,CL
32731,1,14580943,19348,38.00078030349699,"['Bert', 'Ernie', 'where', 'are', 'they']","['n:prop', 'n:prop', 'pro:rel', 'cop', 'pro:sub']",CLI,QN
32731,1,14580948,19348,38.00078030349699,"['they', ""didn't"", 'see', 'you', 'put', 'the', 'puzzle', 'together']","['pro:sub', 'mod', 'v', 'pro:per', 'v', 'det:art', 'n', 'adv']",CLI,RP
32731,1,14580954,19348,38.00078030349699,['uhuh'],['co'],CHI,RD
32731,1,14580958,19348,38.00078030349699,"['are', 'they', 'still', 'watching', 'the', 'fire']","['cop', 'pro:sub', 'adv', 'part', 'det:art', 'n']",CLI,ST
32731,1,14580963,19348,38.00078030349699,['yes'],['co'],CHI,YY
32731,1,14580968,19348,38.00078030349699,"['oh', 'must', 'be', 'a', 'really', 'big', 'fire']","['co', 'mod', 'cop', 'det:art', 'adv', 'adj', 'n']",CLI,ST
32731,1,14580974,19348,38.00078030349699,"['cookie', 'too']","['n', 'adv']",CHI,ST
32731,1,14580979,19348,38.00078030349699,"['cookie', 'is', 'watching', 'it', 'too']","['n', 'aux', 'part', 'pro:per', 'adv']",CLI,YQ
32731,1,14580984,19348,38.00078030349699,['yes'],['co'],CHI,AA
32731,1,14580987,19348,38.00078030349699,"['woo', 'woo']","['', '']",CHI,YY
32731,1,14580992,19348,38.00078030349699,"[""who's"", 'driving', 'the', 'car']","['pro:rel', 'part', 'det:art', 'n']",CLI,QN
32731,1,14580995,19348,38.00078030349699,['nothing'],['pro:indef'],CHI,YY
32731,1,14581001,19348,38.00078030349699,"[""nobody's"", 'driving', 'the', 'car']","['pro:indef', 'part', 'det:art', 'n']",CLI,ST
32731,1,14581006,19348,38.00078030349699,"['Ernie', 'cookie']","['n:prop', 'n']",CHI,ST
32731,1,14581009,19348,38.00078030349699,"['oh', 'now', 'Ernie', 'and', 'cookie', 'are', 'driving', 'the', 'car']","['co', 'adv', 'n:prop', 'coord', 'n', 'aux', 'part', 'det:art', 'n']",CLI,ST
32731,1,14581017,19348,38.00078030349699,"['watch', 'this', 'boom', 'boom', 'boom']","['v', 'pro:dem', '', '', '']",CHI,RP
32732,1,14581583,19348,38.00078030349699,"['need', 'more', 'room']","['v', 'qn', 'n']",CLI,RP
32732,1,14581596,19348,38.00078030349699,['uhhuh'],['co'],CHI,RD
32732,1,14581607,19348,38.00078030349699,"['should', 'we', 'help', 'daddy', 'build', 'a', 'house']","['mod', 'pro:sub', 'v', 'n', 'v', 'det:art', 'n']",CLI,RQ
32732,1,14581617,19348,38.00078030349699,['yeah'],['co'],CHI,AD
32732,1,14581627,19348,38.00078030349699,['okay'],['co'],CLI,AD
32732,1,14581638,19348,38.00078030349699,"['what', 'do', 'you', 'have', 'there', 'mark']","['pro:int', 'mod', 'pro:per', 'v', 'adv', 'n']",CLI,QN
32732,1,14581652,19348,38.00078030349699,"['I', ""don't"", 'know']","['pro:sub', 'mod', 'v']",CHI,SA
32732,1,14581663,19348,38.00078030349699,"['you', ""don't"", 'know']","['pro:per', 'mod', 'v']",CLI,AP
32732,1,14581669,19348,38.00078030349699,"['can', 'you', 'say', 'mixer']","['mod', 'pro:per', 'v', 'n']",CLI,EI
32732,1,14581682,19348,38.00078030349699,"['oh', ""you're"", 'mixing', 'my', 'hair']","['co', 'pro:per', 'part', 'det:poss', 'n']",CLI,ST
32732,1,14581691,19348,38.00078030349699,"['hope', 'it', ""doesn't"", 'get', 'caught']","['v', 'pro:per', 'mod', 'v', 'v']",CLI,ST
32732,1,14581708,19348,38.00078030349699,"['is', 'it', 'going', 'to', 'stay']","['aux', 'pro:per', 'part', 'inf', 'v']",CLI,ST
32732,1,14581720,19348,38.00078030349699,"['daddy', 'built', 'a', 'house', 'for', 'you']","['n', 'v', 'det:art', 'n', 'prep', 'pro:per']",CLI,ST
32732,1,14581791,19348,38.00078030349699,"['how', 'many', 'rooms', 'in', 'the', 'house', 'mark']","['pro:int', 'qn', 'n', 'prep', 'det:art', 'n', 'n']",CLI,QN
32732,1,14581814,19348,38.00078030349699,"['I', ""don't"", 'know']","['pro:sub', 'mod', 'v']",CHI,SA
32732,1,14581827,19348,38.00078030349699,"['count', 'them']","['v', 'pro:obj']",CLI,AP
32732,1,14581846,19348,38.00078030349699,"['oh', 'what', 'a', 'nice', 'house', 'this', 'is']","['co', 'pro:int', 'det:art', 'adj', 'n', 'pro:dem', 'cop']",CLI,ST
32732,1,14581859,19348,38.00078030349699,"['oh', 'no', 'the', 'house', 'is', 'gone']","['co', 'co', 'det:art', 'n', 'aux', 'part']",CLI,DW
32732,1,14581870,19348,38.00078030349699,"[""where's"", 'my', 'nice', 'house']","['pro:int', 'det:poss', 'adj', 'n']",CLI,QN
32732,1,14581881,19348,38.00078030349699,"['are', 'you', 'mixing', 'Ernie']","['cop', 'pro:per', 'part', 'n:prop']",CLI,SA
32732,1,14581893,19348,38.00078030349699,['yeah'],['co'],CHI,AC
32732,1,14581904,19348,38.00078030349699,"['mixing', ""Ernie's"", 'hair']","['part', 'adj', 'n']",CLI,ST
32732,1,14581912,19348,38.00078030349699,"['oh', 'now', ""you're"", 'mixing', 'my', 'hair']","['co', 'adv', 'pro:per', 'part', 'det:poss', 'n']",CLI,ST
32732,1,14581921,19348,38.00078030349699,"['now', 'what', 'are', 'you', 'doing', 'Matt']","['adv', 'pro:int', 'aux', 'pro:per', 'part', 'n:prop']",CLI,QN
32732,1,14581942,19348,38.00078030349699,"['can', 'you', 'say', 'mixing', ""Terri's"", 'hair']","['mod', 'pro:per', 'v', 'n:gerund', 'adj', 'n']",CLI,EI
32732,1,14581954,19348,38.00078030349699,"['mix', ""Terri's"", 'hair']","['n', 'adj', 'n']",CHI,RT
32732,1,14581967,19348,38.00078030349699,['good'],['adj'],CLI,AP
32732,1,14581982,19348,38.00078030349699,"['oh', 'I', 'feel', ""it's"", 'getting', 'caught']","['co', 'pro:sub', 'v', 'pro:per', 'n:gerund', 'part']",CLI,ST
32732,1,14581996,19348,38.00078030349699,"['graham', 'cracker', 'go']","['n', 'n', 'v']",CHI,ST
32732,1,14582004,19348,38.00078030349699,"[""where'd"", 'graham', 'cracker', 'go']","['pro:rel', 'n', 'n', 'v']",CLI,QN
32732,1,14582017,19348,38.00078030349699,"['I', ""don't"", 'know']","['pro:sub', 'mod', 'v']",CLI,SA
32732,1,14582031,19348,38.00078030349699,"[""we'll"", 'have', 'those', 'a', 'little', 'later']","['pro:sub', 'v', 'det:dem', 'det:art', 'adj', 'adv']",CLI,PD
32732,1,14582043,19348,38.00078030349699,['bubbles'],['n'],CLI,RP
32732,1,14582057,19348,38.00078030349699,['yeah'],['co'],CHI,AD
32732,1,14582068,19348,38.00078030349699,['okay'],['co'],CLI,AD
32732,1,14582084,19348,38.00078030349699,"['where', 'are', 'they']","['pro:int', 'cop', 'pro:sub']",CLI,QN
32732,1,14582097,19348,38.00078030349699,"['show', 'ya']","['v', 'pro:per']",CHI,SA
32732,1,14582116,19348,38.00078030349699,"['ta', 'da']","['', '']",CHI,YY
32732,1,14582130,19348,38.00078030349699,"['ta', 'da']","['', '']",CLI,RR
32732,1,14582136,19348,38.00078030349699,"['hanging', 'down']","['part', 'adv']",CHI,SA
32732,1,14582147,19348,38.00078030349699,"['hanging', 'down']","['part', 'adv']",CLI,AP
32732,1,14582167,19348,38.00078030349699,"[""what's"", 'hanging', 'down']","['pro:int', 'part', 'adv']",CLI,QN
32732,1,14582177,19348,38.00078030349699,"[""bubble's"", 'hanging', 'down']","['n', 'part', 'adv']",CHI,SA
32732,1,14582189,19348,38.00078030349699,"['yes', 'they', 'are', 'hanging', 'down']","['co', 'pro:sub', 'aux', 'part', 'adv']",CLI,AP
32732,1,14582199,19348,38.00078030349699,"['heard', 'it', 'snap']","['v', 'pro:per', 'v']",CLI,ST
32732,1,14582213,19348,38.00078030349699,"['daddy', 'snap', 'it']","['n', 'n', 'pro:per']",CHI,RT
32732,1,14582234,19348,38.00078030349699,"['daddy', 'snapped', 'it']","['n', 'v', 'pro:per']",CLI,YQ
32732,1,14582253,19348,38.00078030349699,['yes'],['co'],CHI,AA
32732,1,14582260,19348,38.00078030349699,"['snapped', 'what']","['v', 'pro:int']",CLI,QN
32732,1,14582270,19348,38.00078030349699,"['your', 'finger']","['det:poss', 'n']",CHI,SA
32732,1,14582278,19348,38.00078030349699,['right'],['co'],CLI,AP
32732,1,14582290,19348,38.00078030349699,"['want', 'me', 'to', 'pour', 'that', 'in', 'there']","['v', 'pro:obj', 'inf', 'v', 'adv', 'prep', 'n']",CLI,RQ
32732,1,14582301,19348,38.00078030349699,"['I', 'will']","['pro:sub', 'mod']",CHI,AD
32732,1,14582312,19348,38.00078030349699,"['okay', 'be', 'careful']","['co', 'aux', 'co']",CLI,AD
32732,1,14582326,19348,38.00078030349699,"['little', 'bit']","['adj', 'n']",CLI,ST
32732,1,14582336,19348,38.00078030349699,"['there', 'we', 'go']","['adv', 'pro:sub', 'v']",CLI,MK
32732,1,14582347,19348,38.00078030349699,"[""that's"", 'enough']","['pro:dem', 'adv']",CLI,DC
32732,1,14582354,19348,38.00078030349699,"['who', 'spilled', 'some', 'out']","['pro:int', 'v', 'qn', 'adv']",CLI,QN
32732,1,14582364,19348,38.00078030349699,"['I', 'did']","['pro:sub', 'v']",CHI,SA
32732,1,14582376,19348,38.00078030349699,"['whoa', 'I', 'just', 'spilled', 'it', 'on', 'the', 'floor']","['co', 'pro:sub', 'adv', 'v', 'pro:per', 'prep', 'det:art', 'n']",CLI,ST
32732,1,14582390,19348,38.00078030349699,"['oh', 'no']","['co', 'co']",CLI,XA
32732,1,14582403,19348,38.00078030349699,['aw'],[''],CHI,YY
32732,1,14582415,19348,38.00078030349699,"['what', 'are', 'you', 'going', 'to', 'do', 'now', 'mark']","['pro:int', 'aux', 'pro:per', 'part', 'inf', 'v', 'adv', 'n']",CLI,QN
32732,1,14582426,19348,38.00078030349699,"['oh', 'it', ""won't"", 'work', 'for', 'me']","['co', 'pro:per', 'mod', 'v', 'prep', 'pro:obj']",CLI,RP
32732,1,14582445,19348,38.00078030349699,"['watch', 'this']","['v', 'pro:dem']",CHI,RP
32732,1,14582454,19348,38.00078030349699,"['you', 'popped', 'the', 'balloons']","['pro:per', 'v', 'det:art', 'n']",CLI,ST
32732,1,14582467,19348,38.00078030349699,"['no', 'fu', 'fu', 'bubble']","['qn', '', '', 'n']",CHI,DW
32732,1,14582478,19348,38.00078030349699,"['you', 'popped', 'the', 'bubble']","['pro:per', 'v', 'det:art', 'n']",CLI,ST
32732,1,14582492,19348,38.00078030349699,"[""you're"", 'right', 'you', 'popped', 'the', 'bubble']","['pro:per', 'adj', 'pro:per', 'v', 'det:art', 'n']",CLI,ST
32732,1,14582503,19348,38.00078030349699,"['no', 'more', 'popping', 'bubbles']","['co', 'adv', 'part', 'n']",CLI,RP
32732,1,14582513,19348,38.00078030349699,['no'],['co'],CHI,RD
32732,1,14582521,19348,38.00078030349699,['okay'],['co'],CLI,GI
32732,1,14582524,19348,38.00078030349699,"['where', 'are', 'the', ""balloon's""]","['pro:int', 'cop', 'det:art', 'n']",CLI,QN
32732,1,14582527,19348,38.00078030349699,"['show', 'ya']","['v', 'pro:per']",CHI,RP
32732,1,14582529,19348,38.00078030349699,"[""you're"", 'going', 'to', 'show', 'me', 'okay']","['pro:per', 'part', 'inf', 'v', 'pro:obj', 'adj']",CLI,RP
32732,1,14582533,19348,38.00078030349699,"['ta', 'da']","['', '']",CHI,YY
32732,1,14582535,19348,38.00078030349699,"['ta', 'da', 'where', 'are', 'they']","['', '', 'pro:int', 'cop', 'pro:sub']",CLI,QN
32732,1,14582538,19348,38.00078030349699,"['show', 'ya']","['v', 'pro:per']",CHI,SA
32732,1,14582541,19348,38.00078030349699,"['yes', 'you', 'did', 'show', 'me']","['co', 'pro:per', 'v', 'v', 'pro:obj']",CLI,DW
32732,1,14582545,19348,38.00078030349699,"['look', 'at', 'all', 'those', 'balloons']","['v', 'prep', 'qn', 'det:dem', 'n']",CLI,RP
32732,1,14582549,19348,38.00078030349699,"['me', 'want']","['pro:obj', 'v']",CHI,YY
32732,1,14582552,19348,38.00078030349699,"['this', 'one']","['pro:dem', 'pro:indef']",CHI,YY
32732,1,14582555,19348,38.00078030349699,"['me', 'want', 'this', 'one']","['pro:obj', 'v', 'det:dem', 'pro:indef']",CHI,ST
32732,1,14582558,19348,38.00078030349699,"['you', 'want']","['pro:per', 'v']",CLI,AP
32733,1,14579015,19348,37.00075976919444,"['xxx', 'xxx', 'house']","['', '', 'n']",CHI,SA
32733,1,14579017,19348,37.00075976919444,['more'],['pro:indef'],CLI,YQ
32733,1,14579021,19348,37.00075976919444,"['no', 'xxx', 'xxx', 'house', 'bigger', 'bigger', 'house']","['qn', '', '', 'n', 'adj', 'adj', 'n']",CHI,AN
32733,1,14579025,19348,37.00075976919444,"['you', 'want', 'a', 'bigger', 'bigger', 'house']","['pro:per', 'v', 'det:art', 'adj', '', 'n']",CLI,AN
32733,1,14579031,19348,37.00075976919444,"['well', ""let's"", 'build', 'a', 'bigger', 'house']","['co', 'v', 'v', 'det:art', 'adj', 'n']",CLI,RP
32733,1,14579036,19348,37.00075976919444,"['yes', 'okay']","['co', 'co']",CLI,AD
32733,1,14579041,19348,37.00075976919444,"['well', ""let's"", 'build', 'a', 'big', 'house', 'mark']","['co', 'v', 'v', 'det:art', 'adj', 'n', 'n']",CLI,RP
32733,1,14579045,19348,37.00075976919444,['there'],['adv'],CHI,RD
32733,1,14579051,19348,37.00075976919444,"['okay', 'there', 'is', 'that', 'a', 'wall']","['co', 'adv', 'cop', 'comp', 'det:art', 'n']",CLI,YQ
32733,1,14579056,19348,37.00075976919444,['yes'],['co'],CHI,AA
32733,1,14579060,19348,37.00075976919444,"['okay', 'good', 'wall']","['co', 'adj', 'n']",CLI,AP
32733,1,14579066,19348,37.00075976919444,['there'],['adv'],CHI,YY
32733,1,14579070,19348,37.00075976919444,['there'],['adv'],CLI,YQ
32733,1,14579074,19348,37.00075976919444,['there'],['adv'],CHI,AA
32733,1,14579079,19348,37.00075976919444,['there'],['adv'],CLI,YQ
32733,1,14579082,19348,37.00075976919444,['there'],['adv'],CHI,AA
32733,1,14579085,19348,37.00075976919444,['there'],['adv'],CLI,AC
32733,1,14579092,19348,37.00075976919444,['window'],['n'],CHI,YY
32733,1,14579097,19348,37.00075976919444,['window'],['n'],CLI,RT
32733,1,14579102,19348,37.00075976919444,['wheel'],['n'],CHI,YY
32733,1,14579107,19348,37.00075976919444,"['what', 'else', 'does', 'it', 'need', 'huh']","['pro:int', 'post', 'mod', 'pro:per', 'v', 'co']",CLI,QN
32733,1,14579113,19348,37.00075976919444,['wheel'],['n'],CHI,YY
32733,1,14579117,19348,37.00075976919444,['wheel'],['n'],CHI,YY
32733,1,14579121,19348,37.00075976919444,"['bigger', 'wheel']","['adj', 'n']",CHI,ST
32733,1,14579126,19348,37.00075976919444,"['bigger', 'wheel']","['adj', 'n']",CLI,AP
32733,1,14579132,19348,37.00075976919444,"['yes', 'it', 'needs', 'a', 'bigger', 'wheel']","['co', 'pro:per', 'v', 'det:art', 'adj', 'n']",CLI,ST
32733,1,14579138,19348,37.00075976919444,"['it', 'needs', 'a', 'bridge']","['pro:per', 'v', 'det:art', 'n']",CLI,ST
32733,1,14579142,19348,37.00075976919444,['xxx'],[''],CHI,YY
32733,1,14579150,19348,37.00075976919444,"['oh', 'okay']","['co', 'co']",CLI,MK
32733,1,14579155,19348,37.00075976919444,['xxx'],[''],CHI,YY
32733,1,14579161,19348,37.00075976919444,['say'],['co'],CHI,YY
32733,1,14579167,19348,37.00075976919444,['yeah'],['co'],CLI,AC
32733,1,14579173,19348,37.00075976919444,['xxx'],[''],CHI,YY
32733,1,14579180,19348,37.00075976919444,"['window', 'huh']","['n', 'co']",CLI,ST
32733,1,14579187,19348,37.00075976919444,['no'],['co'],CHI,YY
32733,1,14579193,19348,37.00075976919444,['this'],['pro:dem'],CHI,YY
32733,1,14579200,19348,37.00075976919444,"['oh', ""that's"", 'here']","['co', 'pro:dem', 'adv']",CLI,MK
32733,1,14579207,19348,37.00075976919444,"[""that's"", 'this']","['pro:dem', 'pro:dem']",CLI,ST
32733,1,14579213,19348,37.00075976919444,"['see', 'okay']","['co', 'co']",CLI,MK
32733,1,14579221,19348,37.00075976919444,"['bigger', 'boom']","['adj', 'co']",CHI,MK
32733,1,14579223,19348,37.00075976919444,"['bigger', 'boom', 'yes']","['adj', 'n', 'co']",CLI,AP
32733,1,14579230,19348,37.00075976919444,"['drop', 'xxx', 'xxx', 'block', 'up']","['n', '', '', 'v', 'adv']",CHI,ST
32733,1,14579237,19348,37.00075976919444,"['throw', 'block', 'up']","['v', 'v', 'adv']",CLI,AP
32733,1,14579243,19348,37.00075976919444,"['see', 'there']","['v', 'adv']",CHI,RP
32733,1,14579249,19348,37.00075976919444,"[""strap's"", 'keep', 'falling', ""don't"", 'they']","['n', 'v', 'part', 'mod', 'pro:sub']",CLI,ST
32733,1,14579255,19348,37.00075976919444,['yes'],['co'],CHI,AP
32733,1,14579261,19348,37.00075976919444,"['yeah', 'you', 'just', 'hit', 'the', 'blocks']","['co', 'pro:per', 'adv', 'v', 'det:art', 'n']",CLI,AP
32733,1,14579271,19348,37.00075976919444,"['your', 'house', 'is', 'going', 'to', 'fall']","['det:poss', 'n', 'aux', 'part', 'inf', 'v']",CLI,ST
32733,1,14579277,19348,37.00075976919444,"['your', 'house', 'just', 'fell', 'down']","['det:poss', 'n', 'adv', 'v', 'adv']",CLI,ST
32733,1,14579283,19348,37.00075976919444,"['apple', 'please']","['n', 'co']",CHI,RP
32733,1,14579288,19348,37.00075976919444,"['you', 'want', 'apple', 'sure']","['pro:per', 'v', 'n', 'adj']",CLI,ST
32733,1,14579294,19348,37.00075976919444,"['good', 'talking']","['adj', 'n:gerund']",CLI,PM
32733,1,14579301,19348,37.00075976919444,"['what', 'else', 'do', 'you', 'wanna', 'build']","['pro:int', 'post', 'v', 'pro:per', 'v', 'v']",CLI,QN
32733,1,14579306,19348,37.00075976919444,['cookie'],['n'],CHI,SA
32733,1,14579311,19348,37.00075976919444,"['a', 'cookie', 'oh', 'you', 'want']","['det:art', 'n', 'co', 'pro:per', 'v']",CLI,ST
32733,1,14579316,19348,37.00075976919444,"['the', 'cookie']","['det:art', 'n']",CHI,RT
32733,1,14579322,19348,37.00075976919444,"['build', 'something', 'for', 'Cookie_Monster']","['v', 'pro:indef', 'prep', 'n:prop']",CLI,DP
32733,1,14579327,19348,37.00075976919444,"[""let's"", 'build', 'something', 'for', 'Cookie_Monster']","['v', 'v', 'pro:indef', 'prep', 'n:prop']",CLI,YD
32733,1,14579333,19348,37.00075976919444,['house'],['n'],CHI,YY
32733,1,14579340,19348,37.00075976919444,"['you', 'wanna', 'build', 'a', 'house', 'for', 'Cookie_Monster']","['pro:per', 'v', 'v', 'det:art', 'n', 'prep', 'n:prop']",CLI,ST
32733,1,14579345,19348,37.00075976919444,"['bigger', 'house']","['adj', 'n']",CHI,AP
32733,1,14579351,19348,37.00075976919444,"['a', 'bigger', 'house', 'okay']","['det:art', 'adj', 'n', 'adj']",CLI,AP
32733,1,14579357,19348,37.00075976919444,"[""let's"", 'build', 'a', 'bigger', 'house', 'for', 'Cookie_Monster']","['v', 'v', 'det:art', 'adj', 'n', 'prep', 'n:prop']",CLI,RP
32733,1,14579364,19348,37.00075976919444,"['help', 'me']","['v', 'pro:obj']",CLI,RP
32733,1,14579370,19348,37.00075976919444,['yes'],['co'],CHI,AD
32733,1,14579376,19348,37.00075976919444,"['okay', 'yeah']","['co', 'co']",CLI,AD
32733,1,14579382,19348,37.00075976919444,"['build', 'a', 'bigger', 'house']","['v', 'det:art', 'adj', 'n']",CLI,RP
32733,1,14579388,19348,37.00075976919444,['boom'],['co'],CHI,MK
32733,1,14579394,19348,37.00075976919444,"['house', 'fell', 'down']","['n', 'v', 'adv']",CLI,ST
32733,1,14579400,19348,37.00075976919444,['bigger'],['adj'],CHI,YY
32733,1,14579409,19348,37.00075976919444,"['yeah', 'bigger', 'house', 'fell', 'down']","['co', 'adj', 'n', 'v', 'adv']",CLI,ST
32733,1,14579415,19348,37.00075976919444,"[""we'll"", 'hafta', 'build', 'another', 'house']","['pro:sub', 'mod', 'v', 'qn', 'n']",CLI,ST
32733,1,14579421,19348,37.00075976919444,"['oh', ""where's"", 'Cookie_Monster']","['co', 'pro:rel', 'n:prop']",CLI,QN
32733,1,14579427,19348,37.00075976919444,"['in', 'there']","['prep', 'n']",CHI,SA
32733,1,14579432,19348,37.00075976919444,"['on', 'your', 'finger', 'yes']","['prep', 'det:poss', 'n', 'co']",CLI,AP
32733,1,14579438,19348,37.00075976919444,"['should', 'we', 'get', ""Cookie_Monster's"", 'friends']","['mod', 'pro:sub', 'v', 'adj', 'n']",CLI,RQ
32733,1,14579442,19348,37.00075976919444,['yes'],['co'],CHI,AD
32733,1,14579446,19348,37.00075976919444,['Big_Bird'],['n:prop'],CHI,YY
32733,1,14579451,19348,37.00075976919444,"['Big_Bird', 'yes', ""we'll"", 'get', 'Big_Bird']","['n:prop', 'co', 'pro:sub', 'aux', 'n:prop']",CLI,DS
32733,1,14579455,19348,37.00075976919444,"['Big_Bird', 'Ernie']","['n:prop', 'n:prop']",CHI,DS
32733,1,14579459,19348,37.00075976919444,"['yes', 'Ernie', 'and', 'Big_Bird']","['co', 'n:prop', 'coord', 'n:prop']",CLI,DS
32733,1,14579464,19348,37.00075976919444,['Bert'],['n:prop'],CHI,YY
32733,1,14579468,19348,37.00075976919444,"['first', 'we', 'hafta', 'put', 'the', 'blocks', 'away', 'so', 'we', 'have', 'enough', 'room']","['adv', 'pro:sub', 'mod', 'v', 'det:art', 'n', 'adv', 'conj', 'pro:sub', 'v', 'adj', 'n']",CLI,GR
32733,1,14579472,19348,37.00075976919444,"[""block's"", 'in', 'there']","['n', 'prep', 'n']",CLI,RP
32733,1,14579476,19348,37.00075976919444,"['the', 'xxx', 'in', 'there']","['det:art', '', 'prep', 'n']",CHI,YQ
32733,1,14579480,19348,37.00075976919444,"['who', 'in', 'there']","['pro:int', 'prep', 'n']",CLI,AA
32733,1,14579486,19348,37.00075976919444,"['put', 'the', 'xxx']","['v', 'det:art', '']",CHI,YY
32733,1,14579490,19348,37.00075976919444,['okay'],['co'],CLI,MK
32733,1,14579495,19348,37.00075976919444,"['oh', 'oh']","['co', '']",CHI,MK
32733,1,14579499,19348,37.00075976919444,['boom'],[''],CHI,MK
32733,1,14579503,19348,37.00075976919444,"['boom', 'where']","['', 'pro:rel']",CLI,QN
32733,1,14579508,19348,37.00075976919444,['okay'],['co'],CLI,MK
32733,1,14579511,19348,37.00075976919444,"['it', 'there']","['pro:per', 'adv']",CHI,SA
32733,1,14579515,19348,37.00075976919444,"[""where's"", 'Cookie_Monster']","['pro:int', 'n:prop']",CLI,QN
32733,1,14579519,19348,37.00075976919444,['there'],['adv'],CHI,SA
32733,1,14579522,19348,37.00075976919444,"[""there's"", 'Cookie_Monster']","['pro:exist', 'n:prop']",CLI,AP
32733,1,14579525,19348,37.00075976919444,"['look', ""they're"", 'going', 'around']","['co', 'pro:sub', 'part', 'adv']",CLI,RP
32733,1,14579529,19348,37.00075976919444,"['do', 'you', 'think', ""they're"", 'getting', 'dirty']","['mod', 'pro:per', 'v', 'pro:sub', 'part', 'adj']",CLI,ST
32733,1,14579533,19348,37.00075976919444,"['putting', 'Big_Bird', 'in', 'there', 'too']","['part', 'n:prop', 'prep', 'n', 'adv']",CLI,ST
32733,1,14579537,19348,37.00075976919444,"['yet', 'xxx', 'not', 'people']","['adv', '', 'neg', 'n']",CHI,ST
32733,1,14579541,19348,37.00075976919444,"['you', ""don't"", 'want', 'people', 'huh']","['pro:per', 'mod', 'v', 'n', 'co']",CLI,ST
32733,1,14579545,19348,37.00075976919444,"['okay', 'put', 'them', 'in', 'the', 'box']","['co', 'v', 'pro:obj', 'prep', 'det:art', 'n']",CLI,RP
32733,1,14579549,19348,37.00075976919444,"['good', 'mark']","['adj', 'n']",CLI,PM
32734,1,14579024,19348,38.00078030349699,"['me', 'use', 'this', 'one']","['pro:obj', 'v', 'det:dem', 'pro:indef']",CHI,RP
32734,1,14579028,19348,38.00078030349699,"['you', 'wanna', 'use', 'that', 'one']","['pro:per', 'v', 'v', 'det:dem', 'pro:indef']",CLI,YQ
32734,1,14579032,19348,38.00078030349699,['yeah'],['co'],CHI,AA
32734,1,14579035,19348,38.00078030349699,['okay'],['co'],CLI,AD
32734,1,14579039,19348,38.00078030349699,"['watch', 'this']","['v', 'pro:dem']",CHI,RP
32734,1,14579042,19348,38.00078030349699,"['look', 'at', 'all', 'the', 'balloons', 'on', 'the', 'floor']","['v', 'prep', 'qn', 'det:art', 'n', 'prep', 'det:art', 'n']",CLI,RP
32734,1,14579046,19348,38.00078030349699,"['me', 'use', 'this', 'one']","['pro:obj', 'v', 'det:dem', 'pro:indef']",CHI,RP
32734,1,14579049,19348,38.00078030349699,"[""you're"", 'going', 'to', 'use', 'that', 'one']","['pro:per', 'part', 'inf', 'v', 'det:dem', 'pro:indef']",CLI,YQ
32734,1,14579053,19348,38.00078030349699,"['me', 'use', 'this', 'one']","['pro:obj', 'v', 'det:dem', 'pro:indef']",CHI,RP
32734,1,14579057,19348,38.00078030349699,['okay'],['co'],CLI,AD
32734,1,14579061,19348,38.00078030349699,"['me', 'use', 'this', 'one']","['pro:obj', 'v', 'det:dem', 'pro:indef']",CHI,RP
32734,1,14579065,19348,38.00078030349699,"['okay', 'want', 'me', 'to', 'blow', 'it', 'up']","['co', 'v', 'pro:obj', 'inf', 'v', 'pro:per', 'adv']",CLI,RQ
32734,1,14579069,19348,38.00078030349699,['yeah'],['co'],CHI,AD
32734,1,14579073,19348,38.00078030349699,"['oh', 'another', 'balloon', 'in', 'here']","['co', 'qn', 'n', 'prep', 'n']",CHI,RP
32734,1,14579077,19348,38.00078030349699,['here'],['adv'],CHI,TO
32734,1,14579081,19348,38.00078030349699,"[""there's"", 'another', 'balloon', 'in', 'there']","['pro:exist', 'qn', 'n', 'prep', 'n']",CLI,ST
32734,1,14579083,19348,38.00078030349699,"['did', 'it', 'get', 'stuck', 'in', 'there']","['mod', 'pro:per', 'v', 'v', 'prep', 'n']",CLI,ST
32734,1,14579087,19348,38.00078030349699,"['blow', 'balloon', 'again']","['n', 'n', 'adv']",CHI,RP
32734,1,14579091,19348,38.00078030349699,"['okay', ""I'm"", 'going', 'to', 'blow', 'the', 'balloon', 'again']","['co', 'pro:sub', 'part', 'inf', 'v', 'det:art', 'n', 'adv']",CLI,AD
32734,1,14579096,19348,38.00078030349699,"['I', 'do', 'too']","['pro:sub', 'v', 'adv']",CHI,ST
32734,1,14579101,19348,38.00078030349699,"['you', 'do', 'that']","['pro:per', 'v', 'pro:dem']",CLI,AP
32734,1,14579106,19348,38.00078030349699,"['xxx', 'again']","['', 'adv']",CHI,YY
32734,1,14579111,19348,38.00078030349699,"['blow', 'balloon']","['n', 'n']",CHI,RP
32734,1,14579116,19348,38.00078030349699,"[""didn't"", 'do', 'that', 'right']","['mod', 'v', 'det:dem', 'co']",CLI,RP
32734,1,14579122,19348,38.00078030349699,['no'],['co'],CHI,RD
32734,1,14579129,19348,38.00078030349699,['oh'],['co'],CHI,YY
32734,1,14579136,19348,38.00078030349699,"['oh', 'what', 'ya', 'looking', 'for']","['co', 'pro:int', 'pro:per', 'part', 'prep']",CLI,ST
32734,1,14579143,19348,38.00078030349699,"['me', 'use']","['pro:obj', 'v']",CHI,RP
32734,1,14579148,19348,38.00078030349699,"['oh', 'no']","['co', 'co']",CHI,RD
32734,1,14579156,19348,38.00078030349699,"['oh', 'yeah']","['co', 'co']",CHI,XA
32734,1,14579163,19348,38.00078030349699,"['me', 'use']","['pro:obj', 'v']",CHI,RP
32734,1,14579171,19348,38.00078030349699,"['me', 'use', 'this', 'one']","['pro:obj', 'v', 'det:dem', 'pro:indef']",CHI,RP
32734,1,14579178,19348,38.00078030349699,"['you', 'use', 'this', 'one']","['pro:per', 'v', 'det:dem', 'pro:indef']",CHI,RP
32734,1,14579185,19348,38.00078030349699,"['okay', ""I'll"", 'use', 'this', 'one']","['co', 'pro:sub', 'v', 'det:dem', 'pro:indef']",CLI,AD
32734,1,14579192,19348,38.00078030349699,"['you', 'will', 'use', 'this', 'one']","['pro:per', 'mod', 'v', 'det:dem', 'pro:indef']",CHI,SI
32734,1,14579198,19348,38.00078030349699,"['you', 'want', 'me', 'to', 'use', 'this', 'one']","['pro:per', 'v', 'pro:obj', 'inf', 'v', 'det:dem', 'pro:indef']",CLI,YQ
32734,1,14579205,19348,38.00078030349699,"['okay', ""I'll"", 'use', 'this', 'one']","['co', 'pro:sub', 'v', 'det:dem', 'pro:indef']",CLI,RQ
32734,1,14579212,19348,38.00078030349699,"['I', 'will', 'do', 'it']","['pro:sub', 'mod', 'v', 'pro:per']",CHI,AD
32734,1,14579220,19348,38.00078030349699,"['you', 'will', 'do', 'it']","['pro:per', 'mod', 'v', 'pro:per']",CLI,AD
32734,1,14579227,19348,38.00078030349699,"['loud', 'noise']","['adj', 'n']",CHI,ST
32734,1,14579233,19348,38.00078030349699,"['that', 'was', 'xxx', 'loud', 'noise']","['pro:dem', 'cop', '', 'adj', 'n']",CLI,ST
32734,1,14579241,19348,38.00078030349699,"['popcorn', 'please']","['', 'co']",CHI,RP
32734,1,14579247,19348,38.00078030349699,"['no', ""we'll"", 'have', 'popcorn', 'later']","['co', 'pro:sub', 'v', '', 'adv']",CLI,PD
32734,1,14579253,19348,38.00078030349699,['ow'],[''],CHI,YY
32734,1,14579259,19348,38.00078030349699,"['oh', 'you', 'keep', 'snapping', 'that', 'on', 'your', 'head']","['co', 'pro:per', 'v', 'n:gerund', 'adv', 'prep', 'det:poss', 'n']",CLI,RP
32734,1,14579265,19348,38.00078030349699,"['hey', 'mark', ""what's"", 'this']","['co', 'n', 'pro:int', 'pro:dem']",CLI,QN
32734,1,14579270,19348,38.00078030349699,"['oh', ""that's"", 'a', 'balloon']","['co', 'pro:dem', 'det:art', 'n']",CLI,SA
32734,1,14579276,19348,38.00078030349699,"['I', ""can't"", 'see', 'anymore']","['pro:sub', 'mod', 'v', 'adv']",CLI,ST
32734,1,14579282,19348,38.00078030349699,"['Bert', ""can't"", 'see']","['n:prop', 'mod', 'v']",CHI,RT
32734,1,14579289,19348,38.00078030349699,"['Bert', ""can't"", 'see']","['n:prop', 'mod', 'v']",CLI,RP
32734,1,14579296,19348,38.00078030349699,['uhuh'],['co'],CHI,RD
32734,1,14579300,19348,38.00078030349699,"['no', 'he', ""can't"", 'see']","['co', 'pro:sub', 'mod', 'v']",CLI,RD
32734,1,14579305,19348,38.00078030349699,"['eyebrows', 'mouth', 'nose']","['', 'n', 'n']",CHI,ST
32734,1,14579312,19348,38.00078030349699,"['a', 'mouth', 'and', 'a', 'nose']","['det:art', 'n', 'coord', 'det:art', 'n']",CLI,AP
32734,1,14579320,19348,38.00078030349699,"['yes', ""he's"", 'got', 'a', 'mouth', 'and', 'a', 'nose']","['co', 'pro:sub', 'part', 'det:art', 'n', 'coord', 'det:art', 'n']",CLI,ST
32734,1,14579326,19348,38.00078030349699,"['looks', 'like', ""you've"", 'got', 'a', 'mustache', 'when', 'you', 'do', 'that']","['v', 'prep', 'pro:per', 'part', 'det:art', 'n', 'conj', 'pro:per', 'v', 'pro:dem']",CLI,ST
32734,1,14579332,19348,38.00078030349699,"['oh', 'did', 'you', 'hurt', 'your', 'ear']","['co', 'mod', 'pro:per', 'v', 'det:poss', 'n']",CLI,ST
32734,1,14579338,19348,38.00078030349699,['no'],['co'],CHI,RD
32734,1,14579343,19348,38.00078030349699,"['are', 'you', 'sure']","['cop', 'pro:per', 'adj']",CLI,AD
32734,1,14579349,19348,38.00078030349699,['uhuh'],['co'],CHI,RD
32734,1,14579356,19348,38.00078030349699,['no'],['co'],CHI,RD
32734,1,14579362,19348,38.00078030349699,['no'],['co'],CLI,RD
32734,1,14579368,19348,38.00078030349699,"['oh', 'wait', 'I', 'was', 'about', 'to', 'tie', 'a', 'knot', 'here']","['co', 'v', 'pro:sub', 'cop', 'adv', 'prep', 'n', 'det:art', 'n', 'adv']",CLI,RQ
32734,1,14579375,19348,38.00078030349699,['no'],['co'],CHI,RD
32734,1,14579381,19348,38.00078030349699,"['you', ""don't"", 'want', 'me', 'to', 'tie', 'a', 'knot']","['pro:per', 'mod', 'v', 'pro:obj', 'inf', 'v', 'det:art', 'n']",CLI,RQ
32734,1,14579386,19348,38.00078030349699,['uhuh'],['co'],CHI,RD
32734,1,14579390,19348,38.00078030349699,"['okay', ""I'll"", 'let', 'the', 'air', 'go', 'then']","['co', 'pro:sub', 'v', 'det:art', 'n', 'v', 'adv:tem']",CLI,GI
32734,1,14579395,19348,38.00078030349699,"['me', 'use', 'this', 'one']","['pro:obj', 'v', 'det:dem', 'pro:indef']",CHI,RP
32734,1,14579401,19348,38.00078030349699,"['you', 'use', 'this', 'one']","['pro:per', 'v', 'det:dem', 'pro:indef']",CHI,RP
32734,1,14579406,19348,38.00078030349699,"['oh', 'you', 'want', 'me', 'to', 'use', 'this', 'one']","['co', 'pro:per', 'v', 'pro:obj', 'inf', 'v', 'det:dem', 'pro:indef']",CLI,YQ
32734,1,14579414,19348,38.00078030349699,"['your', 'dad', 'blew', 'the', 'balloon', 'in', 'your', 'ear']","['det:poss', 'n', 'v', 'det:art', 'n', 'prep', 'det:poss', 'n']",CLI,ST
32734,1,14579419,19348,38.00078030349699,['xxx'],[''],CHI,YY
32734,1,14579423,19348,38.00078030349699,['here'],['adv'],CHI,YY
32734,1,14579429,19348,38.00078030349699,"['blow', 'balloon', 'again']","['n', 'n', 'adv']",CHI,RP
32734,1,14579433,19348,38.00078030349699,['okay'],['co'],CLI,AD
32735,1,14579127,19348,39.000800837799545,"['oh', 'nice', 'snowman']","['co', 'adj', '']",CLI,ST
32735,1,14579134,19348,39.000800837799545,"['does', 'the', 'snowman', 'have', 'a', 'cap']","['v', 'det:art', '', 'v', 'det:art', 'n']",CLI,YQ
32735,1,14579141,19348,39.000800837799545,['yes'],['co'],CHI,AA
32735,1,14579147,19348,39.000800837799545,"['oh', ""isn't"", 'that', 'a', 'nice', 'snowman']","['co', 'cop', 'adv', 'det:art', 'adj', '']",CLI,ST
32735,1,14579152,19348,39.000800837799545,"['got', 'a', 'nice', 'smile', 'there']","['v', 'det:art', 'adj', 'n', 'adv']",CLI,ST
32735,1,14579157,19348,39.000800837799545,"['no', 'right', 'there']","['co', 'adv', 'adv']",CHI,YQ
32735,1,14579162,19348,39.000800837799545,['woo'],[''],CHI,YY
32735,1,14579168,19348,39.000800837799545,"['he', 'fell', 'over']","['pro:sub', 'v', 'adv']",CHI,ST
32735,1,14579175,19348,39.000800837799545,"['oops', 'he', 'fell', 'over']","['co', 'pro:sub', 'v', 'adv']",CLI,AP
32735,1,14579182,19348,39.000800837799545,['oh'],['co'],CHI,YY
32735,1,14579189,19348,39.000800837799545,"['yeah', 'he', 'did']","['co', 'pro:sub', 'v']",CLI,AC
32735,1,14579196,19348,39.000800837799545,"[""let's"", 'see', 'what', 'else', 'can', 'we', 'make', 'huh']","['v', 'v', 'pro:int', 'post', 'mod', 'pro:sub', 'v', 'co']",CLI,RP
32735,1,14579206,19348,39.000800837799545,"['should', 'we', 'take', 'a', 'lamb']","['mod', 'pro:sub', 'v', 'det:art', 'n']",CLI,RQ
32735,1,14579214,19348,39.000800837799545,['yeah'],['co'],CHI,AD
32735,1,14579218,19348,39.000800837799545,"['okay', 'take', 'a', 'lamb']","['co', 'v', 'det:art', 'n']",CLI,AD
32735,1,14579225,19348,39.000800837799545,"['ears', 'feet']","['n', 'n']",CHI,YY
32735,1,14579232,19348,39.000800837799545,['leg'],['n'],CHI,YY
32735,1,14579236,19348,39.000800837799545,"['make', 'the', ""ear's"", 'and', 'the', 'feet']","['v', 'det:art', 'adj', 'coord', 'det:art', 'n']",CLI,RP
32735,1,14579242,19348,39.000800837799545,"[""leg's""]",['n'],CHI,YY
32735,1,14579248,19348,39.000800837799545,"['the', ""leg's""]","['det:art', 'adj']",CLI,RT
32735,1,14579254,19348,39.000800837799545,"['should', 'this', 'be', 'the', 'body']","['mod', 'pro:dem', 'cop', 'det:art', 'n']",CLI,DP
32735,1,14579260,19348,39.000800837799545,"['no', 'body']","['qn', 'n']",CHI,YQ
32735,1,14579266,19348,39.000800837799545,"['yeah', 'legs']","['co', 'n']",CHI,AA
32735,1,14579269,19348,39.000800837799545,"['say', 'looking', 'from', 'that']","['v', 'n:gerund', 'prep', 'pro:dem']",CHI,RP
32735,1,14579275,19348,39.000800837799545,"[""he's"", 'not', 'staying']","['pro:sub', 'neg', 'part']",CHI,ST
32735,1,14579281,19348,39.000800837799545,"['no', ""he's"", 'not', 'staying', 'up']","['co', 'pro:sub', 'neg', 'part', 'adv']",CLI,DW
32735,1,14579287,19348,39.000800837799545,"['no', 'staying', 'down']","['co', 'part', 'adv']",CHI,RT
32735,1,14579293,19348,39.000800837799545,"['yes', 'he', 'is', 'staying', 'down']","['co', 'pro:sub', 'aux', 'part', 'adv']",CLI,AP
32735,1,14579299,19348,39.000800837799545,"[""he's"", 'tired', 'probably']","['pro:sub', 'part', 'adv']",CLI,ST
32735,1,14579307,19348,39.000800837799545,"[""he's"", 'broken']","['pro:sub', 'part']",CHI,RT
32735,1,14579313,19348,39.000800837799545,"[""he's"", 'broken']","['pro:sub', 'part']",CLI,CT
32735,1,14579319,19348,39.000800837799545,"['no', 'fix', 'not', 'broken']","['co', 'v', 'neg', 'part']",CHI,DW
32735,1,14579325,19348,39.000800837799545,"['oh', ""you've"", 'got', 'clay', 'around', ""you're"", 'finger', 'like', 'a', 'big', 'ring']","['co', 'pro:per', 'part', 'n', 'prep', 'pro:per', 'n', 'prep', 'det:art', 'adj', 'n']",CLI,ST
32735,1,14579331,19348,39.000800837799545,"['mom', 'have', 'little', 'ring']","['n', 'aux', 'adj', 'n']",CHI,ST
32735,1,14579337,19348,39.000800837799545,"['your', 'mom', 'has', 'a', 'little', 'ring', 'huh']","['det:poss', 'n', 'v', 'det:art', 'adj', 'n', 'co']",CLI,ST
32735,1,14579346,19348,39.000800837799545,"['I', 'see', 'you']","['pro:sub', 'v', 'pro:per']",CLI,ST
32735,1,14579353,19348,39.000800837799545,"['I', 'see', 'you']","['pro:sub', 'v', 'pro:per']",CHI,MK
32735,1,14579360,19348,39.000800837799545,['hi'],['co'],CLI,MK
32735,1,14579366,19348,39.000800837799545,['hi'],['co'],CHI,MK
32735,1,14579372,19348,39.000800837799545,"['I', 'see', 'you', 'right', 'here']","['pro:sub', 'v', 'pro:per', 'adv', 'adv']",CHI,ST
32735,1,14579378,19348,39.000800837799545,"['I', 'see', 'me', 'right', 'right', 'there']","['pro:sub', 'v', 'pro:obj', '', 'adv', 'adv']",CHI,ST
32735,1,14579383,19348,39.000800837799545,"['oh', 'you', 'do', 'huh']","['co', 'pro:per', 'v', 'co']",CLI,ST
32735,1,14579393,19348,39.000800837799545,['yeah'],['co'],CHI,AC
32735,1,14579399,19348,39.000800837799545,"['ears', 'too']","['n', 'post']",CHI,ST
32735,1,14579404,19348,39.000800837799545,"['oh', 'I', 'hafta', 'make', 'ears', 'too', ""you're"", 'right']","['co', 'pro:sub', 'mod', 'v', 'n', 'post', 'pro:per', 'co']",CLI,AP
32735,1,14579411,19348,39.000800837799545,['feet'],['n'],CHI,YY
32735,1,14579416,19348,39.000800837799545,"['what', 'are', 'you', 'building', 'mark']","['pro:int', 'cop', 'pro:per', 'n', 'n']",CLI,QN
32735,1,14579424,19348,39.000800837799545,"['what', 'else', 'does', 'that', 'thing', 'need']","['pro:int', 'post', 'mod', 'pro:dem', 'n', 'n']",CLI,QN
32735,1,14579430,19348,39.000800837799545,"['are', 'you', 'making', 'a', 'sheep']","['cop', 'pro:per', 'part', 'det:art', 'n']",CLI,SA
32735,1,14579435,19348,39.000800837799545,['no'],['co'],CHI,RD
32735,1,14579439,19348,39.000800837799545,"['you', 'make', 'a', 'lion']","['pro:per', 'v', 'det:art', 'n']",CHI,RP
32735,1,14579443,19348,39.000800837799545,"['make', 'a', 'lion', 'so', 'it', 'can', 'chase', 'the', 'sheep']","['v', 'det:art', 'n', 'conj', 'pro:per', 'mod', 'v', 'det:art', 'n']",CLI,RP
32735,1,14579447,19348,39.000800837799545,"['ee', 'ee', 'no', 'fat', 'bear']","['', '', 'qn', 'n', 'n']",CHI,ST
32735,1,14579450,19348,39.000800837799545,"['you', 'want', 'me', 'to', 'make', 'a', 'bear']","['pro:per', 'v', 'pro:obj', 'inf', 'v', 'det:art', 'n']",CLI,RQ
32735,1,14579453,19348,39.000800837799545,"['you', 'make', 'lion', 'fox']","['pro:per', 'v', 'n', 'n']",CHI,RP
32735,1,14579456,19348,39.000800837799545,"['make', 'a', 'lion', 'and', 'a', 'fox']","['v', 'det:art', 'n', 'coord', 'det:art', 'n']",CLI,ST
32735,1,14579460,19348,39.000800837799545,"['bear', 'too']","['n', 'adv']",CHI,ST
32735,1,14579463,19348,39.000800837799545,"['oh', 'you', 'want', 'me', 'to', 'make', 'all', 'three']","['co', 'pro:per', 'v', 'pro:obj', 'inf', 'v', 'qn', 'det:num']",CLI,ST
32735,1,14579467,19348,39.000800837799545,"['I', ""don't"", 'know', 'of', 'we', 'have', 'enough', 'clay']","['pro:sub', 'mod', 'v', 'prep', 'pro:sub', 'v', 'adj', 'n']",CLI,ST
32735,1,14579471,19348,39.000800837799545,"['okay', 'you', 'going', 'to', 'help', 'me']","['co', 'pro:per', 'part', 'inf', 'v', 'pro:obj']",CLI,RP
32735,1,14579474,19348,39.000800837799545,"['all_gone', 'snake']","['co', 'n']",CHI,DC
32735,1,14579477,19348,39.000800837799545,"['the', 'snake', 'is', 'all_gone']","['det:art', 'n', 'cop', 'adj']",CLI,DC
32735,1,14579481,19348,39.000800837799545,['snake'],['n'],CHI,YD
32735,1,14579484,19348,39.000800837799545,"['where', 'did', 'the', 'snake', 'go', 'mark']","['pro:rel', 'mod', 'det:art', 'n', 'v', 'n']",CLI,QN
32735,1,14579488,19348,39.000800837799545,"[""snake's"", 'dead']","['adj', 'adj']",CHI,SA
32735,1,14579492,19348,39.000800837799545,"['the', 'snake', 'is', 'dead']","['det:art', 'n', 'cop', 'adj']",CLI,AP
32735,1,14579494,19348,39.000800837799545,"['you', 'I', 'guess', ""you're"", 'right']","['', 'pro:sub', 'n', 'pro:per', 'adj']",CLI,ST
32735,1,14579498,19348,39.000800837799545,['me'],['pro:obj'],CHI,YY
32735,1,14579501,19348,39.000800837799545,"['m', 'me', 'dad', 'mom', 'go', 'here']","['', 'pro:obj', 'n', 'n', 'v', 'adv']",CHI,RP
32735,1,14579505,19348,39.000800837799545,"['you_all', 'three', 'come', 'here']","['pro:per', 'det:num', 'v', 'adv']",CLI,RP
32735,1,14579509,19348,39.000800837799545,"[""you're"", 'right', 'you', 'do']","['pro:per', 'adj', 'pro:per', 'v']",CLI,AB
32735,1,14579513,19348,39.000800837799545,"['say', ""what's"", 'this']","['co', 'pro:int', 'pro:dem']",CHI,QN
32735,1,14579517,19348,39.000800837799545,"['I', 'thought', 'maybe', 'that', 'could', 'be', 'the', ""bear's"", 'head']","['pro:sub', 'v', 'adv', 'adv', 'mod', 'cop', 'det:art', 'adj', 'n']",CLI,SA
32735,1,14579521,19348,39.000800837799545,"['no', 'him']","['co', 'pro:obj']",CHI,DW
32735,1,14579526,19348,39.000800837799545,"['oh', 'the', ""lion's"", 'okay', 'that', 'will', 'be', 'the', ""lion's"", 'head']","['co', 'det:art', 'n', 'adj', 'adv', 'mod', 'cop', 'det:art', 'adj', 'n']",CLI,ST
32735,1,14579532,19348,39.000800837799545,"['how', 'does', 'that', 'sound']","['pro:int', 'mod', 'adv', 'n']",CLI,QN
32735,1,14579536,19348,39.000800837799545,['fine'],['adv'],CHI,SA
32735,1,14579542,19348,39.000800837799545,"['okay', 'good']","['co', 'adj']",CLI,AP
32735,1,14579546,19348,39.000800837799545,['ears'],['n'],CHI,YY
32735,1,14579551,19348,39.000800837799545,"['where', 'do', 'you', 'want', 'the', 'ears']","['pro:int', 'mod', 'pro:per', 'v', 'det:art', 'n']",CLI,QN
32735,1,14579553,19348,39.000800837799545,"['little', ""eye's""]","['adj', 'adj']",CHI,SA
32735,1,14579555,19348,39.000800837799545,"['little', 'mouth']","['adj', 'n']",CHI,SI
32735,1,14579557,19348,39.000800837799545,"['little', 'nose']","['adj', 'n']",CHI,SI
32735,1,14579559,19348,39.000800837799545,"['little', ""eye's"", ""let's"", 'see', 'now']","['adj', 'adj', 'v', 'v', 'adv']",CLI,RP
32735,1,14579560,19348,39.000800837799545,"['longer', 'tail']","['adj', 'n']",CHI,YY
32735,1,14579563,19348,39.000800837799545,"['hm', 'we', 'hafta', 'make', 'a', 'body']","['co', 'pro:sub', 'mod', 'v', 'det:art', 'n']",CLI,RP
32735,1,14579566,19348,39.000800837799545,"['no', 'little', 'long', 'tail']","['qn', 'adj', 'adj', 'n']",CHI,RD
32735,1,14579569,19348,39.000800837799545,"['you', 'want', 'me', 'to', 'make', 'a', 'long', 'tail']","['pro:per', 'v', 'pro:obj', 'inf', 'v', 'det:art', 'adj', 'n']",CLI,RQ
32735,1,14579573,19348,39.000800837799545,['okay'],['co'],CLI,AD
32735,1,14579576,19348,39.000800837799545,['yes'],['co'],CHI,AD
32735,1,14579579,19348,39.000800837799545,"[""I'm"", 'pass', 'gas']","['pro:sub', 'n', 'n']",CHI,ST
32735,1,14579582,19348,39.000800837799545,"['I', 'did', 'pass', 'gas']","['pro:sub', 'v', 'n', 'n']",CHI,ST
32735,1,14579587,19348,39.000800837799545,['oh'],['co'],CLI,MK
32735,1,14579591,19348,39.000800837799545,"['how', 'that']","['pro:int', 'pro:dem']",CLI,QN
32735,1,14579596,19348,39.000800837799545,['fine'],['adv'],CHI,SA
32735,1,14579600,19348,39.000800837799545,"['fine', 'okay']","['adv', 'adj']",CLI,AP
32735,1,14579605,19348,39.000800837799545,"['you', 'make', 'bear']","['pro:per', 'v', 'n']",CHI,RP
32735,1,14579610,19348,39.000800837799545,"['make', 'the', 'bear']","['v', 'det:art', 'n']",CLI,RT
32735,1,14579615,19348,39.000800837799545,['fox'],['n'],CHI,SA
32735,1,14579618,19348,39.000800837799545,"['and', 'a', 'fox']","['coord', 'det:art', 'n']",CLI,AP
32735,1,14579624,19348,39.000800837799545,['too'],['adv'],CHI,YY
32735,1,14579630,19348,39.000800837799545,"[""let's"", 'say', 'the', 'magic', 'word', 'mark']","['v', 'v', 'det:art', 'adj', 'n', 'n']",CLI,EI
32735,1,14579635,19348,39.000800837799545,"['wh', 'what']","['', 'pro:int']",CHI,RR
32735,1,14579640,19348,39.000800837799545,"['can', 'you', 'say', 'the', 'magic', 'word']","['mod', 'pro:per', 'v', 'det:art', 'adj', 'n']",CLI,EI
32735,1,14579645,19348,39.000800837799545,"['peanut', 'butter', 'jelly', 'sandwich']","['n', 'n', 'n', 'n']",CHI,SA
32735,1,14579650,19348,39.000800837799545,"[""that's"", 'not', 'what', 'I', 'had', 'in', 'mind']","['pro:dem', 'neg', 'pro:int', 'pro:sub', 'v', 'prep', 'n']",CLI,DW
32735,1,14579654,19348,39.000800837799545,"['can', 'you', 'say', 'please']","['mod', 'pro:per', 'v', 'co']",CLI,EI
32735,1,14579658,19348,39.000800837799545,['please'],['co'],CHI,RT
32735,1,14579663,19348,39.000800837799545,"['I', 'want', 'popcorn', 'please']","['pro:sub', 'v', '', 'co']",CHI,RQ
32735,1,14579668,19348,39.000800837799545,['sure'],['adj'],CLI,AD
32735,1,14579674,19348,39.000800837799545,['later'],['adv'],CLI,PD
32735,1,14579678,19348,39.000800837799545,"[""we'll"", 'have', 'popcorn', 'later', 'mark']","['pro:sub', 'v', '', 'adv', 'n']",CLI,PD
32735,1,14579684,19348,39.000800837799545,"['come', 'help', 'me', 'make', 'a', 'fox']","['v', 'v', 'pro:obj', 'v', 'det:art', 'n']",CLI,RP
32735,1,14579689,19348,39.000800837799545,"['cause', ""I'm"", 'not', 'sure', 'how', 'to', 'make', 'a', 'fox']","['n', 'pro:sub', 'neg', 'adj', 'pro:int', 'inf', 'v', 'det:art', 'n']",CLI,ST
32735,1,14579695,19348,39.000800837799545,"[""you're"", 'going', 'to', 'hafta', 'help', 'me', 'make', 'a', 'fox']","['pro:per', 'part', 'inf', 'mod', 'v', 'pro:obj', 'v', 'det:art', 'n']",CLI,RP
32735,1,14579702,19348,39.000800837799545,"['I', 'think', 'I', 'have', 'a', 'head']","['pro:sub', 'v', 'pro:sub', 'v', 'det:art', 'n']",CLI,ST
32735,1,14579709,19348,39.000800837799545,"['what', 'else', 'do', 'I', 'need']","['pro:int', 'post', 'mod', 'pro:sub', 'v']",CLI,QN
32735,1,14579717,19348,39.000800837799545,"['what', 'do', 'you', 'think', 'I', 'need']","['pro:int', 'mod', 'pro:per', 'v', 'pro:sub', 'v']",CLI,QN
32735,1,14579727,19348,39.000800837799545,"['I', ""don't"", 'know']","['pro:sub', 'mod', 'v']",CHI,SA
32736,1,14579748,19348,40.000821372102095,"[""we'll"", 'play', 'with', 'the', 'play+dough']","['pro:sub', 'v', 'prep', 'det:art', '']",CLI,RP
32736,1,14579759,19348,40.000821372102095,"['I', 'find', 'it']","['pro:sub', 'v', 'pro:per']",CHI,RP
32736,1,14579771,19348,40.000821372102095,"['alright', 'good', 'job', 'of', 'finding', 'it']","['co', 'adj', 'n', 'prep', 'part', 'pro:per']",CLI,PM
32736,1,14579782,19348,40.000821372102095,"['how', 'about', 'big', 'table']","['pro:int', 'adv', 'adj', 'n']",CHI,CS
32736,1,14579788,19348,40.000821372102095,"['okay', ""we'll"", 'do', 'it', 'on', 'the', 'big', 'table']","['co', 'pro:sub', 'v', 'pro:per', 'prep', 'det:art', 'adj', 'n']",CLI,RP
32736,1,14579800,19348,40.000821372102095,"['what', 'do', 'you', 'wanna', 'put', 'in', 'the', 'play+dough']","['pro:int', 'mod', 'pro:per', 'v', 'part', 'prep', 'det:art', '']",CLI,QN
32736,1,14579813,19348,40.000821372102095,"['cars', 'barn']","['n', 'n']",CHI,SA
32736,1,14579822,19348,40.000821372102095,"['yeah', 'the', 'barn']","['co', 'det:art', 'n']",CLI,AP
32736,1,14579832,19348,40.000821372102095,"['do', 'you', 'want', 'me', 'to', 'get', 'the', 'barn']","['mod', 'pro:per', 'v', 'pro:obj', 'inf', 'v', 'det:art', 'n']",CLI,RQ
32736,1,14579843,19348,40.000821372102095,"['why', ""don't"", 'you', 'tell', 'your', 'dad', 'what', ""you're"", 'going', 'to', 'put', 'in', 'the', 'play+dough']","['pro:int', 'mod', 'pro:per', 'v', 'det:poss', 'n', 'pro:int', 'pro:per', 'part', 'inf', 'v', 'prep', 'det:art', '']",CLI,RP
32736,1,14579857,19348,40.000821372102095,"['should', 'we', 'get', 'the', 'play+dough', 'out']","['mod', 'pro:sub', 'v', 'det:art', '', 'adv']",CLI,RQ
32736,1,14579867,19348,40.000821372102095,"['you', 'get', 'it']","['pro:per', 'v', 'pro:per']",CHI,AD
32736,1,14579875,19348,40.000821372102095,"['you', 'tip', 'over']","['pro:per', 'v', 'adv']",CHI,RP
32736,1,14579881,19348,40.000821372102095,"['we', 'get', 'play+dough', 'on', 'floor']","['pro:sub', 'v', '', 'prep', 'n']",CHI,RP
32736,1,14579892,19348,40.000821372102095,"['yeah', 'we', 'did', 'get', 'some', 'play+dough', 'on', 'the', 'floor']","['co', 'pro:sub', 'mod', 'v', 'qn', '', 'prep', 'det:art', 'n']",CLI,AD
32736,1,14579901,19348,40.000821372102095,['dad'],['n'],CHI,YY
32736,1,14579910,19348,40.000821372102095,"['wait', 'for', 'Teri']","['v', 'prep', 'n:prop']",CHI,PF
32736,1,14579919,19348,40.000821372102095,"['wait', 'for', 'Teri']","['v', 'prep', 'n:prop']",CLI,PF
32736,1,14579928,19348,40.000821372102095,"['you', 'mean', 'I', ""can't"", 'play', 'with', 'play+dough']","['pro:per', 'adj', 'pro:sub', 'mod', 'v', 'prep', '']",CLI,GR
32736,1,14579940,19348,40.000821372102095,"['Teri', 'help', 'me']","['n:prop', 'v', 'pro:obj']",CHI,RP
32736,1,14579950,19348,40.000821372102095,"['right', 'Teri']","['adv', 'n:prop']",CHI,ST
32736,1,14579960,19348,40.000821372102095,"['right', ""what's"", 'in', 'here']","['adv', 'pro:int', 'prep', 'n']",CLI,QN
32736,1,14579969,19348,40.000821372102095,['ouch'],['n'],CHI,EM
32736,1,14579981,19348,40.000821372102095,['ouch'],['n'],CLI,EM
32736,1,14579991,19348,40.000821372102095,"['I', 'hurt', 'myself']","['pro:sub', 'v', 'pro:refl']",CHI,ST
32736,1,14580001,19348,40.000821372102095,"['you', 'hurt', 'yourself']","['pro:per', 'v', 'pro:refl']",CLI,AP
32736,1,14580012,19348,40.000821372102095,"['oh', 'the', 'cars', 'are', 'in', 'there']","['co', 'det:art', 'n', 'cop', 'prep', 'n']",CLI,ST
32736,1,14580023,19348,40.000821372102095,"['you', 'want', 'those', 'animals']","['pro:per', 'v', 'det:dem', 'n']",CLI,ST
32736,1,14580031,19348,40.000821372102095,"['I', 'want', 'their', 'animals']","['pro:sub', 'v', 'det:poss', 'n']",CHI,RT
32736,1,14580041,19348,40.000821372102095,"['you', 'want', 'these', 'animals']","['pro:per', 'v', 'det:dem', 'n']",CHI,YY
32736,1,14580052,19348,40.000821372102095,"['these', 'animals']","['det:dem', 'n']",CHI,YY
32736,1,14580063,19348,40.000821372102095,"['you', 'squish', 'play+dough']","['pro:per', 'v', '']",CHI,ST
32736,1,14580073,19348,40.000821372102095,"['okay', ""I'll"", 'squish', 'the', 'play+dough']","['co', 'pro:sub', 'v', 'det:art', '']",CLI,AP
32736,1,14580084,19348,40.000821372102095,"['where', 'do', 'you', 'want', 'me', 'to', 'squish', 'it']","['pro:int', 'mod', 'pro:per', 'v', 'pro:obj', 'inf', 'v', 'pro:per']",CLI,QN
32736,1,14580098,19348,40.000821372102095,"['right', 'here']","['adv', 'adv']",CHI,SA
32736,1,14580111,19348,40.000821372102095,"[""it's"", 'broke']","['pro:per', 'adj']",CHI,ST
32736,1,14580125,19348,40.000821372102095,"[""it's"", 'broke']","['pro:per', 'adj']",CLI,AP
32736,1,14580134,19348,40.000821372102095,"['are', 'you', 'going', 'to', 'fix', 'it']","['cop', 'pro:per', 'part', 'inf', 'v', 'pro:per']",CLI,ST
32736,1,14580146,19348,40.000821372102095,"['is', 'there', 'a', 'hole', 'in', 'it']","['cop', 'adv', 'det:art', 'n', 'prep', 'pro:per']",CLI,ST
32736,1,14580159,19348,40.000821372102095,"['can', 'you', 'get', 'it', 'together']","['mod', 'pro:per', 'v', 'pro:per', 'adv']",CLI,RP
32736,1,14580171,19348,40.000821372102095,"['you', 'squish', 'it', 'now']","['pro:per', 'v', 'pro:per', 'adv']",CHI,RP
32736,1,14580186,19348,40.000821372102095,"['okay', ""I'll"", 'squish', 'it']","['co', 'pro:sub', 'v', 'pro:per']",CLI,AD
32736,1,14580200,19348,40.000821372102095,['oops'],['co'],CLI,MK
32736,1,14580211,19348,40.000821372102095,['what'],['pro:int'],CHI,QN
32736,1,14580221,19348,40.000821372102095,"['dropped', 'the', 'cow']","['v', 'det:art', 'n']",CLI,SA
32736,1,14580231,19348,40.000821372102095,"['is', 'it', 'a', 'cow', 'or', 'a', 'calf', 'mark']","['aux', 'pro:per', 'det:art', 'n', 'coord', 'det:art', 'n', 'n']",CLI,TQ
32736,1,14580243,19348,40.000821372102095,['cow'],['n'],CHI,TA
32736,1,14580252,19348,40.000821372102095,"['there', 'is', 'that', 'enough']","['pro:exist', 'cop', 'adv', 'adv']",CLI,YQ
32736,1,14580261,19348,40.000821372102095,['no'],['co'],CHI,AN
32736,1,14580269,19348,40.000821372102095,"['want', 'me', 'to', 'do', 'more']","['v', 'pro:obj', 'inf', 'v', 'pro:indef']",CLI,YQ
32736,1,14580279,19348,40.000821372102095,['yeah'],['co'],CHI,AA
32736,1,14580287,19348,40.000821372102095,"[""how's"", 'that']","['pro:int', 'pro:dem']",CLI,AC
32736,1,14580291,19348,40.000821372102095,['fine'],['adv'],CHI,YY
32736,1,14580300,19348,40.000821372102095,"['I', 'did', 'do']","['pro:sub', 'mod', 'v']",CHI,YY
32736,1,14580307,19348,40.000821372102095,['okay'],['co'],CLI,MK
32736,1,14580318,19348,40.000821372102095,"['look', 'what', 'you', 'did']","['v', 'pro:int', 'pro:per', 'v']",CLI,RP
32736,1,14580327,19348,40.000821372102095,"['what', 'did', 'you', 'do', 'mark']","['pro:int', 'mod', 'pro:per', 'v', 'n']",CLI,QN
32736,1,14580337,19348,40.000821372102095,"['xxx', 'get', 'that', 'out']","['', 'v', 'adv', 'adv']",CHI,RP
32736,1,14580344,19348,40.000821372102095,"['okay', ""I'll"", 'get', 'that', 'out']","['co', 'pro:sub', 'aux', 'adv', 'adv']",CLI,AD
32736,1,14580354,19348,40.000821372102095,"['what', 'did', 'you', 'do']","['pro:int', 'mod', 'pro:per', 'v']",CHI,QN
32736,1,14580361,19348,40.000821372102095,"['what', 'did', 'I', 'do']","['pro:int', 'mod', 'pro:sub', 'v']",CLI,RT
32736,1,14580368,19348,40.000821372102095,"['what', 'I', 'did', 'make']","['pro:int', 'pro:sub', 'mod', 'v']",CHI,RT
32736,1,14580460,19348,40.000821372102095,"['look', 'what', 'you', 'made']","['v', 'pro:int', 'pro:per', 'v']",CLI,RP
32736,1,14580470,19348,40.000821372102095,"['what', 'you', 'done', 'that', 'for']","['pro:int', 'pro:per', 'part', 'pro:dem', 'prep']",CHI,QN
32736,1,14580480,19348,40.000821372102095,"['what', 'have', 'I', 'done', 'so', 'far']","['pro:int', 'v', 'pro:sub', 'part', 'adv', 'adj']",CLI,YQ
32736,1,14580489,19348,40.000821372102095,['yes'],['co'],CHI,AA
32736,1,14580496,19348,40.000821372102095,"['what', 'you', 'done', 'that']","['pro:int', 'pro:per', 'part', 'pro:dem']",CHI,QN
32736,1,14580504,19348,40.000821372102095,"['I', 'think', 'what', 'he', 'is', 'saying', 'what', 'did', 'you', 'do', 'that', 'for']","['pro:sub', 'v', 'pro:int', 'pro:sub', 'aux', 'part', 'pro:int', 'mod', 'pro:per', 'v', 'pro:dem', 'prep']",CLI,QN
32736,1,14580512,19348,40.000821372102095,"['oh', 'what', 'did', 'I', 'do', 'that', 'for']","['co', 'pro:int', 'mod', 'pro:sub', 'v', 'pro:dem', 'prep']",CLI,QN
32736,1,14580521,19348,40.000821372102095,"['because', 'they', 'asked', 'me', 'to']","['conj', 'pro:sub', 'v', 'pro:obj', 'inf']",CLI,SA
32736,1,14580527,19348,40.000821372102095,"['no', 'they', ""didn't""]","['co', 'pro:sub', 'mod']",CHI,DW
32736,1,14580534,19348,40.000821372102095,"[""didn't"", 'you', 'hear', 'them']","['mod', 'pro:per', 'v', 'pro:obj']",CLI,ST
32736,1,14580540,19348,40.000821372102095,"['they', ""didn't"", 'ask', 'me', 'to']","['pro:sub', 'mod', 'v', 'pro:obj', 'inf']",CLI,ST
32736,1,14580548,19348,40.000821372102095,"['are', 'you', 'sure']","['cop', 'pro:per', 'adj']",CLI,ST
32736,1,14580554,19348,40.000821372102095,"['how', 'about', 'block']","['pro:int', 'adv', 'n']",CHI,ST
32736,1,14580561,19348,40.000821372102095,"['block', 'in', 'there']","['n', 'prep', 'n']",CLI,AP
32736,1,14580568,19348,40.000821372102095,"[""where's"", 'Bert', 'Ernie']","['pro:int', 'n:prop', 'n:prop']",CHI,QN
32736,1,14580575,19348,40.000821372102095,"['where', 'did', 'you', 'put', 'them', 'away']","['pro:int', 'mod', 'pro:per', 'v', 'pro:obj', 'adv']",CLI,QN
32736,1,14580581,19348,40.000821372102095,"['in', 'there']","['prep', 'n']",CHI,SA
32736,1,14580589,19348,40.000821372102095,"['in', 'where']","['prep', 'pro:rel']",CLI,QN
32736,1,14580596,19348,40.000821372102095,['no'],['co'],CHI,RD
32736,1,14580605,19348,40.000821372102095,"['in', 'there']","['prep', 'n']",CHI,RP
32736,1,14580611,19348,40.000821372102095,"['in', 'there']","['prep', 'n']",CLI,YQ
32736,1,14580616,19348,40.000821372102095,['yes'],['co'],CHI,AA
32736,1,14580625,19348,40.000821372102095,"['in', 'there']","['prep', 'n']",CLI,AC
32736,1,14580633,19348,40.000821372102095,"['in', 'there', 'or', 'in', 'the', 'box']","['prep', 'n', 'coord', 'prep', 'det:art', 'n']",CLI,TQ
32736,1,14580638,19348,40.000821372102095,"['in', 'box']","['prep', 'n']",CHI,TA
32736,1,14580650,19348,40.000821372102095,"['where', 'Bert', 'Ernie']","['pro:int', 'n:prop', 'n:prop']",CHI,QN
32737,1,14579169,19348,41.000841906404645,"['get', 'my', 'chair']","['v', 'det:poss', 'n']",CHI,FP
32737,1,14579177,19348,41.000841906404645,"['okay', 'you', 'can', 'get', 'your', 'chair']","['co', 'pro:per', 'mod', 'v', 'det:poss', 'n']",ADU,PA
32737,1,14579183,19348,41.000841906404645,"['oh', 'okay', 'I', 'get', 'to', 'get', 'it', 'out']","['co', 'adj', 'pro:sub', 'v', 'inf', 'v', 'pro:per', 'adv']",ADU,RQ
32737,1,14579190,19348,41.000841906404645,['yep'],['co'],CHI,AD
32737,1,14579197,19348,41.000841906404645,"[""who's"", 'this']","['pro:int', 'pro:dem']",CHI,QN
32737,1,14579202,19348,41.000841906404645,"[""that's"", 'a', 'sheep']","['pro:dem', 'det:art', 'n']",ADU,SA
32737,1,14579210,19348,41.000841906404645,"['I', ""don't"", 'know', 'this']","['pro:sub', 'mod', 'v', 'det:dem']",CHI,SA
32737,1,14579216,19348,41.000841906404645,"['you', ""don't"", 'know', 'that']","['pro:per', 'mod', 'v', 'pro:dem']",ADU,YQ
32737,1,14579222,19348,41.000841906404645,['here'],['adv'],CHI,TO
32737,1,14579228,19348,41.000841906404645,"['okay', ""I'll"", 'take', 'the', 'sheep']","['co', 'pro:sub', 'v', 'det:art', 'n']",ADU,AD
32737,1,14579235,19348,41.000841906404645,"['I', 'want', 'that', 'house', 'too']","['pro:sub', 'v', 'pro:dem', 'v', 'adv']",CHI,ST
32737,1,14579240,19348,41.000841906404645,"['okay', ""we'll"", 'bring', 'the', 'house', 'right', 'over', 'here']","['co', 'pro:sub', 'v', 'det:art', 'n', 'adv', 'prep', 'n']",ADU,RP
32737,1,14579246,19348,41.000841906404645,"['no', 'on', 'here']","['co', 'prep', 'n']",CHI,RD
32737,1,14579252,19348,41.000841906404645,"['okay', ""we'll"", 'put', 'the', 'house', 'right', 'on', 'here']","['co', 'pro:sub', 'v', 'det:art', 'n', 'adv', 'prep', 'n']",ADU,RP
32737,1,14579258,19348,41.000841906404645,"['how', 'you', 'do', 'this']","['pro:int', 'pro:per', 'v', 'pro:dem']",CHI,RP
32737,1,14579262,19348,41.000841906404645,"['make', 'this', 'open', 'this']","['v', 'det:dem', 'adj', 'pro:dem']",CHI,RP
32737,1,14579267,19348,41.000841906404645,"['oh', 'like', 'this']","['co', 'prep', 'pro:dem']",ADU,AC
32737,1,14579273,19348,41.000841906404645,['oh'],['co'],CHI,YY
32737,1,14579279,19348,41.000841906404645,"['there', 'we', 'go']","['adv', 'pro:sub', 'v']",ADU,MK
32737,1,14579285,19348,41.000841906404645,"[""where's"", 'this', 'truck']","['pro:int', 'det:dem', 'n']",CHI,QN
32737,1,14579291,19348,41.000841906404645,"[""where's"", 'what', 'truck']","['pro:int', 'pro:int', 'n']",ADU,QN
32737,1,14579295,19348,41.000841906404645,"['is', 'empty']","['cop', 'adj']",CHI,SA
32737,1,14579302,19348,41.000841906404645,"['yes', 'it', 'is', 'empty']","['co', 'pro:per', 'cop', 'adj']",ADU,AP
32737,1,14579308,19348,41.000841906404645,"['who', 'did']","['pro:int', 'mod']",CHI,QN
32737,1,14579314,19348,41.000841906404645,['alligator'],['n'],CHI,SA
32737,1,14579318,19348,41.000841906404645,['huh'],['co'],ADU,RR
32737,1,14579324,19348,41.000841906404645,"['I', ""don't"", 'need', 'that']","['pro:sub', 'mod', 'v', 'pro:dem']",CHI,SA
32737,1,14579330,19348,41.000841906404645,"['okay', 'we', ""won't"", 'play', 'with', 'the', 'sheep', 'then']","['co', 'pro:sub', 'mod', 'v', 'prep', 'det:art', 'n', 'adv:tem']",ADU,PD
32737,1,14579335,19348,41.000841906404645,"['comes', 'out', 'a', 'little', 'at', 'a', 'time']","['v', 'prep', 'det:art', 'adj', 'prep', 'det:art', 'n']",ADU,PD
32737,1,14579341,19348,41.000841906404645,"['there', 'took', 'a', 'while', 'but', 'we', 'got', 'it']","['adv', 'v', 'det:art', 'n', 'conj', 'pro:sub', 'v', 'pro:per']",ADU,PD
32737,1,14579347,19348,41.000841906404645,"['move', 'this', 'down']","['v', 'pro:dem', 'adv']",CHI,SI
32737,1,14579352,19348,41.000841906404645,"['put', 'that', 'up', 'first', 'then', 'we', 'shut', 'it']","['v', 'pro:dem', 'adv', 'adv', 'adv:tem', 'pro:sub', 'v', 'pro:per']",ADU,SI
32737,1,14579358,19348,41.000841906404645,"['peoples', 'not', 'in', 'there']","['n', 'neg', 'prep', 'n']",CHI,PF
32737,1,14579363,19348,41.000841906404645,"['horse', 'not', 'in', 'there']","['n', 'neg', 'prep', 'n']",CHI,PF
32737,1,14579369,19348,41.000841906404645,['no'],['co'],ADU,PF
32737,1,14579374,19348,41.000841906404645,"['mad', 'peoples', 'not', 'it', 'there']","['adj', 'n', 'neg', 'pro:per', 'adv']",CHI,ST
32737,1,14579379,19348,41.000841906404645,"['no', 'there', 'are', 'two', 'people', 'in', 'there', 'just', 'on', 'the', 'windows']","['co', 'adv', 'cop', 'det:num', 'n', 'prep', 'n', 'adv', 'prep', 'det:art', 'n']",ADU,YQ
32737,1,14579385,19348,41.000841906404645,['yeah'],['co'],CHI,AA
32737,1,14579389,19348,41.000841906404645,"[""doggie's"", 'in', 'there']","['adj', 'prep', 'n']",CHI,ST
32737,1,14579396,19348,41.000841906404645,"['oh', 'is', 'there', 'a', 'doggie', 'in', 'there']","['co', 'aux', 'adv', 'det:art', 'n', 'prep', 'n']",ADU,YQ
32737,1,14579403,19348,41.000841906404645,"[""doggie's""]",['adj'],CHI,YY
32737,1,14579408,19348,41.000841906404645,"['oh', 'there', 'it', 'is']","['co', 'adv', 'pro:per', 'cop']",ADU,YQ
32737,1,14579412,19348,41.000841906404645,"['on', 'there']","['prep', 'n']",CHI,AA
32737,1,14579420,19348,41.000841906404645,"['looking', 'through', 'the', 'window']","['part', 'prep', 'det:art', 'n']",ADU,ST
32737,1,14579428,19348,41.000841906404645,"[""where's"", ""where's"", 'your', 'car']","['', 'pro:int', 'det:poss', 'n']",CHI,QN
32737,1,14579434,19348,41.000841906404645,"['my', 'car']","['det:poss', 'n']",ADU,YQ
32737,1,14579437,19348,41.000841906404645,"['no', 'is', 'my', 'car']","['co', 'aux', 'det:poss', 'n']",CHI,AA
32737,1,14579440,19348,41.000841906404645,"['how', 'about', 'this', 'car']","['pro:int', 'prep', 'det:dem', 'n']",ADU,CS
32737,1,14579444,19348,41.000841906404645,"['no', 'is', 'my', 'car']","['co', 'cop', 'det:poss', 'n']",CHI,RD
32737,1,14579448,19348,41.000841906404645,"['what', 'am', 'I', 'going', 'to', 'use']","['pro:int', 'cop', 'pro:sub', 'part', 'prep', 'n']",ADU,QN
32737,1,14579452,19348,41.000841906404645,"['how', 'about', 'that', 'car']","['pro:int', 'prep', 'det:dem', 'n']",ADU,RQ
32737,1,14579458,19348,41.000841906404645,['yeah'],['co'],CHI,AD
32737,1,14579462,19348,41.000841906404645,"['okay', ""I'll"", 'use', 'this', 'car']","['co', 'pro:sub', 'v', 'det:dem', 'n']",ADU,AD
32737,1,14579466,19348,41.000841906404645,"['we', 'need', 'some', 'more', 'room']","['pro:sub', 'v', 'qn', 'qn', 'n']",ADU,ST
32737,1,14579470,19348,41.000841906404645,"['I', 'xxx', 'squish', 'this']","['pro:sub', '', 'v', 'det:dem']",CHI,ST
32737,1,14579475,19348,41.000841906404645,"['oh', 'here', ""we're"", 'going', 'to', 'squish', 'this']","['co', 'adv', 'pro:sub', 'part', 'inf', 'v', 'det:dem']",ADU,ST
32737,1,14579479,19348,41.000841906404645,"[""I'm"", 'not']","['pro:sub', 'neg']",CHI,ST
32737,1,14579483,19348,41.000841906404645,"['oh', ""you're"", 'not']","['co', 'pro:per', 'neg']",ADU,AP
32737,1,14579487,19348,41.000841906404645,['nope'],['co'],CHI,AN
32737,1,14579491,19348,41.000841906404645,"['Marleys', 'will', 'squish', 'the', 'play+dough']","['n:prop', 'mod', 'v', 'det:art', '']",ADU,PD
32737,1,14579496,19348,41.000841906404645,"['whoops', 'watch', 'it']","['co', 'v', 'pro:per']",ADU,RP
32737,1,14579500,19348,41.000841906404645,['yep'],['co'],CHI,AD
32737,1,14579504,19348,41.000841906404645,"[""there's"", 'how', 'that']","['pro:exist', 'pro:int', 'pro:dem']",ADU,AC
32737,1,14579507,19348,41.000841906404645,"[""what's"", 'that', 'noise']","['pro:int', 'pro:dem', 'n']",CHI,QN
32737,1,14579512,19348,41.000841906404645,"[""that's"", 'another', 'person', 'outside']","['pro:dem', 'qn', 'n', 'adv']",ADU,SA
32737,1,14579516,19348,41.000841906404645,['oh'],['co'],CHI,YY
32737,1,14579520,19348,41.000841906404645,"[""they're"", 'talking']","['pro:sub', 'part']",ADU,ST
32737,1,14579524,19348,41.000841906404645,"['this', ""isn't"", 'big']","['pro:dem', 'cop', 'adj']",CHI,ST
32737,1,14579528,19348,41.000841906404645,"['want', 'it']","['v', 'pro:per']",ADU,RQ
32737,1,14579531,19348,41.000841906404645,"[""it's"", 'gotta', 'go', 'bigger']","['pro:per', 'mod', 'v', 'adj']",ADU,RP
32737,1,14579535,19348,41.000841906404645,"[""don't"", 'get', 'in', 'there']","['mod', 'v', 'prep', 'n']",CHI,RP
32737,1,14579543,19348,41.000841906404645,"['oh', 'gee']","['co', 'co']",ADU,MK
32737,1,14579547,19348,41.000841906404645,"['stay', 'on', 'table']","['v', 'prep', 'n']",CHI,RP
32737,1,14579550,19348,41.000841906404645,"['okay', ""I'll"", 'stay', 'on', 'the', 'table']","['co', 'pro:sub', 'v', 'prep', 'det:art', 'n']",ADU,AD
32737,1,14579554,19348,41.000841906404645,"[""don't"", 'get', 'on', 'play+dough']","['mod', 'v', 'prep', '']",CHI,RP
32737,1,14579556,19348,41.000841906404645,"[""how's"", 'that']","['pro:int', 'pro:dem']",ADU,QN
32737,1,14579558,19348,41.000841906404645,"['can', 'I', 'get', 'on', 'the', 'play+dough']","['mod', 'pro:sub', 'v', 'prep', 'det:art', '']",ADU,RP
32737,1,14579561,19348,41.000841906404645,['no'],['co'],CHI,RD
32737,1,14579564,19348,41.000841906404645,"['oh', 'gee']","['co', 'co']",ADU,MK
32737,1,14579568,19348,41.000841906404645,"['can', 'I', 'get', 'on']","['mod', 'pro:sub', 'v', 'adv']",ADU,RP
32737,1,14579571,19348,41.000841906404645,['no'],['co'],CHI,RD
32737,1,14579575,19348,41.000841906404645,"['oh', 'gee', 'he', ""won't"", 'let', 'me', 'get', 'on', 'the', 'play+dough']","['co', 'co', 'pro:sub', 'mod', 'v', 'pro:obj', 'v', 'prep', 'det:art', '']",ADU,GI
32738,1,14579584,19348,41.000841906404645,"[""where's"", 'those', 'those']","['pro:int', 'pro:dem', '']",CHI,QN
32738,1,14579588,19348,41.000841906404645,"[""where's"", 'what']","['pro:int', 'pro:int']",CLI,QN
32738,1,14579592,19348,41.000841906404645,"['those', 'two', ""thing's""]","['det:dem', 'det:num', 'n']",CHI,SA
32738,1,14579594,19348,41.000841906404645,"['all', 'these', 'plates']","['qn', 'det:dem', 'n']",CHI,YY
32738,1,14579598,19348,41.000841906404645,"['where', 'are', 'all']","['pro:int', 'cop', 'pro:indef']",CLI,QN
32738,1,14579602,19348,41.000841906404645,"['there', 'are', 'some', 'more', 'plates']","['pro:exist', 'cop', 'qn', 'qn', 'n']",CLI,SA
32738,1,14579606,19348,41.000841906404645,"['no', 'all', 'those', ""plate's"", 'go', 'right', 'here']","['qn', 'qn', 'det:dem', 'n', 'v', 'adv', 'adv']",CHI,DW
32738,1,14579609,19348,41.000841906404645,"['oh', 'I', ""don't"", 'know', 'where', 'those', 'are']","['co', 'pro:sub', 'mod', 'v', 'pro:rel', 'det:dem', 'cop']",CLI,SA
32738,1,14579613,19348,41.000841906404645,"['do', 'you', 'wanna', 'go', 'play', 'on', 'the', 'on', 'the', 'desk', 'on', 'the', 'table']","['mod', 'pro:per', 'v', 'v', 'n', 'prep', 'det:art', '', '', 'n', 'prep', 'det:art', 'n']",CLI,RQ
32738,1,14579619,19348,41.000841906404645,"['shall', 'we', 'go', 'play', 'on', 'the', 'table']","['mod', 'pro:sub', 'v', 'n', 'prep', 'det:art', 'n']",CLI,RQ
32738,1,14579626,19348,41.000841906404645,"[""we've"", 'got', 'a', 'bunch', 'of', 'things', 'over', 'here', 'too']","['pro:sub', 'part', 'det:art', 'n', 'prep', 'n', 'prep', 'n', 'adv']",CLI,ST
32738,1,14579632,19348,41.000841906404645,['yup'],['co'],CHI,AA
32738,1,14579637,19348,41.000841906404645,"['put', 'that', 'on']","['v', 'pro:dem', 'adv']",CHI,RP
32738,1,14579641,19348,41.000841906404645,"['put', 'what', 'on']","['v', 'pro:int', 'adv']",CLI,RT
32738,1,14579646,19348,41.000841906404645,"['this', 'thing', 'on']","['det:dem', 'n', 'adv']",CHI,RT
32738,1,14579651,19348,41.000841906404645,"['this', 'thing', 'on', 'where']","['det:dem', 'n', 'prep', 'pro:rel']",CLI,RT
32738,1,14579657,19348,41.000841906404645,"['on', 'there']","['prep', 'n']",CHI,RT
32738,1,14579662,19348,41.000841906404645,['okay'],['co'],CLI,AD
32738,1,14579666,19348,41.000841906404645,"[""don't"", 'leave', 'that', 'open']","['mod', 'v', 'adv', 'adj']",CHI,RP
32738,1,14579671,19348,41.000841906404645,"[""don't"", 'leave', 'it', 'open']","['mod', 'v', 'pro:per', 'adj']",CLI,RP
32738,1,14579675,19348,41.000841906404645,['no'],['co'],CHI,RD
32738,1,14579681,19348,41.000841906404645,"['I', 'will', 'close', 'this', 'thing']","['pro:sub', 'mod', 'v', 'det:dem', 'n']",CHI,SI
32738,1,14579685,19348,41.000841906404645,"['okay', ""you'll"", 'close', 'that', 'and', ""I'll"", 'put', 'this', 'right', 'on', 'there']","['co', 'pro:per', 'adj', 'adv', 'coord', 'pro:sub', 'v', 'det:dem', 'adv', 'prep', 'n']",CLI,SI
32738,1,14579692,19348,41.000841906404645,"['there', 'okay']","['adv', 'adj']",CLI,MK
32738,1,14579698,19348,41.000841906404645,"['that', 'cord', 'in', 'there']","['det:dem', 'n', 'prep', 'n']",CHI,SA
32738,1,14579704,19348,41.000841906404645,"['no', ""we'll"", 'leave', 'that', 'cord', 'out']","['co', 'pro:sub', 'v', 'comp', 'n', 'adv']",CLI,DW
32738,1,14579713,19348,41.000841906404645,"['it', 'needs', 'to', 'stay', 'cut']","['pro:per', 'v', 'inf', 'v', 'v']",CLI,RP
32738,1,14579723,19348,41.000841906404645,"['shall', 'we', 'play', 'with', 'play+dough']","['mod', 'pro:sub', 'v', 'prep', '']",CLI,RQ
32738,1,14579733,19348,41.000841906404645,"['no', ""that's"", 'a', 'bit', 'too', 'noisy', 'for', 'right', 'now']","['co', 'pro:dem', 'det:art', 'n', 'adv', 'adj', 'conj', 'adv', 'adv']",CLI,CR
32738,1,14579740,19348,41.000841906404645,['I'],['pro:sub'],CHI,YY
32738,1,14579760,19348,41.000841906404645,"['I', 'stuck', 'in', 'it']","['pro:sub', 'v', 'prep', 'pro:per']",CHI,ST
32738,1,14579767,19348,41.000841906404645,"['you', 'did', 'and', 'boy', ""it's"", 'going', 'to', 'get', 'hard', 'to', 'get', 'out', 'this', 'time']","['pro:per', 'v', 'coord', 'n', 'pro:per', 'part', 'inf', 'aux', 'adv', 'inf', 'v', 'adv', 'det:dem', 'n']",CLI,ST
32738,1,14579783,19348,41.000841906404645,"['my', 'truck', 'got', 'stuck']","['det:poss', 'n', 'aux', 'part']",CHI,ST
32738,1,14579794,19348,41.000841906404645,"['your', 'truck', 'got', 'stuck']","['det:poss', 'n', 'aux', 'part']",CLI,AP
32738,1,14579806,19348,41.000841906404645,"['it', 'got', 'stuck', 'on', 'the', 'blocks']","['pro:per', 'aux', 'part', 'prep', 'det:art', 'n']",CLI,ST
32738,1,14579819,19348,41.000841906404645,['yup'],['co'],CHI,AA
32738,1,14579829,19348,41.000841906404645,"['no', 'in', 'that', 'hole']","['co', 'prep', 'det:dem', 'n']",CHI,AN
32738,1,14579841,19348,41.000841906404645,"['oh', 'it', 'got', 'stuck', 'in', 'the']","['co', 'pro:per', 'aux', 'part', 'prep', 'det:art']",CLI,ST
32738,1,14579851,19348,41.000841906404645,['hole'],['n'],CHI,YY
32738,1,14579859,19348,41.000841906404645,"['oh', 'in', 'the', 'hole']","['co', 'prep', 'det:art', 'n']",CLI,ST
32738,1,14579869,19348,41.000841906404645,"['hey', 'you', 'did', 'it']","['co', 'pro:per', 'mod', 'pro:per']",CLI,ST
32738,1,14579879,19348,41.000841906404645,"['I', 'show', 'you']","['pro:sub', 'v', 'pro:per']",CHI,AP
32738,1,14579886,19348,41.000841906404645,"['you', 'show', 'me', 'okay']","['pro:per', 'v', 'pro:obj', 'adj']",CLI,AP
32738,1,14579895,19348,41.000841906404645,"['oh', ""you're"", 'going', 'to', 'mix', 'up', 'the', 'play+dough', 'with', 'that']","['co', 'pro:per', 'part', 'inf', 'v', 'prep', 'det:art', '', 'prep', 'pro:dem']",CLI,ST
32738,1,14579904,19348,41.000841906404645,"['ah', 'I', 'got']","['co', 'pro:sub', 'v']",CHI,YY
32738,1,14579914,19348,41.000841906404645,"['you', 'got', 'the', 'play+dough', 'stuck', 'on', 'that']","['pro:per', 'v', 'det:art', '', 'v', 'prep', 'pro:dem']",CLI,ST
32738,1,14579926,19348,41.000841906404645,"['why', ""don't"", 'we', 'put', 'the', 'play+dough', 'up', 'here']","['pro:int', 'mod', 'pro:sub', 'v', 'det:art', '', 'prep', 'n']",CLI,RP
32738,1,14579931,19348,41.000841906404645,"['I', 'got', 'this', 'cap']","['pro:sub', 'v', 'det:dem', 'n']",CHI,ST
32738,1,14579939,19348,41.000841906404645,"[""you've"", 'got', 'that', 'baseball', 'cap', 'there']","['pro:per', 'part', 'comp', 'n', 'n', 'adv']",CLI,YQ
32738,1,14579946,19348,41.000841906404645,['yep'],['co'],CHI,AA
32738,1,14579955,19348,41.000841906404645,"['I', 'hit', 'it']","['pro:sub', 'v', 'pro:per']",CHI,ST
32738,1,14579964,19348,41.000841906404645,"['you', 'hit', 'it']","['pro:per', 'v', 'pro:per']",CLI,YQ
32738,1,14579974,19348,41.000841906404645,"['no', 'I', 'had', 'it']","['co', 'pro:sub', 'v', 'pro:per']",CHI,AN
32738,1,14579989,19348,41.000841906404645,"['oh', 'you', 'had', 'it']","['co', 'pro:per', 'v', 'pro:per']",CLI,YQ
32738,1,14579996,19348,41.000841906404645,"['you', 'wore', 'it', 'last', 'time']","['pro:per', 'v', 'pro:per', 'adv', 'n']",CLI,ST
32738,1,14580005,19348,41.000841906404645,"['yes', 'you', 'wore', 'the', 'baseball', 'cap', 'last', 'time']","['co', 'pro:per', 'v', 'det:art', 'n', 'n', 'adv', 'v']",CLI,ST
32738,1,14580015,19348,41.000841906404645,['yup'],['co'],CHI,AC
32738,1,14580025,19348,41.000841906404645,"['somebody', 'have', 'got', 'in', 'here']","['pro:indef', 'aux', 'part', 'prep', 'n']",CHI,ST
32738,1,14580036,19348,41.000841906404645,"['somebody', 'else', 'has', 'come', 'in', 'here']","['pro:indef', 'post', 'aux', 'part', 'prep', 'n']",CLI,ST
32738,1,14580048,19348,41.000841906404645,['no'],['co'],CHI,RD
32738,1,14580056,19348,41.000841906404645,['no'],['co'],CLI,RD
32738,1,14580065,19348,41.000841906404645,"[""where's"", 'my', 'jacket']","['pro:int', 'det:poss', 'n']",CHI,QN
32738,1,14580075,19348,41.000841906404645,"['I', ""don't"", 'know']","['pro:sub', 'mod', 'v']",CLI,SA
32738,1,14580086,19348,41.000841906404645,"['where', 'did', 'your', 'jacket']","['pro:rel', 'mod', 'det:poss', 'n']",CLI,QN
32738,1,14580097,19348,41.000841906404645,"['did', 'you', 'put', 'it', 'up', 'on']","['mod', 'pro:per', 'v', 'pro:per', 'adv', 'prep']",CLI,RP
32738,1,14580112,19348,41.000841906404645,"['you', 'hung']","['pro:per', 'v']",CLI,RP
32738,1,14580122,19348,41.000841906404645,['hanger'],['n'],CHI,YY
32738,1,14580133,19348,41.000841906404645,"['yes', 'you', 'put', 'it', 'up', 'on', 'the', 'hanger']","['co', 'pro:per', 'v', 'pro:per', 'adv', 'prep', 'det:art', 'n']",CLI,RP
32738,1,14580148,19348,41.000841906404645,"['can', 'you', 'help', 'me', 'squish']","['mod', 'pro:per', 'v', 'pro:obj', 'v']",CLI,RP
32738,1,14580160,19348,41.000841906404645,['no'],['co'],CHI,RD
32738,1,14580170,19348,41.000841906404645,"['okay', 'you', ""don't"", 'wanna', 'play', 'with', 'play+dough', 'today']","['co', 'pro:per', 'mod', 'v', 'v', 'prep', '', 'adv:tem']",CLI,GI
32738,1,14580184,19348,41.000841906404645,"['I', ""don't"", 'want', 'squish']","['pro:sub', 'mod', 'v', 'v']",CHI,SI
32738,1,14580195,19348,41.000841906404645,"['you', ""don't"", 'wanna', 'squish']","['pro:per', 'mod', 'v', 'v']",CLI,YQ
32738,1,14580204,19348,41.000841906404645,"['how', 'about', 'rolling', 'on', 'the', 'play+dough']","['pro:int', 'adv', 'part', 'prep', 'det:art', '']",CLI,QN
32738,1,14580214,19348,41.000841906404645,"['I', 'got', 'Snoopy', 'card']","['pro:sub', 'v', 'n:prop', 'n']",CHI,SA
32738,1,14580225,19348,41.000841906404645,"['you', 'got', 'a', 'Snoopy', 'card']","['pro:per', 'v', 'det:art', 'n:prop', 'n']",CLI,AP
32738,1,14580234,19348,41.000841906404645,"['like', 'this', 'one']","['prep', 'pro:dem', 'pro:indef']",CHI,ST
32738,1,14580244,19348,41.000841906404645,"['oh', ""you've"", 'got', 'a', 'Snoopy', 'doll', 'like', 'that', 'one']","['co', 'pro:per', 'part', 'det:art', 'n:prop', 'n', 'co', 'adv', 'pro:indef']",CLI,YQ
32738,1,14580253,19348,41.000841906404645,"['no', 'I', 'got', 'Snoopy', 'card']","['co', 'pro:sub', 'v', 'n:prop', 'n']",CHI,AN
32738,1,14580264,19348,41.000841906404645,"['got', 'a', 'Snoopy', 'card']","['v', 'det:art', 'n:prop', 'n']",CLI,YQ
32738,1,14580274,19348,41.000841906404645,"['no', 'this', 'Snoopy', 'one', 'I', 'got']","['qn', 'det:dem', 'n:prop', 'pro:indef', 'pro:sub', 'v']",CHI,AN
32738,1,14580286,19348,41.000841906404645,"['this', 'Snoopy', 'one', 'I', 'got']","['pro:dem', 'n:prop', 'pro:indef', 'pro:sub', 'v']",CHI,ST
32738,1,14580293,19348,41.000841906404645,"[""you've"", 'got', 'a', 'Snoopy', 'shirt']","['pro:per', 'part', 'det:art', 'n:prop', 'n']",CLI,YQ
32738,1,14580298,19348,41.000841906404645,"['no', 'this', 'Snoopy', 'I', 'got']","['qn', 'det:dem', 'n:prop', 'pro:sub', 'v']",CHI,AN
32738,1,14580306,19348,41.000841906404645,['oh'],['co'],CLI,AC
32738,1,14580316,19348,41.000841906404645,"['I', 'got', 'your', 'popcorn', 'there']","['pro:sub', 'v', 'det:poss', '', 'adv']",CHI,ST
32738,1,14580325,19348,41.000841906404645,"['oh', 'you', 'do', 'have', 'my', 'popcorn', 'there']","['co', 'pro:per', 'v', 'v', 'det:poss', '', 'adv']",CLI,YQ
32738,1,14580334,19348,41.000841906404645,"['yes', 'you', 'do']","['co', 'pro:per', 'v']",CLI,AA
32738,1,14580343,19348,41.000841906404645,"['put', 'big', 'popcorn', 'in', 'here']","['v', 'adj', '', 'prep', 'n']",CHI,SI
32738,1,14580350,19348,41.000841906404645,"['are', 'there', 'big', ""one's"", 'in', 'there']","['cop', 'adv', 'adj', 'adj', 'prep', 'n']",CLI,YQ
32738,1,14580357,19348,41.000841906404645,['yeah'],['co'],CHI,AA
32738,1,14580365,19348,41.000841906404645,['gosh'],['co'],CLI,MK
32738,1,14580373,19348,41.000841906404645,"['open', 'this']","['v', 'pro:dem']",CHI,RP
32738,1,14580379,19348,41.000841906404645,"[""we'll"", 'open', 'it', 'up', 'just', 'a', 'little', 'bit', 'later']","['pro:sub', 'v', 'pro:per', 'adv', 'adv', 'det:art', 'adj', 'n', 'adv']",CLI,PD
32738,1,14580386,19348,41.000841906404645,"['how', 'this', 'open', 'there']","['pro:int', 'det:dem', 'adj', 'adv']",CHI,RP
32738,1,14580392,19348,41.000841906404645,"['how', 'does', 'that', 'open']","['pro:int', 'mod', 'pro:dem', 'adj']",CLI,QN
32738,1,14580398,19348,41.000841906404645,"[""let's"", 'see']","['v', 'v']",CLI,RP
32739,1,14579572,19348,44.00090350931231,"['you', 'gonna', 'sit', 'in', 'the', 'little', 'one']","['pro:per', 'part', 'v', 'prep', 'det:art', 'adj', 'pro:indef']",CLI,RP
32739,1,14579577,19348,44.00090350931231,['yes'],['co'],CHI,AD
32739,1,14579580,19348,44.00090350931231,['okay'],['co'],CLI,AD
32739,1,14579583,19348,44.00090350931231,"['I', 'get', 'these']","['pro:sub', 'v', 'pro:dem']",CHI,YY
32739,1,14579585,19348,44.00090350931231,"[""they're"", 'mine']","['pro:sub', 'pro:poss']",CHI,ST
32739,1,14579589,19348,44.00090350931231,['okay'],['co'],CLI,AP
32739,1,14579593,19348,44.00090350931231,"[""who's"", 'this']","['pro:int', 'pro:dem']",CHI,QN
32739,1,14579595,19348,44.00090350931231,"[""that's"", 'ET']","['pro:dem', 'n:prop']",CLI,SA
32739,1,14579599,19348,44.00090350931231,['ET'],['n:prop'],CHI,YY
32739,1,14579603,19348,44.00090350931231,['uhhuh'],['co'],CLI,AC
32739,1,14579608,19348,44.00090350931231,['no'],['co'],CHI,RD
32739,1,14579612,19348,44.00090350931231,"['sure', 'it', 'is']","['adj', 'pro:per', 'cop']",CLI,YQ
32739,1,14579616,19348,44.00090350931231,"['Scott', 'has', 'it']","['n:prop', 'aux', 'pro:per']",CHI,AA
32739,1,14579621,19348,44.00090350931231,"['you', 'want', 'me', 'to', 'take', 'it', 'off']","['pro:per', 'v', 'pro:obj', 'inf', 'v', 'pro:per', 'adv']",CLI,RQ
32739,1,14579627,19348,44.00090350931231,"['I', 'can']","['pro:sub', 'mod']",CHI,AD
32739,1,14579631,19348,44.00090350931231,"['there', 'you', 'go']","['adv', 'pro:per', 'v']",CLI,MK
32739,1,14579636,19348,44.00090350931231,['there'],['adv'],CLI,MK
32739,1,14579642,19348,44.00090350931231,"['we', ""didn't"", 'squish', 'it', 'either']","['pro:sub', 'mod', 'v', 'pro:per', 'adv']",CHI,ST
32739,1,14579647,19348,44.00090350931231,"['we', ""didn't"", 'squish', 'it', 'either']","['pro:sub', 'mod', 'v', 'pro:per', 'adv']",CHI,ST
32739,1,14579655,19348,44.00090350931231,"['we', ""didn't""]","['pro:sub', 'mod']",CLI,AP
32739,1,14579660,19348,44.00090350931231,"['where', 'is']","['pro:int', 'cop']",CHI,QN
32739,1,14579665,19348,44.00090350931231,"['squish', 'that', 'finger', 'in', 'there']","['v', 'pro:dem', 'v', 'prep', 'n']",CLI,FP
32739,1,14579670,19348,44.00090350931231,"['hey', 'you', 'can', 'find', 'my', 'finger']","['co', 'pro:per', 'mod', 'v', 'det:poss', 'n']",CHI,PA
32739,1,14579679,19348,44.00090350931231,['yeah'],['co'],CLI,AC
32739,1,14579682,19348,44.00090350931231,"['by', 'golly', 'there', 'it', 'is']","['adv', 'co', 'adv', 'pro:per', 'cop']",CLI,ST
32739,1,14579687,19348,44.00090350931231,"[""there's"", 'your', 'finger']","['pro:exist', 'det:poss', 'n']",CLI,ST
32739,1,14579693,19348,44.00090350931231,"['there', 'it', 'is']","['adv', 'pro:per', 'cop']",CLI,ST
32739,1,14579700,19348,44.00090350931231,"['I', ""can't"", 'see']","['pro:sub', 'mod', 'v']",CHI,ST
32739,1,14579708,19348,44.00090350931231,"[""can't"", 'you', 'see']","['mod', 'pro:per', 'v']",CLI,AP
32739,1,14579716,19348,44.00090350931231,"['you', 'made', 'a', 'doughnut']","['pro:per', 'v', 'det:art', 'n']",CLI,ST
32739,1,14579722,19348,44.00090350931231,"['hey', ""it's"", 'squished', 'in', ""bump's""]","['co', 'pro:per', 'part', 'prep', 'n']",CHI,ST
32739,1,14579736,19348,44.00090350931231,['uhoh'],['co'],CLI,MK
32739,1,14579744,19348,44.00090350931231,"[""where's"", 'school+house']","['pro:int', '']",CHI,QN
32739,1,14579762,19348,44.00090350931231,"['I', ""didn't"", 'bring', 'that', 'in', 'today']","['pro:sub', 'mod', 'v', 'pro:dem', 'prep', 'adv:tem']",CLI,SA
32739,1,14579773,19348,44.00090350931231,"[""I'll"", 'bring', 'that', 'next', 'week', 'okay']","['pro:sub', 'v', 'adv', 'adv', 'n', 'adj']",CLI,RQ
32739,1,14579779,19348,44.00090350931231,['okay'],['co'],CHI,AD
32739,1,14579787,19348,44.00090350931231,"['should', 'we', 'squish', 'it', 'out']","['mod', 'pro:sub', 'v', 'pro:per', 'adv']",CLI,RQ
32739,1,14579801,19348,44.00090350931231,"['I', 'squish', 'it', 'all', 'all', 'out']","['pro:sub', 'v', 'pro:per', '', 'adv', 'adv']",CHI,AD
32739,1,14579811,19348,44.00090350931231,['okay'],['co'],CLI,AD
32739,1,14579820,19348,44.00090350931231,"['now', 'look', 'it']","['adv', 'v', 'pro:per']",CHI,RP
32739,1,14579831,19348,44.00090350931231,"['the', 'can', 'is', 'way', 'over', 'there']","['det:art', 'n', 'cop', 'adv', 'prep', 'n']",CLI,YQ
32739,1,14579842,19348,44.00090350931231,['yeah'],['co'],CHI,AA
32739,1,14579850,19348,44.00090350931231,"['make', 'it', 'bigger', 'and', 'bigger', 'and', 'bigger', 'and', 'bigger', 'and', 'bigger', 'and', 'bigger', 'bigger', 'and', 'bigger', 'and', 'bigger', 'and', 'bigger']","['v', 'pro:per', 'adj', '', '', '', '', '', '', '', '', '', '', '', '', '', '', '', '', '']",CHI,AN
32739,1,14579864,19348,44.00090350931231,"[""I'll"", 'try']","['pro:sub', 'v']",CLI,RP
32739,1,14579872,19348,44.00090350931231,"[""that's"", 'enough']","['pro:dem', 'adv']",CHI,ST
32739,1,14579884,19348,44.00090350931231,"['is', 'it', 'okay']","['aux', 'pro:per', 'co']",CLI,AP
32739,1,14579890,19348,44.00090350931231,"['hey', 'they', 'got', 'both', 'same', 'track']","['co', 'pro:sub', 'v', 'qn', 'adj', 'n']",CHI,ST
32739,1,14579902,19348,44.00090350931231,"['yeah', 'they', 'have', 'the', 'xxx']","['co', 'pro:sub', 'v', 'det:art', '']",CLI,AP
32739,1,14579912,19348,44.00090350931231,"['he', 'got', 'wheels', 'these', 'kinda', 'wheel']","['pro:sub', 'v', 'n', 'det:dem', 'adv', 'n']",CHI,ST
32739,1,14579922,19348,44.00090350931231,"['and', ""he's"", 'got', 'kinda', 'wheel']","['coord', 'pro:sub', 'part', 'adv', 'n']",CHI,ST
32739,1,14579936,19348,44.00090350931231,"['yeah', 'they', 'have', 'the', 'same', 'kinda', 'wheel']","['co', 'pro:sub', 'v', 'det:art', 'adj', 'adv', 'n']",CLI,ST
32739,1,14579952,19348,44.00090350931231,['two'],['det:num'],CHI,YY
32739,1,14579961,19348,44.00090350931231,"['how', 'about', 'that']","['pro:int', 'adv', 'pro:dem']",CLI,RQ
32739,1,14579973,19348,44.00090350931231,"['there', 'goes', 'the', 'tiger', 'in', 'the', 'play+dough']","['adv', 'v', 'det:art', 'n', 'prep', 'det:art', '']",CLI,ST
32739,1,14579984,19348,44.00090350931231,"[""here's"", 'little', 'car', 'going', 'play+dough']","['pro:exist', 'adj', 'n', 'part', '']",CHI,ST
32739,1,14579994,19348,44.00090350931231,"[""where's"", 'my', 'new', 'pickup']","['pro:int', 'det:poss', 'adj', '']",CHI,QN
32739,1,14580004,19348,44.00090350931231,"['I', ""couldn't"", 'find', 'that']","['pro:sub', 'mod', 'v', 'pro:dem']",CLI,SA
32739,1,14580013,19348,44.00090350931231,"['I', 'think', 'somebody', 'else', 'is', 'playing', 'with', 'that', 'because', 'I', 'looked', 'all', 'over']","['pro:sub', 'v', 'pro:indef', 'post', 'aux', 'part', 'prep', 'det:dem', 'conj', 'pro:sub', 'v', 'adv', 'adv']",CLI,ST
32739,1,14580029,19348,44.00090350931231,"['where', 'is', 'it']","['pro:int', 'cop', 'pro:per']",CHI,QN
32739,1,14580038,19348,44.00090350931231,"['I', ""don't"", 'know']","['pro:sub', 'mod', 'v']",CLI,SA
32739,1,14580050,19348,44.00090350931231,"['I', 'looked', 'in', 'all', 'the', 'rooms', 'and', 'I', ""couldn't"", 'find', 'it']","['pro:sub', 'v', 'prep', 'qn', 'det:art', 'n', 'coord', 'pro:sub', 'mod', 'v', 'pro:per']",CLI,ST
32739,1,14580062,19348,44.00090350931231,"['somebody', 'must', 'be', 'playing', 'with', 'it']","['pro:indef', 'mod', 'aux', 'part', 'prep', 'pro:per']",CLI,ST
32739,1,14580074,19348,44.00090350931231,"[""it's"", 'funny']","['pro:per', 'adj']",CHI,ST
32739,1,14580085,19348,44.00090350931231,"['long', 'tracks']","['adj', 'n']",CLI,AP
32739,1,14580099,19348,44.00090350931231,"[""let's"", 'see', ""that's"", 'Ernie', 'right']","['v', 'v', 'comp', 'n:prop', 'co']",CLI,AP
32739,1,14580110,19348,44.00090350931231,"['and', 'there', 'goes', 'the', 'cookie', 'monster']","['coord', 'adv', 'v', 'det:art', 'n', 'n']",CLI,ST
32739,1,14580124,19348,44.00090350931231,"['no', 'he', ""doesn't"", 'go', 'in', 'swings']","['co', 'pro:sub', 'mod', 'v', 'prep', 'n']",CHI,DW
32739,1,14580138,19348,44.00090350931231,"['just', 'these', 'guy']","['adv', 'det:dem', 'n']",CHI,YY
32739,1,14580149,19348,44.00090350931231,['oh'],['co'],CLI,MK
32739,1,14580162,19348,44.00090350931231,"['move', 'these', 'down']","['v', 'pro:dem', 'adv']",CHI,RP
32739,1,14580172,19348,44.00090350931231,['okay'],['co'],CLI,AD
32739,1,14580181,19348,44.00090350931231,"['put', 'this', 'down', 'too']","['v', 'pro:dem', 'adv', 'adv']",CHI,RP
32739,1,14580192,19348,44.00090350931231,"['and', 'this', 'one', 'too']","['coord', 'det:dem', 'pro:indef', 'adv']",CHI,RP
32739,1,14580202,19348,44.00090350931231,['okay'],['co'],CLI,AD
32739,1,14580212,19348,44.00090350931231,"['get', 'and', 'ern', 'no', 'Ernie', 'go', 'right', 'here']","['', '', '', 'co', 'n:prop', 'v', 'adv', 'adv']",CHI,AN
32739,1,14580222,19348,44.00090350931231,"['Cookie_Monster', 'goes', 'right', 'here']","['n:prop', 'v', 'adv', 'adv']",CHI,ST
32739,1,14580233,19348,44.00090350931231,"['they', 'fell', 'out']","['pro:sub', 'v', 'adv']",CLI,ST
32739,1,14580241,19348,44.00090350931231,"['hey', 'Cookie_Monster', ""didn't""]","['co', 'n:prop', 'mod']",CHI,CL
32739,1,14580251,19348,44.00090350931231,"[""he's""]",['pro:sub'],CHI,YY
32739,1,14580260,19348,44.00090350931231,"['he', ""doesn't"", 'fell']","['pro:sub', 'mod', 'v']",CHI,ST
32739,1,14580268,19348,44.00090350931231,"['yeah', 'he', ""didn't"", 'fall']","['co', 'pro:sub', 'mod', 'v']",CLI,AP
32739,1,14580277,19348,44.00090350931231,"['he', 'did', 'fall', 'out', 'now']","['pro:sub', 'mod', 'v', 'adv', 'adv']",CHI,ST
32740,1,14579617,19348,44.00090350931231,"['how', 'do', 'you', 'get', 'it', 'in', 'that']","['pro:int', 'mod', 'pro:per', 'v', 'pro:per', 'prep', 'pro:dem']",CHI,QN
32740,1,14579622,19348,44.00090350931231,"['hm', 'this']","['co', 'pro:dem']",CLI,RR
32740,1,14579623,19348,44.00090350931231,['that'],['comp'],CHI,YY
32740,1,14579628,19348,44.00090350931231,['yeah'],['co'],CHI,YY
32740,1,14579634,19348,44.00090350931231,"['and', 'something', 'else']","['coord', 'pro:indef', 'post']",CHI,YY
32740,1,14579639,19348,44.00090350931231,"['what', 'else']","['pro:int', 'post']",CLI,QN
32740,1,14579644,19348,44.00090350931231,"['and', 'that']","['coord', 'pro:dem']",CHI,SA
32740,1,14579649,19348,44.00090350931231,"['and', 'this']","['coord', 'pro:dem']",CLI,AQ
32740,1,14579653,19348,44.00090350931231,['yeah'],['co'],CHI,AA
32740,1,14579659,19348,44.00090350931231,"[""it's"", 'mine']","['pro:per', 'pro:poss']",CHI,ST
32740,1,14579664,19348,44.00090350931231,"[""let's"", 'put', 'this', 'out']","['v', 'v', 'pro:dem', 'adv']",CLI,SI
32740,1,14579669,19348,44.00090350931231,"['you', 'play', 'with', 'these']","['pro:per', 'v', 'prep', 'pro:dem']",CHI,ST
32740,1,14579673,19348,44.00090350931231,"['uhhuh', 'I', 'brought', 'them', 'today']","['co', 'pro:sub', 'v', 'pro:obj', 'adv:tem']",CLI,AP
32740,1,14579676,19348,44.00090350931231,"['why', ""where's"", 'my', 'fox']","['', 'pro:int', 'det:poss', 'n']",CHI,QN
32740,1,14579680,19348,44.00090350931231,"['I', ""couldn't"", 'find', 'him']","['pro:sub', 'mod', 'v', 'pro:obj']",CLI,SA
32740,1,14579686,19348,44.00090350931231,"['I', 'looked', 'and', 'looked']","['pro:sub', 'v', 'coord', 'v']",CLI,ST
32740,1,14579691,19348,44.00090350931231,"['I', ""don't"", 'know']","['pro:sub', 'mod', 'v']",CLI,ST
32740,1,14579696,19348,44.00090350931231,"['he', 'must', 'be', 'lost']","['pro:sub', 'mod', 'aux', 'part']",CLI,ST
32740,1,14579703,19348,44.00090350931231,"[""I'll"", 'find', 'xxx']","['pro:sub', 'v', '']",CLI,RP
32740,1,14579711,19348,44.00090350931231,"[""I'll"", 'really', 'look', 'for', 'him', 'okay']","['pro:sub', 'adv', 'v', 'prep', 'pro:obj', 'adj']",CLI,RP
32740,1,14579721,19348,44.00090350931231,"['okay', ""what's"", 'this']","['co', 'pro:int', 'pro:dem']",CHI,AD
32740,1,14579728,19348,44.00090350931231,"['that', 'must', 'be', 'a', 'place', 'for', 'people', 'to', 'ride']","['pro:dem', 'mod', 'cop', 'det:art', 'n', 'prep', 'n', 'inf', 'v']",CLI,ST
32740,1,14579735,19348,44.00090350931231,"['oh', 'yup', 'Cookie_Monster', 'gonna', 'do', 'this']","['co', 'co', 'n:prop', 'part', 'v', 'pro:dem']",CHI,RP
32740,1,14579742,19348,44.00090350931231,"['uh', 'oh', 'he', ""doesn't"", 'fit', 'in', 'there']","['', 'co', 'pro:sub', 'mod', 'v', 'prep', 'n']",CLI,GR
32740,1,14579757,19348,44.00090350931231,['no'],['co'],CHI,RD
32740,1,14579766,19348,44.00090350931231,"['maybe', 'he', 'is', 'nope']","['adv', 'pro:sub', 'cop', 'co']",CHI,AN
32740,1,14579776,19348,44.00090350931231,"['maybe', 'Ernie', 'is', 'yep']","['adv', 'n:prop', 'cop', 'co']",CHI,ST
32740,1,14579785,19348,44.00090350931231,"['does', 'he']","['mod', 'pro:sub']",CLI,AP
32740,1,14579795,19348,44.00090350931231,['yeah'],['co'],CHI,AP
32740,1,14579805,19348,44.00090350931231,['good'],['adj'],CLI,AP
32740,1,14579817,19348,44.00090350931231,"['there', 'he', 'goes', 'like', 'this']","['adv', 'pro:sub', 'v', 'prep', 'pro:dem']",CHI,ST
32740,1,14579827,19348,44.00090350931231,['okay'],['co'],CLI,AC
32740,1,14579837,19348,44.00090350931231,"['xxx', 'Ernie']","['', 'n:prop']",CHI,YY
32740,1,14579849,19348,44.00090350931231,"['aw', 'the', 'man', 'fell', 'out_of', 'the', 'car']","['', 'det:art', 'n', 'v', 'prep', 'det:art', 'n']",CLI,ST
32740,1,14579866,19348,44.00090350931231,"['I', 'want', 'this']","['pro:sub', 'v', 'det:dem']",CHI,RQ
32740,1,14579877,19348,44.00090350931231,['okay'],['co'],CLI,AD
32740,1,14579887,19348,44.00090350931231,"['Ernie', 'went', 'into', 'the', 'play+dough']","['n:prop', 'v', 'prep', 'det:art', '']",CLI,ST
32740,1,14579907,19348,44.00090350931231,"['move', 'it', 'closer', 'here', 'then', 'you', ""won't"", 'hafta', 'reach', 'so', 'far']","['v', 'pro:per', 'adj', 'adv', 'adv:tem', 'pro:per', 'mod', 'mod', 'n', 'adv', 'adv']",CLI,ST
32740,1,14579923,19348,44.00090350931231,"['oh', ""he's"", 'getting', 'stuck']","['co', 'pro:sub', 'part', 'v']",CLI,ST
32740,1,14579938,19348,44.00090350931231,"['hey', 'xxx']","['co', '']",CHI,YY
32740,1,14579953,19348,44.00090350931231,"['but', 'they', ""don't"", 'want', 'them']","['conj', 'pro:sub', 'mod', 'v', 'pro:obj']",CHI,YY
32740,1,14579967,19348,44.00090350931231,"['only', 'one']","['adv', 'pro:indef']",CHI,YY
32740,1,14579978,19348,44.00090350931231,"[""where's"", 'that']","['pro:int', 'pro:dem']",CLI,QN
32740,1,14579986,19348,44.00090350931231,"['one', 'is', 'on', 'back']","['pro:indef', 'cop', 'prep', 'adv']",CHI,SA
32740,1,14580007,19348,44.00090350931231,"['oh', 'yeah']","['co', 'co']",CLI,AC
32740,1,14580016,19348,44.00090350931231,"['is', 'it', 'in', 'the', 'play+dough']","['aux', 'pro:per', 'prep', 'det:art', '']",CLI,YQ
32740,1,14580028,19348,44.00090350931231,['no'],['co'],CHI,AN
32740,1,14580040,19348,44.00090350931231,"['no', 'hm']","['co', 'co']",CLI,AC
32740,1,14580051,19348,44.00090350931231,"['hey', ""there's"", 'something', 'xxx']","['co', 'pro:exist', 'pro:indef', '']",CHI,ST
32740,1,14580061,19348,44.00090350931231,"['oh', 'yeah']","['co', 'co']",CLI,AC
32740,1,14580072,19348,44.00090350931231,"['there', 'it', 'is']","['adv', 'pro:per', 'cop']",CLI,ST
32740,1,14580080,19348,44.00090350931231,"['now', ""it's"", 'all_gone']","['adv', 'pro:per', 'adj']",CHI,DC
32740,1,14580092,19348,44.00090350931231,"['there', ""it's"", 'all_gone']","['adv', 'pro:per', 'adj']",CLI,DC
32740,1,14580103,19348,44.00090350931231,"['Cookie_Monster', 'will', 'get', 'no', 'he', 'will', 'drive', 'this']","['n:prop', 'mod', 'v', 'qn', 'pro:sub', 'mod', 'v', 'pro:dem']",CHI,SI
32740,1,14580115,19348,44.00090350931231,"['and', 'he', 'will', 'get', 'ride', 'too']","['coord', 'pro:sub', 'mod', 'v', 'n', 'adv']",CHI,SI
32740,1,14580126,19348,44.00090350931231,"['and', ""where's"", 'that', 'little', 'boy']","['coord', 'pro:rel', 'det:dem', 'adj', 'n']",CHI,QN
32740,1,14580136,19348,44.00090350931231,"['here', 'it', 'is']","['adv', 'pro:per', 'cop']",CHI,SA
32740,1,14580147,19348,44.00090350931231,"['and', 'he', 'can', 'slice']","['coord', 'pro:sub', 'mod', 'v']",CHI,ST
32740,1,14580157,19348,44.00090350931231,"['and', 'he', 'get', 'in', 'here']","['coord', 'pro:sub', 'v', 'prep', 'n']",CHI,RP
32740,1,14580168,19348,44.00090350931231,"['then', 'him', 'get', 'in', 'here']","['adv:tem', 'pro:obj', 'v', 'prep', 'n']",CHI,RP
32740,1,14580178,19348,44.00090350931231,"['in', 'the', 'back']","['prep', 'det:art', 'n']",CHI,RP
32740,1,14580189,19348,44.00090350931231,"[""he's"", 'bad']","['pro:sub', 'adj']",CHI,ST
32740,1,14580199,19348,44.00090350931231,"['oh', 'he', 'was', 'bad']","['co', 'pro:sub', 'cop', 'adj']",CLI,YQ
32740,1,14580208,19348,44.00090350931231,"['no', 'he', ""isn't""]","['co', 'pro:sub', 'cop']",CHI,AN
32740,1,14580217,19348,44.00090350931231,"['oh', 'I', 'thought', 'you', 'said', 'he', 'was']","['co', 'pro:sub', 'v', 'pro:per', 'v', 'pro:sub', 'cop']",CLI,YQ
32740,1,14580228,19348,44.00090350931231,"['no', 'he', 'he', 'is', 'bad']","['co', '', 'pro:sub', 'cop', 'adj']",CHI,AN
32740,1,14580239,19348,44.00090350931231,"['oh', 'the', 'boy', 'is', 'bad']","['co', 'det:art', 'n', 'cop', 'adj']",CLI,YQ
32740,1,14580249,19348,44.00090350931231,['okay'],['co'],CLI,MK
32740,1,14580259,19348,44.00090350931231,"['Ernie', 'wants', 'ride']","['n:prop', 'v', 'n']",CHI,ST
32740,1,14580272,19348,44.00090350931231,"['you', 'take', 'this', 'down']","['pro:per', 'v', 'det:dem', 'adv']",CHI,RP
32740,1,14580283,19348,44.00090350931231,['down'],['adv'],CLI,YQ
32740,1,14580295,19348,44.00090350931231,['yeah'],['co'],CHI,AA
32740,1,14580302,19348,44.00090350931231,['okay'],['co'],CLI,AD
32740,1,14580309,19348,44.00090350931231,"['yeah', ""it's"", 'loose']","['co', 'pro:per', 'adj']",CHI,AD
32740,1,14580317,19348,44.00090350931231,['loose'],['adj'],CLI,RT
32740,1,14580326,19348,44.00090350931231,"['there', 'goes', 'the', 'cement', 'truck']","['adv', 'v', 'det:art', 'n', 'n']",CLI,ST
32740,1,14580336,19348,44.00090350931231,"['this', 'goes', 'in', 'here']","['pro:dem', 'v', 'prep', 'n']",CHI,SI
32740,1,14580346,19348,44.00090350931231,"['this', 'goes', 'in', 'here']","['pro:dem', 'v', 'prep', 'n']",CHI,SI
32740,1,14580353,19348,44.00090350931231,"['xxx', 'are', 'bad', 'either']","['', 'cop', 'adj', 'adv']",CHI,ST
32741,1,14579690,19348,44.00090350931231,"['and', 'these', 'too']","['coord', 'pro:dem', 'adv']",CHI,YY
32741,1,14579699,19348,44.00090350931231,"['uhhuh', 'and', 'those', 'too']","['co', 'coord', 'pro:dem', 'adv']",CLI,AC
32741,1,14579710,19348,44.00090350931231,"['you', 'squish', 'this']","['pro:per', 'v', 'det:dem']",CHI,RP
32741,1,14579718,19348,44.00090350931231,['okay'],['co'],CLI,AD
32741,1,14579726,19348,44.00090350931231,"['I', 'squish', 'this']","['pro:sub', 'v', 'det:dem']",CHI,YY
32741,1,14579737,19348,44.00090350931231,"['can', 'you', 'get', 'it', 'out_of', 'there']","['mod', 'pro:per', 'v', 'pro:per', 'prep', 'n']",CLI,RP
32741,1,14579746,19348,44.00090350931231,"['there', 'you', 'go']","['adv', 'pro:per', 'v']",CLI,MK
32741,1,14579756,19348,44.00090350931231,"['now', ""it's"", 'all_gone']","['adv', 'pro:per', 'adj']",CHI,ST
32741,1,14579769,19348,44.00090350931231,"[""it's"", 'all_gone', 'up', 'there', 'it', 'is']","['pro:per', 'adj', 'prep', 'n', 'pro:per', 'cop']",CLI,ST
32741,1,14579777,19348,44.00090350931231,"['now', 'you', 'squish', 'it']","['adv', 'pro:per', 'v', 'pro:per']",CHI,ST
32741,1,14579789,19348,44.00090350931231,['oh'],['co'],CLI,MK
32741,1,14579798,19348,44.00090350931231,"['I', 'gets', 'little', 'chair']","['pro:sub', 'v', 'adj', 'n']",CHI,ST
32741,1,14579807,19348,44.00090350931231,['yes'],['co'],CLI,AP
32741,1,14579815,19348,44.00090350931231,"['I', 'will', 'hold', 'these', 'for', 'you']","['pro:sub', 'mod', 'v', 'pro:dem', 'prep', 'pro:per']",CHI,SI
32741,1,14579826,19348,44.00090350931231,['okay'],['co'],CLI,AD
32741,1,14579836,19348,44.00090350931231,"[""don't"", 'lose', 'them']","['mod', 'v', 'pro:obj']",CLI,RP
32741,1,14579845,19348,44.00090350931231,"['I', ""won't""]","['pro:sub', 'mod']",CHI,AD
32741,1,14579856,19348,44.00090350931231,"[""I'll"", 'get', 'it', 'softened', 'up']","['pro:sub', 'aux', 'pro:per', 'v', 'adv']",CLI,ST
32741,1,14579865,19348,44.00090350931231,"[""it's"", 'all', 'hard', 'today']","['pro:per', 'adv', 'adv', 'adv:tem']",CLI,ST
32741,1,14579876,19348,44.00090350931231,"['you', 'squish', 'it', 'real', 'big', 'and', 'real', 'big', 'and', 'real', 'big', 'and', 'real', 'big', 'and', 'real', 'big']","['pro:per', 'v', 'pro:per', 'adj', 'adj', '', '', '', '', '', '', '', '', '', '', '', '']",CHI,RP
32741,1,14579893,19348,44.00090350931231,['okay'],['co'],CLI,AD
32741,1,14579899,19348,44.00090350931231,"['so', 'you', 'got', 'a', 'flower', 'for', 'your', 'mom', 'today']","['co', 'pro:per', 'v', 'det:art', 'n', 'prep', 'det:poss', 'n', 'adv:tem']",CLI,ST
32741,1,14579911,19348,44.00090350931231,['yep'],['co'],CHI,AA
32741,1,14579925,19348,44.00090350931231,"['what', 'color', 'was', 'the', 'flower']","['pro:int', 'n', 'cop', 'det:art', 'n']",CLI,QN
32741,1,14579929,19348,44.00090350931231,['orange'],['adj'],CHI,YY
32741,1,14579942,19348,44.00090350931231,"['not', 'orange']","['neg', 'adj']",CHI,YY
32741,1,14579951,19348,44.00090350931231,"['not', 'red']","['neg', 'adj']",CHI,YY
32741,1,14579959,19348,44.00090350931231,"['not', 'yellow']","['neg', 'adj']",CHI,YY
32741,1,14579968,19348,44.00090350931231,"[""that's""]",['pro:dem'],CLI,YY
32741,1,14579975,19348,44.00090350931231,"['not', 'pink']","['neg', 'adj']",CHI,YY
32741,1,14579983,19348,44.00090350931231,"['this', 'color']","['det:dem', 'n']",CHI,YY
32741,1,14579990,19348,44.00090350931231,"['that', 'color']","['det:dem', 'n']",CHI,YY
32741,1,14580000,19348,44.00090350931231,['yellow'],['n'],CLI,YA
32741,1,14580009,19348,44.00090350931231,"['yeah', 'yellow']","['co', 'adj']",CHI,AA
32741,1,14580018,19348,44.00090350931231,"['oh', 'I', 'bet', ""that's"", 'pretty']","['co', 'pro:sub', 'v', 'pro:dem', 'adv']",CLI,ST
32741,1,14580026,19348,44.00090350931231,"['yeah', ""it's"", 'not', 'for', 'you']","['co', 'pro:per', 'neg', 'prep', 'pro:per']",CHI,AA
32741,1,14580039,19348,44.00090350931231,"['for', 'my', 'mom']","['prep', 'det:poss', 'n']",CHI,YY
32741,1,14580049,19348,44.00090350931231,"['there', ""how's"", 'that']","['adv', 'pro:int', 'pro:dem']",CLI,YQ
32741,1,14580057,19348,44.00090350931231,"['and', 'bigger', 'and', 'bigger']","['coord', 'adj', '', '']",CHI,AN
32741,1,14580067,19348,44.00090350931231,"['I', ""don't"", 'know', 'if', 'it', 'can', 'get', 'much', 'bigger']","['pro:sub', 'mod', 'v', 'comp', 'pro:per', 'mod', 'v', 'adv', 'adj']",CLI,RP
32741,1,14580083,19348,44.00090350931231,['now'],['adv'],CHI,YY
32741,1,14580091,19348,44.00090350931231,"[""it's"", 'pretty', 'sticky']","['pro:per', 'adj', 'n']",CLI,ST
32741,1,14580102,19348,44.00090350931231,['here'],['adv'],CHI,TO
32741,1,14580113,19348,44.00090350931231,['okay'],['co'],CLI,AD
32741,1,14580123,19348,44.00090350931231,"['the', 'trucks', 'drive', 'through', 'the', 'play+dough']","['det:art', 'n', 'n', 'prep', 'det:art', '']",CLI,ST
32741,1,14580135,19348,44.00090350931231,"['maybe', 'these']","['adv', 'pro:dem']",CHI,YY
32741,1,14580144,19348,44.00090350931231,['oh'],['co'],CLI,MK
32741,1,14580155,19348,44.00090350931231,"['maybe', 'he', 'goes', 'in', 'here']","['adv', 'pro:sub', 'v', 'prep', 'n']",CHI,SI
32741,1,14580164,19348,44.00090350931231,"['he', ""doesn't""]","['pro:sub', 'mod']",CHI,ST
32741,1,14580173,19348,44.00090350931231,"['just', 'cars', 'do']","['adv', 'n', 'v']",CHI,RP
32741,1,14580182,19348,44.00090350931231,"['oh', 'okay', 'just', 'the', 'cars', 'go', 'through', 'the', 'play+dough']","['co', 'co', 'adv', 'det:art', 'n', 'v', 'adj', 'det:art', '']",CLI,AD
32741,1,14580191,19348,44.00090350931231,"['and', 'this', 'goes', 'in', 'here']","['coord', 'pro:dem', 'v', 'prep', 'n']",CHI,SI
32741,1,14580207,19348,44.00090350931231,"['and', 'this', 'and', 'these', 'goes', 'in', 'here']","['coord', 'pro:dem', 'coord', 'pro:dem', 'v', 'prep', 'n']",CHI,SI
32741,1,14580218,19348,44.00090350931231,"['I', 'can', 'put', 'them', 'right', 'there']","['pro:sub', 'mod', 'v', 'pro:obj', 'adv', 'adv']",CHI,SI
32741,1,14580227,19348,44.00090350931231,"[""you're"", 'gonna']","['pro:per', 'part']",CLI,ST
32741,1,14580237,19348,44.00090350931231,"['dump', 'them', 'out']","['v', 'pro:obj', 'adv']",CLI,ST
32741,1,14580246,19348,44.00090350931231,"['I', 'think', 'the', 'car', 'is', 'stuck']","['pro:sub', 'v', 'det:art', 'n', 'aux', 'part']",CLI,ST
32741,1,14580255,19348,44.00090350931231,"['I', 'think', 'the', 'car', 'is', 'stuck']","['pro:sub', 'v', 'det:art', 'n', 'aux', 'part']",CLI,ST
32741,1,14580262,19348,44.00090350931231,"['yep', 'the', 'car', 'is', 'stuck']","['co', 'det:art', 'n', 'aux', 'part']",CLI,ST
32741,1,14580271,19348,44.00090350931231,"[""I'll"", 'get', 'him', 'unstuck']","['pro:sub', 'v', 'pro:obj', 'part']",CLI,SI
32741,1,14580280,19348,44.00090350931231,"['there', 'we', 'go', 'okay']","['adv', 'pro:sub', 'v', 'adj']",CLI,MK
32741,1,14580290,19348,44.00090350931231,"['there', ""it's"", 'dumped', 'out']","['adv', 'pro:per', 'part', 'adv']",CLI,ST
32741,1,14580297,19348,44.00090350931231,"['this', 'goes', 'in', 'here', 'and', 'this', 'goes', 'in', 'here', 'and', 'this', 'goes', 'in', 'here', 'and', 'this', 'goes', 'in', 'and', 'these', 'go', 'in', 'here', 'too']","['pro:dem', 'v', 'prep', 'n', '', '', '', '', '', '', '', '', '', '', '', '', '', '', '', '', '', '', '', '']",CHI,SI
32741,1,14580314,19348,44.00090350931231,"['and', 'this', 'goes', 'in', 'here', 'to', 'now']","['coord', 'pro:dem', 'v', 'prep', 'n', 'inf', 'adv']",CHI,SI
32741,1,14580323,19348,44.00090350931231,"['now', 'this', 'goes', 'in', 'here', 'now']","['adv', 'pro:dem', 'v', 'prep', 'n', 'adv']",CHI,SI
32741,1,14580333,19348,44.00090350931231,"['dump', 'it']","['v', 'pro:per']",CLI,RP
32741,1,14580340,19348,44.00090350931231,"['there', 'everything', 'is', 'dumped', 'out']","['adv', 'pro:indef', 'aux', 'part', 'adv']",CLI,PD
32741,1,14580349,19348,44.00090350931231,"['now', 'then', 'and', 'this', 'go', 'house']","['adv', 'adv:tem', 'coord', 'pro:dem', 'v', 'n']",CHI,RP
32741,1,14580360,19348,44.00090350931231,"['yep', ""they're"", 'in', 'the', 'school+house']","['co', 'pro:sub', 'prep', 'det:art', '']",CLI,YQ
32741,1,14580367,19348,44.00090350931231,['yep'],['co'],CHI,AA
32741,1,14580374,19348,44.00090350931231,"['and', 'the', ""teacher's"", 'teaching', 'them']","['coord', 'det:art', 'n', 'part', 'pro:obj']",CLI,ST
32741,1,14580380,19348,44.00090350931231,['yep'],['co'],CHI,AA
32741,1,14580389,19348,44.00090350931231,"['no', ""that's"", 'mine']","['co', 'pro:dem', 'pro:poss']",CHI,DC
32741,1,14580396,19348,44.00090350931231,"[""I'm"", 'just', 'going', 'to', 'drive', 'it', 'through', 'once', 'okay']","['pro:sub', 'adv', 'part', 'inf', 'v', 'pro:per', 'prep', 'adv', 'adj']",CLI,RQ
32741,1,14580405,19348,44.00090350931231,"['I', 'will']","['pro:sub', 'mod']",CHI,AD
32741,1,14580411,19348,44.00090350931231,"['okay', 'you', 'drive', 'it']","['co', 'pro:per', 'v', 'pro:per']",CLI,RP
32741,1,14580417,19348,44.00090350931231,"['oh', 'boy']","['co', 'n']",CLI,MK
32741,1,14580425,19348,44.00090350931231,"['hey', 'who', 'did', 'this']","['co', 'pro:rel', 'mod', 'det:dem']",CHI,QN
32741,1,14580433,19348,44.00090350931231,"['I', ""don't"", 'know', 'I', 'think', 'you', 'did']","['pro:sub', 'mod', 'v', 'pro:sub', 'v', 'pro:per', 'v']",CLI,SA
32741,1,14580441,19348,44.00090350931231,"['yeah', 'maybe', 'you', 'did']","['co', 'adv', 'pro:per', 'v']",CHI,AP
32741,1,14580448,19348,44.00090350931231,"['yeah', 'maybe', 'I', 'did']","['co', 'adv', 'pro:sub', 'v']",CLI,AP
32741,1,14580457,19348,44.00090350931231,"[""it's"", 'gone', 'now']","['pro:per', 'part', 'adv']",CLI,ST
32741,1,14580464,19348,44.00090350931231,['yeah'],['co'],CHI,AC
32741,1,14580472,19348,44.00090350931231,"[""let's"", 'put', 'this', 'away']","['v', 'v', 'pro:dem', 'adv']",CHI,SI
32741,1,14580477,19348,44.00090350931231,"[""let's"", 'put', 'it', 'away', 'huh']","['v', 'v', 'pro:per', 'adv', 'co']",CLI,SI
32741,1,14580484,19348,44.00090350931231,"['I', 'can']","['pro:sub', 'mod']",CHI,SI
32741,1,14580490,19348,44.00090350931231,"['I', 'can', 'put', 'it', 'in', 'here']","['pro:sub', 'mod', 'v', 'pro:per', 'prep', 'n']",CHI,SI
32741,1,14580497,19348,44.00090350931231,['okay'],['co'],CLI,AD
32742,1,14580718,19348,44.00090350931231,"['these', 'are', 'nine']","['pro:dem', 'cop', 'det:num']",CHI,ST
32742,1,14580731,19348,44.00090350931231,"['those', 'are', 'yours', 'okay']","['pro:dem', 'cop', 'pro:poss', 'co']",CLI,AP
32742,1,14580738,19348,44.00090350931231,"[""don't"", 'take', 'that', 'out']","['mod', 'v', 'adv', 'adv']",CHI,RP
32742,1,14580746,19348,44.00090350931231,['oh'],['co'],CLI,MK
32742,1,14580754,19348,44.00090350931231,"[""it's"", 'nighttime']","['pro:per', '']",CHI,YY
32742,1,14580761,19348,44.00090350931231,"['oh', 'okay']","['co', 'co']",CLI,AC
32742,1,14580768,19348,44.00090350931231,['no'],['co'],CHI,RD
32742,1,14580775,19348,44.00090350931231,"[""that's"", 'my', 'truck']","['pro:dem', 'det:poss', 'n']",CHI,ST
32742,1,14580798,19348,44.00090350931231,"['we', 'put', 'these', 'down', 'here']","['pro:sub', 'v', 'pro:dem', 'prep', 'n']",CHI,RP
32742,1,14580808,19348,44.00090350931231,['okay'],['co'],CLI,AD
32742,1,14580815,19348,44.00090350931231,"['they', 'stay', 'down', 'there']","['pro:sub', 'v', 'prep', 'n']",CHI,ST
32742,1,14580821,19348,44.00090350931231,['good_night'],['co'],CHI,MK
32742,1,14580856,19348,44.00090350931231,"['good_night', 'cookie', 'monster']","['co', 'n', 'n']",CLI,RT
32742,1,14580861,19348,44.00090350931231,"['good_night', 'Ernie']","['co', 'n:prop']",CHI,RT
32742,1,14580865,19348,44.00090350931231,"['good_night', 'big', 'tiger']","['co', 'adj', 'n']",CHI,ST
32742,1,14580871,19348,44.00090350931231,"['everybody', 'went', 'to', 'sleep']","['pro:indef', 'v', 'inf', 'v']",CLI,YQ
32742,1,14580877,19348,44.00090350931231,['yep'],['co'],CHI,AA
32742,1,14580882,19348,44.00090350931231,"['i', 'can', 'I', ""can't"", 'gonna', 'sleep']","['', '', 'pro:sub', 'mod', 'part', 'v']",CHI,ST
32742,1,14580892,19348,44.00090350931231,"[""you're"", 'not', 'gonna', 'sleep']","['pro:per', 'neg', 'part', 'v']",CLI,AP
32742,1,14580896,19348,44.00090350931231,"['should', 'we', 'squish', 'the', 'play+dough']","['mod', 'pro:sub', 'v', 'det:art', '']",CLI,RQ
32742,1,14580905,19348,44.00090350931231,"['no', ""let's"", 'not', 'do', 'play+dough']","['co', 'v', 'neg', 'v', '']",CHI,RD
32742,1,14580911,19348,44.00090350931231,['okay'],['co'],CLI,GI
32742,1,14580916,19348,44.00090350931231,"['you', 'do', 'it', 'monday', 'or', 'thursday']","['pro:per', 'v', 'pro:per', 'n', 'coord', 'n']",CHI,TQ
32742,1,14580924,19348,44.00090350931231,"['you', 'have', 'xxx']","['pro:per', 'v', '']",CHI,TA
32742,1,14580930,19348,44.00090350931231,"['do', 'it', 'do', 'it', 'thursday']","['', '', 'mod', 'pro:per', 'n']",CHI,RP
32742,1,14580937,19348,44.00090350931231,"['okay', ""we'll"", 'do', 'it', 'thursday']","['co', 'pro:sub', 'v', 'pro:per', 'n']",CLI,AD
32742,1,14580945,19348,44.00090350931231,"[""I'll"", 'come', 'here', 'thursday']","['pro:sub', 'v', 'adv', 'n']",CHI,RP
32742,1,14580949,19348,44.00090350931231,"['okay', ""I'll"", 'come', 'thursday', 'too']","['co', 'pro:sub', 'v', 'n', 'adv']",CLI,AD
32742,1,14580952,19348,44.00090350931231,"['I', ""don't"", 'go', ""sitter's""]","['pro:sub', 'mod', 'v', 'adj']",CHI,SI
32742,1,14580957,19348,44.00090350931231,"['you', ""don't"", 'go', 'to', 'the', ""sitter's"", 'today', 'huh']","['pro:per', 'mod', 'v', 'prep', 'det:art', 'adj', 'adv:tem', 'co']",CLI,ST
32742,1,14580962,19348,44.00090350931231,"['no', 'just', 'these']","['co', 'adv', 'pro:dem']",CHI,DW
32742,1,14580966,19348,44.00090350931231,"[""what's"", 'this', 'dog']","['pro:int', 'det:dem', 'n']",CHI,QN
32742,1,14580971,19348,44.00090350931231,"['right', 'here']","['adv', 'adv']",CHI,SA
32742,1,14580976,19348,44.00090350931231,"['I', ""don't know""]","['pro:sub', 'mod v']",CLI,AP
32742,1,14580980,19348,44.00090350931231,"['and', 'this', 'dog', 'right', 'here']","['coord', 'det:dem', 'n', 'adv', 'adv']",CHI,ST
32742,1,14580985,19348,44.00090350931231,"['I', ""don't know""]","['pro:sub', 'mod v']",CLI,AP
32742,1,14580990,19348,44.00090350931231,"['what', 'do', 'you', 'suppose', 'their', ""name's"", 'are']","['pro:int', 'mod', 'pro:per', 'v', 'det:poss', 'adj', 'cop']",CLI,QN
32742,1,14580996,19348,44.00090350931231,"['I', ""don't"", 'know']","['pro:sub', 'mod', 'v']",CHI,SA
32742,1,14580999,19348,44.00090350931231,"['how', 'about', ""boy's"", 'and', ""girl's"", 'and', 'doggie']","['pro:int', 'prep', 'adj', 'coord', 'adj', 'coord', 'n']",CHI,ST
32742,1,14581008,19348,44.00090350931231,"['what', 'if', 'that', 'could', 'be', 'fluffy']","['pro:int', 'comp', 'pro:dem', 'mod', 'cop', 'adj']",CLI,RP
32742,1,14581014,19348,44.00090350931231,['no'],['co'],CHI,RD
32742,1,14581016,19348,44.00090350931231,['no'],['co'],CLI,RD
32742,1,14581024,19348,44.00090350931231,"['Grandma_Erickson', 'got', 'fluffy']","['n:prop', 'v', 'adj']",CHI,ST
32742,1,14581029,19348,44.00090350931231,"['oh', 'yeah']","['co', 'co']",CLI,AC
32742,1,14581035,19348,44.00090350931231,"['your', 'grandma', 'has', 'a', 'fluffy']","['det:poss', 'n', 'v', 'det:art', 'adj']",CLI,ST
32742,1,14581044,19348,44.00090350931231,['yeah'],['co'],CHI,AC
32742,1,14581047,19348,44.00090350931231,"['no', 'my', 'grandma', 'has', 'xxx']","['qn', 'det:poss', 'n', 'v', '']",CHI,ST
32742,1,14581052,19348,44.00090350931231,"['has', 'what']","['aux', 'pro:int']",CLI,AC
32742,1,14581055,19348,44.00090350931231,['xxx'],[''],CHI,YY
32742,1,14581060,19348,44.00090350931231,"['muk', 'wuk']","['on', 'on']",CLI,PR
32742,1,14581063,19348,44.00090350931231,['yeah'],['co'],CHI,AC
32742,1,14581067,19348,44.00090350931231,"[""that's"", 'her', 'dog']","['pro:dem', 'det:poss', 'n']",CHI,ST
32742,1,14581071,19348,44.00090350931231,['oh'],['co'],CLI,MK
32742,1,14581076,19348,44.00090350931231,"['time', 'to', 'get', 'up']","['n', 'inf', 'v', 'adv']",CLI,RP
32742,1,14581080,19348,44.00090350931231,['no'],['co'],CHI,RD
32742,1,14581083,19348,44.00090350931231,"['it', 'ten']","['pro:per', 'det:num']",CHI,SI
32742,1,14581088,19348,44.00090350931231,"['it', 'ten', 'to', 'get', 'nighttime']","['pro:per', 'det:num', 'inf', 'v', '']",CHI,SI
32742,1,14581091,19348,44.00090350931231,['oh'],['co'],CLI,MK
32742,1,14581096,19348,44.00090350931231,"['it', 'all', 'dark', 'in', 'there']","['pro:per', 'adv', 'n', 'prep', 'n']",CLI,ST
32742,1,14581102,19348,44.00090350931231,"['I', 'wanna', 'see']","['pro:sub', 'v', 'co']",CHI,MK
32742,1,14581107,19348,44.00090350931231,"['you', 'move', 'over']","['pro:per', 'v', 'adv']",CHI,RP
32742,1,14581112,19348,44.00090350931231,['uhoh'],['co'],CHI,MK
32742,1,14581179,19348,44.00090350931231,"[""it's"", 'all', 'dark']","['pro:per', 'adv', 'adj']",CLI,ST
32742,1,14581186,19348,44.00090350931231,"['now', ""it's"", 'light']","['adv', 'pro:per', 'adj']",CLI,ST
32742,1,14581194,19348,44.00090350931231,"['now', ""it's"", 'morning', 'time']","['adv', 'pro:per', 'n', 'n']",CHI,ST
32742,1,14581201,19348,44.00090350931231,"['time', 'to', 'get', 'up']","['n', 'inf', 'v', 'adv']",CLI,YQ
32742,1,14581209,19348,44.00090350931231,"[""it's"", 'twelve', 'thirty', 'get', 'up']","['pro:per', 'det:num', 'det:num', 'v', 'adv']",CHI,AA
32742,1,14581218,19348,44.00090350931231,"['they', 'hafta', 'go', 'outside', 'and', 'play', 'now']","['pro:sub', 'mod', 'v', 'adv', 'coord', 'n', 'adv']",CLI,RP
32742,1,14581226,19348,44.00090350931231,"['no', 'way']","['qn', 'n']",CHI,RD
32742,1,14581232,19348,44.00090350931231,"['oh', 'they', 'hafta', 'have', 'breakfast', 'first']","['co', 'pro:sub', 'mod', 'v', 'n', 'adv']",CLI,CS
32742,1,14581240,19348,44.00090350931231,"['no', 'yeah', 'no']","['co', 'co', 'co']",CHI,RD
32742,1,14581247,19348,44.00090350931231,['crash'],['n'],CHI,YY
32742,1,14581254,19348,44.00090350931231,"[""what's"", 'this', 'stuff', 'for', 'do', 'across', 'here']","['pro:int', 'det:dem', 'n', 'prep', 'v', 'prep', 'n']",CHI,QN
32742,1,14581264,19348,44.00090350931231,"['I', ""don't know""]","['pro:sub', 'mod v']",CLI,SA
32742,1,14581273,19348,44.00090350931231,['crash'],['n'],CHI,SI
32742,1,14581287,19348,44.00090350931231,"['I', 'crash']","['pro:sub', 'adj']",CHI,SI
32742,1,14581296,19348,44.00090350931231,['crash'],['n'],CLI,SI
32742,1,14581304,19348,44.00090350931231,"['oh', 'no']","['co', 'co']",CHI,PF
32742,1,14581314,19348,44.00090350931231,"['oh', 'rats', 'xxx']","['co', 'n', '']",CHI,MK
32742,1,14581328,19348,44.00090350931231,['uhoh'],['co'],CLI,MK
32742,1,14581339,19348,44.00090350931231,['Humpty_Dumpty'],['n:prop'],CHI,YY
32742,1,14581348,19348,44.00090350931231,['ET'],['n:prop'],CHI,YY
32742,1,14581359,19348,44.00090350931231,"['uhhum', ""that's"", 'ET']","['', 'pro:dem', 'n:prop']",CLI,RT
32742,1,14581372,19348,44.00090350931231,['why'],['pro:rel'],CHI,QN
32742,1,14581383,19348,44.00090350931231,"['I', 'will', 'rip', 'him', 'off']","['pro:sub', 'mod', 'v', 'pro:obj', 'adv']",CHI,SI
32742,1,14581394,19348,44.00090350931231,"['I', 'will', 'rip', 'ET', 'off']","['pro:sub', 'mod', 'v', 'n:prop', 'adv']",CHI,SI
32742,1,14581405,19348,44.00090350931231,"['you', 'ripped', 'him', 'off']","['pro:per', 'v', 'pro:obj', 'adv']",CLI,ST
32742,1,14581413,19348,44.00090350931231,"[""he's"", 'all_gone']","['pro:sub', 'adj']",CHI,ST
32742,1,14581423,19348,44.00090350931231,"[""ET's"", 'all_gone']","['adj', 'adj']",CLI,AP
32743,1,14580747,19348,49.001006180825065,"['is', 'that', 'Ernie', 'or', 'Bert', 'or', 'big', 'bird']","['cop', 'comp', 'n:prop', 'coord', 'n:prop', 'coord', 'adj', 'n']",CLI,TQ
32743,1,14580755,19348,49.001006180825065,['Ernie'],['n:prop'],CHI,TA
32743,1,14580766,19348,49.001006180825065,"[""that's"", 'Ernie']","['pro:dem', 'n:prop']",CLI,AP
32743,1,14580773,19348,49.001006180825065,"[""who's"", 'that', 'one']","['pro:int', 'det:dem', 'pro:indef']",CLI,QN
32743,1,14580800,19348,49.001006180825065,['Bert'],['n:prop'],CHI,SA
32743,1,14580807,19348,49.001006180825065,"['and', 'this', 'one']","['coord', 'det:dem', 'pro:indef']",CLI,QN
32743,1,14580814,19348,49.001006180825065,['Big_Bird'],['n:prop'],CHI,SA
32743,1,14580820,19348,49.001006180825065,"[""where's"", 'Ernie']","['pro:int', 'n:prop']",CLI,QN
32743,1,14580854,19348,49.001006180825065,"['is', 'Ernie', 'stuck']","['cop', 'n:prop', 'v']",CLI,YA
32743,1,14580860,19348,49.001006180825065,['yes'],['co'],CHI,AA
32743,1,14580866,19348,49.001006180825065,"['he', 'is']","['pro:sub', 'cop']",CLI,AP
32743,1,14580872,19348,49.001006180825065,"['Big_Bird', 'stuck']","['n:prop', 'v']",CHI,ST
32743,1,14580878,19348,49.001006180825065,"['Big_Bird', 'is', 'stuck']","['n:prop', 'aux', 'part']",CLI,YQ
32743,1,14580884,19348,49.001006180825065,"['no', 'Bert', 'stuck']","['co', 'n:prop', 'v']",CHI,AN
32743,1,14580890,19348,49.001006180825065,['who'],['pro:rel'],CLI,QN
32743,1,14580895,19348,49.001006180825065,"['Bert', 'Bert', 'stuck']","['n:prop', 'n:prop', 'v']",CHI,SA
32743,1,14580900,19348,49.001006180825065,"['Bert', 'is', 'stuck', 'what', 'do', 'you', 'want', 'me', 'to', 'do']","['n:prop', 'aux', 'part', 'pro:int', 'mod', 'pro:per', 'v', 'pro:obj', 'inf', 'v']",CHI,QN
32743,1,14580904,19348,49.001006180825065,"['do', 'you', 'want', 'me', 'to', 'help', 'you']","['mod', 'pro:per', 'v', 'pro:obj', 'inf', 'v', 'pro:per']",CLI,MK
32743,1,14580910,19348,49.001006180825065,"['oh', 'you', 'got', 'him', 'unstuck']","['co', 'pro:per', 'v', 'pro:obj', 'part']",CLI,ST
32743,1,14580915,19348,49.001006180825065,"['right', 'there']","['adv', 'adv']",CHI,ST
32743,1,14580919,19348,49.001006180825065,"['gas', 'gas', 'gas']","['n', 'n', 'n']",CHI,ST
32743,1,14580925,19348,49.001006180825065,"['oh', 'he', 'needs', 'gas']","['co', 'pro:sub', 'v', 'n']",CLI,ST
32743,1,14580931,19348,49.001006180825065,"['Bert', 'gas']","['n:prop', 'n']",CHI,RT
32743,1,14580936,19348,49.001006180825065,"['are', 'they', 'going', 'down']","['cop', 'pro:sub', 'part', 'adv']",CLI,YQ
32743,1,14580942,19348,49.001006180825065,['yes'],['co'],CHI,AA
32743,1,14580947,19348,49.001006180825065,"['oh', ""you're"", 'turning', 'that', 'around']","['co', 'pro:per', 'n:gerund', 'adv', 'adv']",CLI,ST
32743,1,14580953,19348,49.001006180825065,"['I', 'think', 'I', 'need', 'gas']","['pro:sub', 'v', 'pro:sub', 'v', 'n']",CLI,ST
32743,1,14580961,19348,49.001006180825065,"['will', 'you', 'help', 'me', 'with', 'the', 'gas', 'sir']","['mod', 'pro:per', 'v', 'pro:obj', 'prep', 'det:art', 'n', 'n']",CLI,ST
32743,1,14580967,19348,49.001006180825065,"['gas', 'gas']","['n', 'n']",CHI,RT
32743,1,14580973,19348,49.001006180825065,"[""you're"", 'putting', 'gas', 'in', 'car']","['pro:per', 'part', 'n', 'prep', 'n']",CLI,ST
32743,1,14580978,19348,49.001006180825065,"['say', 'putting', 'gas', 'in', 'car']","['v', 'n:gerund', 'n', 'prep', 'n']",CLI,EI
32743,1,14580982,19348,49.001006180825065,"['stop', 'sign', 'there']","['n', 'n', 'adv']",CHI,PF
32743,1,14580989,19348,49.001006180825065,"['stop', 'sign', 'there']","['n', 'n', 'adv']",CLI,PF
32743,1,14580997,19348,49.001006180825065,"['yes', ""you're"", 'right', 'good']","['co', 'pro:per', 'adj', 'adj']",CLI,AB
32743,1,14581002,19348,49.001006180825065,"['where', 'did', 'he', 'go']","['pro:int', 'mod', 'pro:sub', 'v']",CLI,QN
32743,1,14581007,19348,49.001006180825065,"['in', 'there']","['prep', 'n']",CHI,SA
32743,1,14581012,19348,49.001006180825065,"['oh', 'in', 'there']","['co', 'prep', 'n']",CLI,AC
32743,1,14581015,19348,49.001006180825065,"['what', 'number', 'is', 'he', 'on']","['pro:int', 'n', 'cop', 'pro:sub', 'adv']",CLI,ST
32743,1,14581022,19348,49.001006180825065,['three'],['det:num'],CHI,YY
32743,1,14581027,19348,49.001006180825065,"['look', 'what', 'are', 'you', 'doing']","['v', 'pro:int', 'aux', 'pro:per', 'part']",CLI,RP
32743,1,14581033,19348,49.001006180825065,"['boy', ""it's"", 'really', 'far', 'down', 'there']","['co', 'pro:per', 'adv', 'adv', 'prep', 'n']",CLI,ST
32743,1,14581039,19348,49.001006180825065,"['I', 'think', ""I'll"", 'walk']","['pro:sub', 'v', 'pro:sub', 'v']",CLI,ST
32743,1,14581045,19348,49.001006180825065,"['oh', 'are', 'they', 'all', 'going', 'to', 'walk', 'down']","['co', 'cop', 'pro:sub', 'post', 'part', 'prep', 'n', 'adv']",CLI,ST
32744,1,14579749,19352,46.00094457791741,['mom'],['n'],CHI,YY
32744,1,14579750,19352,46.00094457791741,"['huh', 'is', 'it', 'Tonka']","['co', 'aux', 'pro:per', 'n:prop']",CLI,ST
32744,1,14579751,19352,46.00094457791741,"['where', 'did', 'all', 'the', 'little', 'people', 'go']","['pro:rel', 'mod', 'qn', 'det:art', 'adj', 'n', 'v']",CLI,QN
32744,1,14579752,19352,46.00094457791741,['oh'],['co'],CLI,MK
32744,1,14579753,19352,46.00094457791741,"['kind', 'of', 'neat', 'huh']","['n', 'prep', 'adj', 'co']",CLI,ST
32744,1,14579758,19352,46.00094457791741,"['you', 'like', 'little', 'cars']","['pro:per', 'v', 'adj', 'n']",CLI,ST
32744,1,14579772,19352,46.00094457791741,"['you', 'can', 'drive', 'up', 'here', 'too']","['pro:per', 'mod', 'v', 'prep', 'n', 'adv']",CLI,ST
32744,1,14579781,19352,46.00094457791741,"[""here's"", 'your', 'other', 'truck']","['pro:exist', 'det:poss', 'qn', 'n']",CLI,ST
32744,1,14579792,19352,46.00094457791741,"['wanna', 'play', 'with', 'that']","['v', 'v', 'prep', 'pro:dem']",CLI,RQ
32744,1,14579802,19352,46.00094457791741,['mhm'],['co'],CHI,RD
32744,1,14579810,19352,46.00094457791741,"[""I'm"", 'gonna', 'make', 'my', 'man', 'sleeping', 'now']","['pro:sub', 'part', 'v', 'det:poss', 'n', 'part', 'adv']",CLI,GR
32744,1,14579823,19352,46.00094457791741,"[""he's"", 'too', 'big', 'for', 'his', 'bed', ""isn't"", 'he']","['pro:sub', 'adv', 'adj', 'prep', 'det:poss', 'n', 'cop', 'pro:sub']",CLI,ST
32744,1,14579833,19352,46.00094457791741,"[""doesn't"", 'look', 'too', 'comfortable']","['mod', 'v', 'adv', 'adj']",CLI,RP
32744,1,14579840,19352,46.00094457791741,"['can', 'I', 'see', 'your', 'little', 'caterpillar']","['mod', 'pro:sub', 'v', 'det:poss', 'adj', 'n']",CLI,ST
32744,1,14579848,19352,46.00094457791741,"[""it's"", 'on', 'there', 'right', 'huh']","['pro:per', 'prep', 'n', 'adv', 'co']",CLI,ST
32744,1,14579861,19352,46.00094457791741,"['look', 'at', 'that']","['v', 'prep', 'pro:dem']",CLI,RP
32744,1,14579870,19352,46.00094457791741,"[""he's"", 'all', 'crunched', 'up']","['pro:sub', 'adv', 'part', 'adv']",CLI,ST
32744,1,14579885,19352,46.00094457791741,"['can', 'you', 'put', 'him', 'in', ""Margaret's"", 'hand']","['mod', 'pro:per', 'v', 'pro:obj', 'prep', 'adj', 'n']",CLI,RP
32744,1,14579896,19352,46.00094457791741,['oops'],['co'],CLI,MK
32744,1,14579906,19352,46.00094457791741,"['what', 'did', 'he', 'do']","['pro:int', 'mod', 'pro:sub', 'v']",CLI,QN
32744,1,14579916,19352,46.00094457791741,['huh'],['co'],CHI,SA
32744,1,14579930,19352,46.00094457791741,"['got', 'a', 'little', 'stick', 'for', 'him', 'to', 'crawl', 'on']","['v', 'det:art', 'adj', 'n', 'prep', 'pro:obj', 'inf', 'v', 'adv']",CLI,ST
32744,1,14579944,19352,46.00094457791741,"['do', 'you', 'think', 'he', 'would', 'mind', 'if', 'I', 'put', 'him', 'in', 'my', 'hand']","['mod', 'pro:per', 'v', 'pro:sub', 'mod', 'n', 'conj', 'pro:sub', 'v', 'pro:obj', 'prep', 'det:poss', 'n']",CLI,SI
32744,1,14579962,19352,46.00094457791741,"['maybe', 'huh']","['adv', 'co']",CLI,ST
32744,1,14579976,19352,46.00094457791741,"['okay', 'put', 'him', 'away']","['co', 'v', 'pro:obj', 'adv']",CLI,RP
32744,1,14579987,19352,46.00094457791741,"['oh', 'my', 'wheels', 'are', 'so', 'loud']","['co', 'det:poss', 'n', 'cop', 'adv', 'adj']",CLI,ST
32744,1,14579999,19352,46.00094457791741,"['listen', 'to', 'that']","['v', 'inf', 'adv']",CLI,RP
32744,1,14580010,19352,46.00094457791741,"['I', 'think', ""I'm"", 'gonna', 'make', 'my', 'man', 'ride', 'the', 'horse']","['pro:sub', 'v', 'pro:sub', 'part', 'v', 'det:poss', 'n', 'n', 'det:art', 'n']",CLI,SI
32744,1,14580022,19352,46.00094457791741,"['there', 'oops', 'look', 'at', 'that', 'smurf']","['adv', 'co', 'v', 'prep', 'det:dem', 'n']",CLI,RP
32744,1,14580032,19352,46.00094457791741,"['what', 'a', 'big', 'mouth']","['pro:int', 'det:art', 'adj', 'n']",CLI,ST
32744,1,14580043,19352,46.00094457791741,"['you', 'know', 'what', 'you', 'do', 'with', 'this']","['pro:per', 'v', 'pro:int', 'pro:per', 'v', 'prep', 'pro:dem']",CLI,ST
32744,1,14580054,19352,46.00094457791741,"['you', 'can', 'take', 'some', 'bags', 'and', 'you', 'try', 'and', 'get', 'them', 'in', 'his', 'mouth']","['pro:per', 'mod', 'v', 'qn', 'n', 'coord', 'pro:per', 'v', 'coord', 'v', 'pro:obj', 'prep', 'det:poss', 'n']",CLI,RP
32744,1,14580066,19352,46.00094457791741,"['you', 'see']","['pro:per', 'v']",CLI,RP
32744,1,14580081,19352,46.00094457791741,"['or', 'his', 'ears', 'oops', 'you', 'wanna', 'throw', 'me', 'that']","['coord', 'det:poss', 'n', 'co', 'pro:per', 'v', 'v', 'pro:obj', 'comp']",CLI,TQ
32744,1,14580094,19352,46.00094457791741,"['can', 'you', 'get', 'over', 'there']","['mod', 'pro:per', 'v', 'prep', 'n']",CLI,RP
32744,1,14580105,19352,46.00094457791741,"['toss', 'it', 'to', 'me']","['v', 'pro:per', 'prep', 'pro:obj']",CLI,RP
32744,1,14580117,19352,46.00094457791741,"['I', 'only', 'have', 'one', 'left']","['pro:sub', 'adv', 'v', 'pro:indef', 'v']",CLI,ST
32744,1,14580129,19352,46.00094457791741,"['where', 'should', 'I', 'try', 'and', 'hit', 'him']","['pro:int', 'mod', 'pro:sub', 'v', 'coord', 'v', 'pro:obj']",CLI,QN
32744,1,14580140,19352,46.00094457791741,"['in', 'the', 'ear']","['prep', 'det:art', 'n']",CLI,SA
32744,1,14580152,19352,46.00094457791741,"['oh', 'oh', 'well', 'missed', 'again']","['co', 'co', 'adv', 'part', 'adv']",CLI,ST
32744,1,14580163,19352,46.00094457791741,['darn'],['n'],CLI,PR
32744,1,14580174,19352,46.00094457791741,"['so', 'this', 'is', 'your', 'jet', 'huh']","['adv', 'pro:dem', 'cop', 'det:poss', 'n', 'co']",CLI,ST
32744,1,14580185,19352,46.00094457791741,"['now', ""that's"", 'pretty', 'neat']","['adv', 'pro:dem', 'adv', 'adj']",CLI,ST
32744,1,14580194,19352,46.00094457791741,"['you', 'make', 'it', 'fly', 'boom']","['pro:per', 'v', 'pro:per', 'v', 'co']",CLI,RP
32744,1,14580205,19352,46.00094457791741,"[""it's"", 'all', 'broke']","['pro:per', 'adv', 'adj']",CHI,ST
32744,1,14580216,19352,46.00094457791741,"['is', 'it', 'all', 'broke']","['aux', 'pro:per', 'adv', 'adj']",CLI,AP
32744,1,14580226,19352,46.00094457791741,"['well', 'sometimes', 'it', ""doesn't"", 'turn', 'does', 'it']","['adv', 'adv', 'pro:per', 'mod', 'n', 'mod', 'pro:per']",CLI,SA
32744,1,14580236,19352,46.00094457791741,"['maybe', 'you', 'hafta', 'help', 'it']","['adv', 'pro:per', 'mod', 'v', 'pro:per']",CLI,RP
32744,1,14580248,19352,46.00094457791741,"['help', 'it', 'turn', 'there', 'it', 'goes']","['v', 'pro:per', 'n', 'adv', 'pro:per', 'v']",CLI,RP
32744,1,14580263,19352,46.00094457791741,"[""you're"", 'making', 'a_lot_of', 'cement', 'huh']","['pro:per', 'part', 'qn', 'n', 'co']",CLI,ST
32744,1,14580278,19352,46.00094457791741,"['you', 'wanna', 'dump', 'it', 'in', 'my', 'truck']","['pro:per', 'v', 'v', 'pro:per', 'prep', 'det:poss', 'n']",CLI,ST
32744,1,14580288,19352,46.00094457791741,"['will', 'you', 'dump', 'your', 'cement', 'in', 'there']","['mod', 'pro:per', 'v', 'det:poss', 'n', 'prep', 'n']",CLI,ST
32744,1,14580301,19352,46.00094457791741,"['gonna', 'drive', 'your', 'jet']","['part', 'v', 'det:poss', 'n']",CLI,ST
32744,1,14580311,19352,46.00094457791741,"['you', 'wanna', 'try', 'and', 'throw', 'the', 'beanbags']","['pro:per', 'v', 'v', 'coord', 'v', 'det:art', '']",CLI,RQ
32744,1,14580320,19352,46.00094457791741,"['you', 'wanna', 'give', 'me', 'some', 'of', 'your', 'cement']","['pro:per', 'v', 'v', 'pro:obj', 'pro:indef', 'prep', 'det:poss', 'n']",CLI,RQ
32744,1,14580328,19352,46.00094457791741,"['can', 'you', 'pour', 'it', 'in', 'there']","['mod', 'pro:per', 'v', 'pro:per', 'prep', 'n']",CLI,RP
32744,1,14580338,19352,46.00094457791741,"['here', 'it', 'comes']","['adv', 'pro:per', 'v']",CLI,SS
32744,1,14580347,19352,46.00094457791741,"['oh', 'whoa', ""that's"", 'a_lot', 'of', 'it', 'in', 'there', 'huh']","['co', 'co', 'pro:rel', 'adv', 'prep', 'pro:per', 'prep', 'n', 'co']",CLI,ST
32744,1,14580358,19352,46.00094457791741,"['should', 'I', 'go', 'pour', 'it', 'in', 'the', 'driveway', 'for', 'the', 'house']","['mod', 'pro:sub', 'v', 'v', 'pro:per', 'prep', 'det:art', '', 'prep', 'det:art', 'n']",CLI,ST
32744,1,14580369,19352,46.00094457791741,"['gotta', 'move', 'the', 'plane', 'though']","['mod', 'v', 'det:art', 'n', 'adv']",CLI,RP
32744,1,14580377,19352,46.00094457791741,"['oops', 'here', 'it', 'comes']","['co', 'adv', 'pro:per', 'v']",CLI,MK
32744,1,14580384,19352,46.00094457791741,"['okay', 'you', 'wanna', 'dump', 'it']","['co', 'pro:per', 'v', 'v', 'pro:per']",CLI,RQ
32744,1,14580391,19352,46.00094457791741,"['oh', 'yeah', 'close', 'the', 'door']","['co', 'co', 'v', 'det:art', 'n']",CLI,RP
32744,1,14580400,19352,46.00094457791741,"['guy', 'bends', 'a', 'lot']","['n', 'v', 'det:art', 'n']",CLI,ST
32744,1,14580406,19352,46.00094457791741,"['what', 'is', 'that', 'Tim']","['pro:int', 'cop', 'comp', 'n:prop']",CLI,QN
32744,1,14580413,19352,46.00094457791741,['Carl'],['n:prop'],CHI,SA
32744,1,14580421,19352,46.00094457791741,['dad'],['n'],CLI,CT
32744,1,14580427,19352,46.00094457791741,"['is', 'he', 'gonna', 'go', 'to', 'sleep']","['cop', 'pro:sub', 'part', 'v', 'prep', 'n']",CLI,ST
32744,1,14580435,19352,46.00094457791741,"['that', 'garage', 'is', 'a', 'little', 'smaller', 'huh']","['det:dem', 'n', 'cop', 'det:art', 'adj', 'adj', 'co']",CLI,ST
32744,1,14580442,19352,46.00094457791741,"['now', 'look', 'at', 'that', 'that', 'fits']","['adv', 'v', 'prep', 'det:dem', 'pro:rel', 'v']",CLI,RP
32744,1,14580449,19352,46.00094457791741,"['do', 'you', 'xxx', 'Tim']","['mod', 'pro:per', '', 'n:prop']",CLI,YQ
32744,1,14580455,19352,46.00094457791741,['yeah'],['co'],CHI,AA
32744,1,14580462,19352,46.00094457791741,"['tell', 'big', 'mom', 'left', 'in', 'her', 'coat', 'pocket']","['v', 'adj', 'n', 'v', 'prep', 'det:poss', 'n', 'n']",CLI,RP
32744,1,14580471,19352,46.00094457791741,"['need', 'a', 'kleenex']","['v', 'det:art', 'n']",CLI,RP
32744,1,14580478,19352,46.00094457791741,['mhm'],['co'],CLI,XA
32744,1,14580485,19352,46.00094457791741,"[""I've"", 'got', 'one']","['pro:sub', 'part', 'pro:indef']",CLI,ST
32744,1,14580493,19352,46.00094457791741,"['Margaret', 'has', 'one', 'for', 'ya']","['n:prop', 'aux', 'pro:indef', 'prep', 'pro:per']",CLI,ST
32744,1,14580498,19352,46.00094457791741,"[""I've"", 'got', 'a', 'drippy', 'nose', 'too', 'today']","['pro:sub', 'part', 'det:art', 'adj', 'n', 'adv', 'adv:tem']",CLI,ST
32744,1,14580505,19352,46.00094457791741,"['there', 'you', 'go']","['adv', 'pro:per', 'v']",CLI,MK
32744,1,14580511,19352,46.00094457791741,"['what', 'do', 'you', 'say']","['pro:int', 'mod', 'pro:per', 'v']",CLI,QN
32744,1,14580518,19352,46.00094457791741,"['thank', 'you']","['v', 'pro:per']",CHI,MK
32744,1,14580525,19352,46.00094457791741,"[""you're"", 'welcome']","['pro:per', 'adj']",CLI,MK
32744,1,14580530,19352,46.00094457791741,"['blow', 'blow', 'nose', 'Tom']","['n', '', 'n', 'n:prop']",CLI,RP
32744,1,14580536,19352,46.00094457791741,"['better', 'now', 'put', 'it', 'in', 'your', 'pocket']","['adv', 'adv', 'v', 'pro:per', 'prep', 'det:poss', 'n']",CLI,RP
32744,1,14580544,19352,46.00094457791741,"['you', 'hafta', 'kind', 'of', 'ask', 'Tim', 'questions', 'to', 'open', 'him', 'up']","['pro:per', 'mod', 'n', 'prep', 'v', 'n:prop', 'v', 'inf', 'v', 'pro:obj', 'adv']",CLI,ST
32744,1,14580551,19352,46.00094457791741,['okay'],['co'],CLI,MK
32744,1,14580555,19352,46.00094457791741,"['I', 'think', 'that', 'will', 'help', 'you', 'too']","['pro:sub', 'v', 'pro:dem', 'mod', 'v', 'pro:per', 'adv']",CLI,ST
32744,1,14580562,19352,46.00094457791741,['alright'],['co'],CLI,MK
32744,1,14580570,19352,46.00094457791741,"['what', 'do', 'you', 'got', 'on', 'there']","['pro:int', 'mod', 'pro:per', 'v', 'prep', 'n']",CLI,QN
32744,1,14580576,19352,46.00094457791741,"[""it's"", 'all', 'faded', 'out']","['pro:per', 'adv', 'part', 'adv']",CLI,SA
32744,1,14580583,19352,46.00094457791741,"['what', 'is', 'that']","['pro:int', 'cop', 'pro:dem']",CLI,QN
32744,1,14580593,19352,46.00094457791741,"[""it's"", 'about', 'seven', 'to', 'nine']","['pro:per', 'adv', 'det:num', 'prep', 'det:num']",CLI,SA
32744,1,14580602,19352,46.00094457791741,"['Tommy', 'you', 'ready', 'to', 'go']","['n:prop', 'pro:per', 'adj', 'inf', 'v']",CLI,SS
32744,1,14580610,19352,46.00094457791741,"['yeah', 'you', 'gotta', 'leave', 'already']","['co', 'pro:per', 'mod', 'v', 'adv']",CLI,RP
32744,1,14580619,19352,46.00094457791741,"[""you'll"", 'come', 'back', 'monday']","['pro:per', 'v', 'n', 'n']",CLI,RP
32744,1,14580626,19352,46.00094457791741,['xxx'],[''],CHI,YY
32744,1,14580631,19352,46.00094457791741,"['yeah', 'it', 'almost', 'fits', 'in', 'there', 'huh']","['co', 'pro:per', 'adv', 'n', 'prep', 'n', 'co']",CLI,ST
32744,1,14580637,19352,46.00094457791741,"['how', 'about', 'if', 'I', 'try', 'and', 'find', 'you', 'a', 'car', 'next', 'time', 'that', 'will', 'fit', 'in', 'that', 'garage']","['pro:int', 'adv', 'conj', 'pro:sub', 'v', 'coord', 'v', 'pro:per', 'det:art', 'n', 'adv', 'n', 'pro:dem', 'mod', 'part', 'adv', 'det:dem', 'n']",CLI,PD
32744,1,14580644,19352,46.00094457791741,"['are', 'you', 'ready', 'to', 'go']","['cop', 'pro:per', 'adj', 'inf', 'v']",CLI,SS
32744,1,14580720,19352,46.00094457791741,"['you', 'wanna', 'pick', 'up', 'your', 'school', 'things']","['pro:per', 'v', 'v', 'adv', 'det:poss', 'n', 'n']",CLI,RQ
32744,1,14580726,19352,46.00094457791741,['no'],['co'],CHI,RD
32744,1,14580733,19352,46.00094457791741,"['I', 'should', 'help']","['pro:sub', 'mod', 'n']",CLI,RQ
32744,1,14580744,19352,46.00094457791741,"['turn', 'around', 'then']","['n', 'adv', 'adv:tem']",CLI,RP
32744,1,14580753,19352,46.00094457791741,"['lets', 'hope', 'that', 'monday', ""we're"", 'done', 'with', 'this', 'cold', 'huh']","['v', 'n', 'pro:rel', 'n', 'pro:sub', 'part', 'prep', 'det:dem', 'n', 'co']",CLI,ST
32744,1,14580762,19352,46.00094457791741,"['that', 'airplane', 'I', ""don't"", 'know', 'it', 'always', 'there', 'we', 'go']","['det:dem', 'n', 'pro:sub', 'mod', 'v', 'pro:per', 'adv', 'adv', 'pro:sub', 'v']",CLI,ST
32744,1,14580771,19352,46.00094457791741,"['shake', 'it', 'down', 'huh']","['v', 'pro:per', 'adv', 'co']",CLI,RP
32744,1,14580779,19352,46.00094457791741,"[""don't"", 'forget', 'your', 'caterpillar']","['mod', 'v', 'det:poss', 'n']",CLI,RP
32744,1,14580782,19352,46.00094457791741,"['we', 'hafta', 'take', 'that', 'to', 'school', ""don't"", 'we']","['pro:sub', 'mod', 'v', 'adv', 'prep', 'n', 'mod', 'pro:sub']",CLI,RP
32744,1,14580785,19352,46.00094457791741,['yep'],['co'],CHI,AD
32744,1,14580787,19352,46.00094457791741,"['can', 'you', 'say', 'thank', 'you', 'to', 'Margaret']","['mod', 'pro:per', 'v', 'v', 'pro:per', 'prep', 'n:prop']",CLI,RP
32744,1,14580791,19352,46.00094457791741,['no'],['co'],CHI,RD
32744,1,14580794,19352,46.00094457791741,"['can', 'you', 'say', 'thank', 'you']","['mod', 'pro:per', 'v', 'v', 'pro:per']",CLI,EI
32744,1,14580797,19352,46.00094457791741,"['can', 'you', 'say', 'good', 'bye']","['mod', 'pro:per', 'v', 'adj', 'co']",CLI,EI
32744,1,14580806,19352,46.00094457791741,['no'],['co'],CHI,RD
32744,1,14580812,19352,46.00094457791741,"['he', ""won't"", 'say', 'goodbye', 'Margaret']","['pro:sub', 'mod', 'v', 'co', 'n:prop']",CLI,GI
32744,1,14580819,19352,46.00094457791741,"['you', ""won't"", 'huh', 'okay']","['pro:per', 'mod', 'co', 'co']",CLI,GI
32744,1,14580827,19352,46.00094457791741,['home'],['adv'],CHI,YY
32745,1,14583031,19352,46.00094457791741,"['oh', 'you', 'brought', 'the', 'crayons']","['co', 'pro:per', 'v', 'det:art', 'n']",CLI,ST
32745,1,14583045,19352,46.00094457791741,"[""you're"", 'clean']","['pro:per', 'adj']",CLI,YY
32745,1,14583053,19352,46.00094457791741,['hot'],['adj'],CHI,YY
32745,1,14583061,19352,46.00094457791741,['mom'],['n'],CHI,YY
32745,1,14583067,19352,46.00094457791741,['whew'],['co'],CLI,MK
32745,1,14583073,19352,46.00094457791741,"[""we'll"", 'move', 'that', 'out_of', 'the', 'way']","['pro:sub', 'v', 'comp', 'prep', 'det:art', 'n']",CLI,SI
32745,1,14583079,19352,46.00094457791741,"[""it's"", 'a', 'siren']","['pro:per', 'det:art', 'n']",CLI,YA
32745,1,14583082,19352,46.00094457791741,['mhm'],['co'],CHI,AA
32745,1,14583088,19352,46.00094457791741,"['should', 'we', 'drive', 'the', 'truck', 'in', 'there']","['mod', 'pro:sub', 'v', 'det:art', 'n', 'prep', 'n']",CLI,RQ
32745,1,14583092,19352,46.00094457791741,['mhm'],['co'],CHI,RD
32745,1,14583094,19352,46.00094457791741,['no'],['co'],CLI,RD
32745,1,14583097,19352,46.00094457791741,['yeah'],['co'],CHI,RD
32745,1,14583126,19352,46.00094457791741,"['oops', 'look', 'at', 'that']","['co', 'v', 'prep', 'pro:dem']",CLI,RP
32745,1,14583135,19352,46.00094457791741,"['it', 'went', 'out', 'on', 'the', 'other', 'side']","['pro:per', 'v', 'adv', 'prep', 'det:art', 'qn', 'n']",CLI,RP
32745,1,14583145,19352,46.00094457791741,['yeah'],['co'],CHI,AD
32745,1,14583150,19352,46.00094457791741,['xxx'],[''],CHI,YY
32745,1,14583158,19352,46.00094457791741,"[""that's"", 'a', 'light', ""isn't"", 'it']","['pro:dem', 'det:art', 'n', 'cop', 'pro:per']",CLI,ST
32745,1,14583165,19352,46.00094457791741,['yeah'],['co'],CHI,AA
32745,1,14583170,19352,46.00094457791741,"['is', 'it', 'empty', 'or', 'is', 'there', 'something', 'in', 'there']","['aux', 'pro:per', 'adj', 'coord', 'cop', 'adv', 'pro:indef', 'prep', 'n']",CLI,TQ
32745,1,14583177,19352,46.00094457791741,['no'],['co'],CHI,RD
32745,1,14583183,19352,46.00094457791741,['no'],['co'],CLI,RD
32745,1,14583188,19352,46.00094457791741,"['a', 'horse']","['det:art', 'n']",CHI,SA
32745,1,14583194,19352,46.00094457791741,"['is', 'that', 'what', 'it', 'is']","['cop', 'pro:dem', 'pro:int', 'pro:per', 'cop']",CLI,AP
32745,1,14583201,19352,46.00094457791741,"['should', 'we', 'take', 'the', 'sheep', 'for', 'a', 'ride']","['mod', 'pro:sub', 'v', 'det:art', 'n', 'prep', 'det:art', 'n']",CLI,RQ
32745,1,14583209,19352,46.00094457791741,"['oh', 'there', 'he', 'goes']","['co', 'adv', 'pro:sub', 'v']",CLI,MK
32745,1,14583215,19352,46.00094457791741,"['what', 'are', 'you', 'gonna', 'put', 'in', 'there']","['pro:int', 'aux', 'pro:per', 'part', 'part', 'prep', 'n']",CLI,QN
32745,1,14583222,19352,46.00094457791741,['this'],['pro:dem'],CHI,SA
32745,1,14583229,19352,46.00094457791741,['couch'],['n'],CLI,CT
32745,1,14583235,19352,46.00094457791741,"['get', 'rid', 'of', 'the', 'couch', 'huh']","['v', 'v', 'prep', 'det:art', 'n', 'co']",CLI,ST
32745,1,14583262,19352,46.00094457791741,['mouse'],['n'],CHI,YY
32745,1,14583268,19352,46.00094457791741,"['is', 'that', 'a', 'big', 'mouse']","['cop', 'comp', 'det:art', 'adj', 'n']",CLI,YQ
32745,1,14583277,19352,46.00094457791741,['yeah'],['co'],CHI,AA
32745,1,14583292,19352,46.00094457791741,"['here', 'he', 'comes', 'with', 'his', 'green', 'truck']","['adv', 'pro:sub', 'v', 'prep', 'det:poss', 'adj', 'n']",CLI,ST
32745,1,14583300,19352,46.00094457791741,['yuck'],['co'],CHI,ED
32745,1,14583309,19352,46.00094457791741,"['the', 'green', 'couch', 'is', 'yuck', 'too']","['det:art', 'adj', 'n', 'cop', 'n', 'adv']",CLI,YQ
32745,1,14583317,19352,46.00094457791741,['yeah'],['co'],CHI,AA
32745,1,14583324,19352,46.00094457791741,"[""you're"", 'running', 'over', 'everything']","['pro:per', 'part', 'adv', 'pro:indef']",CLI,ST
32745,1,14583328,19352,46.00094457791741,"['you', 'can', 'put', 'that', 'under', 'the', 'table']","['pro:per', 'mod', 'v', 'pro:dem', 'prep', 'det:art', 'n']",CLI,RP
32745,1,14583332,19352,46.00094457791741,"['should', 'we', 'try', 'and', 'throw', 'the', 'bean', 'bags', 'into', 'the', 'truck']","['mod', 'pro:sub', 'v', 'coord', 'v', 'det:art', 'n', 'v', 'prep', 'det:art', 'n']",CLI,RQ
32745,1,14583341,19352,46.00094457791741,['huh'],['co'],CHI,AD
32745,1,14583346,19352,46.00094457791741,"['oh', 'you', 'just', 'made', 'that', 'one']","['co', 'pro:per', 'adv', 'v', 'det:dem', 'pro:indef']",CLI,ST
32745,1,14583353,19352,46.00094457791741,"['all', 'three', 'of', 'them']","['qn', 'det:num', 'prep', 'pro:obj']",CLI,ST
32745,1,14583361,19352,46.00094457791741,"['oops', 'do', 'I', 'get', 'to', 'throw', 'them']","['co', 'mod', 'pro:sub', 'v', 'inf', 'v', 'pro:obj']",CLI,SI
32745,1,14583368,19352,46.00094457791741,"['should', 'I', 'throw', 'them']","['mod', 'pro:sub', 'v', 'pro:obj']",CLI,SI
32745,1,14583378,19352,46.00094457791741,['hey'],['co'],CLI,MK
32745,1,14583383,19352,46.00094457791741,"['are', 'you', 'moving']","['cop', 'pro:per', 'part']",CLI,ST
32745,1,14583391,19352,46.00094457791741,"['you', 'gonna', 'move', 'all', 'the', 'stuff']","['pro:per', 'part', 'v', 'qn', 'det:art', 'n']",CLI,RP
32745,1,14583397,19352,46.00094457791741,"['you', 'gonna', 'move', 'the', 'girl', 'too']","['pro:per', 'part', 'v', 'det:art', 'n', 'adv']",CLI,RP
32745,1,14583398,19352,46.00094457791741,['yeah'],['co'],CHI,AD
32745,1,14583399,19352,46.00094457791741,"['get', 'back', 'in', 'the', 'truck']","['v', 'adv', 'prep', 'det:art', 'n']",CLI,RP
32745,1,14583401,19352,46.00094457791741,"['yeah', 'girl']","['co', 'n']",CHI,AD
32745,1,14583402,19352,46.00094457791741,"['oh', 'the', 'house']","['co', 'det:art', 'n']",CLI,AC
32745,1,14583403,19352,46.00094457791741,"['well', 'there', 'all', 'ready', 'to', 'move']","['co', 'adv', 'adv', 'adj', 'prep', 'n']",CLI,YQ
32745,1,14583404,19352,46.00094457791741,"['should', 'we', 'stick', 'the', 'car', 'in', 'the', 'garage']","['mod', 'pro:sub', 'v', 'det:art', 'n', 'prep', 'det:art', 'n']",CLI,RQ
32745,1,14583405,19352,46.00094457791741,['huh'],['co'],CHI,AD
32745,1,14583406,19352,46.00094457791741,"['should', 'we', 'stick', 'the', 'car', 'in', 'the', 'garage']","['mod', 'pro:sub', 'v', 'det:art', 'n', 'prep', 'det:art', 'n']",CLI,RQ
32745,1,14583407,19352,46.00094457791741,['uhuh'],['co'],CHI,RD
32746,1,14579918,19352,46.00094457791741,"[""I'm"", 'okay']","['pro:sub', 'adj']",CLI,AD
32746,1,14579932,19352,46.00094457791741,"['are', 'we', 'going', 'to', 'play', 'with', 'your', 'animals', 'today']","['cop', 'pro:sub', 'part', 'prep', 'n', 'prep', 'det:poss', 'n', 'adv:tem']",CLI,TX
32746,1,14579948,19352,46.00094457791741,"['slide', 'in']","['n', 'adv']",CLI,TX
32746,1,14579965,19352,46.00094457791741,"['that', 'one']","['det:dem', 'pro:indef']",CHI,YY
32746,1,14579979,19352,46.00094457791741,['oops'],['co'],CLI,MK
32746,1,14579995,19352,46.00094457791741,"[""that's"", 'going', 'to', 'be', 'right', 'next', 'to', 'the', 'barn', 'huh']","['pro:rel', 'part', 'inf', 'cop', 'adj', 'adj', 'prep', 'det:art', 'n', 'co']",CLI,ST
32746,1,14580011,19352,46.00094457791741,['mhm'],['co'],CHI,AC
32746,1,14580021,19352,46.00094457791741,"['is', 'this', 'gonna', 'be', 'our', 'farmer']","['cop', 'pro:dem', 'part', 'cop', 'det:poss', 'n']",CLI,CT
32746,1,14580035,19352,46.00094457791741,"['you', 'wanna', 'sit', 'down']","['pro:per', 'v', 'v', 'adv']",CLI,RQ
32746,1,14580044,19352,46.00094457791741,"['you', 'gotta', 'sheep']","['pro:per', 'mod', 'n']",CLI,RP
32746,1,14580058,19352,46.00094457791741,['mhm'],['co'],CHI,YY
32746,1,14580071,19352,46.00094457791741,['uh'],[''],CHI,YY
32746,1,14580082,19352,46.00094457791741,"['you', 'gotta', 'pig']","['pro:per', 'mod', 'n']",CLI,ST
32746,1,14580093,19352,46.00094457791741,"['and', ""here's"", 'your', 'little', 'pup']","['coord', 'pro:exist', 'det:poss', 'adj', 'n']",CLI,ST
32746,1,14580104,19352,46.00094457791741,['mommy'],['n'],CHI,YY
32746,1,14580114,19352,46.00094457791741,"[""what's"", 'that']","['pro:int', 'pro:dem']",CLI,QN
32746,1,14580121,19352,46.00094457791741,['piggy'],['adj'],CHI,SA
32746,1,14580131,19352,46.00094457791741,"['look', 'at', 'that', 'cow']","['v', 'prep', 'det:dem', 'n']",CLI,RP
32746,1,14580141,19352,46.00094457791741,"['look', 'his', ""head's"", 'on', 'backwards']","['v', 'det:poss', 'n', 'adv', 'adv']",CLI,RP
32746,1,14580153,19352,46.00094457791741,"['his', ""head's"", 'pointing', 'back', 'there']","['det:poss', 'n', 'part', 'adv', 'adv']",CLI,ST
32746,1,14580167,19352,46.00094457791741,"['we', 'got', 'an', 'ambulance']","['pro:sub', 'v', 'det:art', 'n']",CLI,YQ
32746,1,14580179,19352,46.00094457791741,['mhm'],['co'],CHI,AA
32746,1,14580193,19352,46.00094457791741,"[""what's"", 'that']","['pro:int', 'pro:dem']",CLI,QN
32746,1,14580203,19352,46.00094457791741,"['you', 'got', 'a', 'cement', 'truck', 'right']","['pro:per', 'v', 'det:art', 'n', 'n', 'adj']",CLI,ST
32746,1,14580215,19352,46.00094457791741,['xxx'],[''],CHI,YY
32746,1,14580224,19352,46.00094457791741,"['it', 'goes', 'around', ""doesn't"", 'it']","['pro:per', 'v', 'prep', 'mod', 'pro:per']",CLI,ST
32746,1,14580235,19352,46.00094457791741,['yep'],['co'],CHI,AA
32746,1,14580245,19352,46.00094457791741,"[""what's"", 'he', 'doing']","['pro:int', 'pro:sub', 'part']",CLI,QN
32746,1,14580256,19352,46.00094457791741,['too'],['adv'],CHI,YY
32746,1,14580266,19352,46.00094457791741,['up'],['adv'],CHI,YY
32746,1,14580276,19352,46.00094457791741,"['whoa', 'what', 'did', 'he', 'do']","['co', 'pro:int', 'mod', 'pro:sub', 'v']",CLI,QN
32746,1,14580285,19352,46.00094457791741,"['fall', 'in', 'there']","['v', 'prep', 'n']",CLI,RP
32746,1,14580294,19352,46.00094457791741,['no'],['co'],CHI,RD
32746,1,14580303,19352,46.00094457791741,"['over', 'there']","['prep', 'n']",CHI,RP
32746,1,14580312,19352,46.00094457791741,"['that', 'must', 'hurt']","['pro:dem', 'mod', 'v']",CLI,RP
32746,1,14580322,19352,46.00094457791741,['no'],['co'],CHI,RD
32746,1,14580332,19352,46.00094457791741,['no'],['co'],CLI,RD
32746,1,14580342,19352,46.00094457791741,"['oh', 'now', 'they', 'both', 'fell', 'in']","['co', 'adv', 'pro:sub', 'post', 'v', 'adv']",CLI,ST
32746,1,14580352,19352,46.00094457791741,"['no', ""doesn't"", 'open']","['co', 'mod', 'v']",CLI,DW
32746,1,14580362,19352,46.00094457791741,"[""what's"", 'in', 'there']","['pro:int', 'prep', 'n']",CLI,QN
32746,1,14580370,19352,46.00094457791741,"['is', 'that', 'for', 'your', 'cow']","['cop', 'pro:dem', 'prep', 'det:poss', 'n']",CLI,YA
32746,1,14580376,19352,46.00094457791741,['yeah'],['co'],CHI,AA
32746,1,14580383,19352,46.00094457791741,"[""that's"", 'your', 'cow', ""isn't"", 'it']","['pro:dem', 'det:poss', 'n', 'cop', 'pro:per']",CLI,ST
32747,1,14583124,19352,47.000965112219966,"[""what's"", 'under', 'there']","['pro:int', 'prep', 'n']",CLI,QN
32747,1,14583131,19352,47.000965112219966,"['little', 'guy']","['adj', 'n']",CLI,SA
32747,1,14583139,19352,47.000965112219966,"['is', 'there', 'some', 'stuff', 'in', 'there']","['cop', 'adv', 'qn', 'n', 'prep', 'n']",CLI,ST
32747,1,14583146,19352,47.000965112219966,"['you', 'know', 'who', 'that', 'is']","['pro:per', 'v', 'pro:int', 'pro:dem', 'cop']",CLI,ST
32747,1,14583154,19352,47.000965112219966,['mhm'],['co'],CHI,AC
32747,1,14583160,19352,47.000965112219966,"['do', 'you']","['mod', 'pro:per']",CLI,CL
32747,1,14583167,19352,47.000965112219966,"[""that's"", 'Ernie']","['pro:dem', 'n:prop']",CLI,CL
32747,1,14583171,19352,47.000965112219966,"['and', 'Grover']","['coord', 'n:prop']",CHI,SA
32747,1,14583178,19352,47.000965112219966,"[""that's"", 'a', 'king', 'yeah']","['pro:dem', 'det:art', 'n', 'co']",CLI,AP
32747,1,14583184,19352,47.000965112219966,"['he', ""doesn't"", 'fit', 'does', 'he']","['pro:sub', 'mod', 'v', 'v', 'pro:sub']",CLI,ST
32747,1,14583191,19352,47.000965112219966,['there'],['adv'],CLI,MK
32747,1,14583199,19352,47.000965112219966,"['he', 'fits', 'in', 'that', 'car']","['pro:sub', 'v', 'prep', 'det:dem', 'n']",CLI,ST
32747,1,14583206,19352,47.000965112219966,"['you', 'know', 'who', 'that', 'is']","['pro:per', 'v', 'pro:int', 'pro:dem', 'cop']",CLI,ST
32747,1,14583213,19352,47.000965112219966,"[""that's"", 'cookie', 'monster']","['pro:dem', 'n', 'n']",CLI,ST
32747,1,14583220,19352,47.000965112219966,"['can', 'you', 'say', 'cookie', 'monster']","['mod', 'pro:per', 'v', 'n', 'n']",CLI,EI
32747,1,14583226,19352,47.000965112219966,"['cookie', 'monster']","['n', 'n']",CHI,SC
32747,1,14583231,19352,47.000965112219966,"[""won't"", 'it', 'ring']","['mod', 'pro:per', 'v']",CLI,AP
32747,1,14583239,19352,47.000965112219966,"['there', 'it', 'goes']","['adv', 'pro:per', 'v']",CLI,ST
32747,1,14583245,19352,47.000965112219966,"['can', 'you', 'open', 'it', 'up']","['mod', 'pro:per', 'v', 'pro:per', 'adv']",CLI,RP
32747,1,14583250,19352,47.000965112219966,"['you', 'hafta', 'flip', 'the', 'handle', 'over']","['pro:per', 'mod', 'v', 'det:art', 'n', 'adv']",CLI,RP
32747,1,14583255,19352,47.000965112219966,"['see', 'you', 'flip', 'this', 'over']","['v', 'pro:per', 'v', 'det:dem', 'adv']",CLI,RP
32747,1,14583263,19352,47.000965112219966,"['oh', 'look', 'at', 'that']","['co', 'v', 'prep', 'pro:dem']",CLI,RP
32747,1,14583270,19352,47.000965112219966,"[""there's"", 'two']","['pro:exist', 'det:num']",CLI,ST
32747,1,14583278,19352,47.000965112219966,['yeah'],['co'],CHI,AC
32747,1,14583285,19352,47.000965112219966,"['this', 'is', 'a', 'small', 'one', ""isn't"", 'it']","['pro:dem', 'cop', 'det:art', 'adj', 'pro:indef', 'cop', 'pro:per']",CLI,ST
32747,1,14583290,19352,47.000965112219966,['oops'],['co'],CLI,MK
32747,1,14583298,19352,47.000965112219966,"[""doesn't"", 'wanna', 'go', 'around', 'today', 'does', 'it']","['mod', 'v', 'v', 'adv', 'adv:tem', 'mod', 'pro:per']",CLI,ST
32747,1,14583305,19352,47.000965112219966,['mm'],[''],CLI,YY
32747,1,14583312,19352,47.000965112219966,"['is', 'that', 'broken']","['cop', 'comp', 'part']",CLI,ST
32747,1,14583318,19352,47.000965112219966,"['it', 'just', ""won't"", 'fit', 'in', 'there']","['pro:per', 'adv', 'mod', 'n', 'prep', 'n']",CLI,ST
32748,1,14580387,19352,47.000965112219966,"['better', 'eat', 'your', 'raisins', 'too']","['adv', 'v', 'det:poss', 'n', 'post']",CLI,RP
32748,1,14580393,19352,47.000965112219966,"['can', 'you', 'pick', 'a', 'color']","['mod', 'pro:per', 'v', 'det:art', 'n']",CLI,RP
32748,1,14580399,19352,47.000965112219966,"['how', 'about', 'orange']","['pro:int', 'adv', 'adj']",CLI,RQ
32748,1,14580403,19352,47.000965112219966,['no'],['co'],CLI,RD
32748,1,14580409,19352,47.000965112219966,"['purple', 'do', 'you', 'like', 'the', 'color', 'purple']","['adj', 'v', 'pro:per', 'conj', 'det:art', 'n', 'adj']",CLI,ST
32748,1,14580412,19352,47.000965112219966,"['now', 'we', 'have', 'the', 'same', 'color']","['adv', 'pro:sub', 'v', 'det:art', 'adj', 'n']",CLI,ST
32748,1,14580419,19352,47.000965112219966,"['what', 'are', 'you', 'coloring', 'on']","['pro:int', 'aux', 'pro:per', 'part', 'adv']",CLI,QN
32748,1,14580426,19352,47.000965112219966,"[""what's"", 'that']","['pro:int', 'pro:dem']",CLI,QN
32748,1,14580432,19352,47.000965112219966,"['I', ""don't"", 'know']","['pro:sub', 'mod', 'v']",CHI,SA
32748,1,14580439,19352,47.000965112219966,"['kind', 'of', 'like', 'a', 'frog']","['adj', 'prep', 'co', 'det:art', 'n']",CLI,AP
32748,1,14580446,19352,47.000965112219966,['mhm'],['co'],CHI,AC
32748,1,14580452,19352,47.000965112219966,"['how', 'about', 'if', 'I', 'color', 'with', 'brown']","['pro:int', 'adv', 'conj', 'pro:sub', 'v', 'prep', 'adj']",CLI,RQ
32748,1,14580459,19352,47.000965112219966,"['is', 'that', 'okay']","['cop', 'comp', 'co']",CLI,AD
32748,1,14580466,19352,47.000965112219966,"['now', 'we', 'both', 'have', 'brown', 'mhm']","['adv', 'pro:sub', 'post', 'v', 'adj', 'co']",CLI,ST
32748,1,14580473,19352,47.000965112219966,"['look', 'at', 'that']","['v', 'prep', 'pro:dem']",CLI,RP
32748,1,14580481,19352,47.000965112219966,['uhhuh'],['co'],CHI,YY
32748,1,14580487,19352,47.000965112219966,"['what', 'is', 'that']","['pro:int', 'cop', 'pro:dem']",CLI,QN
32748,1,14580501,19352,47.000965112219966,"['what', 'is', 'that']","['pro:int', 'cop', 'pro:dem']",CLI,QN
32748,1,14580510,19352,47.000965112219966,"['I', ""don't"", 'know']","['pro:sub', 'mod', 'v']",CHI,SA
32748,1,14580517,19352,47.000965112219966,"['you', 'know', 'what', 'that', 'is']","['pro:per', 'v', 'pro:int', 'adv', 'cop']",CLI,QN
32748,1,14580524,19352,47.000965112219966,"[""it's"", 'a', 'piggy']","['pro:per', 'det:art', 'adj']",CLI,SA
32748,1,14580533,19352,47.000965112219966,"[""that's"", 'a', 'piggy']","['pro:dem', 'det:art', 'adj']",CHI,RT
32748,1,14580541,19352,47.000965112219966,['mhm'],['co'],CLI,AC
32748,1,14580549,19352,47.000965112219966,"['should', 'I', 'color', 'with', 'this', 'one']","['mod', 'pro:sub', 'v', 'prep', 'det:dem', 'pro:indef']",CLI,ST
32748,1,14580559,19352,47.000965112219966,"['why', 'not', 'this', 'one']","['pro:int', 'neg', 'det:dem', 'pro:indef']",CLI,QN
32748,1,14580566,19352,47.000965112219966,['yuck'],['co'],CHI,ED
32748,1,14580573,19352,47.000965112219966,"['is', 'that', 'a', 'yuck']","['cop', 'comp', 'det:art', 'co']",CLI,ED
32748,1,14580582,19352,47.000965112219966,"['you', ""don't"", 'wanna', 'color', 'with', 'a', 'yuck', 'crayon']","['pro:per', 'mod', 'v', 'v', 'prep', 'det:art', 'n', 'n']",CLI,RP
32748,1,14580591,19352,47.000965112219966,['xxx'],[''],CHI,YY
32748,1,14580599,19352,47.000965112219966,"['got', 'color']","['v', 'n']",CHI,RP
32748,1,14580608,19352,47.000965112219966,"['what', 'about', 'this']","['pro:int', 'prep', 'pro:dem']",CLI,RQ
32748,1,14580617,19352,47.000965112219966,['uhuh'],['co'],CHI,RD
32748,1,14580624,19352,47.000965112219966,"['why', 'not', 'this', 'one']","['pro:int', 'neg', 'det:dem', 'pro:indef']",CLI,QN
32748,1,14580634,19352,47.000965112219966,['yeah'],['co'],CHI,
32748,1,14580640,19352,47.000965112219966,"['what', 'is', 'it']","['pro:int', 'cop', 'pro:per']",CLI,QN
32748,1,14580646,19352,47.000965112219966,"['I', ""don't"", 'know']","['pro:sub', 'mod', 'v']",CHI,SA
32748,1,14580654,19352,47.000965112219966,"['looks', 'like', 'dirt']","['v', 'co', 'n']",CLI,AP
32748,1,14580660,19352,47.000965112219966,"['you', 'know', 'what', 'color', 'that', 'is']","['pro:per', 'v', 'pro:int', 'n', 'pro:rel', 'cop']",CLI,QN
32748,1,14580666,19352,47.000965112219966,['orange'],['adj'],CLI,SA
32748,1,14580671,19352,47.000965112219966,['xxx'],[''],CHI,YY
32748,1,14580675,19352,47.000965112219966,['xxx'],[''],CHI,YY
32748,1,14580679,19352,47.000965112219966,['oops'],['co'],CLI,MK
32748,1,14580685,19352,47.000965112219966,"[""what's"", 'so', 'funny']","['pro:int', 'adv', 'adj']",CLI,QN
32749,1,14580688,19352,47.000965112219966,"[""it's"", 'not', 'gonna', 'blow', 'is', 'it']","['pro:per', 'neg', 'part', 'n', 'cop', 'pro:per']",CLI,ST
32749,1,14580694,19352,47.000965112219966,"['want', 'me', 'to', 'try']","['v', 'pro:obj', 'inf', 'v']",CLI,RQ
32749,1,14580699,19352,47.000965112219966,['xxx'],[''],CHI,YY
32749,1,14580704,19352,47.000965112219966,"['this', 'is', 'what', 'your', 'mom', 'bought', 'you']","['pro:dem', 'cop', 'pro:int', 'det:poss', 'n', 'v', 'pro:per']",CLI,ST
32749,1,14580709,19352,47.000965112219966,['xxx'],[''],CHI,YY
32749,1,14580715,19352,47.000965112219966,"[""what's"", 'that']","['pro:int', 'pro:dem']",CLI,QN
32749,1,14580721,19352,47.000965112219966,"['do', 'you', 'remember', 'what', 'that', 'was']","['mod', 'pro:per', 'v', 'pro:int', 'adv', 'cop']",CLI,QN
32749,1,14580725,19352,47.000965112219966,['xxx'],[''],CHI,YY
32749,1,14580732,19352,47.000965112219966,"['blow', 'bubbles']","['n', 'v']",CLI,RP
32749,1,14580735,19352,47.000965112219966,"['there', 'he', 'smashed', 'it']","['adv', 'pro:sub', 'v', 'pro:per']",CLI,ST
32749,1,14580743,19352,47.000965112219966,"['go', 'ahead', 'and', 'try']","['v', 'adv', 'coord', 'v']",CLI,RP
32749,1,14580751,19352,47.000965112219966,"['do', 'you', 'like', 'making', 'bubbles']","['mod', 'pro:per', 'v', 'part', 'n']",CLI,ST
32749,1,14580759,19352,47.000965112219966,['xxx'],[''],CHI,YY
32749,1,14580767,19352,47.000965112219966,"['I', 'do', 'to']","['pro:sub', 'v', 'inf']",CLI,ST
32749,1,14580776,19352,47.000965112219966,"['popped', 'oh']","['part', 'co']",CLI,ST
32749,1,14580780,19352,47.000965112219966,"['those', 'are', 'little', 'soap', 'bubbles']","['pro:dem', 'cop', 'adj', 'n', 'n']",CLI,ST
32749,1,14580783,19352,47.000965112219966,['xxx'],[''],CHI,YY
32749,1,14580786,19352,47.000965112219966,"['oh', 'he', 'landed', 'on', 'his', 'head']","['co', 'pro:sub', 'v', 'prep', 'det:poss', 'n']",CLI,ST
32749,1,14580789,19352,47.000965112219966,"['now', 'his', ""head's"", 'all', 'wet']","['adv', 'det:poss', 'n', 'adv', 'adj']",CLI,ST
32749,1,14580792,19352,47.000965112219966,"['what', 'else', 'did', 'you', 'bring', 'for', 'us', 'to', 'play', 'with']","['pro:int', 'post', 'mod', 'pro:per', 'v', 'prep', 'pro:obj', 'prep', 'n', 'prep']",CLI,QN
32749,1,14580795,19352,47.000965112219966,"['what', 'else', 'do', 'you', 'got']","['pro:int', 'post', 'v', 'pro:per', 'v']",CLI,QN
32749,1,14580802,19352,47.000965112219966,"['oh', 'wow']","['co', 'co']",CLI,MK
32749,1,14580809,19352,47.000965112219966,"['should', 'we', 'play']","['mod', 'pro:sub', 'v']",CLI,RQ
32749,1,14580817,19352,47.000965112219966,['xxx'],[''],CHI,YY
32749,1,14580822,19352,47.000965112219966,['xxx'],[''],CHI,YY
32749,1,14580826,19352,47.000965112219966,"['did', 'you', 'blow', 'bubbles', 'at', 'me']","['mod', 'pro:per', 'n', 'n', 'prep', 'pro:obj']",CLI,ST
32749,1,14580829,19352,47.000965112219966,['you'],['pro:per'],CHI,YY
32749,1,14580831,19352,47.000965112219966,['whoop'],['n'],CLI,YY
32749,1,14580833,19352,47.000965112219966,['xxx'],[''],CHI,YY
32749,1,14580835,19352,47.000965112219966,"[""we'll"", 'make', 'the', 'sheep', 'jump', 'on', 'it']","['pro:sub', 'v', 'det:art', 'n', 'n', 'prep', 'pro:per']",CLI,RP
32749,1,14580837,19352,47.000965112219966,"['oh', 'the', 'hen', 'the', ""hen's"", 'gonna', 'crush', 'it']","['co', '', '', 'det:art', 'n', 'part', 'v', 'pro:per']",CLI,ST
32749,1,14580839,19352,47.000965112219966,"['oh', 'wow']","['co', 'co']",CLI,MK
32749,1,14580841,19352,47.000965112219966,"['you', 'need', 'your', 'truck']","['pro:per', 'v', 'det:poss', 'n']",CLI,ST
32749,1,14580843,19352,47.000965112219966,"['it', 'stuck', 'on', 'there']","['pro:per', 'v', 'prep', 'n']",CLI,ST
32749,1,14580845,19352,47.000965112219966,['xxx'],[''],CHI,YY
32749,1,14580847,19352,47.000965112219966,"['oh', 'you', 'made', 'the', 'sheep', 'get', 'it']","['co', 'pro:per', 'v', 'det:art', 'n', 'aux', 'pro:per']",CLI,ST
32749,1,14580849,19352,47.000965112219966,"['under', 'there']","['prep', 'n']",CLI,ST
32749,1,14580851,19352,47.000965112219966,"['kind', 'of', 'dripped', 'on', 'your', 'pants', ""didn't"", 'it']","['adj', 'prep', 'part', 'prep', 'det:poss', 'n:pt', 'mod', 'pro:per']",CLI,ST
32749,1,14580855,19352,47.000965112219966,"[""I've"", 'got', 'little', 'drips', 'on', 'me', 'too']","['pro:sub', 'part', 'adj', 'n', 'prep', 'pro:obj', 'post']",CLI,ST
32749,1,14580862,19352,47.000965112219966,"['you', 'caught', 'it']","['pro:per', 'v', 'pro:per']",CLI,ST
32749,1,14580868,19352,47.000965112219966,['xxx'],[''],CHI,YY
32749,1,14580876,19352,47.000965112219966,"['you', 'gonna', 'take', 'the', 'dump', 'truck', 'smash', 'it']","['pro:per', 'part', 'v', 'det:art', 'n', 'n', 'n', 'pro:per']",CLI,ST
32749,1,14580883,19352,47.000965112219966,"['oops', ""there's"", 'still', 'some', 'in', 'there']","['co', 'pro:exist', 'adv', 'pro:indef', 'prep', 'n']",CLI,ST
32749,1,14580886,19352,47.000965112219966,"['try', 'again']","['v', 'adv']",CLI,RP
32749,1,14580888,19352,47.000965112219966,"['oh', 'now', 'you', 'blew', 'it', 'out']","['co', 'adv', 'pro:per', 'v', 'pro:per', 'adv']",CLI,ST
32749,1,14580893,19352,47.000965112219966,['what'],['pro:int'],CLI,QN
32749,1,14580897,19352,47.000965112219966,['xxx'],[''],CHI,SA
32749,1,14580901,19352,47.000965112219966,"['did', 'that', 'disappear']","['v', 'adv', 'v']",CLI,YQ
32749,1,14580909,19352,47.000965112219966,"['oh', 'that', 'was', 'a', 'good', 'one']","['co', 'pro:dem', 'cop', 'det:art', 'adj', 'pro:indef']",CLI,AB
32749,1,14580914,19352,47.000965112219966,['haha'],[''],CHI,YY
32749,1,14580921,19352,47.000965112219966,"['yeah', ""you're"", 'getting', 'me', 'wet']","['co', 'pro:per', 'part', 'pro:obj', 'adj']",CLI,ST
32749,1,14580927,19352,47.000965112219966,"['should', 'I', 'have', 'the', 'lion', 'smash', 'it']","['mod', 'pro:sub', 'v', 'det:art', 'n', 'n', 'pro:per']",CLI,ST
32749,1,14580935,19352,47.000965112219966,['no'],['co'],CHI,PF
32749,1,14580940,19352,47.000965112219966,['no'],['co'],CLI,PF
32749,1,14581004,19352,47.000965112219966,['xxx'],[''],CHI,YY
32749,1,14581010,19352,47.000965112219966,"['what', 'is', 'that']","['pro:int', 'cop', 'pro:dem']",CLI,QN
32749,1,14581018,19352,47.000965112219966,['xxx'],[''],CHI,SA
32749,1,14581026,19352,47.000965112219966,"['here', 'he', 'goes']","['adv', 'pro:sub', 'v']",CLI,AP
32749,1,14581032,19352,47.000965112219966,"['your', 'truck', 'smash', 'it']","['det:poss', 'n', 'n', 'pro:per']",CLI,ST
32749,1,14581037,19352,47.000965112219966,['messy'],['adj'],CLI,ST
32749,1,14581041,19352,47.000965112219966,['almost'],['adv'],CLI,ST
32749,1,14581046,19352,47.000965112219966,"['there', 'you', 'go']","['adv', 'pro:per', 'v']",CLI,YQ
32749,1,14581049,19352,47.000965112219966,['yeah'],['co'],CHI,AA
32749,1,14581054,19352,47.000965112219966,"['oh', 'have', 'the', 'pig', 'smash', 'it']","['co', 'v', 'det:art', 'n', 'n', 'pro:per']",CLI,ST
32749,1,14581061,19352,47.000965112219966,"['smash', 'it', 'with', 'the', 'piggy']","['v', 'pro:per', 'prep', 'det:art', 'adj']",CLI,ST
32750,1,14583429,19352,53.00108831803528,"[""that's"", 'all', 'the', 'stuff', ""we're"", 'gonna', 'use', 'today']","['pro:dem', 'adv', 'det:art', 'n', 'pro:sub', 'part', 'v', 'adv:tem']",CLI,DC
32750,1,14583430,19352,53.00108831803528,"['who', ""who's"", 'this']","['', 'pro:int', 'pro:dem']",CHI,QN
32750,1,14583431,19352,53.00108831803528,"['I', ""don't"", 'know']","['pro:sub', 'mod', 'v']",CLI,SA
32750,1,14583432,19352,53.00108831803528,"[""that's"", 'not', 'yours', 'is', 'it']","['pro:dem', 'neg', 'pro:poss', 'cop', 'pro:per']",CLI,DW
32750,1,14583433,19352,53.00108831803528,['no'],['co'],CHI,DW
32750,1,14583434,19352,53.00108831803528,"['I', ""didn't"", 'think', 'so']","['pro:sub', 'mod', 'v', 'co']",CLI,DW
32750,1,14583435,19352,53.00108831803528,"[""who's"", 'this']","['pro:int', 'pro:dem']",CHI,QN
32750,1,14583436,19352,53.00108831803528,"['those', 'are', 'my', 'shoes']","['pro:dem', 'cop', 'det:poss', 'n']",CLI,SA
32750,1,14583437,19352,53.00108831803528,"['do', 'you', 'think', 'they', 'fit', 'me']","['mod', 'pro:per', 'v', 'pro:sub', 'v', 'pro:obj']",CLI,YQ
32750,1,14583438,19352,53.00108831803528,['yeah'],['co'],CHI,AA
32750,1,14583439,19352,53.00108831803528,"['you', 'do']","['pro:per', 'v']",CLI,RP
32750,1,14583440,19352,53.00108831803528,"['those', 'are', 'pretty', 'small', ""shoe's""]","['det:dem', 'aux', 'adv', 'adj', 'n']",CLI,ST
32750,1,14583441,19352,53.00108831803528,"['my', 'feet', 'are', 'pretty', 'big']","['det:poss', 'n', 'cop', 'adv', 'adj']",CLI,ST
32750,1,14583442,19352,53.00108831803528,"['oh', 'oh']","['co', 'co']",CLI,MK
32750,1,14583443,19352,53.00108831803528,"['oh', 'oh']","['co', 'co']",CHI,MK
32750,1,14583444,19352,53.00108831803528,"[""it's"", 'rolling', 'away', 'from', 'me']","['pro:per', 'part', 'adv', 'prep', 'pro:obj']",CLI,ST
32750,1,14583445,19352,53.00108831803528,"['the', 'school', 'down']","['det:art', 'n', 'adv']",CHI,ST
32750,1,14583446,19352,53.00108831803528,"['take', 'the', 'school', 'down']","['v', 'det:art', 'n', 'adv']",CLI,AP
32750,1,14583447,19352,53.00108831803528,"['how', 'do', 'do', 'this']","['pro:int', 'mod', 'v', 'pro:dem']",CHI,QN
32750,1,14583448,19352,53.00108831803528,"['you', 'push', 'it', 'up']","['pro:per', 'v', 'pro:per', 'adv']",CLI,RP
32750,1,14583449,19352,53.00108831803528,"['that', 'opens', 'the', 'door']","['pro:rel', 'v', 'det:art', 'n']",CLI,RP
32750,1,14583450,19352,53.00108831803528,['mm'],[''],CHI,YY
32750,1,14583451,19352,53.00108831803528,"['I', 'need', 'a', 'car']","['pro:sub', 'v', 'det:art', 'n']",CLI,ST
32750,1,14583452,19352,53.00108831803528,['mm'],[''],CHI,YY
32750,1,14583453,19352,53.00108831803528,"['I', ""don't"", 'think', 'we', 'have', 'any', 'people', 'to', 'put', 'in', 'there']","['pro:sub', 'mod', 'v', 'pro:sub', 'v', 'qn', 'n', 'inf', 'v', 'prep', 'n']",CLI,ST
32750,1,14583454,19352,53.00108831803528,"['are', 'you', 'ringing', 'the', 'bell']","['cop', 'pro:per', 'part', 'det:art', 'n']",CLI,ST
32750,1,14583455,19352,53.00108831803528,"['how', 'do', 'do', 'that']","['pro:int', 'mod', 'v', 'pro:dem']",CHI,QN
32750,1,14583456,19352,53.00108831803528,"['do', 'you', 'know', 'how', 'that', 'works']","['mod', 'pro:per', 'v', 'pro:rel', 'adv', 'n']",CLI,YQ
32750,1,14583464,19352,53.00108831803528,['no'],['co'],CHI,AN
32750,1,14583466,19352,53.00108831803528,"['see', 'this']","['co', 'det:dem']",CLI,RP
32750,1,14583467,19352,53.00108831803528,"['see', 'that', 'clanger']","['v', 'comp', 'n']",CLI,RP
32750,1,14583468,19352,53.00108831803528,['yeah'],['co'],CHI,AD
32750,1,14583469,19352,53.00108831803528,"['when', 'you', 'move', 'that', 'it', 'bumps', 'that', 'and', 'it', 'rings']","['conj', 'pro:per', 'v', 'comp', 'pro:per', 'n', 'adv', 'coord', 'pro:per', 'v']",CLI,ST
32750,1,14583470,19352,53.00108831803528,"['I', 'know', 'what', ""I'm"", 'gonna', 'do']","['pro:sub', 'v', 'pro:int', 'pro:sub', 'part', 'v']",CLI,QN
32750,1,14583471,19352,53.00108831803528,"[""I'm"", 'gonna', 'build', 'a', 'road']","['pro:sub', 'part', 'v', 'det:art', 'n']",CLI,SA
32750,1,14583472,19352,53.00108831803528,['mm'],[''],CHI,YY
32750,1,14583473,19352,53.00108831803528,"['this', 'is', 'gonna', 'be', 'a', 'road']","['pro:dem', 'aux', 'part', 'cop', 'det:art', 'n']",CLI,EC
32750,1,14583474,19352,53.00108831803528,['road'],['n'],CHI,SC
32750,1,14583475,19352,53.00108831803528,"['a', 'road']","['det:art', 'n']",CLI,AP
32750,1,14583476,19352,53.00108831803528,"['how', 'long', 'should', 'we', 'make', 'the', 'road']","['pro:int', 'adv', 'mod', 'pro:sub', 'v', 'det:art', 'n']",CLI,QN
32750,1,14583477,19352,53.00108831803528,"['this', 'big', 'big', 'pen']","['pro:dem', 'adj', '', 'n']",CHI,SA
32750,1,14583478,19352,53.00108831803528,"[""that's"", 'not', 'a', 'big', 'big', 'pen']","['pro:dem', 'neg', 'det:art', 'adj', '', 'n']",CLI,DW
32750,1,14583481,19352,53.00108831803528,"['do', 'you', 'know', 'what', 'that', 'is']","['mod', 'pro:per', 'v', 'pro:int', 'adv', 'cop']",CLI,QN
32750,1,14583487,19352,53.00108831803528,['what'],['pro:int'],CHI,AC
32750,1,14583489,19352,53.00108831803528,"['push', 'the', 'button']","['v', 'det:art', 'n']",CLI,RP
32750,1,14583490,19352,53.00108831803528,['huh'],['co'],CLI,EQ
32750,1,14583491,19352,53.00108831803528,['flashlight'],[''],CHI,SA
32750,1,14583492,19352,53.00108831803528,"['flashlight', 'right']","['', 'adj']",CLI,AP
32750,1,14583493,19352,53.00108831803528,"['why', 'in', 'here']","['pro:int', 'prep', 'n']",CHI,QN
32750,1,14583494,19352,53.00108831803528,"['oh', 'I', 'thought', ""we'd"", 'play', 'that', 'game', 'when', 'we', 'turn', 'off', 'the', 'lights']","['co', 'pro:sub', 'v', 'pro:sub', 'v', 'det:dem', 'n', 'conj', 'pro:sub', 'v', 'prep', 'det:art', 'n']",CLI,SA
32750,1,14583495,19352,53.00108831803528,"['and', 'we', 'point', 'that', 'at', 'the', 'cards']","['coord', 'pro:sub', 'v', 'comp', 'prep', 'det:art', 'n']",CLI,ST
32750,1,14583503,19352,53.00108831803528,"['we', 'point', 'it', 'in', 'the', 'window']","['pro:sub', 'v', 'pro:per', 'prep', 'det:art', 'n']",CLI,RP
32750,1,14583517,19352,53.00108831803528,['no'],['co'],CHI,RD
32750,1,14583522,19352,53.00108831803528,"['nothing', 'in', 'there']","['pro:indef', 'prep', 'n']",CLI,RP
32750,1,14583528,19352,53.00108831803528,"['I', 'hafta', 'get', 'serious', 'here', 'and', 'finish', 'my', 'road']","['pro:sub', 'mod', 'v', 'adj', 'adv', 'coord', 'v', 'det:poss', 'n']",CLI,SI
32750,1,14583531,19352,53.00108831803528,"['on', 'second', 'thought', ""I'm"", 'gonna', 'make', 'a', 'wall']","['prep', 'n', 'n', 'pro:sub', 'part', 'v', 'det:art', 'n']",CLI,SI
32750,1,14583532,19352,53.00108831803528,"['a', 'real', 'tall', 'wall', 'for', 'each', 'side']","['det:art', 'adj', 'adj', 'n', 'prep', 'qn', 'adj']",CLI,ST
32750,1,14583533,19352,53.00108831803528,"['what', 'do', 'you', 'see', 'up', 'there']","['pro:int', 'mod', 'pro:per', 'v', 'prep', 'n']",CLI,QN
32750,1,14583541,19352,53.00108831803528,['nothing'],['pro:indef'],CHI,YY
32750,1,14583543,19352,53.00108831803528,"['you', 'know', 'what', 'you', 'use', 'that', 'for']","['pro:per', 'v', 'pro:int', 'pro:per', 'v', 'pro:dem', 'prep']",CLI,RP
32750,1,14583545,19352,53.00108831803528,['what'],['pro:int'],CHI,AC
32750,1,14583547,19352,53.00108831803528,"['let', 'me', 'show', 'you']","['v', 'pro:obj', 'v', 'pro:per']",CLI,RP
32750,1,14583549,19352,53.00108831803528,"['you', 'know', 'when', 'you', 'go', 'to', 'the', 'doctor']","['pro:per', 'v', 'conj', 'pro:per', 'v', 'prep', 'det:art', 'n']",CLI,GR
32750,1,14583551,19352,53.00108831803528,"['open', 'your', 'mouth']","['v', 'det:poss', 'n']",CLI,RP
32750,1,14583553,19352,53.00108831803528,"['open', 'your', 'mouth']","['v', 'det:poss', 'n']",CLI,RP
32750,1,14583563,19352,53.00108831803528,['mm'],[''],CHI,YY
32750,1,14583570,19352,53.00108831803528,"['let', 'me', 'see']","['v', 'pro:obj', 'v']",CLI,RP
32750,1,14583576,19352,53.00108831803528,"['let', 'me', 'see', 'if', 'you', 'have', 'any', 'cavitys']","['v', 'pro:obj', 'v', 'conj', 'pro:per', 'v', 'qn', 'n']",CLI,RP
32750,1,14583586,19352,53.00108831803528,['mm'],[''],CHI,YY
32750,1,14583592,19352,53.00108831803528,"['yes', 'let', 'me', 'see']","['co', 'v', 'pro:obj', 'v']",CLI,RP
32750,1,14583598,19352,53.00108831803528,"['come', 'on']","['v', 'adv']",CLI,RP
32750,1,14583606,19352,53.00108831803528,"['you', 'can', 'look', 'in', 'mine']","['pro:per', 'mod', 'v', 'adv', 'pro:poss']",CLI,RP
32750,1,14583608,19352,53.00108831803528,"['push', 'it', 'on']","['v', 'pro:per', 'adv']",CHI,RP
32750,1,14583611,19352,53.00108831803528,"['okay', 'first', 'I', 'get', 'to', 'look', 'in', 'yours']","['co', 'adv', 'pro:sub', 'v', 'inf', 'v', 'adv', 'pro:poss']",CLI,RP
32750,1,14583614,19352,53.00108831803528,"['then', 'you', 'can', 'look', 'in', 'mine']","['adv:tem', 'pro:per', 'mod', 'v', 'adv', 'pro:poss']",CLI,RP
32750,1,14583616,19352,53.00108831803528,"['push', 'it', 'on']","['v', 'pro:per', 'adv']",CLI,RP
32750,1,14583618,19352,53.00108831803528,['alright'],['co'],CLI,MK
32750,1,14583621,19352,53.00108831803528,"['wanna', 'look', 'in', 'mine', 'first']","['v', 'cop', 'prep', 'n', 'adv']",CLI,RQ
32750,1,14583623,19352,53.00108831803528,"['what', 'does', 'the', 'doctor', 'tell', 'you', 'to', 'do']","['pro:int', 'v', 'det:art', 'n', 'v', 'pro:per', 'inf', 'v']",CLI,QN
32750,1,14583625,19352,53.00108831803528,['nothing'],['pro:indef'],CHI,SA
32750,1,14583627,19352,53.00108831803528,"['oh', 'yes', 'he', 'does']","['co', 'co', 'pro:sub', 'v']",CLI,AP
32750,1,14583634,19352,53.00108831803528,"[""doesn't"", 'he', 'say', 'open', 'up', 'and', 'say', 'ah']","['mod', 'pro:sub', 'v', 'v', 'adv', 'coord', 'v', 'co']",CLI,EI
32750,1,14583643,19352,53.00108831803528,"['no', 'ah']","['co', 'co']",CHI,RT
32750,1,14583656,19352,53.00108831803528,"['what', 'does', 'he', 'tell', 'you', 'to', 'do']","['pro:int', 'v', 'pro:sub', 'v', 'pro:per', 'inf', 'v']",CLI,QN
32750,1,14583667,19352,53.00108831803528,"[""that's"", 'what', 'he', 'tells', 'me']","['pro:dem', 'pro:int', 'pro:sub', 'v', 'pro:obj']",CLI,SA
32750,1,14583678,19352,53.00108831803528,"['not', 'me']","['neg', 'pro:obj']",CHI,DW
32750,1,14583688,19352,53.00108831803528,"['you', 'gonna', 'look', 'in', 'my', 'mouth']","['pro:per', 'part', 'v', 'prep', 'det:poss', 'n']",CLI,RP
32750,1,14583698,19352,53.00108831803528,['no'],['co'],CHI,RD
32750,1,14583705,19352,53.00108831803528,['no'],['co'],CLI,RD
32750,1,14583716,19352,53.00108831803528,"['not', 'too', 'exciting', 'in', 'there']","['neg', 'adv', 'part', 'prep', 'n']",CLI,ST
32750,1,14583726,19352,53.00108831803528,"['a_lot_of', 'cavitys']","['qn', 'n']",CLI,ST
32750,1,14583736,19352,53.00108831803528,"['I', 'eat', 'too', 'much', 'candy']","['pro:sub', 'v', 'adv', 'qn', 'n']",CLI,ST
32750,1,14583745,19352,53.00108831803528,"['me', 'eat']","['pro:obj', 'v']",CHI,RT
32750,1,14583756,19352,53.00108831803528,"['and', 'me', 'too', 'candy']","['coord', 'pro:obj', 'adv', 'n']",CHI,ST
32750,1,14583769,19352,53.00108831803528,"['do', 'you', 'eat', 'too', 'much', 'candy', 'too']","['mod', 'pro:per', 'v', 'adv', 'qn', 'n', 'post']",CLI,YQ
32750,1,14583781,19352,53.00108831803528,['yeah'],['co'],CHI,AA
32750,1,14583792,19352,53.00108831803528,"['do', 'you', 'have', 'cavitys']","['mod', 'pro:per', 'v', 'n']",CLI,YQ
32750,1,14583803,19352,53.00108831803528,['no'],['co'],CHI,AN
32750,1,14583814,19352,53.00108831803528,"[""that's"", 'good']","['pro:dem', 'adj']",CLI,PM
32750,1,14583828,19352,53.00108831803528,['huh'],['co'],CHI,YY
32750,1,14583843,19352,53.00108831803528,['huh'],['co'],CLI,RR
32750,1,14583855,19352,53.00108831803528,"['did', 'it', 'did', 'it', 'break']","['mod', 'pro:per', '', '', 'v']",CLI,YQ
32750,1,14583868,19352,53.00108831803528,['yeah'],['co'],CHI,AA
32750,1,14583880,19352,53.00108831803528,"['oh', 'no', 'how', 'are', 'we', 'gonna', 'play', 'our', 'game']","['co', 'co', 'pro:rel', 'cop', 'pro:sub', 'part', 'v', 'det:poss', 'n']",CLI,DW
32750,1,14583894,19352,53.00108831803528,"['there', 'it', 'works']","['adv', 'pro:per', 'v']",CLI,ST
32750,1,14583915,19352,53.00108831803528,"[""it's"", 'just']","['pro:per', 'adj']",CLI,ST
32750,1,14583927,19352,53.00108831803528,"['what', 'this', 'for']","['pro:int', 'pro:dem', 'prep']",CHI,QN
32750,1,14583934,19352,53.00108831803528,"['those', 'are', 'those', 'are', 'to', 'eat']","['pro:dem', 'cop', '', '', 'inf', 'v']",CLI,SA
32750,1,14583938,19352,53.00108831803528,"[""we're"", 'gonna', 'play', 'a', 'game', 'with', 'those', 'later']","['pro:sub', 'part', 'v', 'det:art', 'n', 'prep', 'pro:dem', 'adv']",CLI,PD
32750,1,14583940,19352,53.00108831803528,"['what', 'game']","['pro:int', 'n']",CHI,QN
32750,1,14583942,19352,53.00108831803528,"['oh', 'something', 'different']","['co', 'pro:indef', 'adj']",CLI,MK
32750,1,14583944,19352,53.00108831803528,"['something', 'different', 'today']","['pro:indef', 'adj', 'adv:tem']",CLI,ST
32750,1,14583946,19352,53.00108831803528,"['have', 'this', 'car']","['v', 'det:dem', 'n']",CHI,RP
32750,1,14583948,19352,53.00108831803528,"['should', 'we', 'fill', 'this', 'up']","['mod', 'pro:sub', 'v', 'det:dem', 'adv']",CLI,RQ
32750,1,14583950,19352,53.00108831803528,"[""Tom's"", 'plowing', 'through', 'the', 'blocks']","['n:prop', 'part', 'prep', 'det:art', 'n']",CLI,DP
32750,1,14583952,19352,53.00108831803528,"['what', 'have', 'you', 'got', 'in', 'here']","['pro:int', 'v', 'pro:per', 'v', 'prep', 'n']",CLI,QN
32750,1,14583954,19352,53.00108831803528,['no'],['co'],CHI,RD
32750,1,14583956,19352,53.00108831803528,"['oh', 'teddy']","['co', 'n']",CLI,AC
32750,1,14583957,19352,53.00108831803528,['mine'],['pro:poss'],CHI,EC
32750,1,14583959,19352,53.00108831803528,['mine'],['pro:poss'],CLI,EC
32750,1,14583961,19352,53.00108831803528,"['no', 'mine']","['co', 'pro:poss']",CHI,EC
32750,1,14583963,19352,53.00108831803528,"[""teddy's"", 'gonna', 'ride', 'on', 'top', 'of', 'the', 'truck']","['n', 'part', 'v', 'prep', 'n', 'prep', 'det:art', 'n']",CLI,SC
32750,1,14583965,19352,53.00108831803528,['oh'],['co'],CLI,MK
32750,1,14583967,19352,53.00108831803528,"[""what's"", 'this']","['pro:int', 'pro:dem']",CLI,QN
32750,1,14583982,19352,53.00108831803528,['kleenex'],['n'],CLI,SA
32750,1,14583995,19352,53.00108831803528,"['what', 'this']","['pro:int', 'pro:dem']",CHI,QN
32750,1,14583999,19352,53.00108831803528,"['I', ""don't"", 'know', 'whose', 'car', 'that', 'is']","['pro:sub', 'mod', 'v', 'pro:int', 'n', 'pro:rel', 'cop']",CLI,QN
32750,1,14584001,19352,53.00108831803528,"[""it's"", 'an', 'old', 'car', 'though']","['pro:per', 'det:art', 'adj', 'n', 'adv']",CLI,SA
32750,1,14584004,19352,53.00108831803528,"['what', 'this', 'for']","['pro:int', 'det:dem', 'prep']",CHI,QN
32750,1,14584006,19352,53.00108831803528,"[""that's"", 'for', 'our', 'game']","['pro:dem', 'prep', 'det:poss', 'n']",CLI,SA
32750,1,14584008,19352,53.00108831803528,"['what', 'game']","['pro:int', 'n']",CHI,RT
32750,1,14584010,19352,53.00108831803528,"['the', 'game', ""we're"", 'gonna', 'play', 'later']","['det:art', 'n', 'pro:sub', 'part', 'v', 'adv']",CLI,PD
32750,1,14584012,19352,53.00108831803528,"['all', 'in', 'here']","['pro:indef', 'prep', 'n']",CHI,RP
32750,1,14584015,19352,53.00108831803528,"['all', 'in', 'there']","['pro:indef', 'prep', 'n']",CLI,YQ
32750,1,14584018,19352,53.00108831803528,['alright'],['co'],CLI,GI
32751,1,14582247,19352,54.00110885233783,"['well', 'what', 'should', 'we', 'do', 'today', 'Tom']","['co', 'pro:int', 'mod', 'pro:sub', 'v', 'adv:tem', 'n:prop']",CLI,QN
32751,1,14582262,19352,54.00110885233783,"['did', 'you', 'bring', 'your', 'trucks']","['mod', 'pro:per', 'v', 'det:poss', 'n']",CLI,SA
32751,1,14582287,19352,54.00110885233783,"['I', ""don't"", 'know', 'where', 'to', 'put', 'these']","['pro:sub', 'mod', 'v', 'pro:int', 'inf', 'v', 'pro:dem']",CLI,QN
32751,1,14582300,19352,54.00110885233783,['there'],['adv'],CHI,SA
32751,1,14582311,19352,54.00110885233783,"['oh', 'oh', 'is', 'that', 'the', 'one', 'that', 'goes']","['co', 'co', 'cop', 'comp', 'det:art', 'pro:indef', 'pro:rel', 'v']",CLI,CM
32751,1,14582322,19352,54.00110885233783,['oh_goodness'],['co'],CLI,CM
32751,1,14582340,19352,54.00110885233783,"['better', 'not', 'let', 'it', 'get', 'your', 'balloon']","['adv', 'neg', 'v', 'pro:per', 'v', 'det:poss', 'n']",CLI,RP
32751,1,14582352,19352,54.00110885233783,"[""what's"", 'it', 'doing', 'with', 'the', 'ball', 'huh']","['pro:int', 'pro:per', 'part', 'prep', 'det:art', 'n', 'co']",CLI,ST
32751,1,14582368,19352,54.00110885233783,"['should', 'we', 'take', 'a', 'bridge', 'for', 'it', 'to', 'go', 'under']","['mod', 'pro:sub', 'v', 'det:art', 'n', 'prep', 'pro:per', 'inf', 'v', 'prep']",CLI,RQ
32751,1,14582382,19352,54.00110885233783,"['this', 'is', 'kind', 'of', 'a', 'dead']","['pro:dem', 'cop', 'adj', 'prep', 'det:art', 'adj']",CLI,ST
32751,1,14582396,19352,54.00110885233783,"['you', 'should', 'know', 'how', 'to', 'make', 'a', 'bridge', 'by', 'now']","['pro:per', 'mod', 'v', 'pro:int', 'inf', 'v', 'det:art', 'n', 'prep', 'adv']",CLI,ST
32751,1,14582408,19352,54.00110885233783,"[""we've"", 'practiced', 'this']","['pro:sub', 'part', 'det:dem']",CLI,ST
32751,1,14582418,19352,54.00110885233783,['how'],['pro:rel'],CHI,YY
32751,1,14582431,19352,54.00110885233783,"['lets', 'make', 'one', 'up', 'okay', 'and', 'you', 'help']","['v', 'v', 'det:num', 'adv', 'adj', 'coord', 'pro:per', 'n']",CLI,RP
32751,1,14582446,19352,54.00110885233783,['okay'],['co'],CHI,AD
32751,1,14582458,19352,54.00110885233783,"['make', 'a', 'tall', 'one', 'now', 'okay']","['v', 'det:art', 'adj', 'pro:indef', 'adv', 'adj']",CLI,RP
32751,1,14582470,19352,54.00110885233783,"['no', 'and', 'to']","['co', 'coord', 'prep']",CHI,RD
32751,1,14582482,19352,54.00110885233783,"['I', ""don't"", 'think', 'it', 'will', 'fit', 'yet']","['pro:sub', 'mod', 'v', 'pro:per', 'mod', 'n', 'adv']",CLI,GR
32751,1,14582494,19352,54.00110885233783,"['oh', 'my', 'should', 'we', 'make', 'a']","['co', 'det:poss', 'mod', 'pro:sub', 'v', 'det:art']",CLI,RQ
32751,1,14582505,19352,54.00110885233783,"['oh', 'no', 'what', 'happened']","['co', 'co', 'pro:int', 'v']",CLI,EM
32751,1,14582516,19352,54.00110885233783,"['what', 'is', 'going', 'on', 'here', 'huh']","['pro:int', 'aux', 'part', 'prep', 'n', 'co']",CLI,ST
32751,1,14582522,19352,54.00110885233783,"['you', 'broke', 'the', 'bridge']","['pro:per', 'v', 'det:art', 'n']",CLI,ST
32751,1,14582525,19352,54.00110885233783,"['did', 'you', 'help', 'your', 'mom', 'cut', 'the', ""flower's""]","['mod', 'pro:per', 'co', 'det:poss', 'n', 'v', 'det:art', 'n']",CLI,ST
32751,1,14582528,19352,54.00110885233783,"['you', 'did']","['pro:per', 'v']",CLI,ST
32751,1,14582531,19352,54.00110885233783,"['did', 'you', 'pick', 'them', 'out']","['mod', 'pro:per', 'v', 'pro:obj', 'adv']",CLI,YQ
32751,1,14582534,19352,54.00110885233783,['mhm'],['co'],CHI,AA
32751,1,14582537,19352,54.00110885233783,"['my', 'place']","['det:poss', 'n']",CHI,YY
32751,1,14582540,19352,54.00110885233783,"[""what's"", 'it', 'doing']","['pro:int', 'pro:per', 'part']",CLI,QN
32751,1,14582542,19352,54.00110885233783,"[""what's"", 'going', 'on']","['pro:int', 'part', 'adv']",CLI,QN
32751,1,14582544,19352,54.00110885233783,"['did', 'it', 'stop']","['mod', 'pro:per', 'v']",CLI,PF
32751,1,14582547,19352,54.00110885233783,"['well', 'how', 'did', 'you', 'do', 'that']","['co', 'pro:int', 'mod', 'pro:per', 'v', 'pro:dem']",CLI,QN
32751,1,14582551,19352,54.00110885233783,"['what', 'this']","['pro:int', 'pro:dem']",CHI,QN
32751,1,14582553,19352,54.00110885233783,"['I', ""don't"", 'know']","['pro:sub', 'mod', 'v']",CLI,SA
32751,1,14582556,19352,54.00110885233783,"['what', 'is', 'it']","['pro:int', 'cop', 'pro:per']",CLI,QN
32751,1,14582559,19352,54.00110885233783,"['what', 'does', 'it', 'look', 'like']","['pro:int', 'mod', 'pro:per', 'v', 'conj']",CLI,QN
32751,1,14582561,19352,54.00110885233783,['hm'],['co'],CHI,YY
32751,1,14582563,19352,54.00110885233783,['house'],['n'],CHI,YY
32751,1,14582565,19352,54.00110885233783,"[""I'll"", 'bet', ""that's"", 'it']","['pro:sub', 'v', 'pro:dem', 'pro:per']",CLI,ST
32751,1,14582566,19352,54.00110885233783,"['what', 'do', 'you', 'think']","['pro:int', 'mod', 'pro:per', 'v']",CLI,QN
32751,1,14582568,19352,54.00110885233783,"['kind', 'of', 'a', 'weird', 'house', 'has', 'a', 'tunnel', 'through', 'it']","['adj', 'prep', 'det:art', 'adj', 'n', 'aux', 'det:art', 'n', 'prep', 'pro:per']",CLI,SA
32751,1,14582569,19352,54.00110885233783,"['should', 'we', 'make', 'a', 'house']","['mod', 'pro:sub', 'v', 'det:art', 'n']",CLI,RQ
32751,1,14582571,19352,54.00110885233783,"['you', 'show', 'me', 'how', 'you', 'make', 'the', 'house']","['pro:per', 'v', 'pro:obj', 'pro:int', 'pro:per', 'v', 'det:art', 'n']",CLI,RP
32751,1,14582573,19352,54.00110885233783,"['like', 'this', 'house']","['v', 'det:dem', 'n']",CHI,YQ
32751,1,14582585,19352,54.00110885233783,"['well', 'take', 'me', 'a', 'model', 'of', 'it']","['co', 'v', 'pro:obj', 'det:art', 'n', 'prep', 'pro:per']",CLI,AA
32751,1,14582587,19352,54.00110885233783,"['what', 'kind', 'of', 'house', 'is', 'it', 'going', 'to', 'be']","['pro:int', 'n', 'prep', 'n', 'aux', 'pro:per', 'part', 'inf', 'cop']",CLI,QN
32751,1,14582589,19352,54.00110885233783,"['a', 'big', 'house']","['det:art', 'adj', 'n']",CLI,SA
32751,1,14582591,19352,54.00110885233783,"['you', 'make', 'mine', 'that', 'big']","['pro:per', 'v', 'v', 'det:dem', 'adj']",CLI,RP
32751,1,14582594,19352,54.00110885233783,"['did', 'you', 'go', 'to', 'school', 'today']","['mod', 'pro:per', 'v', 'prep', 'n', 'adv:tem']",CLI,ST
32751,1,14582596,19352,54.00110885233783,"['what', 'did', 'you', 'do', 'there']","['pro:int', 'mod', 'pro:per', 'v', 'adv']",CLI,QN
32751,1,14582598,19352,54.00110885233783,['nothing'],['pro:indef'],CHI,YY
32751,1,14582600,19352,54.00110885233783,"['nothing', 'did', 'you', 'get', 'to', 'play', 'outside', 'a', 'lot']","['pro:indef', 'mod', 'pro:per', 'v', 'prep', 'n', 'prep', 'det:art', 'n']",CLI,ST
32751,1,14582603,19352,54.00110885233783,"['you', 'must', 'have', 'done', 'something', 'outside']","['pro:per', 'mod', 'aux', 'part', 'pro:indef', 'adv']",CLI,ST
32751,1,14582605,19352,54.00110885233783,"['play', 'outside']","['n', 'adv']",CHI,RT
32751,1,14582607,19352,54.00110885233783,"['oh', 'you', 'made', 'your', 'first', 'bridge']","['co', 'pro:per', 'v', 'det:poss', 'adj', 'n']",CLI,ST
32751,1,14582609,19352,54.00110885233783,"['oh', 'no', 'problems']","['co', 'co', 'n']",CLI,EM
32751,1,14582611,19352,54.00110885233783,['what'],['pro:int'],CLI,QN
32751,1,14582613,19352,54.00110885233783,"[""you're"", 'gonna', 'make', 'a', 'bridge', 'again']","['pro:per', 'part', 'v', 'det:art', 'n', 'adv']",CLI,SA
32751,1,14582615,19352,54.00110885233783,"[""let's"", 'build', 'a', 'house', 'further', 'with', 'a', 'garage', 'on', 'it', 'and', 'the', 'truck', 'car', 'can', 'go', 'in', 'the', 'garage']","['v', 'v', 'det:art', 'n', 'adv', 'prep', 'det:art', 'n', 'prep', 'pro:per', 'coord', 'det:art', 'n', 'n', 'mod', 'v', 'prep', 'det:art', 'n']",CLI,ST
32751,1,14582617,19352,54.00110885233783,['how'],['pro:rel'],CHI,QN
32751,1,14582619,19352,54.00110885233783,"['well', 'I', ""don't"", 'know']","['co', 'pro:sub', 'mod', 'v']",CLI,SA
32751,1,14582622,19352,54.00110885233783,"['lets', 'make', 'one', 'up', 'huh']","['v', 'v', 'det:num', 'adv', 'co']",CLI,ST
32751,1,14582633,19352,54.00110885233783,"[""we'll"", 'be', 'creative']","['pro:sub', 'cop', 'adj']",CLI,PR
32751,1,14582642,19352,54.00110885233783,['okay'],['co'],CLI,MK
32751,1,14582649,19352,54.00110885233783,"['but', 'you', 'hafta', 'help', 'me']","['conj', 'pro:per', 'mod', 'v', 'pro:obj']",CLI,RP
32751,1,14582654,19352,54.00110885233783,"['ah', 'what', 'this']","['co', 'pro:int', 'pro:dem']",CHI,QN
32751,1,14582663,19352,54.00110885233783,"['I', 'think', ""that's"", 'a', 'sun']","['pro:sub', 'v', 'pro:dem', 'det:art', 'n']",CLI,SA
32751,1,14582671,19352,54.00110885233783,"['I', 'think', ""it's"", 'pretty', 'cheap', 'sun']","['pro:sub', 'v', 'pro:per', 'adj', 'adj', 'n']",CLI,ST
32751,1,14582679,19352,54.00110885233783,"['you', 'should', 'really', 'build', 'outside']","['pro:per', 'mod', 'adv', 'v', 'adv']",CLI,RP
32751,1,14582688,19352,54.00110885233783,['no'],['co'],CHI,RD
32751,1,14582696,19352,54.00110885233783,"['who', 'goes', 'outside']","['pro:int', 'v', 'adv']",CLI,QN
